game_id,credit_order,name_raw,name_canonical,category,role_raw,character,studio,inclusion_class,source_ref
halo-campaign-evolved,0,Chris Matthews,,Art,Studio Art Director,,,core,Art/Art Leadership#53
halo-campaign-evolved,1,Donnie Taylor,,Art,Art Director,,,core,Art/Art Leadership#54
halo-campaign-evolved,2,Bryan Repka,,Art,Art Director,,,core,Art/Art Leadership#55
halo-campaign-evolved,3,Yibo Liu,,Art,Studio Technical Art Director,,,core,Art/Art Leadership#56
halo-campaign-evolved,4,Marcellis Wentz,,Art,Lead Sandbox Animator,,,core,Art/Animation#60
halo-campaign-evolved,5,Leo Martinez,,Art,Senior Animator,,,core,Art/Animation#61
halo-campaign-evolved,6,Fred Barkley,,Art,Senior Gameplay Animator,,Aquent LLC,core,Art/Animation#62
halo-campaign-evolved,7,Colin Brown,,Art,Senior Gameplay Animator,,Aquent LLC,core,Art/Animation#63
halo-campaign-evolved,8,Josh Paraventi,,Art,Senior Gameplay Animator,,Aquent LLC,core,Art/Animation#64
halo-campaign-evolved,9,Ana Pastukhova,,Art,Senior Gameplay Animator,,Aquent LLC,core,Art/Animation#65
halo-campaign-evolved,10,Adam Crockett,,Art,Gameplay Animator,,Aquent LLC,core,Art/Animation#66
halo-campaign-evolved,11,Ben Frazier,,Art,Senior Character Artist,,,core,Art/Character Art#70
halo-campaign-evolved,12,Brad Shortt,,Art,Senior Character Artist,,,core,Art/Character Art#71
halo-campaign-evolved,13,Jack Staley,,Art,Character Artist,,Aquent LLC,core,Art/Character Art#72
halo-campaign-evolved,14,Mark Bosz,,Art,Character Technical Artist,,,core,Art/Character Technical Art#76
halo-campaign-evolved,15,Josh Daniels,,Art,Cinematic Director,,,core,Art/Cinematics#80
halo-campaign-evolved,16,Christopher West,,Art,Narrative Cinematic Artist,,Aquent LLC,core,Art/Cinematics#81
halo-campaign-evolved,17,Jamie Ro,,Art,Lead Concept Artist,,,core,Art/Concept Art#85
halo-campaign-evolved,18,Sam Wood,,Art,Lead Concept Artist,,,core,Art/Concept Art#86
halo-campaign-evolved,19,Ajay Agrawal,,Art,Senior Concept Artist,,,core,Art/Concept Art#87
halo-campaign-evolved,20,Robin Chyo,,Art,Senior Concept Artist,,,core,Art/Concept Art#88
halo-campaign-evolved,21,Elijah McNeal,,Art,Concept Artist,,Randstad Digital,core,Art/Concept Art#89
halo-campaign-evolved,22,Javier Rodriguez,,Engineering,Principal Technical Artist,,,core,Art/Graphics Tech Art#93
halo-campaign-evolved,23,Conn Buranicz,,Engineering,Senior Graphics Technical Artist,,,core,Art/Graphics Tech Art#94
halo-campaign-evolved,24,Ivan Leon,,Engineering,Graphics Technical Artist,,,core,Art/Graphics Tech Art#95
halo-campaign-evolved,25,Josh Dean,,Art,Principal Lighting Artist,,,core,Art/Lighting#99
halo-campaign-evolved,26,Aaron Hofsass,,Art,Lead Lighting Artist,,,core,Art/Lighting#100
halo-campaign-evolved,27,Brittany Drew,,Art,Lighting Artist,,,core,Art/Lighting#101
halo-campaign-evolved,28,Tyler Feddeler,,Art,Lighting Artist,,,core,Art/Lighting#102
halo-campaign-evolved,29,Sterling Skirko,,Art,Lighting Artist,,Agility Partners,core,Art/Lighting#103
halo-campaign-evolved,30,Daniel Wenograd,,Art,Lighting Artist,,,core,Art/Lighting#104
halo-campaign-evolved,31,James Yavorsky,,Art,Art Outsource Manager,,,core,Art/Sandbox Art#108
halo-campaign-evolved,32,Michael Frank,,Art,Senior Hard Surface Artist,,,core,Art/Sandbox Art#109
halo-campaign-evolved,33,Dan Sarkar,,Art,Senior Hard Surface Artist,,,core,Art/Sandbox Art#110
halo-campaign-evolved,34,Tadao Masuyama,,Art,Senior Surfacing Materials Artist,,,core,Art/Sandbox Art#111
halo-campaign-evolved,35,Chelsea Velazquez,,Art,Senior Hard Surface Artist,,,core,Art/Sandbox Art#112
halo-campaign-evolved,36,Josh Gregory,,Art,Hard Surface Artist,,Aquent LLC,core,Art/Sandbox Art#113
halo-campaign-evolved,37,Andrea Gausmann,,Art,Lead Technical Artist,,,core,Art/Sandbox Technical Art#117
halo-campaign-evolved,38,Sophia Abouzeid,,Art,Senior Technical Artist,,Aquent LLC,core,Art/Sandbox Technical Art#118
halo-campaign-evolved,39,Oleg Dolgikh,,Art,Technical Artist,,,core,Art/Sandbox Technical Art#119
halo-campaign-evolved,40,Andrew De Spain,,Art,Technical Artist,,Aquent LLC,core,Art/Sandbox Technical Art#120
halo-campaign-evolved,41,Forest Baker,,Art,Project Lead FX Artist,,,core,Art/VFX Art#124
halo-campaign-evolved,42,Daniel Henley,,Art,Lead FX Artist,,,core,Art/VFX Art#125
halo-campaign-evolved,43,Ed Reyes,,Art,Senior FX Artist,,,core,Art/VFX Art#126
halo-campaign-evolved,44,Travis Treadway,,Art,Senior FX Artist,,,core,Art/VFX Art#127
halo-campaign-evolved,45,Kevin Loza,,Art,Senior FX Artist,,Aquent LLC,core,Art/VFX Art#128
halo-campaign-evolved,46,Matt Schaffter,,Art,FX Artist,,,core,Art/VFX Art#129
halo-campaign-evolved,47,Mike Sawicki,,Art,VFX Asset Manager,,Ascendion Inc,core,Art/VFX Art#130
halo-campaign-evolved,48,Harry Gray,,Art,Technical Artist,,,core,Art/VFX Technical Art#134
halo-campaign-evolved,49,Chiyo Lai,,Art,Principal Environment Artist,,,core,Art/World Art#138
halo-campaign-evolved,50,John Flath,,Art,Principal Environment Artist,,,core,Art/World Art#139
halo-campaign-evolved,51,Nate Castronovo,,Art,Lead Environment Artist,,,core,Art/World Art#140
halo-campaign-evolved,52,Josh Rife,,Art,Lead Environment Artist,,,core,Art/World Art#141
halo-campaign-evolved,53,Thanet Ned Gasorntip,,Art,Senior Environment Artist,,,core,Art/World Art#142
halo-campaign-evolved,54,Ryan Kuehn,,Art,Senior Environment Artist,,,core,Art/World Art#143
halo-campaign-evolved,55,Jessi Ruselowski,,Art,Senior Environment Artist,,,core,Art/World Art#144
halo-campaign-evolved,56,Tuan Tran,,Art,Senior Environment Artist,,,core,Art/World Art#145
halo-campaign-evolved,57,Austin Montgomery,,Art,Environment Artist,,Ascendion Inc,core,Art/World Art#146
halo-campaign-evolved,58,Rory Young,,Art,Environment Artist,,Randstad Digital,core,Art/World Art#147
halo-campaign-evolved,59,Julian Moseley,,Art,Art Manager,,,core,Art/World Art#148
halo-campaign-evolved,60,Bryan Bishop,,Art,Lead Technical Artist,,,core,Art/World Technical Art#152
halo-campaign-evolved,61,Sean Low,,Art,Senior Technical Artist,,,core,Art/World Technical Art#153
halo-campaign-evolved,62,Matthew Behunin,,Art,Technical Artist,,Aquent LLC,core,Art/World Technical Art#154
halo-campaign-evolved,63,Logan McClure,,Art,Technical Artist,,,core,Art/World Technical Art#155
halo-campaign-evolved,64,Becky Allen,,Audio,Audio Director,,,core,Audio/Audio Design#160
halo-campaign-evolved,65,Ben Crossbones,,Audio,Senior Sound Designer,,,core,Audio/Audio Design#161
halo-campaign-evolved,66,Sun Kim,,Audio,Senior Technical Sound Designer,,,core,Audio/Audio Design#162
halo-campaign-evolved,67,Ryan Schaad,,Audio,Senior Dialogue Supervisor,,,core,Audio/Dialogue#166
halo-campaign-evolved,68,Joel Yarger,,Audio,Senior Music Supervisor,,,core,Audio/Music#170
halo-campaign-evolved,69,Max Szlagor,,Design,Creative Director,,,core,Design/Design Leadership#175
halo-campaign-evolved,70,Dan Gniady,,Design,Lead Game Designer,,,core,Design/Gameplay Design#179
halo-campaign-evolved,71,Kat Neale,,Design,Lead Gameplay Designer,,,core,Design/Gameplay Design#180
halo-campaign-evolved,72,Jason Shifter,,Design,Senior Gameplay Designer,,,core,Design/Gameplay Design#181
halo-campaign-evolved,73,Tim Temmerman,,Design,Senior Gameplay Designer,,,core,Design/Gameplay Design#182
halo-campaign-evolved,74,Chris Brockett,,Design,Lead Level Designer,,,core,Design/Level Design#186
halo-campaign-evolved,75,Mike Ellis,,Design,Lead Level Designer,,,core,Design/Level Design#187
halo-campaign-evolved,76,Jeremy Hill,,Design,Senior Level Designer,,,core,Design/Level Design#188
halo-campaign-evolved,77,Connor Kennelly,,Design,Senior Level Designer,,,core,Design/Level Design#189
halo-campaign-evolved,78,Ian Slutz,,Design,Senior Level Designer,,,core,Design/Level Design#190
halo-campaign-evolved,79,Josh Russell,,Design,Senior Level Designer,,Agility Partners,core,Design/Level Design#191
halo-campaign-evolved,80,Prescott Beals,,Design,Level Designer,,,core,Design/Level Design#192
halo-campaign-evolved,81,Randy Croson,,Design,Level Designer,,,core,Design/Level Design#193
halo-campaign-evolved,82,John Dumala,,Design,Level Designer,,,core,Design/Level Design#194
halo-campaign-evolved,83,Kyungseo Min,,Design,Technical Narrative Designer,,,core,Design/Narrative Design#198
halo-campaign-evolved,84,Gregory Murphy,,Design,Technical Design Director,,,core,Design/Technical Design#202
halo-campaign-evolved,85,Cesar Gonzalez,,Design,Senior Technical Designer,,,core,Design/Technical Design#203
halo-campaign-evolved,86,Zack Fannon,,Design,Technical Designer,,,core,Design/Technical Design#204
halo-campaign-evolved,87,Blake Hodges,,Design,Technical Designer,,Aquent LLC,core,Design/Technical Design#205
halo-campaign-evolved,88,Tiana Los,,Design,Senior UX/UI Design Lead,,,core,Design/UX/UI#209
halo-campaign-evolved,89,Spectre,,Design,Senior UX Designer,,,core,Design/UX/UI#210
halo-campaign-evolved,90,Braden League,,Art,Senior Technical UI Artist,,,core,Design/UX/UI#211
halo-campaign-evolved,91,Gabe Reis,,Design,Technical Designer,,,core,Design/UX/UI#212
halo-campaign-evolved,92,Victor Melniciuc,,Art,Senior UI Artist,,,core,Design/UX/UI#213
halo-campaign-evolved,93,Harrison Magby,,Art,UI Artist & Technical Implementer,,Aquent LLC,core,Design/UX/UI#214
halo-campaign-evolved,94,Patrick Marko,,Art,UI Artist & Technical Implementer,,Aquent LLC,core,Design/UX/UI#215
halo-campaign-evolved,95,Josh Heisey,,Art,UI Artist,,,core,Design/UX/UI#216
halo-campaign-evolved,96,CJ Ramos,,Art,UI Artist,,,core,Design/UX/UI#217
halo-campaign-evolved,97,Greg Hermann,,Engineering,GM Game Director,,,core,ENGINEERING/Engineering Leadership#222
halo-campaign-evolved,98,Jeff Carnahan,,Engineering,GM Head of Engineering,,,core,ENGINEERING/Engineering Leadership#223
halo-campaign-evolved,99,Andrew Schnickel,,Engineering,Principal Software Eng Lead,,,core,ENGINEERING/Engineering Leadership#224
halo-campaign-evolved,100,Nick Bygrave,,Audio,Principal Software Engineering Lead,,,core,ENGINEERING/Audio Engineering#228
halo-campaign-evolved,101,Caleb Lawrence,,Audio,Software Engineer,,Aquent LLC,core,ENGINEERING/Audio Engineering#229
halo-campaign-evolved,102,Simon Craddick,,Engineering,Principal Software Engineer,,,core,ENGINEERING/Core Tech Engineering#233
halo-campaign-evolved,103,Matthew Koch,,Engineering,Principal Software Engineer,,,core,ENGINEERING/Core Tech Engineering#234
halo-campaign-evolved,104,David Pashute,,Engineering,Principal Software Engineer,,,core,ENGINEERING/Core Tech Engineering#235
halo-campaign-evolved,105,Sean Cooper,,Engineering,Senior Software Engineer,,,core,ENGINEERING/Core Tech Engineering#236
halo-campaign-evolved,106,Bill Fowler,,Engineering,Principal Software Eng Lead,,,core,ENGINEERING/Core UI#240
halo-campaign-evolved,107,Gareth Lough,,Engineering,Lead Software Engineer,,,core,ENGINEERING/Core UI#241
halo-campaign-evolved,108,Andy Adam,,Engineering,Senior Software Engineer,,,core,ENGINEERING/Core UI#242
halo-campaign-evolved,109,Lindy Plunkett,,Engineering,Software Engineer,,,core,ENGINEERING/Core UI#243
halo-campaign-evolved,110,Steve Heijster,,Engineering,Principal Software Eng Lead,,,core,ENGINEERING/Graphics#247
halo-campaign-evolved,111,Justine Hsu,,Engineering,Senior Software Engineer,,,core,ENGINEERING/Graphics#248
halo-campaign-evolved,112,Andrew Nollan,,Engineering,Senior Software Engineer,,,core,ENGINEERING/Graphics#249
halo-campaign-evolved,113,Richard Sherry,,Engineering,Software Engineer,,,core,ENGINEERING/Graphics#250
halo-campaign-evolved,114,Scott Ameling,,Engineering,Principal Software Engineering Lead,,,core,ENGINEERING/Online#254
halo-campaign-evolved,115,Andrew Hampton,,Engineering,Principal Software Engineering Lead,,,core,ENGINEERING/Online#255
halo-campaign-evolved,116,Leonard Holman,,Engineering,Principal Software Engineering Lead,,,core,ENGINEERING/Online#256
halo-campaign-evolved,117,Rob Johnson,,Engineering,Principal Software Engineering Lead,,,core,ENGINEERING/Online#257
halo-campaign-evolved,118,Mike Malyuk,,Engineering,Principal Software Engineering Lead,,,core,ENGINEERING/Online#258
halo-campaign-evolved,119,Sean Walsh,,Engineering,Principal Software Engineering Lead,,,core,ENGINEERING/Online#259
halo-campaign-evolved,120,Scott McMurray,,Engineering,Principal Software Engineer,,,core,ENGINEERING/Online#260
halo-campaign-evolved,121,Matthew Chiam,,Engineering,Senior Software Engineer,,,core,ENGINEERING/Online#261
halo-campaign-evolved,122,Jeff Dubrule,,Engineering,Senior Software Engineer,,,core,ENGINEERING/Online#262
halo-campaign-evolved,123,John Konkle,,Engineering,Senior Software Engineer,,,core,ENGINEERING/Online#263
halo-campaign-evolved,124,Kaite Kelly,,Engineering,Software Engineer,,,core,ENGINEERING/Online#264
halo-campaign-evolved,125,Stone McLaren,,Engineering,Software Engineer,,,core,ENGINEERING/Online#265
halo-campaign-evolved,126,Veronika Nisevych,,Engineering,Software Engineer,,,core,ENGINEERING/Online#266
halo-campaign-evolved,127,Erik Torres,,Engineering,Software Engineer,,,core,ENGINEERING/Online#267
halo-campaign-evolved,128,Joe Valdez,,Engineering,Software Engineer,,Aquent LLC,core,ENGINEERING/Online#268
halo-campaign-evolved,129,Matt Benedict,,Engineering,Software Design Engineer,,,core,ENGINEERING/Online#269
halo-campaign-evolved,130,Dana Jerpbak,,Engineering,Lead Software Engineer,,,core,ENGINEERING/Gameplay Engineering#273
halo-campaign-evolved,131,Chris Donsante,,Engineering,Senior Software Engineer,,,core,ENGINEERING/Gameplay Engineering#274
halo-campaign-evolved,132,Mike Loscocco,,Engineering,Senior Software Engineer,,,core,ENGINEERING/Gameplay Engineering#275
halo-campaign-evolved,133,Conan Zhang,,Engineering,Senior Software Engineer,,,core,ENGINEERING/Gameplay Engineering#276
halo-campaign-evolved,134,Troy Denning,,Narrative,Additional Content Written By,,,core,Narrative/Additional Content Written By#281
halo-campaign-evolved,135,Jeff Easterling,,Narrative,Additional Content Written By,,,core,Narrative/Additional Content Written By#282
halo-campaign-evolved,136,Kenneth Peters,,Narrative,Additional Content Written By,,,core,Narrative/Additional Content Written By#283
halo-campaign-evolved,137,Alex Wakeford,,Narrative,Additional Content Written By,,,core,Narrative/Additional Content Written By#284
halo-campaign-evolved,138,Damon Conn,,Production,Executive Producer,,,core,Production/Production#289
halo-campaign-evolved,139,Matt Hohl,,Production,Principal Producer,,,core,Production/Production#290
halo-campaign-evolved,140,Cierra McDonald,,Production,Principal Producer,,,core,Production/Production#291
halo-campaign-evolved,141,Casey Wu,,Production,Principal Producer,,,core,Production/Production#292
halo-campaign-evolved,142,Matt Mejias,,Production,Senior Technical Program Manager,,,core,Production/Production#293
halo-campaign-evolved,143,Kevin Yam,,Production,Senior Technical Program Manager,,,core,Production/Production#294
halo-campaign-evolved,144,Drew Benz,,Production,Senior Producer,,,core,Production/Production#295
halo-campaign-evolved,145,Robert Hinshaw,,Production,Senior Producer,,,core,Production/Production#296
halo-campaign-evolved,146,Alvin Nelson,,Production,Senior Producer,,,core,Production/Production#297
halo-campaign-evolved,147,Mikey Soden,,Production,Senior Producer,,,core,Production/Production#298
halo-campaign-evolved,148,Sean Swidersky,,Production,Senior Producer,,,core,Production/Production#299
halo-campaign-evolved,149,Cameron Anicich,,Production,Producer,,,core,Production/Production#300
halo-campaign-evolved,150,Chris Case,,Production,Producer,,,core,Production/Production#301
halo-campaign-evolved,151,Cody Felts,,Production,Producer,,,core,Production/Production#302
halo-campaign-evolved,152,Eric Ferdinand,,Production,Producer,,,core,Production/Production#303
halo-campaign-evolved,153,Sam Hanshaw,,Production,Producer,,,core,Production/Production#304
halo-campaign-evolved,154,Matt Mader,,Production,Producer,,Aquent LLC,core,Production/Production#305
halo-campaign-evolved,155,Chase Patton,,Production,Producer,,,core,Production/Production#306
halo-campaign-evolved,156,Andrew Smallwood,,Production,Producer,,,core,Production/Production#307
halo-campaign-evolved,157,Nick Treitman,,Production,Producer,,Aquent LLC,core,Production/Production#308
halo-campaign-evolved,158,Chris Kennedy,,Production,Scrum Master,,Aquent LLC,core,Production/Production#309
halo-campaign-evolved,159,Paul Morris,,Production,Scrum Master,,Aquent LLC,core,Production/Production#310
halo-campaign-evolved,160,Christian Wolfe,,Production,Scrum Master,,,core,Production/Production#311
halo-campaign-evolved,161,Denise Ono,,Production,Technical Release Manager,,,core,Production/Production#312
halo-campaign-evolved,162,Pierre Hintze,,Leadership,Head of Studio,,,core,Studio/Halo Studios Leadership#317
halo-campaign-evolved,163,Elizabeth Van Wyck,,Leadership,Chief Operations Officer,,,core,Studio/Halo Studios Leadership#318
halo-campaign-evolved,164,Angela Hession,,Leadership,Chief of Staff,,,core,Studio/Halo Studios Leadership#319
halo-campaign-evolved,165,Lace Yamamoto,,Studio/Business,Senior Business Administrator,,,core,Studio/Administration#323
halo-campaign-evolved,166,Future Mawindi,,Leadership,Executive Business Administrator,,,core,Studio/Administration#324
halo-campaign-evolved,167,Keli Smith,,Studio/Business,Business Administrator,,,core,Studio/Administration#325
halo-campaign-evolved,168,Megan Sanders,,Studio/Business,Senior Business Manager,,,core,Studio/Business Team#329
halo-campaign-evolved,169,Jay Snow,,Studio/Business,Senior Business Manager,,,core,Studio/Business Team#330
halo-campaign-evolved,170,Amy Cobb,,Production,Business Ops Program Manager,,,core,Studio/Business Team#331
halo-campaign-evolved,171,Alena Copeland,,Studio/Business,Business Operations Associate,,Aquent LLC,core,Studio/Bizops#335
halo-campaign-evolved,172,Ethan Olson,,Studio/Business,Business Operations Associate,,Aquent LLC,core,Studio/Bizops#336
halo-campaign-evolved,173,Brian Jarrard,,Studio/Business,Community Director,,,core,Studio/Community#340
halo-campaign-evolved,174,Nina Marien,,Studio/Business,Community Program Lead,,,core,Studio/Community#341
halo-campaign-evolved,175,John Junyszek,,Studio/Business,Senior Community Manager,,,core,Studio/Community#342
halo-campaign-evolved,176,Jacob Norwood,,Studio/Business,Social Media Manager,,,core,Studio/Community#343
halo-campaign-evolved,177,Duncan Shaffer,,Art,Franchise Artist,,,core,Studio/Community#344
halo-campaign-evolved,178,Keith Cagney,,Narrative,Writer,,Aquent LLC,core,Studio/Community#345
halo-campaign-evolved,179,Sam Nylen,,Studio/Business,Senior Community Coordinator,,Aquent LLC,core,Studio/Community#346
halo-campaign-evolved,180,Jack Fletcher,,Design,Graphic Designer,,Aquent LLC,core,Studio/Community#347
halo-campaign-evolved,181,Nickolai Boulton,,Production,Video Producer,,Aquent LLC,core,Studio/Community#348
halo-campaign-evolved,182,Todd Cameron,,Production,Video Producer,,Aquent LLC,core,Studio/Community#349
halo-campaign-evolved,183,Ryan Faillace,,Studio/Business,Mktg Content Creator,,Aquent LLC,core,Studio/Community#350
halo-campaign-evolved,184,Roger Westmoreland Price II,,Other,Competitive Insights Team Lead,,Experis,core,Studio/Competitive Insights Team#354
halo-campaign-evolved,185,Greg Haas,,Other,Competitive Insights Senior Team Member,,Experis,core,Studio/Competitive Insights Team#355
halo-campaign-evolved,186,Visal Mohanan,,Other,Competitive Insights Team Member II,,Experis,core,Studio/Competitive Insights Team#356
halo-campaign-evolved,187,Brian Jodoin,,Other,Competitive Insights Team Member II,,Experis,core,Studio/Competitive Insights Team#357
halo-campaign-evolved,188,Anthony Mejias,,Other,Competitive Insights Team Member I,,Experis,core,Studio/Competitive Insights Team#358
halo-campaign-evolved,189,Gilbert Munoz,,Other,Competitive Insights Team Member I,,Experis,core,Studio/Competitive Insights Team#359
halo-campaign-evolved,190,Mason Miller,,Other,Competitive Insights Team Member I,,Experis,core,Studio/Competitive Insights Team#360
halo-campaign-evolved,191,Tim Tinkler,,Other,Competitive Insights Team Member I,,Experis,core,Studio/Competitive Insights Team#361
halo-campaign-evolved,192,Tahir Hasangjekaj,,Studio/Business,"Director, Competitive Engagement",,,core,Studio/Esports#365
halo-campaign-evolved,193,Diviyan Matheendran,,Production,Lead Esports Producer,,,core,Studio/Esports#366
halo-campaign-evolved,194,Lalo Torres,,Production,Social Media & Content Producer,,,core,Studio/Esports#367
halo-campaign-evolved,195,Riley Hastings,,Production,Sr. Content Producer,,Aquent LLC,core,Studio/Esports#368
halo-campaign-evolved,196,Richie Heinz,,Studio/Business,Competition Coordinator,,Aquent LLC,core,Studio/Esports#369
halo-campaign-evolved,197,Liz Smith,,Production,Sr. Creative Producer,,KFORCE INC,core,Studio/Esports#370
halo-campaign-evolved,198,Corrinne Robinson,,Other,Franchise Development Director,,,core,Studio/Franchise Development Team#374
halo-campaign-evolved,199,Ron Brown,,Other,Franchise Ambassador,,,core,Studio/Franchise Development Team#375
halo-campaign-evolved,200,Amanda Morton,,Other,Franchise PM / Archivist,,,core,Studio/Franchise Development Team#376
halo-campaign-evolved,201,Clete LoRusso,,Production,Playtest Program Manager,,Aquent LLC,core,Studio/Playtest Team#380
halo-campaign-evolved,202,Steven Burt,,Other,Playtest Coordinator,,Aquent LLC,core,Studio/Playtest Team#381
halo-campaign-evolved,203,Peter Naujoks,,Other,Playtest Coordinator,,Aquent LLC,core,Studio/Playtest Team#382
halo-campaign-evolved,204,Sean Baron,,Other,Head of Performance & Insights,,,core,"Studio/Studio Analytics, Performance & Insights#386"
halo-campaign-evolved,205,Chris Herrman,,Engineering,Director of Data Engineering & Science,,,core,"Studio/Studio Analytics, Performance & Insights#387"
halo-campaign-evolved,206,Sean Michael,,Production,Director of Product Management,,,core,"Studio/Studio Analytics, Performance & Insights#388"
halo-campaign-evolved,207,Christina Parker,,Production,Senior Insights Program Manager,,,core,"Studio/Studio Analytics, Performance & Insights#389"
halo-campaign-evolved,208,Phantasia Jendro,,Production,Insights Program Manager,,,core,"Studio/Studio Analytics, Performance & Insights#390"
halo-campaign-evolved,209,Joseph Chisholm,,Design,Franchise User Researcher,,Aquent LLC,core,"Studio/Studio Analytics, Performance & Insights#391"
halo-campaign-evolved,210,Mike Gasser,,Engineering,Senior Software Engineer,,,core,"Studio/Studio Analytics, Performance & Insights#392"
halo-campaign-evolved,211,Michael Wetzel,,Engineering,Senior Software Engineer,,,core,"Studio/Studio Analytics, Performance & Insights#393"
halo-campaign-evolved,212,David Sohn,,Production,Senior Program Manager,,,core,"Studio/Studio Analytics, Performance & Insights#394"
halo-campaign-evolved,213,Ming Huang,,Other,Senior Data & Applied Scientist,,,core,"Studio/Studio Analytics, Performance & Insights#395"
halo-campaign-evolved,214,Brett Peck,,Other,Senior Data & Applied Scientist,,,core,"Studio/Studio Analytics, Performance & Insights#396"
halo-campaign-evolved,215,Nikolai Narma,,Other,Data & Applied Scientist,,,core,"Studio/Studio Analytics, Performance & Insights#397"
halo-campaign-evolved,216,Susan Bunch,,Other,Senior Support & Safety Manager,,,core,Studio/Support And Safety#401
halo-campaign-evolved,217,Conor Makowski,,Production,Support & Safety Program Manager,,,core,Studio/Support And Safety#402
halo-campaign-evolved,218,Taylor Mann,,Production,Support & Safety Program Manager,,,core,Studio/Support And Safety#403
halo-campaign-evolved,219,Toby Lawhon,,Other,Safety Project Coordinator,,Aquent LLC,core,Studio/Support And Safety#404
halo-campaign-evolved,220,Honey Vela Wiltse,,Production,Release Manager,,Aquent LLC,core,Studio/Support And Safety#405
halo-campaign-evolved,221,Brady Parmer,,Narrative,Content Writer,,Aquent LLC,core,Studio/Support And Safety#406
halo-campaign-evolved,222,Catherine Litvaitis,,Other,Support Project Coordinator,,Aquent LLC,core,Studio/Support And Safety#407
halo-campaign-evolved,223,Saïd Zouaghi,,Other,Agent Strategy Manager,,Keywords Studios,core,Studio/HALO AGENT TEAM#411
halo-campaign-evolved,224,Oswaldo Hernandez,,Other,Site PM/ Team Leader,,Keywords Studios,core,Studio/HALO AGENT TEAM#412
halo-campaign-evolved,225,Fabian Cruz,,Studio/Business,Operations Manager,,Keywords Studios,core,Studio/HALO AGENT TEAM#413
halo-campaign-evolved,226,Gonzalo Suárez,,Other,Support Lead,,Keywords Studios,core,Studio/HALO AGENT TEAM#414
halo-campaign-evolved,227,Diego Monroy,,Other,Safety Lead,,Keywords Studios,core,Studio/HALO AGENT TEAM#415
halo-campaign-evolved,228,Raymundo Jactthar,,Engineering,Support Engineer,,Keywords Studios,core,Studio/HALO AGENT TEAM#416
halo-campaign-evolved,229,Romina Gomez,,Other,Support Agent,,Keywords Studios,core,Studio/HALO AGENT TEAM#417
halo-campaign-evolved,230,Siddharta Madrid,,Other,Support Agent,,Keywords Studios,core,Studio/HALO AGENT TEAM#418
halo-campaign-evolved,231,Edwin Jactthar,,Other,Support Agent,,Keywords Studios,core,Studio/HALO AGENT TEAM#419
halo-campaign-evolved,232,Irán de la Rosa,,Other,Support Agent,,Keywords Studios,core,Studio/HALO AGENT TEAM#420
halo-campaign-evolved,233,Alan Vázquez,,Other,Support & Safety Agent,,Keywords Studios,core,Studio/HALO AGENT TEAM#421
halo-campaign-evolved,234,Lili Monroy,,Other,Support & Safety Agent,,Keywords Studios,core,Studio/HALO AGENT TEAM#422
halo-campaign-evolved,235,Jorge Sánchez,,Other,Support & Safety Agent,,Keywords Studios,core,Studio/HALO AGENT TEAM#423
halo-campaign-evolved,236,Victor Vega,,Other,Support & Safety Agent,,Keywords Studios,core,Studio/HALO AGENT TEAM#424
halo-campaign-evolved,237,Mario Rodriguez,,Other,Support & Safety Agent,,Keywords Studios,core,Studio/HALO AGENT TEAM#425
halo-campaign-evolved,238,Atzin Millan,,Other,Safety Agent,,Keywords Studios,core,Studio/HALO AGENT TEAM#426
halo-campaign-evolved,239,Luis Alcacer,,Other,Safety Agent,,Keywords Studios,core,Studio/HALO AGENT TEAM#427
halo-campaign-evolved,240,Eduardo Chavez,,Other,Safety Agent,,Keywords Studios,core,Studio/HALO AGENT TEAM#428
halo-campaign-evolved,241,Dan Price,,Engineering,Digital Engineering & Operations Director,,,core,"Engineering, Security & Operations/Engineering, Security & Operations Leadership#433"
halo-campaign-evolved,242,Aubra Moore,,Engineering,Senior Infrastructure Engineering Manager,,,core,"Engineering, Security & Operations/IT Engineering#437"
halo-campaign-evolved,243,Ryan Russell-Yates,,Engineering,Senior Site Reliability Engineer,,,core,"Engineering, Security & Operations/IT Engineering#438"
halo-campaign-evolved,244,Dustin Ward,,Engineering,Senior Site Reliability Engineer,,,core,"Engineering, Security & Operations/IT Engineering#439"
halo-campaign-evolved,245,Fernando Aguilar,,Engineering,Site Reliability Engineer,,Aquent LLC,core,"Engineering, Security & Operations/IT Engineering#440"
halo-campaign-evolved,246,Brendan Hansen,,Engineering,Site Reliability Engineer,,,core,"Engineering, Security & Operations/IT Engineering#441"
halo-campaign-evolved,247,Prasad Kondaveeti,,Engineering,Network And Infrastructure Engineer,,Aquent LLC,core,"Engineering, Security & Operations/IT Engineering#442"
halo-campaign-evolved,248,Josh Fogle,,Engineering,Tech Support Lead,,,core,"Engineering, Security & Operations/IT Support#446"
halo-campaign-evolved,249,Jose Bello,,Engineering,IT Support Analyst,,Aquent LLC,core,"Engineering, Security & Operations/IT Support#447"
halo-campaign-evolved,250,Michael Nguyen,,Engineering,IT Support Analyst,,Aquent LLC,core,"Engineering, Security & Operations/IT Support#448"
halo-campaign-evolved,251,Fue Saephan,,Engineering,IT Support Analyst,,Kforce Inc,core,"Engineering, Security & Operations/IT Support#449"
halo-campaign-evolved,252,Justin Sutch,,Engineering,IT Support Analyst,,Aquent LLC,core,"Engineering, Security & Operations/IT Support#450"
halo-campaign-evolved,253,Abdurhaman Baharedin,,Engineering,IT Support Analyst Intern,,Year Up Inc,core,"Engineering, Security & Operations/IT Support#451"
halo-campaign-evolved,254,Charles Leasure,,Engineering,Senior Software Engineer Lead,,,core,"Engineering, Security & Operations/Infrastructure Engineering#455"
halo-campaign-evolved,255,Darren Little,,Engineering,Senior Architect,,,core,"Engineering, Security & Operations/Infrastructure Engineering#456"
halo-campaign-evolved,256,Josh Bell,,Engineering,Senior Software Engineer,,,core,"Engineering, Security & Operations/Infrastructure Engineering#457"
halo-campaign-evolved,257,Nathaniel Gieber,,Engineering,Software Engineer,,,core,"Engineering, Security & Operations/Infrastructure Engineering#458"
halo-campaign-evolved,258,Bereket Kifle,,Engineering,Software Engineer,,,core,"Engineering, Security & Operations/Infrastructure Engineering#459"
halo-campaign-evolved,259,Shawn Wu,,Engineering,Senior Software Engineer,,Ascendion Inc,core,"Engineering, Security & Operations/Infrastructure Engineering#460"
halo-campaign-evolved,260,Hanna Harmon,,Engineering,Software Engineer Intern,,,core,"Engineering, Security & Operations/Infrastructure Engineering#461"
halo-campaign-evolved,261,Paul Bleisch,,Engineering,Principal Architect,,,core,"Engineering, Security & Operations/Tools & Pipeline Engineering#465"
halo-campaign-evolved,262,Toby Jones,,Engineering,Principal Software Engineer,,,core,"Engineering, Security & Operations/Tools & Pipeline Engineering#466"
halo-campaign-evolved,263,Sophia MacDonnell,,Engineering,Senior Software Engineering Lead,,,core,"Engineering, Security & Operations/Tools & Pipeline Engineering#467"
halo-campaign-evolved,264,Peter Schuster,,Engineering,Senior Software Engineer,,,core,"Engineering, Security & Operations/Tools & Pipeline Engineering#468"
halo-campaign-evolved,265,Christina Gan,,Engineering,Software Engineer,,,core,"Engineering, Security & Operations/Tools & Pipeline Engineering#469"
halo-campaign-evolved,266,Daniel Potter,,Engineering,Software Engineer,,,core,"Engineering, Security & Operations/Tools & Pipeline Engineering#470"
halo-campaign-evolved,267,Cory Swanson,,Engineering,Software Engineer,,,core,"Engineering, Security & Operations/Tools & Pipeline Engineering#471"
halo-campaign-evolved,268,Dane Sherman,,Engineering,Senior Software Engineer,,Randstad Digital,core,"Engineering, Security & Operations/Tools & Pipeline Engineering#472"
halo-campaign-evolved,269,Ivy Wu,,Engineering,Senior Software Engineer,,Aquent LLC,core,"Engineering, Security & Operations/Tools & Pipeline Engineering#473"
halo-campaign-evolved,270,Crystal Bulda,,Engineering,Senior Security Engineering Lead,,,core,"Engineering, Security & Operations/Security Engineering#477"
halo-campaign-evolved,271,Eric Jarvi,,Engineering,Senior Security Software Engineer,,,core,"Engineering, Security & Operations/Security Engineering#478"
halo-campaign-evolved,272,Penny Ferreiras,,Engineering,Senior Security Engineer,,,core,"Engineering, Security & Operations/Security Engineering#479"
halo-campaign-evolved,273,Aaron Stroup,,Engineering,Senior Security Engineer,,,core,"Engineering, Security & Operations/Security Engineering#480"
halo-campaign-evolved,274,Vasif Aliyev,,Engineering,It Security Analyst,,Ascendion Inc,core,"Engineering, Security & Operations/Security Engineering#481"
halo-campaign-evolved,275,Jeffrey Hines,,Engineering,IAM & Security Triage Analyst Tier 1,,BCforward,core,"Engineering, Security & Operations/Security Engineering#482"
halo-campaign-evolved,276,Sri Kadali,,Engineering,IT Security Analyst,,Agility Partners,core,"Engineering, Security & Operations/Security Engineering#483"
halo-campaign-evolved,277,Susie Allen,,Other,Agility Partners,,,core,Supplier Support/Agility Partners#488
halo-campaign-evolved,278,James McGraw,,Other,Agility Partners,,,core,Supplier Support/Agility Partners#489
halo-campaign-evolved,279,Rebecca Hanusack,,Other,Allegis Global Solutions,,,core,Supplier Support/Allegis Global Solutions#493
halo-campaign-evolved,280,Kaitlin Lissandrello Brown,,Other,Aquent LLC,,,core,Supplier Support/Aquent LLC#497
halo-campaign-evolved,281,Tyler Jensen,,Other,Aquent LLC,,,core,Supplier Support/Aquent LLC#498
halo-campaign-evolved,282,Noelle McDonald,,Other,Aquent LLC,,,core,Supplier Support/Aquent LLC#499
halo-campaign-evolved,283,Dayna Smith,,Other,Aquent LLC,,,core,Supplier Support/Aquent LLC#500
halo-campaign-evolved,284,Adrienne Soto,,Other,Ascendion Inc,,,core,Supplier Support/Ascendion Inc#504
halo-campaign-evolved,285,Kate Landry,,Other,Kforce Inc,,,core,Supplier Support/Kforce Inc#508
halo-campaign-evolved,286,Brian Lawrence,,Other,Kforce Inc,,,core,Supplier Support/Kforce Inc#509
halo-campaign-evolved,287,Juli Reynolds,,Other,Randstad Digital,,,core,Supplier Support/Randstad Digital#513
halo-campaign-evolved,288,Jimmy Bischoff,,QA,"Partner, Head of Quality",,,core,Studios Quality/Studios Quality Leadership#518
halo-campaign-evolved,289,Tony Rado,,QA,Quality Director,,,core,Studios Quality/Studios Quality Leadership#519
halo-campaign-evolved,290,Adrian Brown,,QA,Director of Data & AI,,,core,Studios Quality/Studios Quality Leadership#520
halo-campaign-evolved,291,Matthew Call,,QA,Principal Software Engineering Manager,,,core,Studios Quality/Studios Quality Leadership#521
halo-campaign-evolved,292,Andrew Franklin,,QA,Principal Business Manager,,,core,Studios Quality/Studios Quality Leadership#522
halo-campaign-evolved,293,Dante Carrasco,,QA,"Director, Business Management",,,core,Studios Quality/Studios Quality Leadership#523
halo-campaign-evolved,294,Craig Marshall,,QA,Senior Business Manager,,,core,Studios Quality/Studios Quality Leadership#524
halo-campaign-evolved,295,Judy Wheeler,,QA,Executive Business Administrator,,,core,Studios Quality/Studios Quality Leadership#525
halo-campaign-evolved,296,Kenna Junt,,QA,Administrative Professional,,,core,Studios Quality/Studios Quality Leadership#526
halo-campaign-evolved,297,Jeremy Fischer,,QA,Principal Quality Manager,,,core,Studios Quality/Quality Engineering#530
halo-campaign-evolved,298,Brian Dunn,,QA,Senior Quality Lead,,,core,Studios Quality/Quality Engineering#531
halo-campaign-evolved,299,Michael McCormack,,QA,Senior Quality Lead,,,core,Studios Quality/Quality Engineering#532
halo-campaign-evolved,300,James Sanderson,,QA,Quality Lead,,,core,Studios Quality/Quality Engineering#533
halo-campaign-evolved,301,Brian Hughes,,QA,Senior Quality Engineer,,,core,Studios Quality/Quality Engineering#534
halo-campaign-evolved,302,Jared Barnhill,,QA,Quality Engineer,,,core,Studios Quality/Quality Engineering#535
halo-campaign-evolved,303,Viet Pham,,QA,Quality Engineer,,,core,Studios Quality/Quality Engineering#536
halo-campaign-evolved,304,Drew Thomas,,QA,Quality Engineer,,,core,Studios Quality/Quality Engineering#537
halo-campaign-evolved,305,Peter Tran,,QA,Quality Engineer,,,core,Studios Quality/Quality Engineering#538
halo-campaign-evolved,306,Salim Jarrouge,,QA,Data Engineering Lead,,,core,Studios Quality/Data Engineering#542
halo-campaign-evolved,307,Isaac Hunt,,QA,Principal Solutions Manager,,,core,Studios Quality/Data Engineering#543
halo-campaign-evolved,308,Chelsi Hohnbaum,,QA,Senior Solutions Architect,,,core,Studios Quality/Data Engineering#544
halo-campaign-evolved,309,Jonny Stacey,,QA,Senior Data Engineer,,,core,Studios Quality/Data Engineering#545
halo-campaign-evolved,310,Jimmy Tao,,QA,Senior Data Engineer,,,core,Studios Quality/Data Engineering#546
halo-campaign-evolved,311,Alyssa Torres,,QA,Data Engineer,,,core,Studios Quality/Data Engineering#547
halo-campaign-evolved,312,Jack Wilson,,QA,Quality Engineer,,,core,Studios Quality/Data Engineering#548
halo-campaign-evolved,313,Tim Marshall,,QA,Solutions Architect,,,core,Studios Quality/Data Science#552
halo-campaign-evolved,314,Sherif Gad,,QA,Principal Applied Scientist,,,core,Studios Quality/Data Science#553
halo-campaign-evolved,315,Farrukh Rahman,,QA,Senior Applied Scientist,,,core,Studios Quality/Data Science#554
halo-campaign-evolved,316,Jen Owens,,QA,Data Scientist,,,core,Studios Quality/Data Science#555
halo-campaign-evolved,317,Seth Sterr,,QA,Senior Software Engineering Manager,,,core,Studios Quality/Software Engineering#559
halo-campaign-evolved,318,Kalon Jelen,,QA,Senior Software Engineering Lead,,,core,Studios Quality/Software Engineering#560
halo-campaign-evolved,319,Dustin Randall,,QA,Principal Software Engineer,,,core,Studios Quality/Software Engineering#561
halo-campaign-evolved,320,Ryan Beberwyck,,QA,Senior Software Engineer,,,core,Studios Quality/Software Engineering#562
halo-campaign-evolved,321,Michael Gurlitz,,QA,Senior Software Engineer,,,core,Studios Quality/Software Engineering#563
halo-campaign-evolved,322,Nicole Owens,,QA,Software Engineer,,,core,Studios Quality/Software Engineering#564
halo-campaign-evolved,323,Riley Pannkuk,,QA,Product Manager,,,core,Studios Quality/Product Management#568
halo-campaign-evolved,324,Rosabelle Armstead,,QA,Accessibility Quality Engineer,,,core,Studios Quality/Accessibility Quality Engineering#572
halo-campaign-evolved,325,Selina Coppersmith,,QA,Accessibility Quality Engineer,,,core,Studios Quality/Accessibility Quality Engineering#573
halo-campaign-evolved,326,Brian Canning,,Leadership,Senior Program Director,,Experis,core,Experis Game Solutions/Program Leadership#578
halo-campaign-evolved,327,Tyler Lovemark,,QA,Test Manager,,Experis,core,Experis Game Solutions/Testers#582
halo-campaign-evolved,328,Kevin Price,,QA,Test Lead,,Experis,core,Experis Game Solutions/Testers#583
halo-campaign-evolved,329,David Wilbur,,QA,Test Lead,,Experis,core,Experis Game Solutions/Testers#584
halo-campaign-evolved,330,Miles Artist,,QA,Software Test Engineer,,Experis,core,Experis Game Solutions/Testers#585
halo-campaign-evolved,331,Tevis Campbell,,QA,Software Test Engineer,,Experis,core,Experis Game Solutions/Testers#586
halo-campaign-evolved,332,Hunter Derrick,,QA,Software Test Engineer,,Experis,core,Experis Game Solutions/Testers#587
halo-campaign-evolved,333,Liam Lutton,,QA,Software Test Engineer,,Experis,core,Experis Game Solutions/Testers#588
halo-campaign-evolved,334,Kyntrell Mitchell-Vaughn,,QA,Software Test Engineer,,Experis,core,Experis Game Solutions/Testers#589
halo-campaign-evolved,335,Kyle Odell,,QA,Software Test Engineer,,Experis,core,Experis Game Solutions/Testers#590
halo-campaign-evolved,336,Gunner Tutokey,,QA,Software Test Engineer,,Experis,core,Experis Game Solutions/Testers#591
halo-campaign-evolved,337,Thomas Vitucci,,QA,Software Test Engineer,,Experis,core,Experis Game Solutions/Testers#592
halo-campaign-evolved,338,Joseph Baca,,QA,Test Associate,,Experis,core,Experis Game Solutions/Testers#593
halo-campaign-evolved,339,Kimball Belliston,,QA,Test Associate,,Experis,core,Experis Game Solutions/Testers#594
halo-campaign-evolved,340,Ivan Colon,,QA,Test Associate,,Experis,core,Experis Game Solutions/Testers#595
halo-campaign-evolved,341,Erich Clauss,,QA,Test Associate,,Experis,core,Experis Game Solutions/Testers#596
halo-campaign-evolved,342,Kenji Dinh,,QA,Test Associate,,Experis,core,Experis Game Solutions/Testers#597
halo-campaign-evolved,343,Jerrod Dutcher,,QA,Test Associate,,Experis,core,Experis Game Solutions/Testers#598
halo-campaign-evolved,344,Tylar Frater,,QA,Test Associate,,Experis,core,Experis Game Solutions/Testers#599
halo-campaign-evolved,345,Xavier Gonzalez,,QA,Test Associate,,Experis,core,Experis Game Solutions/Testers#600
halo-campaign-evolved,346,Saam Jazayeri,,QA,Test Associate,,Experis,core,Experis Game Solutions/Testers#601
halo-campaign-evolved,347,Nathan Jenson,,QA,Test Associate,,Experis,core,Experis Game Solutions/Testers#602
halo-campaign-evolved,348,Attila Juhasz,,QA,Test Associate,,Experis,core,Experis Game Solutions/Testers#603
halo-campaign-evolved,349,Eddie Lipan,,QA,Test Associate,,Experis,core,Experis Game Solutions/Testers#604
halo-campaign-evolved,350,Chase Lister,,QA,Test Associate,,Experis,core,Experis Game Solutions/Testers#605
halo-campaign-evolved,351,Tony Ma,,QA,Test Associate,,Experis,core,Experis Game Solutions/Testers#606
halo-campaign-evolved,352,Darius Martinez-Molzen,,QA,Test Associate,,Experis,core,Experis Game Solutions/Testers#607
halo-campaign-evolved,353,Dimitri Martinez-Molzen,,QA,Test Associate,,Experis,core,Experis Game Solutions/Testers#608
halo-campaign-evolved,354,Eryn Mault,,QA,Test Associate,,Experis,core,Experis Game Solutions/Testers#609
halo-campaign-evolved,355,Gene Miguel Sanmillan,,QA,Test Associate,,Experis,core,Experis Game Solutions/Testers#610
halo-campaign-evolved,356,RJ Montelongo,,QA,Test Associate,,Experis,core,Experis Game Solutions/Testers#611
halo-campaign-evolved,357,Kelsey Morales,,QA,Test Associate,,Experis,core,Experis Game Solutions/Testers#612
halo-campaign-evolved,358,Nolan Murphy,,QA,Test Associate,,Experis,core,Experis Game Solutions/Testers#613
halo-campaign-evolved,359,Scott Murphy,,QA,Test Associate,,Experis,core,Experis Game Solutions/Testers#614
halo-campaign-evolved,360,Daniel Ramirez,,QA,Test Associate,,Experis,core,Experis Game Solutions/Testers#615
halo-campaign-evolved,361,Javan Reid,,QA,Test Associate,,Experis,core,Experis Game Solutions/Testers#616
halo-campaign-evolved,362,Krist Stevens,,QA,Test Associate,,Experis,core,Experis Game Solutions/Testers#617
halo-campaign-evolved,363,Jonathan Tang,,QA,Test Associate,,Experis,core,Experis Game Solutions/Testers#618
halo-campaign-evolved,364,Lenin Valdivia Virgen,,QA,Test Associate,,Experis,core,Experis Game Solutions/Testers#619
halo-campaign-evolved,365,Brant Wagner,,QA,Test Associate,,Experis,core,Experis Game Solutions/Testers#620
halo-campaign-evolved,366,Julie Loucks,,Special Thanks,Special Thanks,,Experis,special-thanks,Experis Game Solutions/Special Thanks#624
halo-campaign-evolved,367,Frank Pape,,Special Thanks,Special Thanks,,Experis,special-thanks,Experis Game Solutions/Special Thanks#625
halo-campaign-evolved,368,Dave Watkins,,Special Thanks,Special Thanks,,Experis,special-thanks,Experis Game Solutions/Special Thanks#626
halo-campaign-evolved,369,Darren Beskin,,Special Thanks,Special Thanks,,Experis,special-thanks,Experis Game Solutions/Special Thanks#627
halo-campaign-evolved,370,Raasahn Browder,,Special Thanks,Special Thanks,,Experis,special-thanks,Experis Game Solutions/Special Thanks#628
halo-campaign-evolved,371,Ben Farley,,Special Thanks,Special Thanks,,Experis,special-thanks,Experis Game Solutions/Special Thanks#629
halo-campaign-evolved,372,Emily Lovering,,Special Thanks,Special Thanks,,Experis,special-thanks,Experis Game Solutions/Special Thanks#630
halo-campaign-evolved,373,Santiago Quinio,,Special Thanks,Special Thanks,,Experis,special-thanks,Experis Game Solutions/Special Thanks#631
halo-campaign-evolved,374,Sarah Gengle,,Special Thanks,Special Thanks,,Experis,special-thanks,Experis Game Solutions/Special Thanks#632
halo-campaign-evolved,375,Cynthia Medina,,Special Thanks,Special Thanks,,Experis,special-thanks,Experis Game Solutions/Special Thanks#633
halo-campaign-evolved,376,Vickie Adams,,Special Thanks,Special Thanks,,Experis,special-thanks,Experis Game Solutions/Special Thanks#634
halo-campaign-evolved,377,Adam Barnette,,Special Thanks,Special Thanks,,Experis,special-thanks,Experis Game Solutions/Special Thanks#635
halo-campaign-evolved,378,Mason Blaut,,Special Thanks,Special Thanks,,Experis,special-thanks,Experis Game Solutions/Special Thanks#636
halo-campaign-evolved,379,Tyler Camacho,,Special Thanks,Special Thanks,,Experis,special-thanks,Experis Game Solutions/Special Thanks#637
halo-campaign-evolved,380,Tevin Crabdree,,Special Thanks,Special Thanks,,Experis,special-thanks,Experis Game Solutions/Special Thanks#638
halo-campaign-evolved,381,Brian Hein,,Special Thanks,Special Thanks,,Experis,special-thanks,Experis Game Solutions/Special Thanks#639
halo-campaign-evolved,382,Aaron Ingram,,Special Thanks,Special Thanks,,Experis,special-thanks,Experis Game Solutions/Special Thanks#640
halo-campaign-evolved,383,Stephany Rivas,,Special Thanks,Special Thanks,,Experis,special-thanks,Experis Game Solutions/Special Thanks#641
halo-campaign-evolved,384,Mike Bickel,,Special Thanks,Special Thanks,,Experis,special-thanks,Experis Game Solutions/Special Thanks#642
halo-campaign-evolved,385,Sumit Arora,,Leadership,Senior VP of Client Services,,Globalstep LLC,core,Globalstep/Program Leadership#647
halo-campaign-evolved,386,Ron Henseleit,,QA,"VP, Head of Games QA",,Globalstep LLC,core,Globalstep/Program Leadership#648
halo-campaign-evolved,387,Michael Lochrane,,QA,Test Manager,,Globalstep LLC,core,Globalstep/Testers#652
halo-campaign-evolved,388,Rachel Varnell,,QA,Test Lead,,Globalstep LLC,core,Globalstep/Testers#653
halo-campaign-evolved,389,Jessica Hunter,,QA,Test Lead,,Globalstep LLC,core,Globalstep/Testers#654
halo-campaign-evolved,390,Tristian Campbell,,QA,Test Lead,,Globalstep LLC,core,Globalstep/Testers#655
halo-campaign-evolved,391,Reese Dalton,,QA,Software Test Engineer,,Globalstep LLC,core,Globalstep/Testers#656
halo-campaign-evolved,392,Jeffrey Davis,,QA,Software Test Engineer,,Globalstep LLC,core,Globalstep/Testers#657
halo-campaign-evolved,393,Tony Drake,,QA,Software Test Engineer,,Globalstep LLC,core,Globalstep/Testers#658
halo-campaign-evolved,394,Ethan Henseleit,,QA,Software Test Engineer,,Globalstep LLC,core,Globalstep/Testers#659
halo-campaign-evolved,395,Xan Ridley,,QA,Software Test Engineer,,Globalstep LLC,core,Globalstep/Testers#660
halo-campaign-evolved,396,Justin Buschow,,QA,Test Associate,,Globalstep LLC,core,Globalstep/Testers#661
halo-campaign-evolved,397,Alex Cashman,,QA,Test Associate,,Globalstep LLC,core,Globalstep/Testers#662
halo-campaign-evolved,398,Jesse Ceja,,QA,Test Associate,,Globalstep LLC,core,Globalstep/Testers#663
halo-campaign-evolved,399,Kiwi Domingues,,QA,Test Associate,,Globalstep LLC,core,Globalstep/Testers#664
halo-campaign-evolved,400,Gabriel Duncan,,QA,Test Associate,,Globalstep LLC,core,Globalstep/Testers#665
halo-campaign-evolved,401,Connor Gauthier,,QA,Test Associate,,Globalstep LLC,core,Globalstep/Testers#666
halo-campaign-evolved,402,Ashley Genato,,QA,Test Associate,,Globalstep LLC,core,Globalstep/Testers#667
halo-campaign-evolved,403,Sterling Hudgens,,QA,Test Associate,,Globalstep LLC,core,Globalstep/Testers#668
halo-campaign-evolved,404,Andy Le,,QA,Test Associate,,Globalstep LLC,core,Globalstep/Testers#669
halo-campaign-evolved,405,Eric Leyva,,QA,Test Associate,,Globalstep LLC,core,Globalstep/Testers#670
halo-campaign-evolved,406,Justin Loden,,QA,Test Associate,,Globalstep LLC,core,Globalstep/Testers#671
halo-campaign-evolved,407,Michael Mata,,QA,Test Associate,,Globalstep LLC,core,Globalstep/Testers#672
halo-campaign-evolved,408,Courtney Moody,,QA,Test Associate,,Globalstep LLC,core,Globalstep/Testers#673
halo-campaign-evolved,409,Tyler Mooney,,QA,Test Associate,,Globalstep LLC,core,Globalstep/Testers#674
halo-campaign-evolved,410,Patrick Pacheco,,QA,Test Associate,,Globalstep LLC,core,Globalstep/Testers#675
halo-campaign-evolved,411,Orienth Reyes,,QA,Test Associate,,Globalstep LLC,core,Globalstep/Testers#676
halo-campaign-evolved,412,Oscar Rojas,,QA,Test Associate,,Globalstep LLC,core,Globalstep/Testers#677
halo-campaign-evolved,413,Prince Ukoha,,QA,Test Associate,,Globalstep LLC,core,Globalstep/Testers#678
halo-campaign-evolved,414,Audrey Zamora,,QA,Test Associate,,Globalstep LLC,core,Globalstep/Testers#679
halo-campaign-evolved,415,Connor Willis,,QA,Test Associate,,Globalstep LLC,core,Globalstep/Testers#680
halo-campaign-evolved,416,Bowen Liu,,QA,Test Associate,,Globalstep LLC,core,Globalstep/Testers#681
halo-campaign-evolved,417,Minh Duong,,QA,Test Associate,,Globalstep LLC,core,Globalstep/Testers#682
halo-campaign-evolved,418,Skyler Turner,,QA,Test Associate,,Globalstep LLC,core,Globalstep/Testers#683
halo-campaign-evolved,419,Jesse Steffensen,,QA,Test Associate,,Globalstep LLC,core,Globalstep/Testers#684
halo-campaign-evolved,420,Vince Loughney,,Production,Program Manager,,Insight Global LLC,core,Insight Global/Shield Lab#689
halo-campaign-evolved,421,Sarah Baker,,Other,Assistant Manager,,Insight Global LLC,core,Insight Global/Shield Lab#690
halo-campaign-evolved,422,Todd Enyeart,,QA,Test Lead,,Insight Global LLC,core,Insight Global/Shield Lab#691
halo-campaign-evolved,423,Matt Igaz,,QA,Test Lead,,Insight Global LLC,core,Insight Global/Shield Lab#692
halo-campaign-evolved,424,Mckinley Johnson,,QA,Test Lead,,Insight Global LLC,core,Insight Global/Shield Lab#693
halo-campaign-evolved,425,Ryan Nolan,,QA,Test Lead,,Insight Global LLC,core,Insight Global/Shield Lab#694
halo-campaign-evolved,426,Timothy Sullivan,,QA,Test Lead,,Insight Global LLC,core,Insight Global/Shield Lab#695
halo-campaign-evolved,427,Lucky Rock,,Engineering,R&D Software Engineer,,Insight Global LLC,core,Insight Global/Shield Lab#696
halo-campaign-evolved,428,Meghan Adkins,,QA,Technical Tester,,Insight Global LLC,core,Insight Global/Shield Lab#697
halo-campaign-evolved,429,Taylor Apple,,QA,Technical Tester,,Insight Global LLC,core,Insight Global/Shield Lab#698
halo-campaign-evolved,430,Roise Bloome,,QA,Technical Tester,,Insight Global LLC,core,Insight Global/Shield Lab#699
halo-campaign-evolved,431,Luc Boers-Gein,,QA,Technical Tester,,Insight Global LLC,core,Insight Global/Shield Lab#700
halo-campaign-evolved,432,Gerardo De La Cruz,,QA,Technical Tester,,Insight Global LLC,core,Insight Global/Shield Lab#701
halo-campaign-evolved,433,Jonathon Doggs,,QA,Technical Tester,,Insight Global LLC,core,Insight Global/Shield Lab#702
halo-campaign-evolved,434,Anderson Holland,,QA,Technical Tester,,Insight Global LLC,core,Insight Global/Shield Lab#703
halo-campaign-evolved,435,Calvin Hughes,,QA,Technical Tester,,Insight Global LLC,core,Insight Global/Shield Lab#704
halo-campaign-evolved,436,Jeffery Liao,,QA,Technical Tester,,Insight Global LLC,core,Insight Global/Shield Lab#705
halo-campaign-evolved,437,James Lyle,,QA,Technical Tester,,Insight Global LLC,core,Insight Global/Shield Lab#706
halo-campaign-evolved,438,Keegan Mccoy,,QA,Technical Tester,,Insight Global LLC,core,Insight Global/Shield Lab#707
halo-campaign-evolved,439,Jacob Portugal,,QA,Technical Tester,,Insight Global LLC,core,Insight Global/Shield Lab#708
halo-campaign-evolved,440,Richard Rosenberg,,QA,Technical Tester,,Insight Global LLC,core,Insight Global/Shield Lab#709
halo-campaign-evolved,441,Jay Springer,,QA,Technical Tester,,Insight Global LLC,core,Insight Global/Shield Lab#710
halo-campaign-evolved,442,Griffin Watson,,QA,Technical Tester,,Insight Global LLC,core,Insight Global/Shield Lab#711
halo-campaign-evolved,443,Daniel Strimel,,Other,Lab Technician,,Insight Global LLC,core,Insight Global/Shield Lab#712
halo-campaign-evolved,444,Dallas Holmstead,,Other,Hardware Coordinator,,Insight Global LLC,core,Insight Global/Shield Lab#713
halo-campaign-evolved,445,Brian Guevara,,Engineering,Software Engineer,,Apex Systems LLC,core,Apex Systems LLC/Software Engineering#718
halo-campaign-evolved,446,Gabriel Kutuzov,,Engineering,Software Engineer,,Apex Systems LLC,core,Apex Systems LLC/Software Engineering#719
halo-campaign-evolved,447,Axel Lopez,,Engineering,Software Engineer,,Apex Systems LLC,core,Apex Systems LLC/Software Engineering#720
halo-campaign-evolved,448,Michał BłońSki,,QA,Senior Test Director,,Lionbridge Games - Accessibility,core,Lionbridge Games - Accessibility/Lionbridge Games - Accessibility#725
halo-campaign-evolved,449,Grzegorz Kohorewicz,,QA,Test Director,,Lionbridge Games - Accessibility,core,Lionbridge Games - Accessibility/Lionbridge Games - Accessibility#726
halo-campaign-evolved,450,ŁUkasz Mikusek,,QA,Test Manager,,Lionbridge Games - Accessibility,core,Lionbridge Games - Accessibility/Lionbridge Games - Accessibility#727
halo-campaign-evolved,451,Piotr “Ponton” Orłowski,,QA,Accessibility Test Lead,,Lionbridge Games - Accessibility,core,Lionbridge Games - Accessibility/Lionbridge Games - Accessibility#728
halo-campaign-evolved,452,Arkadiusz Grzesiński,,QA,Accessibility Software Test Engineer,,Lionbridge Games - Accessibility,core,Lionbridge Games - Accessibility/Lionbridge Games - Accessibility#729
halo-campaign-evolved,453,Dariusz “Tank” Anuszewski,,QA,Accessibility Test Associate,,Lionbridge Games - Accessibility,core,Lionbridge Games - Accessibility/Lionbridge Games - Accessibility#730
halo-campaign-evolved,454,Michał Błoch,,QA,Accessibility Test Associate,,Lionbridge Games - Accessibility,core,Lionbridge Games - Accessibility/Lionbridge Games - Accessibility#731
halo-campaign-evolved,455,Marta Czwarnóg,,QA,Accessibility Test Associate,,Lionbridge Games - Accessibility,core,Lionbridge Games - Accessibility/Lionbridge Games - Accessibility#732
halo-campaign-evolved,456,Rafał Gesumunno,,QA,Accessibility Test Associate,,Lionbridge Games - Accessibility,core,Lionbridge Games - Accessibility/Lionbridge Games - Accessibility#733
halo-campaign-evolved,457,Andrzej Grenda,,QA,Accessibility Test Associate,,Lionbridge Games - Accessibility,core,Lionbridge Games - Accessibility/Lionbridge Games - Accessibility#734
halo-campaign-evolved,458,Kuba Kryszak,,QA,Accessibility Test Associate,,Lionbridge Games - Accessibility,core,Lionbridge Games - Accessibility/Lionbridge Games - Accessibility#735
halo-campaign-evolved,459,Marcin Kubicki,,QA,Accessibility Test Associate,,Lionbridge Games - Accessibility,core,Lionbridge Games - Accessibility/Lionbridge Games - Accessibility#736
halo-campaign-evolved,460,Patryk Pawelec,,QA,Accessibility Test Associate,,Lionbridge Games - Accessibility,core,Lionbridge Games - Accessibility/Lionbridge Games - Accessibility#737
halo-campaign-evolved,461,Jakub Romanowski,,QA,Accessibility Test Associate,,Lionbridge Games - Accessibility,core,Lionbridge Games - Accessibility/Lionbridge Games - Accessibility#738
halo-campaign-evolved,462,StanisłAw Świderski,,QA,Accessibility Test Associate,,Lionbridge Games - Accessibility,core,Lionbridge Games - Accessibility/Lionbridge Games - Accessibility#739
halo-campaign-evolved,463,Kamil Urbanek,,QA,Accessibility Test Associate,,Lionbridge Games - Accessibility,core,Lionbridge Games - Accessibility/Lionbridge Games - Accessibility#740
halo-campaign-evolved,464,Milena Wróblewska,,QA,Accessibility Test Associate,,Lionbridge Games - Accessibility,core,Lionbridge Games - Accessibility/Lionbridge Games - Accessibility#741
halo-campaign-evolved,465,Paweł Wójcik,,QA,Accessibility Test Associate,,Lionbridge Games - Accessibility,core,Lionbridge Games - Accessibility/Lionbridge Games - Accessibility#742
halo-campaign-evolved,466,Maksim Yakautsou,,QA,Accessibility Test Associate,,Lionbridge Games - Accessibility,core,Lionbridge Games - Accessibility/Lionbridge Games - Accessibility#743
halo-campaign-evolved,467,Malwin Zaleski,,QA,Accessibility Test Associate,,Lionbridge Games - Accessibility,core,Lionbridge Games - Accessibility/Lionbridge Games - Accessibility#744
halo-campaign-evolved,468,Karol Zalewski,,QA,Accessibility Test Associate,,Lionbridge Games - Accessibility,core,Lionbridge Games - Accessibility/Lionbridge Games - Accessibility#745
halo-campaign-evolved,469,Steve Downes,,Voice,Master Chief,Master Chief,,core,Talent & Performance/Voice Talent#750
halo-campaign-evolved,470,Jen Taylor,,Voice,Cortana,Cortana,,core,Talent & Performance/Voice Talent#751
halo-campaign-evolved,471,Keith Silverstein,,Voice,Captain Keyes,Captain Keyes,,core,Talent & Performance/Voice Talent#752
halo-campaign-evolved,472,Tim Dadabo,,Voice,Guilty Spark,Guilty Spark,,core,Talent & Performance/Voice Talent#753
halo-campaign-evolved,473,Tim Dadabo,,Voice,Minister of Harmony,Minister of Harmony,,core,Talent & Performance/Voice Talent#754
halo-campaign-evolved,474,Julie Nathanson,,Voice,Lieutenant Williams,Lieutenant Williams,,core,Talent & Performance/Voice Talent#755
halo-campaign-evolved,475,Keston John,,Voice,Sergeant Major Johnson,Sergeant Major Johnson,,core,Talent & Performance/Voice Talent#756
halo-campaign-evolved,476,Mike Madeoy,,Voice,Private Bisenti,Private Bisenti,,core,Talent & Performance/Voice Talent#757
halo-campaign-evolved,477,Andrew McKaige,,Voice,PFC Dubbo,PFC Dubbo,,core,Talent & Performance/Voice Talent#758
halo-campaign-evolved,478,Chris Wicklund,,Voice,PFC Fitzgerald,PFC Fitzgerald,,core,Talent & Performance/Voice Talent#759
halo-campaign-evolved,479,Mark Dias,,Voice,Private Mendoza,Private Mendoza,,core,Talent & Performance/Voice Talent#760
halo-campaign-evolved,480,Todd Licea,,Voice,Samuel Marcus (Cryo Assistant),Samuel Marcus (Cryo Assistant),,core,Talent & Performance/Voice Talent#761
halo-campaign-evolved,481,Ken Boynton,,Voice,Thom Shephard (Cryo Tech),Thom Shephard (Cryo Tech),,core,Talent & Performance/Voice Talent#762
halo-campaign-evolved,482,Jen Taylor,,Voice,Lifeboat Pilot,Lifeboat Pilot,,core,Talent & Performance/Voice Talent#763
halo-campaign-evolved,483,Additional Voices,,Voice,Flight Officer,Flight Officer,,core,Talent & Performance/Voice Talent#764
halo-campaign-evolved,484,Matt Soell,,Voice,Crewman #1,Crewman #1,,core,Talent & Performance/Voice Talent#765
halo-campaign-evolved,485,David Dunn,,Voice,Crewman #2,Crewman #2,,core,Talent & Performance/Voice Talent#766
halo-campaign-evolved,486,Additional Voices,,Voice,Crewman #3,Crewman #3,,core,Talent & Performance/Voice Talent#767
halo-campaign-evolved,487,Pete Stacker,,Voice,Master Sergeant Stacker,Master Sergeant Stacker,,core,Talent & Performance/Voice Talent#768
halo-campaign-evolved,488,Tawnya Pettiford-Wates,,Voice,Echo 419 (Foehammer),Echo 419 (Foehammer),,core,Talent & Performance/Voice Talent#769
halo-campaign-evolved,489,Additional Voices,,Voice,Victor 933,Victor 933,,core,Talent & Performance/Voice Talent#770
halo-campaign-evolved,490,Lorraine McLees,,Voice,Victor 86,Victor 86,,core,Talent & Performance/Voice Talent#771
halo-campaign-evolved,491,Ken Boynton,,Voice,Paranoid Marine,Paranoid Marine,,core,Talent & Performance/Voice Talent#772
halo-campaign-evolved,492,Christopher Carney,,Voice,Classic Trooper 1,Classic Trooper 1,,core,Talent & Performance/Voice Talent#773
halo-campaign-evolved,493,Additional Voices,,Voice,Classic Trooper 2,Classic Trooper 2,,core,Talent & Performance/Voice Talent#774
halo-campaign-evolved,494,Additional Voices,,Voice,Classic Trooper 3,Classic Trooper 3,,core,Talent & Performance/Voice Talent#775
halo-campaign-evolved,495,Additional Voices,,Voice,Bravo 22,Bravo 22,,core,Talent & Performance/Voice Talent#776
halo-campaign-evolved,496,Matt Soell,,Voice,Classic Crewman,Classic Crewman,,core,Talent & Performance/Voice Talent#777
halo-campaign-evolved,497,Todd Licea,,Voice,Civilian Male 1 (Crewman 2),Civilian Male 1 (Crewman 2),,core,Talent & Performance/Voice Talent#778
halo-campaign-evolved,498,Tim Gouran,,Voice,Civilian Male 2 (Crewman 3),Civilian Male 2 (Crewman 3),,core,Talent & Performance/Voice Talent#779
halo-campaign-evolved,499,Carol Roscue,,Voice,Civilian Female 1 (Crewman 4),Civilian Female 1 (Crewman 4),,core,Talent & Performance/Voice Talent#780
halo-campaign-evolved,500,Coby Bell,,Voice,Marine Trooper Sergeant,Marine Trooper Sergeant,,core,Talent & Performance/Voice Talent#781
halo-campaign-evolved,501,Jon Huertas,,Voice,Marine Trooper 1,Marine Trooper 1,,core,Talent & Performance/Voice Talent#782
halo-campaign-evolved,502,Greg Grunberg,,Voice,Marine Trooper 2,Marine Trooper 2,,core,Talent & Performance/Voice Talent#783
halo-campaign-evolved,503,Ron Livingston,,Voice,Marine Trooper 3,Marine Trooper 3,,core,Talent & Performance/Voice Talent#784
halo-campaign-evolved,504,Courtenay Taylor,,Voice,Female Marine Trooper 1,Female Marine Trooper 1,,core,Talent & Performance/Voice Talent#785
halo-campaign-evolved,505,Aisha Tyler,,Voice,Female Marine Trooper 2,Female Marine Trooper 2,,core,Talent & Performance/Voice Talent#786
halo-campaign-evolved,506,Additional Voices,,Voice,Hunter,Hunter,,core,Talent & Performance/Voice Talent#787
halo-campaign-evolved,507,Additional Voices,,Voice,Jackal,Jackal,,core,Talent & Performance/Voice Talent#788
halo-campaign-evolved,508,Mike Bodie,,Voice,Elite 1,Elite 1,,core,Talent & Performance/Voice Talent#789
halo-campaign-evolved,509,Armen Taylor,,Voice,Elite 2,Elite 2,,core,Talent & Performance/Voice Talent#790
halo-campaign-evolved,510,Joseph Staten,,Voice,Classic Grunt,Classic Grunt,,core,Talent & Performance/Voice Talent#791
halo-campaign-evolved,511,Jen Taylor,,Voice,Dr. Halsey,Dr. Halsey,,core,Talent & Performance/Voice Talent#792
halo-campaign-evolved,512,Mike Bodie,,Voice,Burden Officer,Burden Officer,,core,Talent & Performance/Voice Talent#793
halo-campaign-evolved,513,Ken Boynton,,Voice,Brute 1,Brute 1,,core,Talent & Performance/Voice Talent#794
halo-campaign-evolved,514,Ronald Hippe,,Voice,Brute 2,Brute 2,,core,Talent & Performance/Voice Talent#795
halo-campaign-evolved,515,Amanda Rischel,,Voice,Performance Capture,,,core,Talent & Performance/Performance#799
halo-campaign-evolved,516,Laurie Duncan,,Voice,Performance Capture,,,core,Talent & Performance/Performance#800
halo-campaign-evolved,517,Mike Bodie,,Voice,Performance Capture,,,core,Talent & Performance/Performance#801
halo-campaign-evolved,518,Karen Sadow,,Production,Casting Director,,,core,Talent & Performance/I Hear You Productions#805
halo-campaign-evolved,519,Jade Pietri,,Audio,Dialogue Recordist,,,core,Talent & Performance/ARU Recording Studio#809
halo-campaign-evolved,520,Asha Sharma,,Publishing,EVP & CEO of Microsoft Gaming,,,publishing,Xbox/Xbox Leadership#814
halo-campaign-evolved,521,Matt Booty,,Publishing,EVP & Chief Content Officer,,,publishing,Xbox/Xbox Leadership#815
halo-campaign-evolved,522,Jennifer Luke,,Publishing,GC&S Chief of Staff,,,publishing,Xbox/Xbox Leadership#816
halo-campaign-evolved,523,Helen Chiang,,Publishing,CVP & COO of Studios,,,publishing,Xbox/Xbox Leadership#817
halo-campaign-evolved,524,Margaret Healy,,Publishing,Executive Business Admin,,,publishing,Xbox/Xbox Leadership#818
halo-campaign-evolved,525,Craig Duncan,,Publishing,Head of XGS,,,publishing,Xbox/Xbox Leadership#819
halo-campaign-evolved,526,Antuan Muradian,,Publishing,"GM, XGS Business & Growth",,,publishing,Xbox/Xbox Leadership#820
halo-campaign-evolved,527,Michel Bastien,,Publishing,"GM, XGS Development",,,publishing,Xbox/Xbox Leadership#821
halo-campaign-evolved,528,Silvia De Salles,,Publishing,"GM, XGS Finance",,,publishing,Xbox/Xbox Leadership#822
halo-campaign-evolved,529,Tanya Watson,,Publishing,"GM, Group Studios Manager",,,publishing,Xbox/Xbox Leadership#823
halo-campaign-evolved,530,Louise O'Conner,,Publishing,XGS Chief of Staff,,,publishing,Xbox/Xbox Leadership#824
halo-campaign-evolved,531,Aaron Greenberg,,Publishing,"VP, Games Marketing",,,publishing,Xbox/Xbox Leadership#825
halo-campaign-evolved,532,Jamie Okita,,Publishing,"GM, Biz Planning & Mktg Ops",,,publishing,Xbox/Xbox Leadership#826
halo-campaign-evolved,533,Ed Kalletta,,Publishing,"Senior Director, Business Development",,,publishing,Xbox/Business Support#830
halo-campaign-evolved,534,Talitha Hayburn,,Publishing,Group Finance Manager,,,publishing,Xbox/Business Support#831
halo-campaign-evolved,535,Mike Wilson,,Publishing,"Director, Finance",,,publishing,Xbox/Business Support#832
halo-campaign-evolved,536,Jona Akelipa,,Publishing,"Senior Manager, Finance",,,publishing,Xbox/Business Support#833
halo-campaign-evolved,537,Jordan Murphy,,Publishing,"Senior Manager, Finance",,,publishing,Xbox/Business Support#834
halo-campaign-evolved,538,Eucharia Bobmanuel,,Production,"Program Manager, Royalites",,,publishing,Xbox/Business Support#835
halo-campaign-evolved,539,Justin Hicks,,Production,"Senior Program Manager, Royalites",,,publishing,Xbox/Business Support#836
halo-campaign-evolved,540,Omeed Rameshni,,Production,"GM, Business and Product Mmgt.",,,publishing,Xbox/Business Support#837
halo-campaign-evolved,541,Matt Piscitello,,Publishing,"Director, Business Planning",,,publishing,Xbox/Business Support#838
halo-campaign-evolved,542,Angelo Alcid,,Publishing,Studio Legal Counsel,,,publishing,"Xbox/Corporate, External, and Legal Affairs#842"
halo-campaign-evolved,543,Jyl Brown,,Publishing,Studio Paralegal,,,publishing,"Xbox/Corporate, External, and Legal Affairs#843"
halo-campaign-evolved,544,John Friend,,Production,"Senior Director, Consumer Products",,,publishing,Xbox/Consumer Products#847
halo-campaign-evolved,545,James Monosmith,,Production,Senior Consumer Products Manager,,,publishing,Xbox/Consumer Products#848
halo-campaign-evolved,546,Chanee' Goude,,Production,"Manager, Consumer Products & Licensing",,,publishing,Xbox/Consumer Products#849
halo-campaign-evolved,547,Steven Dodson,,Publishing,"Senior Director, Marketing",,,publishing,Xbox/Marketing#853
halo-campaign-evolved,548,Pamela Piscitello,,Production,Senior Product Marketing Manager,,,publishing,Xbox/Marketing#854
halo-campaign-evolved,549,Cristina Carvalho,,Publishing,Senior Marcom Manager,,,publishing,Xbox/Marketing#855
halo-campaign-evolved,550,Ryan Merritt,,Publishing,Senior Marcom Manager,,,publishing,Xbox/Marketing#856
halo-campaign-evolved,551,Liam Callahan,,Publishing,"Director, Business Planning",,,publishing,Xbox/Marketing#857
halo-campaign-evolved,552,Jonathan Segall,,Publishing,"Director, Marcom",,,publishing,Xbox/Marketing#858
halo-campaign-evolved,553,Katie Jerauld,,Publishing,Partnerships Lead,,,publishing,Xbox/Marketing#859
halo-campaign-evolved,554,Emil Rodriguez,,Publishing,"Senior Director, Communications",,,publishing,Xbox/Public Relations#863
halo-campaign-evolved,555,Johnny Gibson,,Publishing,"Director, XGS Communications",,,publishing,Xbox/Public Relations#864
halo-campaign-evolved,556,Jeff Rubenstein,,Publishing,"Director, Communications",,,publishing,Xbox/Public Relations#865
halo-campaign-evolved,557,Ben Cooper,,Publishing,Senior Communications Manager,,,publishing,Xbox/Public Relations#866
halo-campaign-evolved,558,Joe Skrebels,,Publishing,Senior Communications Manager,,,publishing,Xbox/Public Relations#867
halo-campaign-evolved,559,Lina Madrid,,Publishing,Communications Manager,,,publishing,Xbox/Public Relations#868
halo-campaign-evolved,560,Danielle Partis,,Publishing,"Editor, Xbox Wire",,Jeffreym Consulting LLC,publishing,Xbox/Public Relations#869
halo-campaign-evolved,561,Alexis Crofts,,Publishing,Senior Vice President,,Assembly Media Inc.,publishing,Xbox/Public Relations#870
halo-campaign-evolved,562,Abby Espiritu,,Publishing,Senior Account Supervisor,,Assembly Media Inc.,publishing,Xbox/Public Relations#871
halo-campaign-evolved,563,Keith Swiader,,Publishing,Senior Account Supervisor,,Assembly Media Inc.,publishing,Xbox/Public Relations#872
halo-campaign-evolved,564,Cole Hagedorn,,Publishing,Senior Account Manager,,Assembly Media Inc.,publishing,Xbox/Public Relations#873
halo-campaign-evolved,565,Olivia Goldblatt,,Publishing,Assistant Account Executive,,Assembly Media Inc.,publishing,Xbox/Public Relations#874
halo-campaign-evolved,566,Yasmine Nelson,,Production,Senior Product Manager,,,publishing,Xbox/Age Ratings Submission#878
halo-campaign-evolved,567,Mark Seminatore,,Engineering,Principal Software Engineering Manager,,,publishing,Xbox/Xbox Advanced Technology Group#882
halo-campaign-evolved,568,Claude Marais,,Engineering,Principal Software Engineering Lead,,,publishing,Xbox/Xbox Advanced Technology Group#883
halo-campaign-evolved,569,Philip Niemeyer Farquharson,,Engineering,Principal Software Engineering Lead,,,publishing,Xbox/Xbox Advanced Technology Group#884
halo-campaign-evolved,570,Martin Fuller,,Engineering,Principal Software Engineer,,,publishing,Xbox/Xbox Advanced Technology Group#885
halo-campaign-evolved,571,James Rogers,,Art,Principal Tech Art Director,,,publishing,Xbox/Xbox Advanced Technology Group#886
halo-campaign-evolved,572,Matt Osbond,,Art,Principal Tech Art Director,,,publishing,Xbox/Xbox Advanced Technology Group#887
halo-campaign-evolved,573,Nico May,,Engineering,Senior Graphics Software Engineer,,,publishing,Xbox/Xbox Advanced Technology Group#888
halo-campaign-evolved,574,Richie Meyer,,Engineering,Senior Software Engineer,,,publishing,Xbox/Xbox Advanced Technology Group#889
halo-campaign-evolved,575,Steve Spiller,,Engineering,Senior Software Engineer,,,publishing,Xbox/Xbox Advanced Technology Group#890
halo-campaign-evolved,576,Estaban Lora,,Publishing,Director-Tech/XDEV PGM,,,publishing,Xbox/Licensing/XDEV#894
halo-campaign-evolved,577,Cindy Arasim,,Production,Business Program Manager,,,publishing,Xbox/Licensing/XDEV#895
halo-campaign-evolved,578,Adrian Cho,,Publishing,Sr. External Dev Manager,,,publishing,Xbox/Licensing/XDEV#896
halo-campaign-evolved,579,Patrick Decker,,Publishing,Sr. Gaming Licensing Manager,,,publishing,Xbox/Licensing/XDEV#897
halo-campaign-evolved,580,Jeff McCrory,,Publishing,Senior Licensing Manager,,,publishing,Xbox/Licensing/XDEV#898
halo-campaign-evolved,581,Jim Pekola,,Publishing,Director of First Party Release Management,,,publishing,Xbox/Studios Release Management#902
halo-campaign-evolved,582,Clark Ly,,Production,Senior Release Manager Lead,,,publishing,Xbox/Studios Release Management#903
halo-campaign-evolved,583,Jordan Forbes,,Production,Senior Release Manager Lead,,,publishing,Xbox/Studios Release Management#904
halo-campaign-evolved,584,Michael Fu,,Publishing,Senior Technical PM,,,publishing,Xbox/Studios Release Management#905
halo-campaign-evolved,585,Andrew Pritchard,,Production,Release Manager,,,publishing,Xbox/Studios Release Management#906
halo-campaign-evolved,586,Sean Sheffer,,Production,Senior Program Manager,,,publishing,Xbox/Studios Release Management#907
halo-campaign-evolved,587,Jason Lackie,,Audio,Audio Mastering Engineer,,Bluehawk LLC,publishing,Xbox/Xbox Studio#911
halo-campaign-evolved,588,Kristian Tonnessen,,Design,Viz Design Manager,,,publishing,Xbox/Xbox Studio#912
halo-campaign-evolved,589,Yanhong Zhou,,Design,Senior Motion Designer,,Bluehawk LLC,publishing,Xbox/Xbox Studio#913
halo-campaign-evolved,590,Peter Giffin,,Production,Principal Technical Program Manager,,,publishing,Xbox/Xbox Studios Services#917
halo-campaign-evolved,591,Adam Worricker,,Production,Principal Technical Program Manager,,,publishing,Xbox/Xbox Studios Services#918
halo-campaign-evolved,592,Reza Elghazi,,Production,Senior Technical Program Manager,,,publishing,Xbox/Xbox Studios Services#919
halo-campaign-evolved,593,Kate Rayner,,Publishing,"CVP, Studio Technical Fellow",,,publishing,Xbox/Xbox Games Technology Group#923
halo-campaign-evolved,594,Colin Penty,,Art,Studio Technical Art Director,,,publishing,Xbox/Xbox Games Technology Group#924
halo-campaign-evolved,595,Phil Cousins,,Engineering,"Partner, Technical Director",,,publishing,Xbox/Xbox Games Technology Group#925
halo-campaign-evolved,596,Grace Yen,,Production,Principal Technical Program Manager,,,publishing,Xbox/Xbox Games Technology Group#926
halo-campaign-evolved,597,Sarah Cooney,,Art,Technical Art Director,,,publishing,Xbox/Xbox Games Technology Group#927
halo-campaign-evolved,598,Geoff Lester,,Art,Technical Art Director,,,publishing,Xbox/Xbox Games Technology Group#928
halo-campaign-evolved,599,Randy Parmar,,Publishing,Principal Systems Lead,,,publishing,Xbox/Xbox Games Technology Group#929
halo-campaign-evolved,600,Mike Perzel,,Publishing,Principal Rendering Lead,,,publishing,Xbox/Xbox Games Technology Group#930
halo-campaign-evolved,601,Dan Phillips,,Engineering,Principal Systems Engineer,,,publishing,Xbox/Xbox Games Technology Group#931
halo-campaign-evolved,602,Christopher Wallis,,Engineering,Principal Rendering Engineer,,,publishing,Xbox/Xbox Games Technology Group#932
halo-campaign-evolved,603,Pari Saraswat,,Engineering,Senior Rendering Engineer,,,publishing,Xbox/Xbox Games Technology Group#933
halo-campaign-evolved,604,David Negrabee,,Engineering,Senior System Engineer,,,publishing,Xbox/Xbox Games Technology Group#934
halo-campaign-evolved,605,Maryna Markava,,Art,Senior Technical Artist,,,publishing,Xbox/Xbox Games Technology Group#935
halo-campaign-evolved,606,Julia Sousa,,Art,Technical Artist,,,publishing,Xbox/Xbox Games Technology Group#936
halo-campaign-evolved,607,Tim Wang,,Art,Technical Artist,,,publishing,Xbox/Xbox Games Technology Group#937
halo-campaign-evolved,608,Jon Vincent,,Audio,Senior Audio Director,,Rare,core,Rare/Rare#942
halo-campaign-evolved,609,Katie Tarrant,,Audio,Senior Technical Sound Designer,,Rare,core,Rare/Rare#943
halo-campaign-evolved,610,Stephen Whetstine,,Other,Principal Presentation Director,,Turn 10 Studios,core,Turn 10 Studios/Turn 10 Studios#948
halo-campaign-evolved,611,Mark Slater,,Art,VFX Director,,Ninja Theory,core,Ninja Theory/Ninja Theory#953
halo-campaign-evolved,612,Tobias Noller,,Art,Expert VFX Artist,,Ninja Theory,core,Ninja Theory/Ninja Theory#954
halo-campaign-evolved,613,Pablo Palmier,,Engineering,Principal Engine Programmer (Graphics),,Ninja Theory,core,Ninja Theory/Ninja Theory#955
halo-campaign-evolved,614,Innes Brown,,Engineering,Senior Engine Programmer (Graphics),,Ninja Theory,core,Ninja Theory/Ninja Theory#956
halo-campaign-evolved,615,Christian Sonderfeld,,Engineering,Senior Engine Programmer (Graphics),,Ninja Theory,core,Ninja Theory/Ninja Theory#957
halo-campaign-evolved,616,Oleksandr Kharkov,,Engineering,Expert Engine Programmer (CPU Optimizations),,Ninja Theory,core,Ninja Theory/Ninja Theory#958
halo-campaign-evolved,617,Chris LeFeaver,,Design,Senior Xbox Researcher,,,core,User Research/User Research#963
halo-campaign-evolved,618,Brian Walker,,Design,Principal XR Ops PM Lead,,,core,User Research/User Research Operations#967
halo-campaign-evolved,619,Bradley Rossetti,,Design,Principal XR Program Manager Lead,,,core,User Research/User Research Operations#968
halo-campaign-evolved,620,Sally Nordquist,,Design,Senior XR Program Manager,,,core,User Research/User Research Operations#969
halo-campaign-evolved,621,Tim Woodcock,,Design,Flighting Program Manager,,Experis,core,User Research/User Research Operations#970
halo-campaign-evolved,622,Jess Sills,,Design,Participant Systems Operations Manager (Experis),,Experis,core,User Research/User Research Operations#971
halo-campaign-evolved,623,Holly Cha,,Design,Participant Care Specialist,,Experis,core,User Research/User Research Operations#972
halo-campaign-evolved,624,Austin Hutchins,,Engineering,User Research Lab Engineer,,Experis,core,User Research/User Research Operations#973
halo-campaign-evolved,625,Gryphon Blazier,,Design,User Research Lab Tech,,Experis,core,User Research/User Research Operations#974
halo-campaign-evolved,626,Lilith Luce,,Design,Tech User Research Coordinator,,Experis,core,User Research/User Research Operations#975
halo-campaign-evolved,627,Tylor Losser,,Design,User Research and Data Insights Manager,,Experis,core,User Research/User Research Operations#976
halo-campaign-evolved,628,Christiane Harris,,Design,User Research Specialist,,Experis,core,User Research/User Research Operations#977
halo-campaign-evolved,629,Cornelia Laros,,Design,User Research Specialist,,Experis,core,User Research/User Research Operations#978
halo-campaign-evolved,630,Sotonye Joaquin Cintron,,Design,User Research Associate,,Experis,core,User Research/User Research Operations#979
halo-campaign-evolved,631,Delia Diaz,,Design,User Research Associate,,Experis,core,User Research/User Research Operations#980
halo-campaign-evolved,632,Tasnim Hasan,,Design,User Research Associate,,Experis,core,User Research/User Research Operations#981
halo-campaign-evolved,633,Aisha Braud,,Design,User Research Coordinator,,Experis,core,User Research/User Research Operations#982
halo-campaign-evolved,634,Seyi Faleke,,Design,User Research Coordinator,,Experis,core,User Research/User Research Operations#983
halo-campaign-evolved,635,Joseph Hayashi,,Design,User Research Coordinator,,Experis,core,User Research/User Research Operations#984
halo-campaign-evolved,636,Chris Kennedy,,Design,User Research Coordinator,,Experis,core,User Research/User Research Operations#985
halo-campaign-evolved,637,Chris LaMarco,,Design,User Research Coordinator,,Experis,core,User Research/User Research Operations#986
halo-campaign-evolved,638,Danna Mah,,Design,User Research Coordinator,,Experis,core,User Research/User Research Operations#987
halo-campaign-evolved,639,Amanda Nearbin,,Design,User Research Coordinator,,Experis,core,User Research/User Research Operations#988
halo-campaign-evolved,640,Rabab Rabbani,,Design,User Research Coordinator,,Experis,core,User Research/User Research Operations#989
halo-campaign-evolved,641,Sarah Robbins,,Design,User Research Coordinator,,Experis,core,User Research/User Research Operations#990
halo-campaign-evolved,642,Jordan Stephens,,Design,User Research Coordinator,,Experis,core,User Research/User Research Operations#991
halo-campaign-evolved,643,Anna Waismeyer,,Production,Senior Product Manager,,Gaming for Everyone,core,Gaming for Everyone/Accessibility#996
halo-campaign-evolved,644,Garrett Brodie,,Other,"VP, Digital Gaming, 3P Platforms",,,core,XMS Digital Gaming/3P Platforms#1001
halo-campaign-evolved,645,Paula O'Connor,,Other,"Exec Admin, Digital Gaming, 3P Platforms",,,core,XMS Digital Gaming/3P Platforms#1002
halo-campaign-evolved,646,Mike Patterson,,Other,"VP, Digital Gaming, 3P Platforms - Console Lead",,,core,XMS Digital Gaming/3P Platforms#1003
halo-campaign-evolved,647,Jenn Hur,,Other,"Dir, Digital Gaming, 3P Platforms - Console",,,core,XMS Digital Gaming/3P Platforms#1004
halo-campaign-evolved,648,Dawn Earp,,Other,"Assoc Dir, Digital Gaming, 3P Platforms - Console",,,core,XMS Digital Gaming/3P Platforms#1005
halo-campaign-evolved,649,Raquel Hayner,,Other,"Sr Mgr, Digital Gaming, 3P Platforms - Console",,,core,XMS Digital Gaming/3P Platforms#1006
halo-campaign-evolved,650,David Mack,,Other,"Sr Mgr, Digital Gaming, 3P Platforms - Console",,,core,XMS Digital Gaming/3P Platforms#1007
halo-campaign-evolved,651,David Song,,Other,"Sr Mgr, Digital Gaming, 3P Platforms - Console",,,core,XMS Digital Gaming/3P Platforms#1008
halo-campaign-evolved,652,Felipe Magallon,,Other,"Dir, Digital Gaming, 3P Platforms - DSM Lead",,,core,XMS Digital Gaming/3P Platforms#1009
halo-campaign-evolved,653,Borhan Ahmadi,,Other,"Sr Mgr, Digital Gaming, 3P Platforms - DSM",,,core,XMS Digital Gaming/3P Platforms#1010
halo-campaign-evolved,654,Joe Bell,,Other,"Sr Mgr, Digital Gaming, 3P Platforms - DSM",,,core,XMS Digital Gaming/3P Platforms#1011
halo-campaign-evolved,655,Katie Evans,,Other,"Sr Mgr, Digital Gaming, 3P Platforms - DSM",,,core,XMS Digital Gaming/3P Platforms#1012
halo-campaign-evolved,656,Joe Kam,,Other,"Sr Dir, Digital Gaming, 3P Platforms - PC Lead",,,core,XMS Digital Gaming/3P Platforms#1013
halo-campaign-evolved,657,Adham Ayoubi,,Other,"Sr Mgr, Digital Gaming, 3P Platforms - PC",,,core,XMS Digital Gaming/3P Platforms#1014
halo-campaign-evolved,658,Jason Snead,,Other,"Sr Mgr, Digital Gaming, 3P Platforms - PC",,,core,XMS Digital Gaming/3P Platforms#1015
halo-campaign-evolved,659,Abdulkamal Abdullahi,,Other,"Mgr, Digital Gaming, 3P Platforms - PC",,,core,XMS Digital Gaming/3P Platforms#1016
halo-campaign-evolved,660,Dov Carson,,Other,"Assoc Mgr, Digital Gaming, 3P Platforms - PC",,,core,XMS Digital Gaming/3P Platforms#1017
halo-campaign-evolved,661,Phil Spencer,,Special Thanks,XGS Special Thanks,,,special-thanks,XGS Special Thanks/XGS Special Thanks#1022
halo-campaign-evolved,662,Sarah Bond,,Special Thanks,XGS Special Thanks,,,special-thanks,XGS Special Thanks/XGS Special Thanks#1023
halo-campaign-evolved,663,Tim Stuart,,Special Thanks,XGS Special Thanks,,,special-thanks,XGS Special Thanks/XGS Special Thanks#1024
halo-campaign-evolved,664,Noah Benesch,,Special Thanks,XGS Special Thanks,,,special-thanks,XGS Special Thanks/XGS Special Thanks#1025
halo-campaign-evolved,665,Kyle Fraser,,Special Thanks,XGS Special Thanks,,,special-thanks,XGS Special Thanks/XGS Special Thanks#1026
halo-campaign-evolved,666,Marcelo Quinonez,,Special Thanks,XGS Special Thanks,,,special-thanks,XGS Special Thanks/XGS Special Thanks#1027
halo-campaign-evolved,667,Andy Sage,,Special Thanks,XGS Special Thanks,,,special-thanks,XGS Special Thanks/XGS Special Thanks#1028
halo-campaign-evolved,668,Randy Pagulayan,,Special Thanks,XGS Special Thanks,,,special-thanks,XGS Special Thanks/XGS Special Thanks#1029
halo-campaign-evolved,669,Daniel V. Gunn,,Special Thanks,XGS Special Thanks,,,special-thanks,XGS Special Thanks/XGS Special Thanks#1030
halo-campaign-evolved,670,Chris LeFeaver,,Special Thanks,XGS Special Thanks,,,special-thanks,XGS Special Thanks/XGS Special Thanks#1031
halo-campaign-evolved,671,Stephanie Puri,,Special Thanks,XGS Special Thanks,,,special-thanks,XGS Special Thanks/XGS Special Thanks#1032
halo-campaign-evolved,672,Dr. Elisabeth Whyte,,Special Thanks,XGS Special Thanks,,,special-thanks,XGS Special Thanks/XGS Special Thanks#1033
halo-campaign-evolved,673,Charles Somerville,,Special Thanks,XGS Special Thanks,,,special-thanks,XGS Special Thanks/XGS Special Thanks#1034
halo-campaign-evolved,674,Keith Boney,,Special Thanks,XGS Special Thanks,,,special-thanks,XGS Special Thanks/XGS Special Thanks#1035
halo-campaign-evolved,675,James Trout,,Special Thanks,XGS Special Thanks,,,special-thanks,XGS Special Thanks/XGS Special Thanks#1036
halo-campaign-evolved,676,Emily Hampshire,,Special Thanks,XGS Special Thanks,,,special-thanks,XGS Special Thanks/XGS Special Thanks#1037
halo-campaign-evolved,677,Rob Semsey,,Special Thanks,XGS Special Thanks,,,special-thanks,XGS Special Thanks/XGS Special Thanks#1038
halo-campaign-evolved,678,Liz Berman,,Publishing,Sr. Client Partner,,,publishing,PlayStation/Global Partner Developer Relations#1043
halo-campaign-evolved,679,Elliot Brodski,,Engineering,Staff DTG Engineer,,,publishing,PlayStation/Global Partner Developer Relations#1044
halo-campaign-evolved,680,Andre Brown,,Publishing,Sr. Client Solutions Manager,,,publishing,PlayStation/Global Partner Developer Relations#1045
halo-campaign-evolved,681,Elliot Coward,,Publishing,"Sr. Manager, Content Lifecycle",,,publishing,PlayStation/Global Partner Developer Relations#1046
halo-campaign-evolved,682,Stacey Holmes,,Publishing,Sr. Client Solutions Manager,,,publishing,PlayStation/Global Partner Developer Relations#1047
halo-campaign-evolved,683,Eric Johnson,,Publishing,Sr. Go-to-Market Specialist,,,publishing,PlayStation/Global Partner Developer Relations#1048
halo-campaign-evolved,684,Justin Kulka,,Publishing,Policy Manager,,,publishing,PlayStation/Global Partner Developer Relations#1049
halo-campaign-evolved,685,Cindy Lee,,Publishing,Digital Games Sales Specialist,,,publishing,PlayStation/Global Partner Developer Relations#1050
halo-campaign-evolved,686,Tom Mahoney,,Publishing,Global Account Director,,,publishing,PlayStation/Global Partner Developer Relations#1051
halo-campaign-evolved,687,Paul McElhone,,Publishing,"Associate Manager, Content Lifecycle",,,publishing,PlayStation/Global Partner Developer Relations#1052
halo-campaign-evolved,688,Alex Nawabi,,Publishing,Sr. Account Manager,,,publishing,PlayStation/Global Partner Developer Relations#1053
halo-campaign-evolved,689,Danny Nijssen,,Publishing,Sr. Account Development Manager,,,publishing,PlayStation/Global Partner Developer Relations#1054
halo-campaign-evolved,690,Eddie Ramirez,,Publishing,Sr. Operations Manager,,,publishing,PlayStation/Global Partner Developer Relations#1055
halo-campaign-evolved,691,Richard Smylie Jr.,,Publishing,Sr. Fraud Strategist,,,publishing,PlayStation/Global Partner Developer Relations#1056
halo-campaign-evolved,692,Jack Tierney,,Publishing,Technical Account Manager,,,publishing,PlayStation/Global Partner Developer Relations#1057
halo-campaign-evolved,693,Madeleine Tomlin,,Publishing,Digital Publishing Manager,,,publishing,PlayStation/Global Partner Developer Relations#1058
halo-campaign-evolved,694,Alejandro Ura,,Publishing,Sr. Account Manager,,,publishing,PlayStation/Global Partner Developer Relations#1059
halo-campaign-evolved,695,Joseph Wilkerson,,Publishing,Sr. Technical Account Manager,,,publishing,PlayStation/Global Partner Developer Relations#1060
halo-campaign-evolved,696,Paul Lipson,,Leadership,President,,Arrival,core,Arrival/Arrival Leadership#1065
halo-campaign-evolved,697,Janet Rankin,,Leadership,"Director, Business Administration",,Arrival,core,Arrival/Arrival Leadership#1066
halo-campaign-evolved,698,Kristoffer Larson,,Audio,Cinematic Sound Supervisor,,Arrival,core,Arrival/Arrival Leadership#1067
halo-campaign-evolved,699,Tyler Jeffers,,Leadership,"Studio Head, Seattle",,Arrival,core,Arrival/Arrival Leadership#1068
halo-campaign-evolved,700,Shannon Potter,,Leadership,"Studio Head, Los Angeles",,Arrival,core,Arrival/Arrival Leadership#1069
halo-campaign-evolved,701,David Philipp,,Leadership,"Studio Head, UK",,Arrival,core,Arrival/Arrival Leadership#1070
halo-campaign-evolved,702,Lauren Brake,,Audio,Music Editorial & Integration,,Arrival,core,Arrival/Music#1074
halo-campaign-evolved,703,Kory McMaster,,Audio,Music Editorial & Integration,,Arrival,core,Arrival/Music#1075
halo-campaign-evolved,704,Nadia Wheaton,,Audio,Music Editorial & Integration,,Arrival,core,Arrival/Music#1076
halo-campaign-evolved,705,Eddie Jackson,,Audio,Music Mastering Engineer,,Arrival,core,Arrival/Music#1077
halo-campaign-evolved,706,Emily R. Steele,,Production,Producer,,Arrival,core,Arrival/Production#1081
halo-campaign-evolved,707,Lauren Whisnant,,Production,Producer,,Arrival,core,Arrival/Production#1082
halo-campaign-evolved,708,Tess Park,,Production,Producer,,Arrival,core,Arrival/Production#1083
halo-campaign-evolved,709,Natasha Pearl,,Production,Producer,,Arrival,core,Arrival/Production#1084
halo-campaign-evolved,710,Keelan O'Hara,,Production,Asset Coordinator,,Arrival,core,Arrival/Production#1085
halo-campaign-evolved,711,Elix Ceballos,,Production,Asset Coordinator,,Arrival,core,Arrival/Production#1086
halo-campaign-evolved,712,Bryan Daize,,Production,Asset Technician,,Arrival,core,Arrival/Production#1087
halo-campaign-evolved,713,Maya Zach,,Production,Producer,,Arrival,core,Arrival/Production#1088
halo-campaign-evolved,714,Blain Kramer,,Audio,Sound Supervisor,,Arrival,core,Arrival/Sound Design#1092
halo-campaign-evolved,715,Jonathan Peros,,Audio,Sound Supervisor,,Arrival,core,Arrival/Sound Design#1093
halo-campaign-evolved,716,Ryan Hogarth,,Audio,Technical Sound Designer,,Arrival,core,Arrival/Sound Design#1094
halo-campaign-evolved,717,Jonathan Grover,,Audio,Technical Sound Designer,,Arrival,core,Arrival/Sound Design#1095
halo-campaign-evolved,718,Ryan Steinbach,,Audio,Associate Sound Designer,,Arrival,core,Arrival/Sound Design#1096
halo-campaign-evolved,719,Sam Gray,,Audio,Senior Sound Designer,,Arrival,core,Arrival/Sound Design#1097
halo-campaign-evolved,720,Avril Martinez,,Audio,Technical Sound Designer,,Arrival,core,Arrival/Sound Design#1098
halo-campaign-evolved,721,Brian DiDomenico,,Audio,Technical Sound Designer,,Arrival,core,Arrival/Sound Design#1099
halo-campaign-evolved,722,James Nixon,,Audio,Technical Sound Designer,,Arrival,core,Arrival/Sound Design#1100
halo-campaign-evolved,723,David Nazario,,Audio,Senior Sound Designer,,Arrival,core,Arrival/Sound Design#1101
halo-campaign-evolved,724,Roman Fusco,,Audio,Associate Technical Sound Designer,,Arrival,core,Arrival/Sound Design#1102
halo-campaign-evolved,725,Francisco Nascimento,,Audio,Sound Designer,,Arrival,core,Arrival/Sound Design#1103
halo-campaign-evolved,726,Erin Holmes,,Audio,Sound Designer,,Arrival,core,Arrival/Sound Design#1104
halo-campaign-evolved,727,Patrick Ginn,,Audio,Senior Sound Designer,,Arrival,core,Arrival/Sound Design#1105
halo-campaign-evolved,728,Brittany Johnson,,Audio,Technical Sound Designer,,Arrival,core,Arrival/Sound Design#1106
halo-campaign-evolved,729,TJ Boyd,,Audio,Dialogue & Foley Editor,,Arrival,core,Arrival/Sound Design#1107
halo-campaign-evolved,730,"Cesar Marenco, MPSE",,Audio,Senior Dialogue Editor,,Arrival,core,Arrival/Voice Over & Dialogue#1111
halo-campaign-evolved,731,Dani Turner,,Audio,Dialogue Editor,,Arrival,core,Arrival/Voice Over & Dialogue#1112
halo-campaign-evolved,732,Robert Weiss,,Audio,Dialogue Editor,,Arrival,core,Arrival/Voice Over & Dialogue#1113
halo-campaign-evolved,733,James Kirk,,Audio,Dialogue Editor,,Arrival,core,Arrival/Voice Over & Dialogue#1114
halo-campaign-evolved,734,Ruge Sun,,Audio,Dialogue Editor,,Arrival,core,Arrival/Voice Over & Dialogue#1115
halo-campaign-evolved,735,Will Yen,,Audio,Dialogue Editor & Recording Engineer,,Arrival,core,Arrival/Voice Over & Dialogue#1116
halo-campaign-evolved,736,Brandon Roos,,Audio,Dialogue Editor,,Arrival,core,Arrival/Voice Over & Dialogue#1117
halo-campaign-evolved,737,Israel Hernandez,,Audio,Dialogue Editor,,Arrival,core,Arrival/Voice Over & Dialogue#1118
halo-campaign-evolved,738,Erica Mehallo,,Other,"Director, VO Services",,Arrival,core,Arrival/Voice Over & Dialogue#1119
halo-campaign-evolved,739,Jason Kim,,Engineering,Recording Engineer,,Arrival,core,Arrival/Voice Over & Dialogue#1120
halo-campaign-evolved,740,Robert Kupsch,,Engineering,Assistant Recording Engineer,,Arrival,core,Arrival/Voice Over & Dialogue#1121
halo-campaign-evolved,741,Christopher de Lis,,Engineering,Assistant Recording Engineer,,Arrival,core,Arrival/Voice Over & Dialogue#1122
halo-campaign-evolved,742,Sam Williams,,Engineering,Assistant Recording Engineer,,Arrival,core,Arrival/Voice Over & Dialogue#1123
halo-campaign-evolved,743,Shawn Gould-Masse,,Engineering,Assistant Recording Engineer,,Arrival,core,Arrival/Voice Over & Dialogue#1124
halo-campaign-evolved,744,Sarah Monat,,Audio,Foley Artist,,Arrival,core,Arrival/Sony Pictures Studios#1128
halo-campaign-evolved,745,Robin Harlan,,Audio,Foley Artist,,Arrival,core,Arrival/Sony Pictures Studios#1129
halo-campaign-evolved,746,Nerses Gezalyan,,Audio,Foley Mixer,,Arrival,core,Arrival/Sony Pictures Studios#1130
halo-campaign-evolved,747,James Denholm,,Audio,Sound Designer,,Arrival,core,Arrival/Sony Pictures Studios#1131
halo-campaign-evolved,748,Guy Whitmore,,Special Thanks,Special Thanks,,Arrival,special-thanks,Arrival/Special Thanks#1135
halo-campaign-evolved,749,Nicholas Chambers,,Art,VFX Director,,FX - Chamber,core,FX - Chamber/FX - Chamber#1140
halo-campaign-evolved,750,Conrad Hughes,,Art,Principal VFX Artist,,FX - Chamber,core,FX - Chamber/FX - Chamber#1141
halo-campaign-evolved,751,Rolland Leung,,Art,Senior VFX Artist,,FX - Chamber,core,FX - Chamber/FX - Chamber#1142
halo-campaign-evolved,752,Leroy Noel,,Art,VFX Artist,,FX - Chamber,core,FX - Chamber/FX - Chamber#1143
halo-campaign-evolved,753,Jack Hidde Glavimans,,Art,Technical VFX Artist,,FX - Chamber,core,FX - Chamber/FX - Chamber#1144
halo-campaign-evolved,754,Brendan Muir,,Production,Producer,,FX - Chamber,core,FX - Chamber/FX - Chamber#1145
halo-campaign-evolved,755,Eugene Kasyan,,Art,Art Director,,Devoted Studios,core,Devoted Studios/Devoted Studios Leadership#1150
halo-campaign-evolved,756,Iryna Vishnetskaia,,Production,VP of Production,,Devoted Studios,core,Devoted Studios/Production#1154
halo-campaign-evolved,757,Polina Tsybulska,,Production,Operations Manager,,Devoted Studios,core,Devoted Studios/Production#1155
halo-campaign-evolved,758,Alex Kozlov,,Production,Producer,,Devoted Studios,core,Devoted Studios/Production#1156
halo-campaign-evolved,759,Hanna Dvoinikova,,Art,Lead Lighting Artist,,Devoted Studios,core,Devoted Studios/Lighting#1160
halo-campaign-evolved,760,Fedir Yurchenko,,Art,Lead Lighting Artist,,Devoted Studios,core,Devoted Studios/Lighting#1161
halo-campaign-evolved,761,Tetiana Zubenko,,Art,Lead Lighting Artist,,Devoted Studios,core,Devoted Studios/Lighting#1162
halo-campaign-evolved,762,Mariia Drozdova,,Art,Lighting Artist,,Devoted Studios,core,Devoted Studios/Lighting#1163
halo-campaign-evolved,763,Oleksandra Hlushchenko,,Art,Lighting Artist,,Devoted Studios,core,Devoted Studios/Lighting#1164
halo-campaign-evolved,764,Anton Holovchenko,,Art,Lighting Artist,,Devoted Studios,core,Devoted Studios/Lighting#1165
halo-campaign-evolved,765,Oleksandr Lichkovakha,,Art,Lighting Artist,,Devoted Studios,core,Devoted Studios/Lighting#1166
halo-campaign-evolved,766,Valeriia Myronenko,,Art,Lighting Artist,,Devoted Studios,core,Devoted Studios/Lighting#1167
halo-campaign-evolved,767,Nikita Zinchenko,,Art,Lighting Artist,,Devoted Studios,core,Devoted Studios/Lighting#1168
halo-campaign-evolved,768,Grant Johnson,,Leadership,CEO,,Interpret LLC,core,Interpret LLC/Interpret Leadership#1173
halo-campaign-evolved,769,Jesse Divnich,,Leadership,"President, Good Gamer & Entertainment Group",,Interpret LLC,core,Interpret LLC/Interpret Leadership#1174
halo-campaign-evolved,770,"Aleksandra ""Ola"" Waltos",,Design,Vice President of Strategic Design,,Interpret LLC,core,Interpret LLC/Interpret Leadership#1175
halo-campaign-evolved,771,Jason Preston,,Leadership,Senior Vice President of Advanced Analytics,,Interpret LLC,core,Interpret LLC/Interpret Leadership#1176
halo-campaign-evolved,772,Matt-Emelia Diener,,Leadership,Executive Director,,Interpret LLC,core,Interpret LLC/Interpret Leadership#1177
halo-campaign-evolved,773,Michael Murphy,,Leadership,Executive Director,,Interpret LLC,core,Interpret LLC/Interpret Leadership#1178
halo-campaign-evolved,774,Alexander Oldring,,Leadership,Executive Director,,Interpret LLC,core,Interpret LLC/Interpret Leadership#1179
halo-campaign-evolved,775,Mike Schramm,,Leadership,Executive Director,,Interpret LLC,core,Interpret LLC/Interpret Leadership#1180
halo-campaign-evolved,776,John Hoyle Rymer,,Leadership,"Director, Operations & Business Development",,Interpret LLC,core,Interpret LLC/Interpret Leadership#1181
halo-campaign-evolved,777,Peter Anderson,,Leadership,Operations Director,,Interpret LLC,core,Interpret LLC/Interpret Leadership#1182
halo-campaign-evolved,778,Courtland Bugg,,Leadership,Operations Manager,,Interpret LLC,core,Interpret LLC/Interpret Leadership#1183
halo-campaign-evolved,779,Niyati Wadehra,,Leadership,Operations Manager,,Interpret LLC,core,Interpret LLC/Interpret Leadership#1184
halo-campaign-evolved,780,Timorthy Spiers,,Leadership,Recruiter,,Interpret LLC,core,Interpret LLC/Interpret Leadership#1185
halo-campaign-evolved,781,Daniel Perry,,Other,Senior Gaming Research Manager,,Interpret LLC,core,Interpret LLC/Research Team#1189
halo-campaign-evolved,782,"Jiaqi ""Qiqi"" Wang",,Other,Research Manager,,Interpret LLC,core,Interpret LLC/Research Team#1190
halo-campaign-evolved,783,Tina Grace,,Other,Senior Research Analyst,,Interpret LLC,core,Interpret LLC/Research Team#1191
halo-campaign-evolved,784,"Cuiyuan ""Adelaide"" Han",,Other,Senior Research Analyst,,Interpret LLC,core,Interpret LLC/Research Team#1192
halo-campaign-evolved,785,"Chenlu ""Lucy"" Zhu",,Other,Senior Research Analyst,,Interpret LLC,core,Interpret LLC/Research Team#1193
halo-campaign-evolved,786,Cameron Bennett,,Other,Research Analyst,,Interpret LLC,core,Interpret LLC/Research Team#1194
halo-campaign-evolved,787,Madison Conaway,,Other,Research Analyst,,Interpret LLC,core,Interpret LLC/Research Team#1195
halo-campaign-evolved,788,Brandon Pogrob,,Design,Design Manager,,Interpret LLC,core,Interpret LLC/Research Team#1196
halo-campaign-evolved,789,Alex Sándor Rabb,,Leadership,President,,Digic,core,Digic/DIGIC Leadership#1201
halo-campaign-evolved,790,András Mórocz,,Leadership,CEO,,Digic,core,Digic/DIGIC Leadership#1202
halo-campaign-evolved,791,Péter Mohácsi,,Leadership,CFO,,Digic,core,Digic/DIGIC Leadership#1203
halo-campaign-evolved,792,Szabolcs Horvátth,,Leadership,CTO,,Digic,core,Digic/DIGIC Leadership#1204
halo-campaign-evolved,793,Attila Szenes,,Leadership,VP of Operation,,Digic,core,Digic/DIGIC Leadership#1205
halo-campaign-evolved,794,István Zorkóczy,,Leadership,Head of Creative,,Digic,core,Digic/DIGIC Leadership#1206
halo-campaign-evolved,795,Róbert Kovács,,Leadership,Head of CG,,Digic,core,Digic/DIGIC Leadership#1207
halo-campaign-evolved,796,Norbert Nagy,,Art,Art Director,,Digic,core,Digic/DIGIC Leadership#1208
halo-campaign-evolved,797,Giuliano Salvatore,,Leadership,Director,,Digic,core,Digic/DIGIC Leadership#1209
halo-campaign-evolved,798,György Tóth,,Leadership,Director of DIGIC Services,,Digic,core,Digic/DIGIC Leadership#1210
halo-campaign-evolved,799,Rita Dormány,,Leadership,Director of Communication Division,,Digic,core,Digic/DIGIC Leadership#1211
halo-campaign-evolved,800,Sebestyén Szabó,,Art,Anim lead,,Digic,core,Digic/Animation#1215
halo-campaign-evolved,801,Zsombor Balogh,,Art,Anim lead,,Digic,core,Digic/Animation#1216
halo-campaign-evolved,802,Balázs Varga,,Art,Anim supervisor,,Digic,core,Digic/Animation#1217
halo-campaign-evolved,803,Ferenc Petrovics,,Art,Anim supervisor,,Digic,core,Digic/Animation#1218
halo-campaign-evolved,804,Róbert Kádár,,Art,Anim supervisor,,Digic,core,Digic/Animation#1219
halo-campaign-evolved,805,Abdelkader Behloul,,Art,Animator,,Digic,core,Digic/Animation#1220
halo-campaign-evolved,806,Alexandra Dianis,,Art,Animator,,Digic,core,Digic/Animation#1221
halo-campaign-evolved,807,András Horváth,,Art,Animator,,Digic,core,Digic/Animation#1222
halo-campaign-evolved,808,Andrea Hochstein,,Art,Animator,,Digic,core,Digic/Animation#1223
halo-campaign-evolved,809,Barbara Dombi,,Art,Animator,,Digic,core,Digic/Animation#1224
halo-campaign-evolved,810,Bhatta Shreemanendu,,Art,Animator,,Digic,core,Digic/Animation#1225
halo-campaign-evolved,811,Cinthia Horváth,,Art,Animator,,Digic,core,Digic/Animation#1226
halo-campaign-evolved,812,Dániel Keresztes,,Art,Animator,,Digic,core,Digic/Animation#1227
halo-campaign-evolved,813,Dávid Szepesi,,Art,Animator,,Digic,core,Digic/Animation#1228
halo-campaign-evolved,814,Davide Maugeri,,Art,Animator,,Digic,core,Digic/Animation#1229
halo-campaign-evolved,815,Diaferio Pasquale,,Art,Animator,,Digic,core,Digic/Animation#1230
halo-campaign-evolved,816,Diar Pepiqui,,Art,Animator,,Digic,core,Digic/Animation#1231
halo-campaign-evolved,817,"Fernando, Talles",,Art,Animator,,Digic,core,Digic/Animation#1232
halo-campaign-evolved,818,Gergely Hegedűs,,Art,Animator,,Digic,core,Digic/Animation#1233
halo-campaign-evolved,819,Gudushauri Giga,,Art,Animator,,Digic,core,Digic/Animation#1234
halo-campaign-evolved,820,György Fábos,,Art,Animator,,Digic,core,Digic/Animation#1235
halo-campaign-evolved,821,Hadobás Szilárd,,Art,Animator,,Digic,core,Digic/Animation#1236
halo-campaign-evolved,822,Hlib Sitnichenko,,Art,Animator,,Digic,core,Digic/Animation#1237
halo-campaign-evolved,823,István Kovács,,Art,Animator,,Digic,core,Digic/Animation#1238
halo-campaign-evolved,824,Jaime Juan Soteras,,Art,Animator,,Digic,core,Digic/Animation#1239
halo-campaign-evolved,825,János Tikovits,,Art,Animator,,Digic,core,Digic/Animation#1240
halo-campaign-evolved,826,László Nagy,,Art,Animator,,Digic,core,Digic/Animation#1241
halo-campaign-evolved,827,Ljiljana Antonovic,,Art,Animator,,Digic,core,Digic/Animation#1242
halo-campaign-evolved,828,Maikel van der Veen,,Art,Animator,,Digic,core,Digic/Animation#1243
halo-campaign-evolved,829,Marco Cagnacci,,Art,Animator,,Digic,core,Digic/Animation#1244
halo-campaign-evolved,830,Marko Nataliia,,Art,Animator,,Digic,core,Digic/Animation#1245
halo-campaign-evolved,831,Marot Xavier,,Art,Animator,,Digic,core,Digic/Animation#1246
halo-campaign-evolved,832,Mohammad Javad Naraqi,,Art,Animator,,Digic,core,Digic/Animation#1247
halo-campaign-evolved,833,Nikolett Pánczél,,Art,Animator,,Digic,core,Digic/Animation#1248
halo-campaign-evolved,834,Paltineau Ovidiu,,Art,Animator,,Digic,core,Digic/Animation#1249
halo-campaign-evolved,835,Pedro Oliveira,,Art,Animator,,Digic,core,Digic/Animation#1250
halo-campaign-evolved,836,Péter Galambosi Nagy,,Art,Animator,,Digic,core,Digic/Animation#1251
halo-campaign-evolved,837,Péter Németh,,Art,Animator,,Digic,core,Digic/Animation#1252
halo-campaign-evolved,838,Robert Zjawinski,,Art,Animator,,Digic,core,Digic/Animation#1253
halo-campaign-evolved,839,Slob Juriaan,,Art,Animator,,Digic,core,Digic/Animation#1254
halo-campaign-evolved,840,Szandra Bárány,,Art,Animator,,Digic,core,Digic/Animation#1255
halo-campaign-evolved,841,Tania Penaranda,,Art,Animator,,Digic,core,Digic/Animation#1256
halo-campaign-evolved,842,Tony Seunghoon Yeom,,Art,Animator,,Digic,core,Digic/Animation#1257
halo-campaign-evolved,843,Tunnicliffe Colin,,Art,Animator,,Digic,core,Digic/Animation#1258
halo-campaign-evolved,844,Vardanidze Gaga,,Art,Animator,,Digic,core,Digic/Animation#1259
halo-campaign-evolved,845,Viktor Kostik,,Art,Animator,,Digic,core,Digic/Animation#1260
halo-campaign-evolved,846,Zoltán Turi,,Art,Animator,,Digic,core,Digic/Animation#1261
halo-campaign-evolved,847,Zoltán Záhorszki,,Art,Animator,,Digic,core,Digic/Animation#1262
halo-campaign-evolved,848,Zsolt Fehér,,Art,Animator,,Digic,core,Digic/Animation#1263
halo-campaign-evolved,849,Dorottya Kovács,,Art,Animation TD,,Digic,core,Digic/Animation#1264
halo-campaign-evolved,850,Gergő Kis István,,Art,Animation TD,,Digic,core,Digic/Animation#1265
halo-campaign-evolved,851,Péter Kalmár,,Other,Lead Developer,,Digic,core,Digic/CG Development#1269
halo-campaign-evolved,852,Balázs Kerek,,Other,CG Supervisor,,Digic,core,Digic/CG Development#1270
halo-campaign-evolved,853,Krisztián Fábián,,Other,CG Supervisor,,Digic,core,Digic/CG Development#1271
halo-campaign-evolved,854,Krisztián Sereg,,Other,Editor Lead,,Digic,core,Digic/Editing#1275
halo-campaign-evolved,855,György Takács,,Art,Environment Artist,,Digic,core,Digic/Environment Art#1279
halo-campaign-evolved,856,Zsolt Halmágyi,,Art,Lightcomp Lead,,Digic,core,Digic/Lighting#1283
halo-campaign-evolved,857,Ádám Török,,Art,Lightcomp Artist,,Digic,core,Digic/Lighting#1284
halo-campaign-evolved,858,James Guard,,Art,Lightcomp Artist,,Digic,core,Digic/Lighting#1285
halo-campaign-evolved,859,Zoltán Horváth,,Art,Lightcomp Artist,,Digic,core,Digic/Lighting#1286
halo-campaign-evolved,860,Elodie Delune,,Art,Lightcomp artist,,Digic,core,Digic/Lighting#1287
halo-campaign-evolved,861,Milán Kosztyi,,Art,Lightcomp artist,,Digic,core,Digic/Lighting#1288
halo-campaign-evolved,862,Csaba Kővári,,Other,Mocap Department Lead,,Digic,core,Digic/MoCap#1292
halo-campaign-evolved,863,Tamás Bányai,,Other,Senior Mocap Specialist,,Digic,core,Digic/MoCap#1293
halo-campaign-evolved,864,András Krajcsics,,Other,Mocap Specialist,,Digic,core,Digic/MoCap#1294
halo-campaign-evolved,865,Enikő Fülöp,,Other,Stunt performer,,Digic,core,Digic/MoCap#1295
halo-campaign-evolved,866,Gábor Szemán,,Other,Stunt performer,,Digic,core,Digic/MoCap#1296
halo-campaign-evolved,867,István Draco Markolt,,Other,Stunt performer,,Digic,core,Digic/MoCap#1297
halo-campaign-evolved,868,József Fodor,,Other,Stunt performer,,Digic,core,Digic/MoCap#1298
halo-campaign-evolved,869,Attila Fekete,,Engineering,Motion Graphics Artist,,Digic,core,Digic/Motion Graphics#1302
halo-campaign-evolved,870,Ágnes Nacsády,,Art,Previz Artist,,Digic,core,Digic/Previz#1306
halo-campaign-evolved,871,Attila Csepy,,Art,Previz Artist,,Digic,core,Digic/Previz#1307
halo-campaign-evolved,872,Gábor Vaszkun,,Art,Previz Artist,,Digic,core,Digic/Previz#1308
halo-campaign-evolved,873,Júlia Nacsády,,Art,Previz Artist,,Digic,core,Digic/Previz#1309
halo-campaign-evolved,874,Levente Szutor,,Art,Previz Artist,,Digic,core,Digic/Previz#1310
halo-campaign-evolved,875,Masato Arai,,Art,Previz Artist,,Digic,core,Digic/Previz#1311
halo-campaign-evolved,876,Miro Skandera,,Art,Previz Artist,,Digic,core,Digic/Previz#1312
halo-campaign-evolved,877,Luca Balázs,,Production,Producer,,Digic,core,Digic/Production#1316
halo-campaign-evolved,878,Attila Szigeti,,Production,Producer,,Digic,core,Digic/Production#1317
halo-campaign-evolved,879,Balázs Szakonyi,,Production,Project Manager,,Digic,core,Digic/Production#1318
halo-campaign-evolved,880,Lilla Tóth,,Production,Project Manager,,Digic,core,Digic/Production#1319
halo-campaign-evolved,881,Eszter Zsoldos,,Production,Project Manager,,Digic,core,Digic/Production#1320
halo-campaign-evolved,882,Fanni Vékony,,Production,Coordinator,,Digic,core,Digic/Production#1321
halo-campaign-evolved,883,Fruzsina Viczai,,Production,Coordinator,,Digic,core,Digic/Production#1322
halo-campaign-evolved,884,Olivér Győrffy,,Production,Coordinator,,Digic,core,Digic/Production#1323
halo-campaign-evolved,885,Vivien Cserés,,Production,Coordinator,,Digic,core,Digic/Production#1324
halo-campaign-evolved,886,Zsanett Sárközi,,Production,Coordinator,,Digic,core,Digic/Production#1325
halo-campaign-evolved,887,Evelin Szőke,,Production,Coordinator,,Digic,core,Digic/Production#1326
halo-campaign-evolved,888,Zoltán Hollósy,,Other,Lead Rigging TD,,Digic,core,Digic/Rigging#1330
halo-campaign-evolved,889,Bence Babos,,Other,Lead Rigging TD,,Digic,core,Digic/Rigging#1331
halo-campaign-evolved,890,Máté Bence Mészáros,,Other,Rigging TD,,Digic,core,Digic/Rigging#1332
halo-campaign-evolved,891,Zsolt Vida,,Art,Rigging Artist,,Digic,core,Digic/Rigging#1333
halo-campaign-evolved,892,Botond Csizmadia,,Audio,Production Sound Mixer,,Digic,core,Digic/Sound Recording#1337
halo-campaign-evolved,893,Peter Bikki,,Art,Lead Tech Artist,,Digic,core,Digic/Tech Art#1341
halo-campaign-evolved,894,Arlen Szabó,,Art,Cinematic TD,,Digic,core,Digic/Tech Art#1342
halo-campaign-evolved,895,Bálint Keresztes,,Art,Cinematic TD,,Digic,core,Digic/Tech Art#1343
halo-campaign-evolved,896,Claudia Ortega,,Art,Cinematic TD,,Digic,core,Digic/Tech Art#1344
halo-campaign-evolved,897,Jelena Kuzmic,,Art,Cinematic TD,,Digic,core,Digic/Tech Art#1345
halo-campaign-evolved,898,Marcell Tóth,,Art,Cinematic TD,,Digic,core,Digic/Tech Art#1346
halo-campaign-evolved,899,Márton Balogh,,Art,Cinematic TD,,Digic,core,Digic/Tech Art#1347
halo-campaign-evolved,900,Norbert Demecs,,Art,Cinematic TD,,Digic,core,Digic/Tech Art#1348
halo-campaign-evolved,901,Patrik Nyilka,,Art,Cinematic TD,,Digic,core,Digic/Tech Art#1349
halo-campaign-evolved,902,Zoltán Kemény,,Art,Cinematic TD,,Digic,core,Digic/Tech Art#1350
halo-campaign-evolved,903,Levente Vass,,Art,Cinematic TD,,Digic,core,Digic/Tech Art#1351
halo-campaign-evolved,904,Árpád Dobos,,Other,UE Developer,,Digic,core,Digic/UE Dev#1355
halo-campaign-evolved,905,István Kacsirek,,Other,UE Developer,,Digic,core,Digic/UE Dev#1356
halo-campaign-evolved,906,József Seres,,Other,UE Developer,,Digic,core,Digic/UE Dev#1357
halo-campaign-evolved,907,Szilárd Papp,,Other,UE Developer,,Digic,core,Digic/UE Dev#1358
halo-campaign-evolved,908,Tamás Fülöp,,Other,UE Developer,,Digic,core,Digic/UE Dev#1359
halo-campaign-evolved,909,Alex Kocsis,,Art,FX Lead,,Digic,core,Digic/VFX#1363
halo-campaign-evolved,910,Imre Tőke,,Art,Lead FX artist,,Digic,core,Digic/VFX#1364
halo-campaign-evolved,911,Ádám Sipos,,Art,FX Artist,,Digic,core,Digic/VFX#1365
halo-campaign-evolved,912,András Gáll,,Art,FX Artist,,Digic,core,Digic/VFX#1366
halo-campaign-evolved,913,Dávid Tallósi,,Art,FX Artist,,Digic,core,Digic/VFX#1367
halo-campaign-evolved,914,László Térmeg,,Art,FX Artist,,Digic,core,Digic/VFX#1368
halo-campaign-evolved,915,László Vitai,,Art,FX Artist,,Digic,core,Digic/VFX#1369
halo-campaign-evolved,916,Minh Hai Nguyen,,Art,FX Artist,,Digic,core,Digic/VFX#1370
halo-campaign-evolved,917,Romain Le Guillerm,,Art,FX Artist,,Digic,core,Digic/VFX#1371
halo-campaign-evolved,918,Szabolcs Szmicsek,,Art,FX Artist,,Digic,core,Digic/VFX#1372
halo-campaign-evolved,919,Zhoula Uladzimir,,Art,FX Artist,,Digic,core,Digic/VFX#1373
halo-campaign-evolved,920,Minh Hai Nguyen,,Art,FX Artist,,Digic,core,Digic/VFX#1374
halo-campaign-evolved,921,Attila Chovanetz,,Art,UE FX Artist,,Digic,core,Digic/VFX#1375
halo-campaign-evolved,922,Chong Chau Juinn,,Art,UE FX Artist,,Digic,core,Digic/VFX#1376
halo-campaign-evolved,923,Elijah Tee Xi En,,Art,UE FX Artist,,Digic,core,Digic/VFX#1377
halo-campaign-evolved,924,Gergely Rádai,,Art,UE FX Artist,,Digic,core,Digic/VFX#1378
halo-campaign-evolved,925,Gergő Csősz,,Art,UE FX Artist,,Digic,core,Digic/VFX#1379
halo-campaign-evolved,926,György Jánossy,,Art,UE FX Artist,,Digic,core,Digic/VFX#1380
halo-campaign-evolved,927,István Kovács,,Art,UE FX Artist,,Digic,core,Digic/VFX#1381
halo-campaign-evolved,928,Kristiaan Cain,,Art,UE FX Artist,,Digic,core,Digic/VFX#1382
halo-campaign-evolved,929,Kristóf Lovas,,Art,UE FX Artist,,Digic,core,Digic/VFX#1383
halo-campaign-evolved,930,Wong Wei Ming,,Art,UE FX Artist,,Digic,core,Digic/VFX#1384
halo-campaign-evolved,931,Venkat Raaghavan,,Art,UE FX artist,,Digic,core,Digic/VFX#1385
halo-campaign-evolved,932,Vui Lid Wong,,Art,UE FX artist,,Digic,core,Digic/VFX#1386
halo-campaign-evolved,933,Gábor Káli,,Other,Head of IT,,Digic,core,Digic/IT#1390
halo-campaign-evolved,934,Zoltán Kuritár,,Other,IT Director,,Digic,core,Digic/IT#1391
halo-campaign-evolved,935,Zoltán Pázsiczky,,Other,IT Architect,,Digic,core,Digic/IT#1392
halo-campaign-evolved,936,Robin Sokac,,Other,IT Coordinator,,Digic,core,Digic/IT#1393
halo-campaign-evolved,937,Ferenc Jakab,,Other,System Administrator,,Digic,core,Digic/IT#1394
halo-campaign-evolved,938,Gábor Babucsik,,Other,System Administrator,,Digic,core,Digic/IT#1395
halo-campaign-evolved,939,József Belényi,,Other,System Administrator,,Digic,core,Digic/IT#1396
halo-campaign-evolved,940,Péter Fási,,Other,System Administrator,,Digic,core,Digic/IT#1397
halo-campaign-evolved,941,Tamás Keleti,,Other,System Administrator,,Digic,core,Digic/IT#1398
halo-campaign-evolved,942,László Káli,,Other,Assembling Expert,,Digic,core,Digic/Studio Support#1402
halo-campaign-evolved,943,András Somody,,Other,Controller,,Digic,core,Digic/Studio Support#1403
halo-campaign-evolved,944,Patrícia Czékmány,,Leadership,Executive Assistant,,Digic,core,Digic/Studio Support#1404
halo-campaign-evolved,945,Miklós Nyilassy,,Other,Facility Manager,,Digic,core,Digic/Studio Support#1405
halo-campaign-evolved,946,Andrea Mikus,,Other,Financial Coordinator,,Digic,core,Digic/Studio Support#1406
halo-campaign-evolved,947,Norbert Mikus,,Publishing,HR Director,,Digic,core,Digic/Studio Support#1407
halo-campaign-evolved,948,Nikolett Tóth,,Publishing,HR Operations Lead,,Digic,core,Digic/Studio Support#1408
halo-campaign-evolved,949,Anett Berecz,,Other,Lawyer,,Digic,core,Digic/Studio Support#1409
halo-campaign-evolved,950,Dominika Farkas,,Other,Lawyer,,Digic,core,Digic/Studio Support#1410
halo-campaign-evolved,951,Daniela Menenti,,Publishing,Legal Advisor,,Digic,core,Digic/Studio Support#1411
halo-campaign-evolved,952,Hajnalka Horváth,,Publishing,Legal Advisor,,Digic,core,Digic/Studio Support#1412
halo-campaign-evolved,953,Hanna Vártok,,Publishing,Legal Advisor,,Digic,core,Digic/Studio Support#1413
halo-campaign-evolved,954,Gabriella Bánfalvi,,Other,Office Manager,,Digic,core,Digic/Studio Support#1414
halo-campaign-evolved,955,Tímea Seregélyes,,Other,Payroll Manager,,Digic,core,Digic/Studio Support#1415
halo-campaign-evolved,956,Zoltán András Gulyás,,Other,Sales Support lead,,Digic,core,Digic/Studio Support#1416
halo-campaign-evolved,957,Viktória Mák,,Other,Senior PR and Communication Manager,,Digic,core,Digic/Studio Support#1417
halo-campaign-evolved,958,Francesco Panfili,,Other,Global Solutions Architect,,Keywords Studios,core,Keywords Studios/Keywords Studios Italy#1422
halo-campaign-evolved,959,Sara Fantasticini,,Production,Senior Production Manager,,Keywords Studios,core,Keywords Studios/Keywords Studios Italy#1423
halo-campaign-evolved,960,Rodrigo Teixeira,,Production,Senior Production Manager,,Keywords Studios,core,Keywords Studios/Keywords Studios Italy#1424
halo-campaign-evolved,961,Jesús Lloret,,Other,Project Manager,,Keywords Studios,core,Keywords Studios/Keywords Studios Italy#1425
halo-campaign-evolved,962,Alessandro Parotti,,Other,Project Manager,,Keywords Studios,core,Keywords Studios/Keywords Studios Italy#1426
halo-campaign-evolved,963,Simone Urru,,Other,Project Manager,,Keywords Studios,core,Keywords Studios/Keywords Studios Italy#1427
halo-campaign-evolved,964,Sebastian Calà,,Audio,Lead Audio Asset Manager,,Keywords Studios,core,Keywords Studios/Keywords Studios Italy#1428
halo-campaign-evolved,965,Antar Faysal,,Audio,Audio Asset Manager,,Keywords Studios,core,Keywords Studios/Keywords Studios Italy#1429
halo-campaign-evolved,966,Isabella Schiavoni,,Audio,Audio Asset Manager,,Keywords Studios,core,Keywords Studios/Keywords Studios Italy#1430
halo-campaign-evolved,967,Nicola Bichisao,,Audio,Sound Engineer,,Keywords Studios,core,Keywords Studios/Keywords Studios Italy#1431
halo-campaign-evolved,968,Andrea Gambaro,,Audio,Sound Engineer,,Keywords Studios,core,Keywords Studios/Keywords Studios Italy#1432
halo-campaign-evolved,969,Giorgio Pasculli,,Audio,Sound Engineer,,Keywords Studios,core,Keywords Studios/Keywords Studios Italy#1433
halo-campaign-evolved,970,Mattia Pontremoli,,Audio,Sound Engineer,,Keywords Studios,core,Keywords Studios/Keywords Studios Italy#1434
halo-campaign-evolved,971,Roberto Rizzi,,Audio,Sound Engineer,,Keywords Studios,core,Keywords Studios/Keywords Studios Italy#1435
halo-campaign-evolved,972,William Zancan,,Audio,Sound Engineer,,Keywords Studios,core,Keywords Studios/Keywords Studios Italy#1436
halo-campaign-evolved,973,Samuele Zuppini,,Audio,Sound Engineer,,Keywords Studios,core,Keywords Studios/Keywords Studios Italy#1437
halo-campaign-evolved,974,Massimo Giorgino,,QA,Quality Assurance Lead,,Keywords Studios,core,Keywords Studios/Keywords Studios Italy#1438
halo-campaign-evolved,975,Jade Valeri De Souza,,QA,Quality Assurance Coordinator,,Keywords Studios,core,Keywords Studios/Keywords Studios Italy#1439
halo-campaign-evolved,976,Silvia Manca-Liaci,,QA,Quality Assurance Coordinator,,Keywords Studios,core,Keywords Studios/Keywords Studios Italy#1440
halo-campaign-evolved,977,Evelyn Huber,,Other,Project Manager,,Keywords Studios,core,Keywords Studios/Keywords Studios Germany#1444
halo-campaign-evolved,978,Marcus Just,,Art,Artistic Director,,Keywords Studios,core,Keywords Studios/Keywords Studios Germany#1445
halo-campaign-evolved,979,Timo Klemm,,Art,Artistic Director,,Keywords Studios,core,Keywords Studios/Keywords Studios Germany#1446
halo-campaign-evolved,980,Martin Kruse,,Art,Artistic Director,,Keywords Studios,core,Keywords Studios/Keywords Studios Germany#1447
halo-campaign-evolved,981,Ben Steinhoff,,Art,Artistic Director,,Keywords Studios,core,Keywords Studios/Keywords Studios Germany#1448
halo-campaign-evolved,982,Julia Kurle,,Other,Booking Coordinator,,Keywords Studios,core,Keywords Studios/Keywords Studios Germany#1449
halo-campaign-evolved,983,Dustin Assmuteit,,Audio,Sound Engineer,,Keywords Studios,core,Keywords Studios/Keywords Studios Germany#1450
halo-campaign-evolved,984,Leif Duysen,,Audio,Sound Engineer,,Keywords Studios,core,Keywords Studios/Keywords Studios Germany#1451
halo-campaign-evolved,985,Christian Hesse,,Audio,Sound Engineer,,Keywords Studios,core,Keywords Studios/Keywords Studios Germany#1452
halo-campaign-evolved,986,Alexander Kolle,,Audio,Sound Engineer,,Keywords Studios,core,Keywords Studios/Keywords Studios Germany#1453
halo-campaign-evolved,987,Constantin Tannhaeuser,,Audio,Sound Engineer,,Keywords Studios,core,Keywords Studios/Keywords Studios Germany#1454
halo-campaign-evolved,988,Lina Ballesteros,,Other,Recording Studio Manager,,Keywords Studios,core,Keywords Studios/Keywords Studios Spain#1458
halo-campaign-evolved,989,Maribel Martínez,,Production,Recording Studio Production Coordinator,,Keywords Studios,core,Keywords Studios/Keywords Studios Spain#1459
halo-campaign-evolved,990,Sandra Férez,,Other,Planning Coordinator,,Keywords Studios,core,Keywords Studios/Keywords Studios Spain#1460
halo-campaign-evolved,991,Pau Beltrán Gabarrón,,Audio,Sound Engineer,,Keywords Studios,core,Keywords Studios/Keywords Studios Spain#1461
halo-campaign-evolved,992,Rubén Navarro,,Voice,Voice Director,,Keywords Studios,core,Keywords Studios/Keywords Studios Spain#1462
halo-campaign-evolved,993,Isabel Martínez,,Voice,Voice Director,,Keywords Studios,core,Keywords Studios/Keywords Studios Spain#1463
halo-campaign-evolved,994,Adrián Ortiz,,Engineering,Recording Engineer,,Keywords Studios,core,Keywords Studios/Keywords Studios Spain#1464
halo-campaign-evolved,995,Pau Beltrán Gabarrón,,Engineering,Recording Engineer,,Keywords Studios,core,Keywords Studios/Keywords Studios Spain#1465
halo-campaign-evolved,996,Mario Sánchez Molina,,Audio,Sound Engineer,,Keywords Studios,core,Keywords Studios/Keywords Studios Spain#1466
halo-campaign-evolved,997,Sophie Foliguet,,QA,Quality Analyst,,Keywords Studios,core,Keywords Studios/Keywords Studios Spain#1467
halo-campaign-evolved,998,Julia Miksztajn,,QA,Quality Analyst,,Keywords Studios,core,Keywords Studios/Keywords Studios Spain#1468
halo-campaign-evolved,999,Aida Jordà Sebastian,,QA,Quality Analyst,,Keywords Studios,core,Keywords Studios/Keywords Studios Spain#1469
halo-campaign-evolved,1000,Alice Bongiorni,,Art,Artistic Director,,Keywords Studios,core,Keywords Studios/Jinglebell S.R.L. - Keywords Studio#1473
halo-campaign-evolved,1001,Tebessa Scarlett Comolli,,Art,Artistic Director,,Keywords Studios,core,Keywords Studios/Jinglebell S.R.L. - Keywords Studio#1474
halo-campaign-evolved,1002,Manuel Auletta,,Audio,Audio Tech Lead,,Keywords Studios,core,Keywords Studios/Jinglebell S.R.L. - Keywords Studio#1475
halo-campaign-evolved,1003,Paolo Lorenzino,,Audio,Sound Engineer,,Keywords Studios,core,Keywords Studios/Jinglebell S.R.L. - Keywords Studio#1476
halo-campaign-evolved,1004,Maria Rosa Sanna,,QA,Quality Analyst,,Keywords Studios,core,Keywords Studios/Jinglebell S.R.L. - Keywords Studio#1477
halo-campaign-evolved,1005,Kazuto Maekawa,,Other,"Studio Manager, Booking Coordinator",,Keywords Studios,core,Keywords Studios/Keywords Studios Tokyo#1481
halo-campaign-evolved,1006,Naruyuki Sawada,,Art,Artistic Director,,Keywords Studios,core,Keywords Studios/Keywords Studios Tokyo#1482
halo-campaign-evolved,1007,Manabu Ishibashi,,Audio,Sound Engineer,,Keywords Studios,core,Keywords Studios/Keywords Studios Tokyo#1483
halo-campaign-evolved,1008,Salomon Fernandez Anguiano,,Other,Project Manager,,Keywords Studios,core,Keywords Studios/Keywords Studios México#1487
halo-campaign-evolved,1009,Bruno Páez Rodríguez,,Other,Project Manager,,Keywords Studios,core,Keywords Studios/Keywords Studios México#1488
halo-campaign-evolved,1010,Melina Rojas,,Other,Project Manager,,Keywords Studios,core,Keywords Studios/Keywords Studios México#1489
halo-campaign-evolved,1011,Juan Hernández,,Art,Artistic Director,,Keywords Studios,core,Keywords Studios/Keywords Studios México#1490
halo-campaign-evolved,1012,Ana Elizabeth Sánchez Araujo,,Art,Artistic Director,,Keywords Studios,core,Keywords Studios/Keywords Studios México#1491
halo-campaign-evolved,1013,Azucena Valadez,,Art,Artistic Director,,Keywords Studios,core,Keywords Studios/Keywords Studios México#1492
halo-campaign-evolved,1014,Daniela Camacho Sánchez,,Other,Booking Coordinator,,Keywords Studios,core,Keywords Studios/Keywords Studios México#1493
halo-campaign-evolved,1015,Gerardo Cedillo Vargas,,Audio,Sound Engineer,,Keywords Studios,core,Keywords Studios/Keywords Studios México#1494
halo-campaign-evolved,1016,Alberto Santiago,,Audio,Sound Engineer,,Keywords Studios,core,Keywords Studios/Keywords Studios México#1495
halo-campaign-evolved,1017,Amanda Gracia,,QA,Quality Analyst,,Keywords Studios,core,Keywords Studios/Keywords Studios México#1496
halo-campaign-evolved,1018,Rocío Angélica Ramos Cervantes,,QA,Quality Analyst,,Keywords Studios,core,Keywords Studios/Keywords Studios México#1497
halo-campaign-evolved,1019,Daniel Rodríguez Reyes,,QA,Quality Analyst,,Keywords Studios,core,Keywords Studios/Keywords Studios México#1498
halo-campaign-evolved,1020,Jinhwa Song,,QA,"Project Manager, Quality Analyst",,Keywords Studios,core,Keywords Studios/Musai Co. LTD.#1502
halo-campaign-evolved,1021,Inwook Yi,,Art,Artistic Director,,Keywords Studios,core,Keywords Studios/Musai Co. LTD.#1503
halo-campaign-evolved,1022,Minsung Jun,,Audio,"Booking Coordinator, Sound Engineer",,Keywords Studios,core,Keywords Studios/Musai Co. LTD.#1504
halo-campaign-evolved,1023,Nha Van Duong,,Audio,Project Manager,,Keywords Studios,core,Keywords Studios/Parallel Soundworks#1508
halo-campaign-evolved,1024,I Fan Hsieh,,Audio,Artistic Director,,Keywords Studios,core,Keywords Studios/Parallel Soundworks#1509
halo-campaign-evolved,1025,Chen Yu Chen,,Audio,Artistic Director,,Keywords Studios,core,Keywords Studios/Parallel Soundworks#1510
halo-campaign-evolved,1026,Di Wu,,Audio,Artistic Director,,Keywords Studios,core,Keywords Studios/Parallel Soundworks#1511
halo-campaign-evolved,1027,Wei Chen,,Audio,Booking Coordinator,,Keywords Studios,core,Keywords Studios/Parallel Soundworks#1512
halo-campaign-evolved,1028,Zhu Jing Liu,,Audio,Sound Engineer,,Keywords Studios,core,Keywords Studios/Parallel Soundworks#1513
halo-campaign-evolved,1029,Yen Ping Chu,,QA,Quality Analyst,,Keywords Studios,core,Keywords Studios/Parallel Soundworks#1514
halo-campaign-evolved,1030,Yu Cih Lin,,QA,Quality Analyst,,Keywords Studios,core,Keywords Studios/Parallel Soundworks#1515
halo-campaign-evolved,1031,Matthias Bieler,,QA,Quality Analyst,,Keywords Studios,core,Keywords Studios/Keywords Studios#1519
halo-campaign-evolved,1032,Jenny Kang,,QA,Quality Analyst,,Keywords Studios,core,Keywords Studios/Keywords Studios#1520
halo-campaign-evolved,1033,Yunyun Lin,,QA,Quality Analyst,,Keywords Studios,core,Keywords Studios/Keywords Studios#1521
halo-campaign-evolved,1034,Daniel Mattioli,,QA,Quality Analyst,,Keywords Studios,core,Keywords Studios/Keywords Studios#1522
halo-campaign-evolved,1035,Mai Ly Nguyen,,QA,Quality Analyst,,Keywords Studios,core,Keywords Studios/Keywords Studios#1523
halo-campaign-evolved,1036,Yuki Wakabayashi,,QA,Quality Analyst,,Keywords Studios,core,Keywords Studios/Keywords Studios#1524
halo-campaign-evolved,1037,Tang Wing Yan,,QA,Quality Analyst,,Keywords Studios,core,Keywords Studios/Keywords Studios#1525
halo-campaign-evolved,1038,Katie Young,,Other,Head of Studio,,Keywords Studios,core,Keywords Studios/Liquid Violet LTD.#1529
halo-campaign-evolved,1039,Michael Dunn,,Engineering,Technical Director,,Keywords Studios,core,Keywords Studios/Liquid Violet LTD.#1530
halo-campaign-evolved,1040,Emily Morgan,,Other,Studio Manager,,Keywords Studios,core,Keywords Studios/Liquid Violet LTD.#1531
halo-campaign-evolved,1041,Stephen Kelly,,Production,Director Production & Client Partnerships,,Keywords Studios,core,Keywords Studios/Liquid Violet LTD.#1532
halo-campaign-evolved,1042,Chris Hopkins,,Production,Lead Producer & Casting,,Keywords Studios,core,Keywords Studios/Liquid Violet LTD.#1533
halo-campaign-evolved,1043,Zsofia Kocsmarszki,,Other,Script Supervisor,,Keywords Studios,core,Keywords Studios/Liquid Violet LTD.#1534
halo-campaign-evolved,1044,Joseph May,,Voice,Voice Director,,Keywords Studios,core,Keywords Studios/Liquid Violet LTD.#1535
halo-campaign-evolved,1045,Ed Sutton,,Audio,Sound Engineer,,Keywords Studios,core,Keywords Studios/Liquid Violet LTD.#1536
halo-campaign-evolved,1046,Jareth Turner,,Studio/Business,Technical Operations Lead,,Keywords Studios,core,Keywords Studios/Liquid Violet LTD.#1537
halo-campaign-evolved,1047,Duncan Gillies,,Audio,Dialogue Editor,,Keywords Studios,core,Keywords Studios/Liquid Violet LTD.#1538
halo-campaign-evolved,1048,Dale Curtis,,Audio,Dialogue Editor,,Keywords Studios,core,Keywords Studios/Liquid Violet LTD.#1539
halo-campaign-evolved,1049,Robert Kubicki,,Audio,Dialogue Editor,,Keywords Studios,core,Keywords Studios/Liquid Violet LTD.#1540
halo-campaign-evolved,1050,Miguel E. Corti,,Production,Senior Localization Producer,,Lionbridge Games,core,Lionbridge Games/Lionbridge Management#1679
halo-campaign-evolved,1051,Guillaume Capitan,,Other,Delivery Site Manager,,Lionbridge Games,core,Lionbridge Games/Lionbridge Management#1680
halo-campaign-evolved,1052,Bashkim Leka,,Other,Global Account Director,,Lionbridge Games,core,Lionbridge Games/Lionbridge Management#1681
halo-campaign-evolved,1053,Chloé Levêque,,Publishing,Localization Project Manager,,Lionbridge Games,core,Lionbridge Games/Lionbridge Management#1682
halo-campaign-evolved,1054,Brice Legrand,,Other,Project Management Team Lead,,Lionbridge Games,core,Lionbridge Games/Lionbridge Management#1683
halo-campaign-evolved,1055,Thérèse Bouvattier-Dignan,,QA,Strategic Content Quality Manager,,Lionbridge Games,core,Lionbridge Games/Lionbridge Management#1684
halo-campaign-evolved,1056,Antoine Clément,,Other,Global Language Lead,,Lionbridge Games,core,Lionbridge Games/Lionbridge Management#1685
halo-campaign-evolved,1057,Leo Ibañez,,Other,Global Language Lead,,Lionbridge Games,core,Lionbridge Games/Lionbridge Management#1686
halo-campaign-evolved,1058,Paul Lin,,Other,Simplified Chinese Language Coordinator,,Lionbridge Games,core,Lionbridge Games/Simplified Chinese Translation Support#1690
halo-campaign-evolved,1059,Ma Yangyang,,Other,Simplified Chinese Language Coordinator,,Lionbridge Games,core,Lionbridge Games/Simplified Chinese Translation Support#1691
halo-campaign-evolved,1060,Wan-Ying (Renee) Zhang,,Other,Simplified Chinese Language Coordinator,,Lionbridge Games,core,Lionbridge Games/Simplified Chinese Translation Support#1692
halo-campaign-evolved,1061,Astrid Du,,Other,Simplified Chinese Translator,,Lionbridge Games,core,Lionbridge Games/Simplified Chinese Translation Support#1693
halo-campaign-evolved,1062,Ryan Lin,,Other,Simplified Chinese Translator,,Lionbridge Games,core,Lionbridge Games/Simplified Chinese Translation Support#1694
halo-campaign-evolved,1063,Kan Liu,,Other,Simplified Chinese Translator,,Lionbridge Games,core,Lionbridge Games/Simplified Chinese Translation Support#1695
halo-campaign-evolved,1064,Sero2048,,Other,Simplified Chinese Translator,,Lionbridge Games,core,Lionbridge Games/Simplified Chinese Translation Support#1696
halo-campaign-evolved,1065,Shuo Liu,,Other,Simplified Chinese Translator,,Lionbridge Games,core,Lionbridge Games/Simplified Chinese Translation Support#1697
halo-campaign-evolved,1066,Bernard Wiseman,,Other,Simplified Chinese Translator,,Lionbridge Games,core,Lionbridge Games/Simplified Chinese Translation Support#1698
halo-campaign-evolved,1067,Eddie Xia,,Other,Simplified Chinese Translator,,Lionbridge Games,core,Lionbridge Games/Simplified Chinese Translation Support#1699
halo-campaign-evolved,1068,Yolanda Zou,,Other,Simplified Chinese Translator,,Lionbridge Games,core,Lionbridge Games/Simplified Chinese Translation Support#1700
halo-campaign-evolved,1069,Kan Sun,,Other,Simplified Chinese Reviewer,,Lionbridge Games,core,Lionbridge Games/Simplified Chinese Translation Support#1701
halo-campaign-evolved,1070,Tianning Wang,,Other,Simplified Chinese Reviewer,,Lionbridge Games,core,Lionbridge Games/Simplified Chinese Translation Support#1702
halo-campaign-evolved,1071,Paul Lin,,Other,Traditional Chinese Language Coordinator,,Lionbridge Games,core,Lionbridge Games/Traditional Chinese Translation Support#1706
halo-campaign-evolved,1072,Ai-Ju (Vicky) Song,,Other,Traditional Chinese Language Coordinator,,Lionbridge Games,core,Lionbridge Games/Traditional Chinese Translation Support#1707
halo-campaign-evolved,1073,Wan-Ying (Renee) Zhang,,Other,Traditional Chinese Language Coordinator,,Lionbridge Games,core,Lionbridge Games/Traditional Chinese Translation Support#1708
halo-campaign-evolved,1074,Shih-Keng Chang,,Other,Traditional Chinese Translator,,Lionbridge Games,core,Lionbridge Games/Traditional Chinese Translation Support#1709
halo-campaign-evolved,1075,Shiou Chen,,Other,Traditional Chinese Translator,,Lionbridge Games,core,Lionbridge Games/Traditional Chinese Translation Support#1710
halo-campaign-evolved,1076,Sean Chen,,Other,Traditional Chinese Translator,,Lionbridge Games,core,Lionbridge Games/Traditional Chinese Translation Support#1711
halo-campaign-evolved,1077,Ying-Yi Chen,,Other,Traditional Chinese Translator,,Lionbridge Games,core,Lionbridge Games/Traditional Chinese Translation Support#1712
halo-campaign-evolved,1078,Tifa Huang,,Other,Traditional Chinese Translator,,Lionbridge Games,core,Lionbridge Games/Traditional Chinese Translation Support#1713
halo-campaign-evolved,1079,Sky Lan,,Other,Traditional Chinese Translator,,Lionbridge Games,core,Lionbridge Games/Traditional Chinese Translation Support#1714
halo-campaign-evolved,1080,Jerry Lee,,Other,Traditional Chinese Translator,,Lionbridge Games,core,Lionbridge Games/Traditional Chinese Translation Support#1715
halo-campaign-evolved,1081,Gerald Teng,,Other,Traditional Chinese Translator,,Lionbridge Games,core,Lionbridge Games/Traditional Chinese Translation Support#1716
halo-campaign-evolved,1082,Calvin Wu,,Other,Traditional Chinese Translator,,Lionbridge Games,core,Lionbridge Games/Traditional Chinese Translation Support#1717
halo-campaign-evolved,1083,Weiyi Kate Chang,,Other,Traditional Chinese Reviewer,,Lionbridge Games,core,Lionbridge Games/Traditional Chinese Translation Support#1718
halo-campaign-evolved,1084,Stephanie Que,,Other,Traditional Chinese Reviewer,,Lionbridge Games,core,Lionbridge Games/Traditional Chinese Translation Support#1719
halo-campaign-evolved,1085,Caroline Agudo,,Other,French Linguistic Coordinator,,Lionbridge Games,core,Lionbridge Games/French Translation Support#1723
halo-campaign-evolved,1086,Thibauld Martin,,Other,French Linguistic Coordinator,,Lionbridge Games,core,Lionbridge Games/French Translation Support#1724
halo-campaign-evolved,1087,Marine Albet,,Other,French Translator,,Lionbridge Games,core,Lionbridge Games/French Translation Support#1725
halo-campaign-evolved,1088,ValéRie Congy,,Other,French Translator,,Lionbridge Games,core,Lionbridge Games/French Translation Support#1726
halo-campaign-evolved,1089,Antoine Gaudin,,Other,French Translator,,Lionbridge Games,core,Lionbridge Games/French Translation Support#1727
halo-campaign-evolved,1090,Samantha Germaneau,,Other,French Translator,,Lionbridge Games,core,Lionbridge Games/French Translation Support#1728
halo-campaign-evolved,1091,Julie Maréchal,,Other,French Translator,,Lionbridge Games,core,Lionbridge Games/French Translation Support#1729
halo-campaign-evolved,1092,Audrey Oblin,,Other,French Reviewer,,Lionbridge Games,core,Lionbridge Games/French Translation Support#1730
halo-campaign-evolved,1093,Cédric Tannay,,Other,French Reviewer,,Lionbridge Games,core,Lionbridge Games/French Translation Support#1731
halo-campaign-evolved,1094,Nina Tran,,Other,German Language Coordinator,,Lionbridge Games,core,Lionbridge Games/German Translation Support#1735
halo-campaign-evolved,1095,Anne Westphal,,Other,German Language Coordinator,,Lionbridge Games,core,Lionbridge Games/German Translation Support#1736
halo-campaign-evolved,1096,Konstantinos Fotopoulos,,Other,German Translator,,Lionbridge Games,core,Lionbridge Games/German Translation Support#1737
halo-campaign-evolved,1097,Ansgar Hastenpflug,,Other,German Translator,,Lionbridge Games,core,Lionbridge Games/German Translation Support#1738
halo-campaign-evolved,1098,Philipp Otschonovsky,,Other,German Translator,,Lionbridge Games,core,Lionbridge Games/German Translation Support#1739
halo-campaign-evolved,1099,Sergej Stepenko,,Other,German Translator,,Lionbridge Games,core,Lionbridge Games/German Translation Support#1740
halo-campaign-evolved,1100,Bernhard Trecksel,,Other,German Translator,,Lionbridge Games,core,Lionbridge Games/German Translation Support#1741
halo-campaign-evolved,1101,Martin Blocking,,Other,German Reviewer,,Lionbridge Games,core,Lionbridge Games/German Translation Support#1742
halo-campaign-evolved,1102,Nuria Alcocer,,Other,Italian Language Coordinator,,Lionbridge Games,core,Lionbridge Games/Italian Translation Support#1746
halo-campaign-evolved,1103,Roberto Costantino,,Other,Italian Language Coordinator,,Lionbridge Games,core,Lionbridge Games/Italian Translation Support#1747
halo-campaign-evolved,1104,Chiara Galanello,,Other,Italian Language Coordinator,,Lionbridge Games,core,Lionbridge Games/Italian Translation Support#1748
halo-campaign-evolved,1105,Katarina Karaivan,,Other,Italian Language Coordinator,,Lionbridge Games,core,Lionbridge Games/Italian Translation Support#1749
halo-campaign-evolved,1106,Silvia Alabardi,,Other,Italian Translator,,Lionbridge Games,core,Lionbridge Games/Italian Translation Support#1750
halo-campaign-evolved,1107,Luisella Baragone,,Other,Italian Translator,,Lionbridge Games,core,Lionbridge Games/Italian Translation Support#1751
halo-campaign-evolved,1108,Monica Campana,,Other,Italian Translator,,Lionbridge Games,core,Lionbridge Games/Italian Translation Support#1752
halo-campaign-evolved,1109,Milena Ferrante,,Other,Italian Translator,,Lionbridge Games,core,Lionbridge Games/Italian Translation Support#1753
halo-campaign-evolved,1110,Aurora Sciarrone,,Other,Italian Translator,,Lionbridge Games,core,Lionbridge Games/Italian Translation Support#1754
halo-campaign-evolved,1111,Sara Baroni,,Other,Italian Reviewer,,Lionbridge Games,core,Lionbridge Games/Italian Translation Support#1755
halo-campaign-evolved,1112,Kei Matsumoto,,Other,Japanese Language Coordinator,,Lionbridge Games,core,Lionbridge Games/Japanese Translation Support#1759
halo-campaign-evolved,1113,Chi Ichikawa,,Other,Japanese Translator,,Lionbridge Games,core,Lionbridge Games/Japanese Translation Support#1760
halo-campaign-evolved,1114,Go Endo,,Other,Japanese Reviewer,,Lionbridge Games,core,Lionbridge Games/Japanese Translation Support#1761
halo-campaign-evolved,1115,Nuria Alcocer,,Other,Russian Language Coordinator,,Lionbridge Games,core,Lionbridge Games/Russian Translation Support#1765
halo-campaign-evolved,1116,Roberto Costantino,,Other,Russian Language Coordinator,,Lionbridge Games,core,Lionbridge Games/Russian Translation Support#1766
halo-campaign-evolved,1117,Chiara Galanello,,Other,Russian Language Coordinator,,Lionbridge Games,core,Lionbridge Games/Russian Translation Support#1767
halo-campaign-evolved,1118,Stefano Fusaro,,Other,Russian Language Coordinator,,Lionbridge Games,core,Lionbridge Games/Russian Translation Support#1768
halo-campaign-evolved,1119,Aleksandra Kilanova,,Other,Russian Translator,,Lionbridge Games,core,Lionbridge Games/Russian Translation Support#1769
halo-campaign-evolved,1120,Maxim Kramar,,Other,Russian Translator,,Lionbridge Games,core,Lionbridge Games/Russian Translation Support#1770
halo-campaign-evolved,1121,Alexey Dramashko,,Other,Russian Reviewer,,Lionbridge Games,core,Lionbridge Games/Russian Translation Support#1771
halo-campaign-evolved,1122,Nuria Alcocer,,Other,Spanish Language Coordinator,,Lionbridge Games,core,Lionbridge Games/Spanish Translation Support#1775
halo-campaign-evolved,1123,Roberto Costantino,,Other,Spanish Language Coordinator,,Lionbridge Games,core,Lionbridge Games/Spanish Translation Support#1776
halo-campaign-evolved,1124,Reşat Doğan,,Other,Spanish Language Coordinator,,Lionbridge Games,core,Lionbridge Games/Spanish Translation Support#1777
halo-campaign-evolved,1125,Chiara Galanello,,Other,Spanish Language Coordinator,,Lionbridge Games,core,Lionbridge Games/Spanish Translation Support#1778
halo-campaign-evolved,1126,Elena CañIbano,,Other,Spanish Translator,,Lionbridge Games,core,Lionbridge Games/Spanish Translation Support#1779
halo-campaign-evolved,1127,Álvaro Duro Hernández,,Other,Spanish Translator,,Lionbridge Games,core,Lionbridge Games/Spanish Translation Support#1780
halo-campaign-evolved,1128,Patricia Pérez Civera,,Other,Spanish Reviewer,,Lionbridge Games,core,Lionbridge Games/Spanish Translation Support#1781
halo-campaign-evolved,1129,Bernardo Amezcua,,Other,Mexican Spanish Language Coordinator,,Lionbridge Games,core,Lionbridge Games/Mexican Spanish Translation Support#1785
halo-campaign-evolved,1130,Francisco Bustamante,,Other,Mexican Spanish Translator,,Lionbridge Games,core,Lionbridge Games/Mexican Spanish Translation Support#1786
halo-campaign-evolved,1131,Octavio Martínez Morales,,Other,Mexican Spanish Translator,,Lionbridge Games,core,Lionbridge Games/Mexican Spanish Translation Support#1787
halo-campaign-evolved,1132,León Schwartz,,Other,Mexican Spanish Translator,,Lionbridge Games,core,Lionbridge Games/Mexican Spanish Translation Support#1788
halo-campaign-evolved,1133,Azgard Contreras Estrada,,Other,Mexican Spanish Reviewer,,Lionbridge Games,core,Lionbridge Games/Mexican Spanish Translation Support#1789
halo-campaign-evolved,1134,Erick E. Ferez Matamoros,,Other,Mexican Spanish Reviewer,,Lionbridge Games,core,Lionbridge Games/Mexican Spanish Translation Support#1790
halo-campaign-evolved,1135,Mauricio Merek,,Other,Mexican Spanish Reviewer,,Lionbridge Games,core,Lionbridge Games/Mexican Spanish Translation Support#1791
halo-campaign-evolved,1136,Jiye Lee,,Other,Korean Language Coordinator,,Lionbridge Games,core,Lionbridge Games/Korean Translation Support#1795
halo-campaign-evolved,1137,Hong Hyun Ki,,Other,Korean Translator,,Lionbridge Games,core,Lionbridge Games/Korean Translation Support#1796
halo-campaign-evolved,1138,Song Hye Sue,,Other,Korean Translator,,Lionbridge Games,core,Lionbridge Games/Korean Translation Support#1797
halo-campaign-evolved,1139,Jason Lee,,Other,Korean Reviewer,,Lionbridge Games,core,Lionbridge Games/Korean Translation Support#1798
halo-campaign-evolved,1140,Thomas Oh,,Other,Korean Reviewer,,Lionbridge Games,core,Lionbridge Games/Korean Translation Support#1799
halo-campaign-evolved,1141,Aleksandra Pietrasiewicz,,Other,Polish Language Coordinator,,Lionbridge Games,core,Lionbridge Games/Polish Translation Support#1803
halo-campaign-evolved,1142,Anna Dyrek,,Other,Polish Translator,,Lionbridge Games,core,Lionbridge Games/Polish Translation Support#1804
halo-campaign-evolved,1143,Agata Jurkiewicz,,Other,Polish Translator,,Lionbridge Games,core,Lionbridge Games/Polish Translation Support#1805
halo-campaign-evolved,1144,Jolanta Pers,,Other,Polish Translator,,Lionbridge Games,core,Lionbridge Games/Polish Translation Support#1806
halo-campaign-evolved,1145,Leszek Pietryka,,Other,Polish Translator,,Lionbridge Games,core,Lionbridge Games/Polish Translation Support#1807
halo-campaign-evolved,1146,Joanna Ossowska,,Other,Polish Translator,,Lionbridge Games,core,Lionbridge Games/Polish Translation Support#1808
halo-campaign-evolved,1147,"Tatiana ""Pandora"" Saternus",,Other,Polish Reviewer,,Lionbridge Games,core,Lionbridge Games/Polish Translation Support#1809
halo-campaign-evolved,1148,Mariusz Stepien,,Other,Polish Reviewer,,Lionbridge Games,core,Lionbridge Games/Polish Translation Support#1810
halo-campaign-evolved,1149,Gabriel Fernandes,,Other,Brazilian Portuguese Language Coordinator,,Lionbridge Games,core,Lionbridge Games/Brazilian Portuguese Translation Support#1814
halo-campaign-evolved,1150,Cesar S. Paulicchi,,Other,Brazilian Portuguese Language Coordinator,,Lionbridge Games,core,Lionbridge Games/Brazilian Portuguese Translation Support#1815
halo-campaign-evolved,1151,Daniela Rigon,,Other,Brazilian Portuguese Language Coordinator,,Lionbridge Games,core,Lionbridge Games/Brazilian Portuguese Translation Support#1816
halo-campaign-evolved,1152,Evelyn Trippo,,Other,Brazilian Portuguese Language Coordinator,,Lionbridge Games,core,Lionbridge Games/Brazilian Portuguese Translation Support#1817
halo-campaign-evolved,1153,Luiza Lotufo,,Other,Brazilian Portuguese Translator,,Lionbridge Games,core,Lionbridge Games/Brazilian Portuguese Translation Support#1818
halo-campaign-evolved,1154,Marina Málacco,,Other,Brazilian Portuguese Translator,,Lionbridge Games,core,Lionbridge Games/Brazilian Portuguese Translation Support#1819
halo-campaign-evolved,1155,Leonardo Rivabem,,Other,Brazilian Portuguese Translator,,Lionbridge Games,core,Lionbridge Games/Brazilian Portuguese Translation Support#1820
halo-campaign-evolved,1156,Gian Menossi,,Other,Brazilian Portuguese Reviewer,,Lionbridge Games,core,Lionbridge Games/Brazilian Portuguese Translation Support#1821
halo-campaign-evolved,1157,Gabriel Oliveira,,Other,Brazilian Portuguese Reviewer,,Lionbridge Games,core,Lionbridge Games/Brazilian Portuguese Translation Support#1822
halo-campaign-evolved,1158,CecíLia Pinho,,Other,Brazilian Portuguese Reviewer,,Lionbridge Games,core,Lionbridge Games/Brazilian Portuguese Translation Support#1823
halo-campaign-evolved,1159,Damian Domach,,QA,Test Director,,Lionbridge Games,core,Lionbridge Games/Localization QA#1827
halo-campaign-evolved,1160,Hortense Gambino,,QA,Test Manager,,Lionbridge Games,core,Lionbridge Games/Localization QA#1828
halo-campaign-evolved,1161,Jorge González Hidalgo,,QA,Test Lead,,Lionbridge Games,core,Lionbridge Games/Localization QA#1829
halo-campaign-evolved,1162,Matthieu Lejeune,,QA,French Tester,,Lionbridge Games,core,Lionbridge Games/Localization QA#1830
halo-campaign-evolved,1163,Laura Piest,,QA,German Tester,,Lionbridge Games,core,Lionbridge Games/Localization QA#1831
halo-campaign-evolved,1164,Matteo Cagliari,,QA,Italian Tester,,Lionbridge Games,core,Lionbridge Games/Localization QA#1832
halo-campaign-evolved,1165,Carina Martin Bonilla,,QA,Spanish Tester,,Lionbridge Games,core,Lionbridge Games/Localization QA#1833
halo-campaign-evolved,1166,Carlos Henrique Ribeiro Gonçalves,,QA,Portuguese (Brazil) Tester,,Lionbridge Games,core,Lionbridge Games/Localization QA#1834
halo-campaign-evolved,1167,Mingyuan Jiang,,QA,Simplified Chinese Tester,,Lionbridge Games,core,Lionbridge Games/Localization QA#1835
halo-campaign-evolved,1168,Kueng-Lon Ho,,QA,Traditional Chinese Tester,,Lionbridge Games,core,Lionbridge Games/Localization QA#1836
halo-campaign-evolved,1169,Wojciech Bogacki,,QA,Polish Tester,,Lionbridge Games,core,Lionbridge Games/Localization QA#1837
halo-campaign-evolved,1170,Valeriia Zhvalievska,,QA,Russian Tester,,Lionbridge Games,core,Lionbridge Games/Localization QA#1838
halo-campaign-evolved,1171,Roberto Hernández León,,QA,Spanish Latam Tester,,Lionbridge Games,core,Lionbridge Games/Localization QA#1839
halo-campaign-evolved,1172,Kyoichiro Ishiyama,,QA,Japanese Tester,,Lionbridge Games,core,Lionbridge Games/Localization QA#1840
halo-campaign-evolved,1173,Byungyun Choi,,QA,Korean Tester,,Lionbridge Games,core,Lionbridge Games/Localization QA#1841
halo-campaign-evolved,1174,Damian Zerr,,Production,Production Director,,"SkyBox Labs, Inc.",core,"SkyBox Labs, Inc./Skybox Labs Leadership#1846"
halo-campaign-evolved,1175,Nigel Rankin,,Engineering,Technical Director,,"SkyBox Labs, Inc.",core,"SkyBox Labs, Inc./Skybox Labs Leadership#1847"
halo-campaign-evolved,1176,Ryan Alban,,Engineering,Senior Engineer,,"SkyBox Labs, Inc.",core,"SkyBox Labs, Inc./Engineering#1851"
halo-campaign-evolved,1177,Colin Cove,,Engineering,Senior Engineer,,"SkyBox Labs, Inc.",core,"SkyBox Labs, Inc./Engineering#1852"
halo-campaign-evolved,1178,Juan Escobar,,Engineering,Senior Engineer,,"SkyBox Labs, Inc.",core,"SkyBox Labs, Inc./Engineering#1853"
halo-campaign-evolved,1179,Jason Fleming,,Engineering,Senior Engineer,,"SkyBox Labs, Inc.",core,"SkyBox Labs, Inc./Engineering#1854"
halo-campaign-evolved,1180,Jun Fu,,Engineering,Senior Engineer,,"SkyBox Labs, Inc.",core,"SkyBox Labs, Inc./Engineering#1855"
halo-campaign-evolved,1181,Tim Hinds,,Engineering,Senior Engineer,,"SkyBox Labs, Inc.",core,"SkyBox Labs, Inc./Engineering#1856"
halo-campaign-evolved,1182,Shyang Kong,,Other,Studio Manager,,"SkyBox Labs, Inc.",core,"SkyBox Labs, Inc./Management#1860"
halo-campaign-evolved,1183,Derek MacNeil,,Other,Studio Manager,,"SkyBox Labs, Inc.",core,"SkyBox Labs, Inc./Management#1861"
halo-campaign-evolved,1184,Steve Silvester,,Other,Studio Manager,,"SkyBox Labs, Inc.",core,"SkyBox Labs, Inc./Management#1862"
halo-campaign-evolved,1185,Samantha Leclair,,Production,Production Director,,Snowed In Studios - A Keywords Studio,core,Snowed In Studios - A Keywords Studio/Snowed In Studios Leadership#1867
halo-campaign-evolved,1186,Alex Parlour,,Leadership,Operations Director,,Snowed In Studios - A Keywords Studio,core,Snowed In Studios - A Keywords Studio/Snowed In Studios Leadership#1868
halo-campaign-evolved,1187,Brendan Sheedy,,Engineering,Technical Director,,Snowed In Studios - A Keywords Studio,core,Snowed In Studios - A Keywords Studio/Snowed In Studios Leadership#1869
halo-campaign-evolved,1188,Graeme Fotheringham,,Production,Producer,,Snowed In Studios - A Keywords Studio,core,Snowed In Studios - A Keywords Studio/Production#1873
halo-campaign-evolved,1189,Philip Asselin,,Engineering,Software Engineer,,Snowed In Studios - A Keywords Studio,core,Snowed In Studios - A Keywords Studio/Engineering#1877
halo-campaign-evolved,1190,Sergiy Onisenko,,Engineering,Software Engineer,,Snowed In Studios - A Keywords Studio,core,Snowed In Studios - A Keywords Studio/Engineering#1878
halo-campaign-evolved,1191,Stelios Klapsis,,Engineering,Software Engineer,,Snowed In Studios - A Keywords Studio,core,Snowed In Studios - A Keywords Studio/Engineering#1879
halo-campaign-evolved,1192,Natasha Dobson,,Studio/Business,Operations,,Snowed In Studios - A Keywords Studio,core,Snowed In Studios - A Keywords Studio/Operations#1883
halo-campaign-evolved,1193,Johanne Fratesi,,Studio/Business,Operations,,Snowed In Studios - A Keywords Studio,core,Snowed In Studios - A Keywords Studio/Operations#1884
halo-campaign-evolved,1194,Travis Gibson,,Studio/Business,Operations,,Snowed In Studios - A Keywords Studio,core,Snowed In Studios - A Keywords Studio/Operations#1885
halo-campaign-evolved,1195,Harry Patel,,Studio/Business,Operations,,Snowed In Studios - A Keywords Studio,core,Snowed In Studios - A Keywords Studio/Operations#1886
halo-campaign-evolved,1196,Alyssa Munaretto,,Design,UX / UI Designer,,Snowed In Studios - A Keywords Studio,core,Snowed In Studios - A Keywords Studio/UX/UI#1890
halo-campaign-evolved,1197,Rafał Kowalczyk,,Engineering,Senior Engineering Lead,,Sperasoft - A Keywords Studio,core,Sperasoft - A Keywords Studio/Engineering#1895
halo-campaign-evolved,1198,Krzysztof Cywicki,,Engineering,Senior Engineer,,Sperasoft - A Keywords Studio,core,Sperasoft - A Keywords Studio/Engineering#1896
halo-campaign-evolved,1199,Grishin Palem,,Production,Lead Producer,,Sperasoft - A Keywords Studio,core,Sperasoft - A Keywords Studio/Production#1900
halo-campaign-evolved,1200,Dmitriy Nastasiy,,Production,Producer,,Sperasoft - A Keywords Studio,core,Sperasoft - A Keywords Studio/Production#1901
halo-campaign-evolved,1201,Aleksandr Lukyanov,,Art,Senior Technical Artist,,Sperasoft - A Keywords Studio,core,Sperasoft - A Keywords Studio/Tech Art#1905
halo-campaign-evolved,1202,Natalija Milosevic,,Art,Technical Artist,,Sperasoft - A Keywords Studio,core,Sperasoft - A Keywords Studio/Tech Art#1906
halo-campaign-evolved,1203,Mikhail Novikov,,Art,Technical Artist,,Sperasoft - A Keywords Studio,core,Sperasoft - A Keywords Studio/Tech Art#1907
halo-campaign-evolved,1204,Mindaugas Pocius,,Art,Technical Artist,,Sperasoft - A Keywords Studio,core,Sperasoft - A Keywords Studio/Tech Art#1908
halo-campaign-evolved,1205,Daniil Yegorov,,Art,Technical Artist,,Sperasoft - A Keywords Studio,core,Sperasoft - A Keywords Studio/Tech Art#1909
halo-campaign-evolved,1206,Ben Adams,,Leadership,Studio Director,,Sprung Studios LTD.,core,Sprung Studios LTD./Sprung Studios Leadership#1914
halo-campaign-evolved,1207,Jim Chaytor,,Leadership,CEO,,Sprung Studios LTD.,core,Sprung Studios LTD./Sprung Studios Leadership#1915
halo-campaign-evolved,1208,Brooke Allison,,Leadership,Director of Global Business Development,,Sprung Studios LTD.,core,Sprung Studios LTD./Sprung Studios Leadership#1916
halo-campaign-evolved,1209,Dylan Damitz,,Leadership,Business Development,,Sprung Studios LTD.,core,Sprung Studios LTD./Sprung Studios Leadership#1917
halo-campaign-evolved,1210,Sofwan Naing,,Other,IT Lead,,Sprung Studios LTD.,core,Sprung Studios LTD./IT#1921
halo-campaign-evolved,1211,Curtis Vasquez,,Other,IT Support,,Sprung Studios LTD.,core,Sprung Studios LTD./IT#1922
halo-campaign-evolved,1212,Peter Martin,,Engineering,System Engineer,,Sprung Studios LTD.,core,Sprung Studios LTD./IT#1923
halo-campaign-evolved,1213,Lena Couty,,Production,Producer,,Sprung Studios LTD.,core,Sprung Studios LTD./Production#1927
halo-campaign-evolved,1214,Anton Li,,Design,Head of UX/UI,,Sprung Studios LTD.,core,Sprung Studios LTD./UX/UI#1931
halo-campaign-evolved,1215,Austin Legg,,Design,Senior UX/UI Designer,,Sprung Studios LTD.,core,Sprung Studios LTD./UX/UI#1932
halo-campaign-evolved,1216,Jack Hodgkinson,,Design,Senior UX/UI Designer,,Sprung Studios LTD.,core,Sprung Studios LTD./UX/UI#1933
halo-campaign-evolved,1217,Roxanne Coskey,,Design,UX/UI Designer,,Sprung Studios LTD.,core,Sprung Studios LTD./UX/UI#1934
halo-campaign-evolved,1218,Matthew Jarvis,,Engineering,Head of Engineering,,Sprung Studios LTD.,core,Sprung Studios LTD./UX/UI Engineering#1938
halo-campaign-evolved,1219,Guillermo Garduño,,Engineering,Senior UI Engineer,,Sprung Studios LTD.,core,Sprung Studios LTD./UX/UI Engineering#1939
halo-campaign-evolved,1220,Jag Singh,,Engineering,UI Engineer II,,Sprung Studios LTD.,core,Sprung Studios LTD./UX/UI Engineering#1940
halo-campaign-evolved,1221,Matt Merrett,,Design,Senior Motion Designer,,Sprung Studios LTD.,core,Sprung Studios LTD./UX/UI Motion#1944
halo-campaign-evolved,1222,M Arthur,,Design,Motion Designer,,Sprung Studios LTD.,core,Sprung Studios LTD./UX/UI Motion#1945
halo-campaign-evolved,1223,Michael Sandrin,,Art,Senior Technical Artist,,Sprung Studios LTD.,core,Sprung Studios LTD./UX/UI Tech Art#1949
halo-campaign-evolved,1224,Simone Cormier,,Art,UI Technical Artist,,Sprung Studios LTD.,core,Sprung Studios LTD./UX/UI Tech Art#1950
halo-campaign-evolved,1225,Ashton Jenson,,Art,UI Technical Artist,,Sprung Studios LTD.,core,Sprung Studios LTD./UX/UI Tech Art#1951
halo-campaign-evolved,1226,Murilo Jones,,Art,UI Technical Artist,,Sprung Studios LTD.,core,Sprung Studios LTD./UX/UI Tech Art#1952
halo-campaign-evolved,1227,Connor McNulty,,Art,UI Technical Artist,,Sprung Studios LTD.,core,Sprung Studios LTD./UX/UI Tech Art#1953
halo-campaign-evolved,1228,Gilles Langourieux,,Leadership,Chief Executive Officer,,Virtuos,core,Virtuos/Virtuos Leadership#1958
halo-campaign-evolved,1229,Tim Fields,,Leadership,Chief Operating Officer,,Virtuos,core,Virtuos/Virtuos Leadership#1959
halo-campaign-evolved,1230,Jake Digennaro,,Leadership,Chief Revenue Officer,,Virtuos,core,Virtuos/Virtuos Leadership#1960
halo-campaign-evolved,1231,Christian Eyssautier,,Leadership,Chief Information Officer,,Virtuos,core,Virtuos/Virtuos Leadership#1961
halo-campaign-evolved,1232,Samuel Stevenin,,Art,Managing Director of the Art Division,,Virtuos,core,Virtuos/Virtuos Leadership#1962
halo-campaign-evolved,1233,Tian Li,,Leadership,"Regional Director, China",,Virtuos,core,Virtuos/Virtuos Leadership#1963
halo-campaign-evolved,1234,Nguyen Hoai Nam,,Leadership,"Regional Director, South Asia",,Virtuos,core,Virtuos/Virtuos Leadership#1964
halo-campaign-evolved,1235,Chan Cheekin,,Art,"Director of Art, China",,Virtuos,core,Virtuos/Virtuos Leadership#1965
halo-campaign-evolved,1236,Lukas Codr,,QA,Head of Quality,,Virtuos,core,Virtuos/Virtuos Leadership#1966
halo-campaign-evolved,1237,Laurent Leriche,,Production,Playtest Producer,,Virtuos,core,Virtuos/Virtuos Leadership#1967
halo-campaign-evolved,1238,Alex Heise,,Leadership,"Director of Business Development, North America",,Virtuos,core,Virtuos/Virtuos BizOps#1971
halo-campaign-evolved,1239,Spiro Anagnostakos,,Studio/Business,Business Development Manager,,Virtuos,core,Virtuos/Virtuos BizOps#1972
halo-campaign-evolved,1240,Richard Sun,,Studio/Business,Co-Development Success Manager,,Virtuos,core,Virtuos/Virtuos BizOps#1973
halo-campaign-evolved,1241,Pierre-Antoine Cohade,,Studio/Business,Co-Development Success Manager,,Virtuos,core,Virtuos/Virtuos BizOps#1974
halo-campaign-evolved,1242,Cai Zhen,,Art,Art Director,,Virtuos Chengdu,core,Virtuos Chengdu/Virtuos Chengdu Leadership#1979
halo-campaign-evolved,1243,Liu Yongsheng,,Art,Art Director,,Virtuos Chengdu,core,Virtuos Chengdu/Virtuos Chengdu Leadership#1980
halo-campaign-evolved,1244,Lei Jiaying,,Art,Associate Art Director,,Virtuos Chengdu,core,Virtuos Chengdu/Virtuos Chengdu Leadership#1981
halo-campaign-evolved,1245,Gu Zhengkai,,Art,Associate Art Director,,Virtuos Chengdu,core,Virtuos Chengdu/Virtuos Chengdu Leadership#1982
halo-campaign-evolved,1246,Zhang Ke,,Art,Associate Art Director,,Virtuos Chengdu,core,Virtuos Chengdu/Virtuos Chengdu Leadership#1983
halo-campaign-evolved,1247,Zhang Lu,,Leadership,Deputy General Manager,,Virtuos Chengdu,core,Virtuos Chengdu/Virtuos Chengdu Leadership#1984
halo-campaign-evolved,1248,Wu Zherui,,Art,Lead Artist,,Virtuos Chengdu,core,Virtuos Chengdu/Animation#1988
halo-campaign-evolved,1249,Zhang Xiaoyi,,Art,Senior Animator,,Virtuos Chengdu,core,Virtuos Chengdu/Animation#1989
halo-campaign-evolved,1250,Liu Junsong,,Art,Senior Animator,,Virtuos Chengdu,core,Virtuos Chengdu/Animation#1990
halo-campaign-evolved,1251,Lv Yingda,,Art,Senior Animator,,Virtuos Chengdu,core,Virtuos Chengdu/Animation#1991
halo-campaign-evolved,1252,Wang Naili,,Art,Senior Animator,,Virtuos Chengdu,core,Virtuos Chengdu/Animation#1992
halo-campaign-evolved,1253,Liu Yueting,,Art,Senior Animator,,Virtuos Chengdu,core,Virtuos Chengdu/Animation#1993
halo-campaign-evolved,1254,Pan Yujie,,Art,Animator,,Virtuos Chengdu,core,Virtuos Chengdu/Animation#1994
halo-campaign-evolved,1255,He Lili,,Art,Animator,,Virtuos Chengdu,core,Virtuos Chengdu/Animation#1995
halo-campaign-evolved,1256,Wang Qian,,Art,Animator,,Virtuos Chengdu,core,Virtuos Chengdu/Animation#1996
halo-campaign-evolved,1257,Huang Yuming,,Art,Animator,,Virtuos Chengdu,core,Virtuos Chengdu/Animation#1997
halo-campaign-evolved,1258,Lin Xin,,Art,Animator,,Virtuos Chengdu,core,Virtuos Chengdu/Animation#1998
halo-campaign-evolved,1259,Liu Linling,,Art,Animator,,Virtuos Chengdu,core,Virtuos Chengdu/Animation#1999
halo-campaign-evolved,1260,Wang Qiyun,,Art,Animator,,Virtuos Chengdu,core,Virtuos Chengdu/Animation#2000
halo-campaign-evolved,1261,Li Yixuan,,Art,Animator,,Virtuos Chengdu,core,Virtuos Chengdu/Animation#2001
halo-campaign-evolved,1262,Wu Panbei,,Art,Animator,,Virtuos Chengdu,core,Virtuos Chengdu/Animation#2002
halo-campaign-evolved,1263,Hu Long,,Art,Lead Artist,,Virtuos Chengdu,core,Virtuos Chengdu/Character Art#2006
halo-campaign-evolved,1264,Lv Weirong,,Art,Character Artist,,Virtuos Chengdu,core,Virtuos Chengdu/Character Art#2007
halo-campaign-evolved,1265,Wang Zekun,,Art,Character Artist,,Virtuos Chengdu,core,Virtuos Chengdu/Character Art#2008
halo-campaign-evolved,1266,He Rui,,Art,Character Artist,,Virtuos Chengdu,core,Virtuos Chengdu/Character Art#2009
halo-campaign-evolved,1267,Wang Jiaping,,Art,Character Artist,,Virtuos Chengdu,core,Virtuos Chengdu/Character Art#2010
halo-campaign-evolved,1268,Jia Yuheng,,Art,Character Artist,,Virtuos Chengdu,core,Virtuos Chengdu/Character Art#2011
halo-campaign-evolved,1269,Liu Jiachen,,Art,Character Artist,,Virtuos Chengdu,core,Virtuos Chengdu/Character Art#2012
halo-campaign-evolved,1270,He Qichen,,Art,Character Artist,,Virtuos Chengdu,core,Virtuos Chengdu/Character Art#2013
halo-campaign-evolved,1271,Chen Fengzhao,,Art,Character Artist,,Virtuos Chengdu,core,Virtuos Chengdu/Character Art#2014
halo-campaign-evolved,1272,Guo Bohai,,Art,Character Artist,,Virtuos Chengdu,core,Virtuos Chengdu/Character Art#2015
halo-campaign-evolved,1273,Li Zhengmei,,Art,Character Artist,,Virtuos Chengdu,core,Virtuos Chengdu/Character Art#2016
halo-campaign-evolved,1274,Tao Yuchen,,Art,Concept Artist,,Virtuos Chengdu,core,Virtuos Chengdu/Concept Art#2020
halo-campaign-evolved,1275,Cai Yifan,,Art,Concept Artist,,Virtuos Chengdu,core,Virtuos Chengdu/Concept Art#2021
halo-campaign-evolved,1276,Cao Zewen,,Art,Concept Artist,,Virtuos Chengdu,core,Virtuos Chengdu/Concept Art#2022
halo-campaign-evolved,1277,Chen Chi,,Art,Concept Artist,,Virtuos Chengdu,core,Virtuos Chengdu/Concept Art#2023
halo-campaign-evolved,1278,Chen Jianxin,,Art,Concept Artist,,Virtuos Chengdu,core,Virtuos Chengdu/Concept Art#2024
halo-campaign-evolved,1279,Chen Xingquan,,Art,Concept Artist,,Virtuos Chengdu,core,Virtuos Chengdu/Concept Art#2025
halo-campaign-evolved,1280,Gao Hongwei,,Art,Concept Artist,,Virtuos Chengdu,core,Virtuos Chengdu/Concept Art#2026
halo-campaign-evolved,1281,Hao Han,,Art,Concept Artist,,Virtuos Chengdu,core,Virtuos Chengdu/Concept Art#2027
halo-campaign-evolved,1282,He Zhaoxing,,Art,Concept Artist,,Virtuos Chengdu,core,Virtuos Chengdu/Concept Art#2028
halo-campaign-evolved,1283,Hu Huayu,,Art,Concept Artist,,Virtuos Chengdu,core,Virtuos Chengdu/Concept Art#2029
halo-campaign-evolved,1284,Jing Xuan,,Art,Concept Artist,,Virtuos Chengdu,core,Virtuos Chengdu/Concept Art#2030
halo-campaign-evolved,1285,Li Jiahe,,Art,Concept Artist,,Virtuos Chengdu,core,Virtuos Chengdu/Concept Art#2031
halo-campaign-evolved,1286,Tang Guo,,Art,Concept Artist,,Virtuos Chengdu,core,Virtuos Chengdu/Concept Art#2032
halo-campaign-evolved,1287,Wang Le,,Art,Concept Artist,,Virtuos Chengdu,core,Virtuos Chengdu/Concept Art#2033
halo-campaign-evolved,1288,Wu Zhiyi,,Art,Concept Artist,,Virtuos Chengdu,core,Virtuos Chengdu/Concept Art#2034
halo-campaign-evolved,1289,Xu Binxiang,,Art,Concept Artist,,Virtuos Chengdu,core,Virtuos Chengdu/Concept Art#2035
halo-campaign-evolved,1290,Ye Shengwei,,Art,Concept Artist,,Virtuos Chengdu,core,Virtuos Chengdu/Concept Art#2036
halo-campaign-evolved,1291,Zeng Yu,,Art,Concept Artist,,Virtuos Chengdu,core,Virtuos Chengdu/Concept Art#2037
halo-campaign-evolved,1292,Gui Zhuchen,,Art,Concept Artist,,Virtuos Chengdu,core,Virtuos Chengdu/Concept Art#2038
halo-campaign-evolved,1293,Hu Rui,,Art,Concept Artist,,Virtuos Chengdu,core,Virtuos Chengdu/Concept Art#2039
halo-campaign-evolved,1294,Liao Jiawei,,Art,Concept Artist,,Virtuos Chengdu,core,Virtuos Chengdu/Concept Art#2040
halo-campaign-evolved,1295,Liu Yang,,Art,Concept Artist,,Virtuos Chengdu,core,Virtuos Chengdu/Concept Art#2041
halo-campaign-evolved,1296,Li Yuqin,,Art,Concept Artist,,Virtuos Chengdu,core,Virtuos Chengdu/Concept Art#2042
halo-campaign-evolved,1297,Ren Leifan,,Art,Concept Artist,,Virtuos Chengdu,core,Virtuos Chengdu/Concept Art#2043
halo-campaign-evolved,1298,Wang Xiang,,Art,Concept Artist,,Virtuos Chengdu,core,Virtuos Chengdu/Concept Art#2044
halo-campaign-evolved,1299,Zhao Junhan,,Art,Concept Artist,,Virtuos Chengdu,core,Virtuos Chengdu/Concept Art#2045
halo-campaign-evolved,1300,Zhao Xudong,,Art,Concept Artist,,Virtuos Chengdu,core,Virtuos Chengdu/Concept Art#2046
halo-campaign-evolved,1301,Zhao Yunfan,,Art,Concept Artist,,Virtuos Chengdu,core,Virtuos Chengdu/Concept Art#2047
halo-campaign-evolved,1302,Zhou Huayu,,Art,Concept Artist,,Virtuos Chengdu,core,Virtuos Chengdu/Concept Art#2048
halo-campaign-evolved,1303,Bin Mohamed Mustafa Hariz,,Design,Game Designer Leader,,Virtuos Chengdu,core,Virtuos Chengdu/Game Design#2052
halo-campaign-evolved,1304,Zhong Yi,,Design,Game Designer,,Virtuos Chengdu,core,Virtuos Chengdu/Game Design#2053
halo-campaign-evolved,1305,Yang Kexin,,Design,Game Designer,,Virtuos Chengdu,core,Virtuos Chengdu/Game Design#2054
halo-campaign-evolved,1306,Xu Qiuying,,Engineering,Data Manager,,Virtuos Chengdu,core,Virtuos Chengdu/Engineering#2058
halo-campaign-evolved,1307,Yue Han,,Art,Team Leader,,Virtuos Chengdu,core,Virtuos Chengdu/Environment Art#2062
halo-campaign-evolved,1308,Chen Kuan,,Art,Team Leader,,Virtuos Chengdu,core,Virtuos Chengdu/Environment Art#2063
halo-campaign-evolved,1309,Mu Di,,Art,Team Leader,,Virtuos Chengdu,core,Virtuos Chengdu/Environment Art#2064
halo-campaign-evolved,1310,Zhang Xinyuan,,Art,Team Leader,,Virtuos Chengdu,core,Virtuos Chengdu/Environment Art#2065
halo-campaign-evolved,1311,Zhang Ruiqi,,Art,Team Leader,,Virtuos Chengdu,core,Virtuos Chengdu/Environment Art#2066
halo-campaign-evolved,1312,Zhang Peng,,Art,Team Leader,,Virtuos Chengdu,core,Virtuos Chengdu/Environment Art#2067
halo-campaign-evolved,1313,Nan Sijiang,,Art,Team Leader,,Virtuos Chengdu,core,Virtuos Chengdu/Environment Art#2068
halo-campaign-evolved,1314,Zou Dengjie,,Art,Team Leader,,Virtuos Chengdu,core,Virtuos Chengdu/Environment Art#2069
halo-campaign-evolved,1315,Zhu Huawei,,Art,Team Leader,,Virtuos Chengdu,core,Virtuos Chengdu/Environment Art#2070
halo-campaign-evolved,1316,Wan Hao,,Art,Team Leader,,Virtuos Chengdu,core,Virtuos Chengdu/Environment Art#2071
halo-campaign-evolved,1317,Zhang Qi,,Art,Team Leader,,Virtuos Chengdu,core,Virtuos Chengdu/Environment Art#2072
halo-campaign-evolved,1318,Wang Xiaoli,,Art,Environment Artist,,Virtuos Chengdu,core,Virtuos Chengdu/Environment Art#2073
halo-campaign-evolved,1319,Zhang Xingyuan,,Art,Environment Artist,,Virtuos Chengdu,core,Virtuos Chengdu/Environment Art#2074
halo-campaign-evolved,1320,Du Ming,,Art,Environment Artist,,Virtuos Chengdu,core,Virtuos Chengdu/Environment Art#2075
halo-campaign-evolved,1321,Zhang Kaisong,,Art,Environment Artist,,Virtuos Chengdu,core,Virtuos Chengdu/Environment Art#2076
halo-campaign-evolved,1322,Chen Xingxing,,Art,Environment Artist,,Virtuos Chengdu,core,Virtuos Chengdu/Environment Art#2077
halo-campaign-evolved,1323,Dai Cheng,,Art,Environment Artist,,Virtuos Chengdu,core,Virtuos Chengdu/Environment Art#2078
halo-campaign-evolved,1324,Feng Ya,,Art,Environment Artist,,Virtuos Chengdu,core,Virtuos Chengdu/Environment Art#2079
halo-campaign-evolved,1325,Gao Xin,,Art,Environment Artist,,Virtuos Chengdu,core,Virtuos Chengdu/Environment Art#2080
halo-campaign-evolved,1326,Gu Yiren,,Art,Environment Artist,,Virtuos Chengdu,core,Virtuos Chengdu/Environment Art#2081
halo-campaign-evolved,1327,He Jianlin,,Art,Environment Artist,,Virtuos Chengdu,core,Virtuos Chengdu/Environment Art#2082
halo-campaign-evolved,1328,Huang Weifei,,Art,Environment Artist,,Virtuos Chengdu,core,Virtuos Chengdu/Environment Art#2083
halo-campaign-evolved,1329,Hu Yuanyuan,,Art,Environment Artist,,Virtuos Chengdu,core,Virtuos Chengdu/Environment Art#2084
halo-campaign-evolved,1330,Lan Hao,,Art,Environment Artist,,Virtuos Chengdu,core,Virtuos Chengdu/Environment Art#2085
halo-campaign-evolved,1331,Li Bo,,Art,Environment Artist,,Virtuos Chengdu,core,Virtuos Chengdu/Environment Art#2086
halo-campaign-evolved,1332,Li Ling,,Art,Environment Artist,,Virtuos Chengdu,core,Virtuos Chengdu/Environment Art#2087
halo-campaign-evolved,1333,Li Ming,,Art,Environment Artist,,Virtuos Chengdu,core,Virtuos Chengdu/Environment Art#2088
halo-campaign-evolved,1334,Li Yongtao,,Art,Environment Artist,,Virtuos Chengdu,core,Virtuos Chengdu/Environment Art#2089
halo-campaign-evolved,1335,Li Ziyang,,Art,Environment Artist,,Virtuos Chengdu,core,Virtuos Chengdu/Environment Art#2090
halo-campaign-evolved,1336,Ma Yuhong,,Art,Environment Artist,,Virtuos Chengdu,core,Virtuos Chengdu/Environment Art#2091
halo-campaign-evolved,1337,Qiao Shenlan,,Art,Environment Artist,,Virtuos Chengdu,core,Virtuos Chengdu/Environment Art#2092
halo-campaign-evolved,1338,Su You,,Art,Environment Artist,,Virtuos Chengdu,core,Virtuos Chengdu/Environment Art#2093
halo-campaign-evolved,1339,Tang Shangding,,Art,Environment Artist,,Virtuos Chengdu,core,Virtuos Chengdu/Environment Art#2094
halo-campaign-evolved,1340,Tian Yiya,,Art,Environment Artist,,Virtuos Chengdu,core,Virtuos Chengdu/Environment Art#2095
halo-campaign-evolved,1341,Tu Liangqu,,Art,Environment Artist,,Virtuos Chengdu,core,Virtuos Chengdu/Environment Art#2096
halo-campaign-evolved,1342,Wei Haosen,,Art,Environment Artist,,Virtuos Chengdu,core,Virtuos Chengdu/Environment Art#2097
halo-campaign-evolved,1343,Xiong Qi,,Art,Environment Artist,,Virtuos Chengdu,core,Virtuos Chengdu/Environment Art#2098
halo-campaign-evolved,1344,Zhang Zhen,,Art,Environment Artist,,Virtuos Chengdu,core,Virtuos Chengdu/Environment Art#2099
halo-campaign-evolved,1345,Zhao Hongping,,Art,Environment Artist,,Virtuos Chengdu,core,Virtuos Chengdu/Environment Art#2100
halo-campaign-evolved,1346,Zhu Ziqi,,Art,Environment Artist,,Virtuos Chengdu,core,Virtuos Chengdu/Environment Art#2101
halo-campaign-evolved,1347,Zou Yicheng,,Art,Environment Artist,,Virtuos Chengdu,core,Virtuos Chengdu/Environment Art#2102
halo-campaign-evolved,1348,Chen Huailei,,Art,Environment Artist,,Virtuos Chengdu,core,Virtuos Chengdu/Environment Art#2103
halo-campaign-evolved,1349,Cheng Peng,,Art,Environment Artist,,Virtuos Chengdu,core,Virtuos Chengdu/Environment Art#2104
halo-campaign-evolved,1350,Chen Yaobang,,Art,Environment Artist,,Virtuos Chengdu,core,Virtuos Chengdu/Environment Art#2105
halo-campaign-evolved,1351,Dai Jiajun,,Art,Environment Artist,,Virtuos Chengdu,core,Virtuos Chengdu/Environment Art#2106
halo-campaign-evolved,1352,Deng Weihao,,Art,Environment Artist,,Virtuos Chengdu,core,Virtuos Chengdu/Environment Art#2107
halo-campaign-evolved,1353,Deng Xian,,Art,Environment Artist,,Virtuos Chengdu,core,Virtuos Chengdu/Environment Art#2108
halo-campaign-evolved,1354,Fei Haoran,,Art,Environment Artist,,Virtuos Chengdu,core,Virtuos Chengdu/Environment Art#2109
halo-campaign-evolved,1355,Feng Shuai,,Art,Environment Artist,,Virtuos Chengdu,core,Virtuos Chengdu/Environment Art#2110
halo-campaign-evolved,1356,He Jialin,,Art,Environment Artist,,Virtuos Chengdu,core,Virtuos Chengdu/Environment Art#2111
halo-campaign-evolved,1357,Huang Yi,,Art,Environment Artist,,Virtuos Chengdu,core,Virtuos Chengdu/Environment Art#2112
halo-campaign-evolved,1358,Li Jiahao,,Art,Environment Artist,,Virtuos Chengdu,core,Virtuos Chengdu/Environment Art#2113
halo-campaign-evolved,1359,Li Jie,,Art,Environment Artist,,Virtuos Chengdu,core,Virtuos Chengdu/Environment Art#2114
halo-campaign-evolved,1360,Li Junyi,,Art,Environment Artist,,Virtuos Chengdu,core,Virtuos Chengdu/Environment Art#2115
halo-campaign-evolved,1361,Li Taolue,,Art,Environment Artist,,Virtuos Chengdu,core,Virtuos Chengdu/Environment Art#2116
halo-campaign-evolved,1362,Liu Qian,,Art,Environment Artist,,Virtuos Chengdu,core,Virtuos Chengdu/Environment Art#2117
halo-campaign-evolved,1363,Li Xianlin,,Art,Environment Artist,,Virtuos Chengdu,core,Virtuos Chengdu/Environment Art#2118
halo-campaign-evolved,1364,Li Youzhou,,Art,Environment Artist,,Virtuos Chengdu,core,Virtuos Chengdu/Environment Art#2119
halo-campaign-evolved,1365,Luo Hongbin,,Art,Environment Artist,,Virtuos Chengdu,core,Virtuos Chengdu/Environment Art#2120
halo-campaign-evolved,1366,Ma Haotian,,Art,Environment Artist,,Virtuos Chengdu,core,Virtuos Chengdu/Environment Art#2121
halo-campaign-evolved,1367,Ren Huaiyu,,Art,Environment Artist,,Virtuos Chengdu,core,Virtuos Chengdu/Environment Art#2122
halo-campaign-evolved,1368,Shen Zixiang,,Art,Environment Artist,,Virtuos Chengdu,core,Virtuos Chengdu/Environment Art#2123
halo-campaign-evolved,1369,Shi Bingyu,,Art,Environment Artist,,Virtuos Chengdu,core,Virtuos Chengdu/Environment Art#2124
halo-campaign-evolved,1370,Shi Yuqing,,Art,Environment Artist,,Virtuos Chengdu,core,Virtuos Chengdu/Environment Art#2125
halo-campaign-evolved,1371,Sun Zhenlin,,Art,Environment Artist,,Virtuos Chengdu,core,Virtuos Chengdu/Environment Art#2126
halo-campaign-evolved,1372,Wang Kunlin,,Art,Environment Artist,,Virtuos Chengdu,core,Virtuos Chengdu/Environment Art#2127
halo-campaign-evolved,1373,Wang Ruizi,,Art,Environment Artist,,Virtuos Chengdu,core,Virtuos Chengdu/Environment Art#2128
halo-campaign-evolved,1374,Wang Taiyu,,Art,Environment Artist,,Virtuos Chengdu,core,Virtuos Chengdu/Environment Art#2129
halo-campaign-evolved,1375,Wei Hao,,Art,Environment Artist,,Virtuos Chengdu,core,Virtuos Chengdu/Environment Art#2130
halo-campaign-evolved,1376,Wei Liuan,,Art,Environment Artist,,Virtuos Chengdu,core,Virtuos Chengdu/Environment Art#2131
halo-campaign-evolved,1377,Wen Gang,,Art,Environment Artist,,Virtuos Chengdu,core,Virtuos Chengdu/Environment Art#2132
halo-campaign-evolved,1378,Wen Lirui,,Art,Environment Artist,,Virtuos Chengdu,core,Virtuos Chengdu/Environment Art#2133
halo-campaign-evolved,1379,Wu Haopeng,,Art,Environment Artist,,Virtuos Chengdu,core,Virtuos Chengdu/Environment Art#2134
halo-campaign-evolved,1380,Xi Wang,,Art,Environment Artist,,Virtuos Chengdu,core,Virtuos Chengdu/Environment Art#2135
halo-campaign-evolved,1381,Yang Wei,,Art,Environment Artist,,Virtuos Chengdu,core,Virtuos Chengdu/Environment Art#2136
halo-campaign-evolved,1382,Yang Xu,,Art,Environment Artist,,Virtuos Chengdu,core,Virtuos Chengdu/Environment Art#2137
halo-campaign-evolved,1383,Yu Zhenhua,,Art,Environment Artist,,Virtuos Chengdu,core,Virtuos Chengdu/Environment Art#2138
halo-campaign-evolved,1384,Zhang Hongjiang,,Art,Environment Artist,,Virtuos Chengdu,core,Virtuos Chengdu/Environment Art#2139
halo-campaign-evolved,1385,Zhang Kexuan,,Art,Environment Artist,,Virtuos Chengdu,core,Virtuos Chengdu/Environment Art#2140
halo-campaign-evolved,1386,Zhao Weijun,,Art,Environment Artist,,Virtuos Chengdu,core,Virtuos Chengdu/Environment Art#2141
halo-campaign-evolved,1387,Zheng Yiheng,,Art,Environment Artist,,Virtuos Chengdu,core,Virtuos Chengdu/Environment Art#2142
halo-campaign-evolved,1388,Zou Defeng,,Art,Environment Artist,,Virtuos Chengdu,core,Virtuos Chengdu/Environment Art#2143
halo-campaign-evolved,1389,Mu Le,,Art,Environment Artist,,Virtuos Chengdu,core,Virtuos Chengdu/Environment Art#2144
halo-campaign-evolved,1390,Shen Bingcheng,,Art,Environment Artist,,Virtuos Chengdu,core,Virtuos Chengdu/Environment Art#2145
halo-campaign-evolved,1391,Chen Peng,,Art,Environment Artist,,Virtuos Chengdu,core,Virtuos Chengdu/Environment Art#2146
halo-campaign-evolved,1392,Chen Siyue,,Art,Environment Artist,,Virtuos Chengdu,core,Virtuos Chengdu/Environment Art#2147
halo-campaign-evolved,1393,Chen Yang,,Art,Environment Artist,,Virtuos Chengdu,core,Virtuos Chengdu/Environment Art#2148
halo-campaign-evolved,1394,Du Xinmei,,Art,Environment Artist,,Virtuos Chengdu,core,Virtuos Chengdu/Environment Art#2149
halo-campaign-evolved,1395,Fang Ze,,Art,Environment Artist,,Virtuos Chengdu,core,Virtuos Chengdu/Environment Art#2150
halo-campaign-evolved,1396,He Junqi,,Art,Environment Artist,,Virtuos Chengdu,core,Virtuos Chengdu/Environment Art#2151
halo-campaign-evolved,1397,Liang Fuchao,,Art,Environment Artist,,Virtuos Chengdu,core,Virtuos Chengdu/Environment Art#2152
halo-campaign-evolved,1398,Li Hongyu,,Art,Environment Artist,,Virtuos Chengdu,core,Virtuos Chengdu/Environment Art#2153
halo-campaign-evolved,1399,Qin Fuwang,,Art,Environment Artist,,Virtuos Chengdu,core,Virtuos Chengdu/Environment Art#2154
halo-campaign-evolved,1400,Ran Pengsong,,Art,Environment Artist,,Virtuos Chengdu,core,Virtuos Chengdu/Environment Art#2155
halo-campaign-evolved,1401,Su Junqin,,Art,Environment Artist,,Virtuos Chengdu,core,Virtuos Chengdu/Environment Art#2156
halo-campaign-evolved,1402,Wang Peng,,Art,Environment Artist,,Virtuos Chengdu,core,Virtuos Chengdu/Environment Art#2157
halo-campaign-evolved,1403,Wan Peilin,,Art,Environment Artist,,Virtuos Chengdu,core,Virtuos Chengdu/Environment Art#2158
halo-campaign-evolved,1404,Wu Qian,,Art,Environment Artist,,Virtuos Chengdu,core,Virtuos Chengdu/Environment Art#2159
halo-campaign-evolved,1405,Wu Yuheng,,Art,Environment Artist,,Virtuos Chengdu,core,Virtuos Chengdu/Environment Art#2160
halo-campaign-evolved,1406,Xia Xiangyu,,Art,Environment Artist,,Virtuos Chengdu,core,Virtuos Chengdu/Environment Art#2161
halo-campaign-evolved,1407,Zeng Kai,,Art,Environment Artist,,Virtuos Chengdu,core,Virtuos Chengdu/Environment Art#2162
halo-campaign-evolved,1408,Zhang Fan,,Art,Environment Artist,,Virtuos Chengdu,core,Virtuos Chengdu/Environment Art#2163
halo-campaign-evolved,1409,Zhang Qi,,Art,Environment Artist,,Virtuos Chengdu,core,Virtuos Chengdu/Environment Art#2164
halo-campaign-evolved,1410,Zhang Yuanhang,,Art,Environment Artist,,Virtuos Chengdu,core,Virtuos Chengdu/Environment Art#2165
halo-campaign-evolved,1411,Zhang Yu,,Art,Environment Artist,,Virtuos Chengdu,core,Virtuos Chengdu/Environment Art#2166
halo-campaign-evolved,1412,Zhou Ying,,Art,Environment Artist,,Virtuos Chengdu,core,Virtuos Chengdu/Environment Art#2167
halo-campaign-evolved,1413,Zuo Zechen,,Art,Environment Artist,,Virtuos Chengdu,core,Virtuos Chengdu/Environment Art#2168
halo-campaign-evolved,1414,Duan Xin,,Art,Environment Artist,,Virtuos Chengdu,core,Virtuos Chengdu/Environment Art#2169
halo-campaign-evolved,1415,Gao Jiali,,Art,Environment Artist,,Virtuos Chengdu,core,Virtuos Chengdu/Environment Art#2170
halo-campaign-evolved,1416,Jia Xinzhe,,Art,Environment Artist,,Virtuos Chengdu,core,Virtuos Chengdu/Environment Art#2171
halo-campaign-evolved,1417,Li Dongjie,,Art,Environment Artist,,Virtuos Chengdu,core,Virtuos Chengdu/Environment Art#2172
halo-campaign-evolved,1418,Li Jiahui,,Art,Environment Artist,,Virtuos Chengdu,core,Virtuos Chengdu/Environment Art#2173
halo-campaign-evolved,1419,Li Mingjie,,Art,Environment Artist,,Virtuos Chengdu,core,Virtuos Chengdu/Environment Art#2174
halo-campaign-evolved,1420,Li Yuan,,Art,Environment Artist,,Virtuos Chengdu,core,Virtuos Chengdu/Environment Art#2175
halo-campaign-evolved,1421,Lu Di,,Art,Environment Artist,,Virtuos Chengdu,core,Virtuos Chengdu/Environment Art#2176
halo-campaign-evolved,1422,Qin Dongchen,,Art,Environment Artist,,Virtuos Chengdu,core,Virtuos Chengdu/Environment Art#2177
halo-campaign-evolved,1423,Shen Yunfei,,Art,Environment Artist,,Virtuos Chengdu,core,Virtuos Chengdu/Environment Art#2178
halo-campaign-evolved,1424,Tan Junwei,,Art,Environment Artist,,Virtuos Chengdu,core,Virtuos Chengdu/Environment Art#2179
halo-campaign-evolved,1425,Wang Dong,,Art,Environment Artist,,Virtuos Chengdu,core,Virtuos Chengdu/Environment Art#2180
halo-campaign-evolved,1426,Wang Wei,,Art,Environment Artist,,Virtuos Chengdu,core,Virtuos Chengdu/Environment Art#2181
halo-campaign-evolved,1427,Wang Xiehan,,Art,Environment Artist,,Virtuos Chengdu,core,Virtuos Chengdu/Environment Art#2182
halo-campaign-evolved,1428,Wang Xudong,,Art,Environment Artist,,Virtuos Chengdu,core,Virtuos Chengdu/Environment Art#2183
halo-campaign-evolved,1429,Wang Xuyang,,Art,Environment Artist,,Virtuos Chengdu,core,Virtuos Chengdu/Environment Art#2184
halo-campaign-evolved,1430,Xiao Shicheng,,Art,Environment Artist,,Virtuos Chengdu,core,Virtuos Chengdu/Environment Art#2185
halo-campaign-evolved,1431,Yang Qingmao,,Art,Environment Artist,,Virtuos Chengdu,core,Virtuos Chengdu/Environment Art#2186
halo-campaign-evolved,1432,Zhang Yichao,,Art,Environment Artist,,Virtuos Chengdu,core,Virtuos Chengdu/Environment Art#2187
halo-campaign-evolved,1433,Zhang Zhixiang,,Art,Environment Artist,,Virtuos Chengdu,core,Virtuos Chengdu/Environment Art#2188
halo-campaign-evolved,1434,Zhao Tao,,Art,Environment Artist,,Virtuos Chengdu,core,Virtuos Chengdu/Environment Art#2189
halo-campaign-evolved,1435,Zhou Zijian,,Art,Environment Artist,,Virtuos Chengdu,core,Virtuos Chengdu/Environment Art#2190
halo-campaign-evolved,1436,Zou Yuchen,,Art,Environment Artist,,Virtuos Chengdu,core,Virtuos Chengdu/Environment Art#2191
halo-campaign-evolved,1437,Zhai Dan,,Art,Environment Artist,,Virtuos Chengdu,core,Virtuos Chengdu/Environment Art#2192
halo-campaign-evolved,1438,Deng Haodong,,Art,Environment Artist,,Virtuos Chengdu,core,Virtuos Chengdu/Environment Art#2193
halo-campaign-evolved,1439,Xiong Guang,,Art,Environment Artist,,Virtuos Chengdu,core,Virtuos Chengdu/Environment Art#2194
halo-campaign-evolved,1440,Lv Jiahao,,Art,Environment Artist,,Virtuos Chengdu,core,Virtuos Chengdu/Environment Art#2195
halo-campaign-evolved,1441,Zhang Chao,,Art,Environment Artist,,Virtuos Chengdu,core,Virtuos Chengdu/Environment Art#2196
halo-campaign-evolved,1442,Cao Chen,,Art,Environment Artist,,Virtuos Chengdu,core,Virtuos Chengdu/Environment Art#2197
halo-campaign-evolved,1443,Du Ruiyan,,Art,Environment Artist,,Virtuos Chengdu,core,Virtuos Chengdu/Environment Art#2198
halo-campaign-evolved,1444,Fan Xinyi,,Art,Environment Artist,,Virtuos Chengdu,core,Virtuos Chengdu/Environment Art#2199
halo-campaign-evolved,1445,Fang Jie,,Art,Environment Artist,,Virtuos Chengdu,core,Virtuos Chengdu/Environment Art#2200
halo-campaign-evolved,1446,Gao Qiantao,,Art,Environment Artist,,Virtuos Chengdu,core,Virtuos Chengdu/Environment Art#2201
halo-campaign-evolved,1447,Guo Xin,,Art,Environment Artist,,Virtuos Chengdu,core,Virtuos Chengdu/Environment Art#2202
halo-campaign-evolved,1448,He Lang,,Art,Environment Artist,,Virtuos Chengdu,core,Virtuos Chengdu/Environment Art#2203
halo-campaign-evolved,1449,Kong Xiangsi,,Art,Environment Artist,,Virtuos Chengdu,core,Virtuos Chengdu/Environment Art#2204
halo-campaign-evolved,1450,Liang Tongquan,,Art,Environment Artist,,Virtuos Chengdu,core,Virtuos Chengdu/Environment Art#2205
halo-campaign-evolved,1451,Li Jinbo,,Art,Environment Artist,,Virtuos Chengdu,core,Virtuos Chengdu/Environment Art#2206
halo-campaign-evolved,1452,Lin Yujie,,Art,Environment Artist,,Virtuos Chengdu,core,Virtuos Chengdu/Environment Art#2207
halo-campaign-evolved,1453,Li Qifan,,Art,Environment Artist,,Virtuos Chengdu,core,Virtuos Chengdu/Environment Art#2208
halo-campaign-evolved,1454,Li Shuangchao,,Art,Environment Artist,,Virtuos Chengdu,core,Virtuos Chengdu/Environment Art#2209
halo-campaign-evolved,1455,Li Yongshuai,,Art,Environment Artist,,Virtuos Chengdu,core,Virtuos Chengdu/Environment Art#2210
halo-campaign-evolved,1456,Liu Liuxin,,Art,Environment Artist,,Virtuos Chengdu,core,Virtuos Chengdu/Environment Art#2211
halo-campaign-evolved,1457,Liu Yichao,,Art,Environment Artist,,Virtuos Chengdu,core,Virtuos Chengdu/Environment Art#2212
halo-campaign-evolved,1458,Liu Yongheng,,Art,Environment Artist,,Virtuos Chengdu,core,Virtuos Chengdu/Environment Art#2213
halo-campaign-evolved,1459,Liu Zhe,,Art,Environment Artist,,Virtuos Chengdu,core,Virtuos Chengdu/Environment Art#2214
halo-campaign-evolved,1460,Li Zhenxian,,Art,Environment Artist,,Virtuos Chengdu,core,Virtuos Chengdu/Environment Art#2215
halo-campaign-evolved,1461,Lu Jun,,Art,Environment Artist,,Virtuos Chengdu,core,Virtuos Chengdu/Environment Art#2216
halo-campaign-evolved,1462,Ma Yuhan,,Art,Environment Artist,,Virtuos Chengdu,core,Virtuos Chengdu/Environment Art#2217
halo-campaign-evolved,1463,Qiao Fange,,Art,Environment Artist,,Virtuos Chengdu,core,Virtuos Chengdu/Environment Art#2218
halo-campaign-evolved,1464,Shi Wenkang,,Art,Environment Artist,,Virtuos Chengdu,core,Virtuos Chengdu/Environment Art#2219
halo-campaign-evolved,1465,Shao Zifang,,Art,Environment Artist,,Virtuos Chengdu,core,Virtuos Chengdu/Environment Art#2220
halo-campaign-evolved,1466,Shui Xin,,Art,Environment Artist,,Virtuos Chengdu,core,Virtuos Chengdu/Environment Art#2221
halo-campaign-evolved,1467,Song Xinran,,Art,Environment Artist,,Virtuos Chengdu,core,Virtuos Chengdu/Environment Art#2222
halo-campaign-evolved,1468,Sun Jun,,Art,Environment Artist,,Virtuos Chengdu,core,Virtuos Chengdu/Environment Art#2223
halo-campaign-evolved,1469,Tang Guodong,,Art,Environment Artist,,Virtuos Chengdu,core,Virtuos Chengdu/Environment Art#2224
halo-campaign-evolved,1470,Tang Shiheng,,Art,Environment Artist,,Virtuos Chengdu,core,Virtuos Chengdu/Environment Art#2225
halo-campaign-evolved,1471,Tong Guanquan,,Art,Environment Artist,,Virtuos Chengdu,core,Virtuos Chengdu/Environment Art#2226
halo-campaign-evolved,1472,Wang Houdao,,Art,Environment Artist,,Virtuos Chengdu,core,Virtuos Chengdu/Environment Art#2227
halo-campaign-evolved,1473,Wang Kangning,,Art,Environment Artist,,Virtuos Chengdu,core,Virtuos Chengdu/Environment Art#2228
halo-campaign-evolved,1474,Wang Shuang,,Art,Environment Artist,,Virtuos Chengdu,core,Virtuos Chengdu/Environment Art#2229
halo-campaign-evolved,1475,Wang Yi,,Art,Environment Artist,,Virtuos Chengdu,core,Virtuos Chengdu/Environment Art#2230
halo-campaign-evolved,1476,Wang Yueyue,,Art,Environment Artist,,Virtuos Chengdu,core,Virtuos Chengdu/Environment Art#2231
halo-campaign-evolved,1477,Wang Zhongjie,,Art,Environment Artist,,Virtuos Chengdu,core,Virtuos Chengdu/Environment Art#2232
halo-campaign-evolved,1478,Wu Puzhao,,Art,Environment Artist,,Virtuos Chengdu,core,Virtuos Chengdu/Environment Art#2233
halo-campaign-evolved,1479,Wu Sihai,,Art,Environment Artist,,Virtuos Chengdu,core,Virtuos Chengdu/Environment Art#2234
halo-campaign-evolved,1480,Xu Ying,,Art,Environment Artist,,Virtuos Chengdu,core,Virtuos Chengdu/Environment Art#2235
halo-campaign-evolved,1481,Yang Minghao,,Art,Environment Artist,,Virtuos Chengdu,core,Virtuos Chengdu/Environment Art#2236
halo-campaign-evolved,1482,Yuan Wei,,Art,Environment Artist,,Virtuos Chengdu,core,Virtuos Chengdu/Environment Art#2237
halo-campaign-evolved,1483,Zhang Mengxi,,Art,Environment Artist,,Virtuos Chengdu,core,Virtuos Chengdu/Environment Art#2238
halo-campaign-evolved,1484,Zhang Qian,,Art,Environment Artist,,Virtuos Chengdu,core,Virtuos Chengdu/Environment Art#2239
halo-campaign-evolved,1485,Zhang Qiang,,Art,Environment Artist,,Virtuos Chengdu,core,Virtuos Chengdu/Environment Art#2240
halo-campaign-evolved,1486,Zhang Qiangzhi,,Art,Environment Artist,,Virtuos Chengdu,core,Virtuos Chengdu/Environment Art#2241
halo-campaign-evolved,1487,Zhang Qilin,,Art,Environment Artist,,Virtuos Chengdu,core,Virtuos Chengdu/Environment Art#2242
halo-campaign-evolved,1488,Zhang Yanping,,Art,Environment Artist,,Virtuos Chengdu,core,Virtuos Chengdu/Environment Art#2243
halo-campaign-evolved,1489,Zhao Jie,,Art,Environment Artist,,Virtuos Chengdu,core,Virtuos Chengdu/Environment Art#2244
halo-campaign-evolved,1490,Zhao Rui,,Art,Environment Artist,,Virtuos Chengdu,core,Virtuos Chengdu/Environment Art#2245
halo-campaign-evolved,1491,Du Jiang,,Art,Environment Artist,,Virtuos Chengdu,core,Virtuos Chengdu/Environment Art#2246
halo-campaign-evolved,1492,Li Mao,,Art,Environment Artist,,Virtuos Chengdu,core,Virtuos Chengdu/Environment Art#2247
halo-campaign-evolved,1493,Qi Chenqian,,Art,Environment Artist,,Virtuos Chengdu,core,Virtuos Chengdu/Environment Art#2248
halo-campaign-evolved,1494,Shan Hao,,Art,Environment Artist,,Virtuos Chengdu,core,Virtuos Chengdu/Environment Art#2249
halo-campaign-evolved,1495,Shi Yue,,Art,Environment Artist,,Virtuos Chengdu,core,Virtuos Chengdu/Environment Art#2250
halo-campaign-evolved,1496,Li Guang Yao,,Art,Environment Artist,,Virtuos Chengdu,core,Virtuos Chengdu/Environment Art#2251
halo-campaign-evolved,1497,Lai Li,,Other,IT Leader,,Virtuos Chengdu,core,Virtuos Chengdu/IT#2255
halo-campaign-evolved,1498,Tu Xiaolin,,Other,IT Specialist,,Virtuos Chengdu,core,Virtuos Chengdu/IT#2256
halo-campaign-evolved,1499,Duan Yang,,Other,IT Specialist,,Virtuos Chengdu,core,Virtuos Chengdu/IT#2257
halo-campaign-evolved,1500,Nie Xingde,,Other,System Admin,,Virtuos Chengdu,core,Virtuos Chengdu/IT#2258
halo-campaign-evolved,1501,Zheng Rui,,Engineering,Network Engineer Leader,,Virtuos Chengdu,core,Virtuos Chengdu/IT#2259
halo-campaign-evolved,1502,Zhang Zhenyou,,Engineering,Network Engineer,,Virtuos Chengdu,core,Virtuos Chengdu/IT#2260
halo-campaign-evolved,1503,Hu Tao,,Production,Executive Producer,,Virtuos Chengdu,core,Virtuos Chengdu/Production#2264
halo-campaign-evolved,1504,Tang Yifan,,Art,Associate Art Production Director,,Virtuos Chengdu,core,Virtuos Chengdu/Production#2265
halo-campaign-evolved,1505,Lu Ke,,Production,Producer,,Virtuos Chengdu,core,Virtuos Chengdu/Production#2266
halo-campaign-evolved,1506,Hou Yushan,,Production,Producer,,Virtuos Chengdu,core,Virtuos Chengdu/Production#2267
halo-campaign-evolved,1507,Hu Xiaowen,,Production,Producer,,Virtuos Chengdu,core,Virtuos Chengdu/Production#2268
halo-campaign-evolved,1508,Zhang Zhiyi,,Production,Producer,,Virtuos Chengdu,core,Virtuos Chengdu/Production#2269
halo-campaign-evolved,1509,"Xi ""Sherry"" He",,Production,Producer,,Virtuos Chengdu,core,Virtuos Chengdu/Production#2270
halo-campaign-evolved,1510,Min Yuqi,,Production,Producer,,Virtuos Chengdu,core,Virtuos Chengdu/Production#2271
halo-campaign-evolved,1511,Meng Taofei,,Production,Producer,,Virtuos Chengdu,core,Virtuos Chengdu/Production#2272
halo-campaign-evolved,1512,Yang Ruolin,,Production,Producer,,Virtuos Chengdu,core,Virtuos Chengdu/Production#2273
halo-campaign-evolved,1513,Sun Qi,,Production,Producer,,Virtuos Chengdu,core,Virtuos Chengdu/Production#2274
halo-campaign-evolved,1514,Sun Chenxuan,,Production,Producer,,Virtuos Chengdu,core,Virtuos Chengdu/Production#2275
halo-campaign-evolved,1515,Zeng Ruilin,,Production,Producer,,Virtuos Chengdu,core,Virtuos Chengdu/Production#2276
halo-campaign-evolved,1516,Mei Ling,,Production,Producer,,Virtuos Chengdu,core,Virtuos Chengdu/Production#2277
halo-campaign-evolved,1517,Li Yali,,Production,Producer,,Virtuos Chengdu,core,Virtuos Chengdu/Production#2278
halo-campaign-evolved,1518,Huang Tianchen,,Production,Producer,,Virtuos Chengdu,core,Virtuos Chengdu/Production#2279
halo-campaign-evolved,1519,Wu Siyao,,Production,Producer,,Virtuos Chengdu,core,Virtuos Chengdu/Production#2280
halo-campaign-evolved,1520,Fu Guanwen,,Production,Producer,,Virtuos Chengdu,core,Virtuos Chengdu/Production#2281
halo-campaign-evolved,1521,Wang Yujia,,Production,Planning,,Virtuos Chengdu,core,Virtuos Chengdu/Production#2282
halo-campaign-evolved,1522,Li Xia,,Production,Planning,,Virtuos Chengdu,core,Virtuos Chengdu/Production#2283
halo-campaign-evolved,1523,Hu Hongfei,,Production,Planning,,Virtuos Chengdu,core,Virtuos Chengdu/Production#2284
halo-campaign-evolved,1524,Lin Kuixu,,Production,Planning,,Virtuos Chengdu,core,Virtuos Chengdu/Production#2285
halo-campaign-evolved,1525,Wang Xuan,,QA,QA Team Leader,,Virtuos Chengdu,core,Virtuos Chengdu/QA#2289
halo-campaign-evolved,1526,Wu Di,,QA,Art QC,,Virtuos Chengdu,core,Virtuos Chengdu/QA#2290
halo-campaign-evolved,1527,Yu Qiuxiang,,QA,Art QC,,Virtuos Chengdu,core,Virtuos Chengdu/QA#2291
halo-campaign-evolved,1528,Lu Zhuang,,QA,Art QC,,Virtuos Chengdu,core,Virtuos Chengdu/QA#2292
halo-campaign-evolved,1529,Xu Wei,,QA,Art QC,,Virtuos Chengdu,core,Virtuos Chengdu/QA#2293
halo-campaign-evolved,1530,Deng Yafang,,QA,Art QC,,Virtuos Chengdu,core,Virtuos Chengdu/QA#2294
halo-campaign-evolved,1531,Huang Jiaqi,,QA,Art QC,,Virtuos Chengdu,core,Virtuos Chengdu/QA#2295
halo-campaign-evolved,1532,Xu Qiuxiang,,QA,Art QC,,Virtuos Chengdu,core,Virtuos Chengdu/QA#2296
halo-campaign-evolved,1533,Ji Xiaoxuan,,QA,Art QC,,Virtuos Chengdu,core,Virtuos Chengdu/QA#2297
halo-campaign-evolved,1534,Zhang Lishi,,QA,Art QC,,Virtuos Chengdu,core,Virtuos Chengdu/QA#2298
halo-campaign-evolved,1535,Zhao Zijun,,QA,Art QC,,Virtuos Chengdu,core,Virtuos Chengdu/QA#2299
halo-campaign-evolved,1536,Zhu Ping,,QA,Art QC,,Virtuos Chengdu,core,Virtuos Chengdu/QA#2300
halo-campaign-evolved,1537,Li Haoran,,Art,Technical Artist,,Virtuos Chengdu,core,Virtuos Chengdu/Tech Art#2304
halo-campaign-evolved,1538,Liu Chang,,Art,Technical Artist,,Virtuos Chengdu,core,Virtuos Chengdu/Tech Art#2305
halo-campaign-evolved,1539,Liu Mengfan,,Art,Technical Artist,,Virtuos Chengdu,core,Virtuos Chengdu/Tech Art#2306
halo-campaign-evolved,1540,Qu Zhipeng,,Art,Technical Artist,,Virtuos Chengdu,core,Virtuos Chengdu/Tech Art#2307
halo-campaign-evolved,1541,Shang Chenbin,,Art,Technical Artist,,Virtuos Chengdu,core,Virtuos Chengdu/Tech Art#2308
halo-campaign-evolved,1542,Ta Zhichao,,Art,Technical Artist,,Virtuos Chengdu,core,Virtuos Chengdu/Tech Art#2309
halo-campaign-evolved,1543,Zeng Yanjia,,Art,Technical Artist,,Virtuos Chengdu,core,Virtuos Chengdu/Tech Art#2310
halo-campaign-evolved,1544,Deng Haodong,,Art,Technical Artist,,Virtuos Chengdu,core,Virtuos Chengdu/Tech Art#2311
halo-campaign-evolved,1545,Han Wanni,,Art,Technical Artist,,Virtuos Chengdu,core,Virtuos Chengdu/Tech Art#2312
halo-campaign-evolved,1546,Liu Mingyu,,Art,Technical Artist,,Virtuos Chengdu,core,Virtuos Chengdu/Tech Art#2313
halo-campaign-evolved,1547,Yang Na,,Art,Technical Artist,,Virtuos Chengdu,core,Virtuos Chengdu/Tech Art#2314
halo-campaign-evolved,1548,Le Hoang Nguyen Thuy,,Leadership,General Manager,,Virtuos GlassEgg,core,Virtuos GlassEgg/Virtuos GlassEgg Leadership#2319
halo-campaign-evolved,1549,Christopher Cheron,,Production,Production Director,,Virtuos GlassEgg,core,Virtuos GlassEgg/Production#2323
halo-campaign-evolved,1550,Le Xuan Tung,,Art,Senior Art Producer,,Virtuos GlassEgg,core,Virtuos GlassEgg/Production#2324
halo-campaign-evolved,1551,Vo Thi Thanh Thao,,Art,Senior Art Producer,,Virtuos GlassEgg,core,Virtuos GlassEgg/Production#2325
halo-campaign-evolved,1552,Le Minh Thuan Thien,,Art,Art Manager,,Virtuos GlassEgg,core,Virtuos GlassEgg/Level Art#2329
halo-campaign-evolved,1553,Le Thi Bich Ngoc,,Art,Art Lead,,Virtuos GlassEgg,core,Virtuos GlassEgg/Level Art#2330
halo-campaign-evolved,1554,Huynh Thi Hong Ngan,,Art,Level Artist,,Virtuos GlassEgg,core,Virtuos GlassEgg/Level Art#2331
halo-campaign-evolved,1555,Le Tan Huynh,,Art,Level Artist,,Virtuos GlassEgg,core,Virtuos GlassEgg/Level Art#2332
halo-campaign-evolved,1556,Nguyen Trong Hieu,,Art,Level Artist,,Virtuos GlassEgg,core,Virtuos GlassEgg/Level Art#2333
halo-campaign-evolved,1557,Tran Thanh Tung,,Art,Level Artist,,Virtuos GlassEgg,core,Virtuos GlassEgg/Level Art#2334
halo-campaign-evolved,1558,Thai Thanh Lam,,Art,Level Artist,,Virtuos GlassEgg,core,Virtuos GlassEgg/Level Art#2335
halo-campaign-evolved,1559,Truong Quoc Tuan,,Art,Level Artist,,Virtuos GlassEgg,core,Virtuos GlassEgg/Level Art#2336
halo-campaign-evolved,1560,Nguyen Duy Thuy,,Art,Level Artist,,Virtuos GlassEgg,core,Virtuos GlassEgg/Level Art#2337
halo-campaign-evolved,1561,Nguyen Le Hoai Vu,,Art,Level Artist,,Virtuos GlassEgg,core,Virtuos GlassEgg/Level Art#2338
halo-campaign-evolved,1562,Do Hai Nhi,,Art,Level Artist,,Virtuos GlassEgg,core,Virtuos GlassEgg/Level Art#2339
halo-campaign-evolved,1563,Tran Quang Huy,,Art,Level Artist,,Virtuos GlassEgg,core,Virtuos GlassEgg/Level Art#2340
halo-campaign-evolved,1564,Nguyen Ngoc Tu,,Art,Level Artist,,Virtuos GlassEgg,core,Virtuos GlassEgg/Level Art#2341
halo-campaign-evolved,1565,Huynh Kim Chi,,Art,Level Artist,,Virtuos GlassEgg,core,Virtuos GlassEgg/Level Art#2342
halo-campaign-evolved,1566,Nguyen Hoang Long,,Art,Level Artist,,Virtuos GlassEgg,core,Virtuos GlassEgg/Level Art#2343
halo-campaign-evolved,1567,Nguyen Thi Kim Anh,,Art,Level Artist,,Virtuos GlassEgg,core,Virtuos GlassEgg/Level Art#2344
halo-campaign-evolved,1568,Nguyen Thi My Dung,,Art,Level Artist,,Virtuos GlassEgg,core,Virtuos GlassEgg/Level Art#2345
halo-campaign-evolved,1569,Nguyen Trong Hieu,,Other,Senior Technical Manager,,Virtuos GlassEgg,core,Virtuos GlassEgg/IT#2349
halo-campaign-evolved,1570,Chau Quan Dieu,,Other,Technical Support,,Virtuos GlassEgg,core,Virtuos GlassEgg/IT#2350
halo-campaign-evolved,1571,Pham Van Nam,,Other,IT Facility Manager,,Virtuos GlassEgg,core,Virtuos GlassEgg/IT#2351
halo-campaign-evolved,1572,Wang Weiwei,,Leadership,General Manager,,Virtuos Shanghai,core,Virtuos Shanghai/Virtuos Shanghai Leadership#2356
halo-campaign-evolved,1573,James Brough,,Art,Studio Art Director,,Virtuos Shanghai,core,Virtuos Shanghai/Virtuos Shanghai Leadership#2357
halo-campaign-evolved,1574,Fionn Hand,,Production,Production Director,,Virtuos Shanghai,core,Virtuos Shanghai/Virtuos Shanghai Leadership#2358
halo-campaign-evolved,1575,Wang Weiwei,,Leadership,General Manager,,Virtuos Shanghai,core,Virtuos Shanghai/Virtuos Shanghai Leadership#2359
halo-campaign-evolved,1576,He Yinian,,Art,Team Leader,,Virtuos Shanghai,core,Virtuos Shanghai/Environment Art#2363
halo-campaign-evolved,1577,Li Pianpian,,Art,Team Leader,,Virtuos Shanghai,core,Virtuos Shanghai/Environment Art#2364
halo-campaign-evolved,1578,Tao Dongfei,,Art,Team Leader,,Virtuos Shanghai,core,Virtuos Shanghai/Environment Art#2365
halo-campaign-evolved,1579,Wan Huiting,,Art,Team Leader,,Virtuos Shanghai,core,Virtuos Shanghai/Environment Art#2366
halo-campaign-evolved,1580,Bai Yunchuan,,Art,Environment Artist,,Virtuos Shanghai,core,Virtuos Shanghai/Environment Art#2367
halo-campaign-evolved,1581,Cai Tianhua,,Art,Environment Artist,,Virtuos Shanghai,core,Virtuos Shanghai/Environment Art#2368
halo-campaign-evolved,1582,Chen Yang,,Art,Environment Artist,,Virtuos Shanghai,core,Virtuos Shanghai/Environment Art#2369
halo-campaign-evolved,1583,Dai Le,,Art,Environment Artist,,Virtuos Shanghai,core,Virtuos Shanghai/Environment Art#2370
halo-campaign-evolved,1584,Dai Rong,,Art,Environment Artist,,Virtuos Shanghai,core,Virtuos Shanghai/Environment Art#2371
halo-campaign-evolved,1585,Du Bin,,Art,Environment Artist,,Virtuos Shanghai,core,Virtuos Shanghai/Environment Art#2372
halo-campaign-evolved,1586,Guan Yuchen,,Art,Environment Artist,,Virtuos Shanghai,core,Virtuos Shanghai/Environment Art#2373
halo-campaign-evolved,1587,Han Chenjia,,Art,Environment Artist,,Virtuos Shanghai,core,Virtuos Shanghai/Environment Art#2374
halo-campaign-evolved,1588,He Maolin,,Art,Environment Artist,,Virtuos Shanghai,core,Virtuos Shanghai/Environment Art#2375
halo-campaign-evolved,1589,Hu Yongliang,,Art,Environment Artist,,Virtuos Shanghai,core,Virtuos Shanghai/Environment Art#2376
halo-campaign-evolved,1590,Ji Rongxin,,Art,Environment Artist,,Virtuos Shanghai,core,Virtuos Shanghai/Environment Art#2377
halo-campaign-evolved,1591,Lan Shuo,,Art,Environment Artist,,Virtuos Shanghai,core,Virtuos Shanghai/Environment Art#2378
halo-campaign-evolved,1592,Li Haonan,,Art,Environment Artist,,Virtuos Shanghai,core,Virtuos Shanghai/Environment Art#2379
halo-campaign-evolved,1593,Li Jianwei,,Art,Environment Artist,,Virtuos Shanghai,core,Virtuos Shanghai/Environment Art#2380
halo-campaign-evolved,1594,Li Jun,,Art,Environment Artist,,Virtuos Shanghai,core,Virtuos Shanghai/Environment Art#2381
halo-campaign-evolved,1595,Li Shangyu,,Art,Environment Artist,,Virtuos Shanghai,core,Virtuos Shanghai/Environment Art#2382
halo-campaign-evolved,1596,Li Xinfei,,Art,Environment Artist,,Virtuos Shanghai,core,Virtuos Shanghai/Environment Art#2383
halo-campaign-evolved,1597,Liu Di,,Art,Environment Artist,,Virtuos Shanghai,core,Virtuos Shanghai/Environment Art#2384
halo-campaign-evolved,1598,Liu Hanwen,,Art,Environment Artist,,Virtuos Shanghai,core,Virtuos Shanghai/Environment Art#2385
halo-campaign-evolved,1599,Liu Shasha,,Art,Environment Artist,,Virtuos Shanghai,core,Virtuos Shanghai/Environment Art#2386
halo-campaign-evolved,1600,Lu Bo,,Art,Environment Artist,,Virtuos Shanghai,core,Virtuos Shanghai/Environment Art#2387
halo-campaign-evolved,1601,Lu Lijia,,Art,Environment Artist,,Virtuos Shanghai,core,Virtuos Shanghai/Environment Art#2388
halo-campaign-evolved,1602,Lu Yangyi,,Art,Environment Artist,,Virtuos Shanghai,core,Virtuos Shanghai/Environment Art#2389
halo-campaign-evolved,1603,Lv LeLe,,Art,Environment Artist,,Virtuos Shanghai,core,Virtuos Shanghai/Environment Art#2390
halo-campaign-evolved,1604,Ma Liang,,Art,Environment Artist,,Virtuos Shanghai,core,Virtuos Shanghai/Environment Art#2391
halo-campaign-evolved,1605,Pei Changhong,,Art,Environment Artist,,Virtuos Shanghai,core,Virtuos Shanghai/Environment Art#2392
halo-campaign-evolved,1606,Pu Yiwen,,Art,Environment Artist,,Virtuos Shanghai,core,Virtuos Shanghai/Environment Art#2393
halo-campaign-evolved,1607,Qin Lulu,,Art,Environment Artist,,Virtuos Shanghai,core,Virtuos Shanghai/Environment Art#2394
halo-campaign-evolved,1608,Qin Xin_a,,Art,Environment Artist,,Virtuos Shanghai,core,Virtuos Shanghai/Environment Art#2395
halo-campaign-evolved,1609,Qiu Jinlong,,Art,Environment Artist,,Virtuos Shanghai,core,Virtuos Shanghai/Environment Art#2396
halo-campaign-evolved,1610,Shi Han,,Art,Environment Artist,,Virtuos Shanghai,core,Virtuos Shanghai/Environment Art#2397
halo-campaign-evolved,1611,Si Zhipeng,,Art,Environment Artist,,Virtuos Shanghai,core,Virtuos Shanghai/Environment Art#2398
halo-campaign-evolved,1612,Sun Huakai,,Art,Environment Artist,,Virtuos Shanghai,core,Virtuos Shanghai/Environment Art#2399
halo-campaign-evolved,1613,Wan Zhongyuan,,Art,Environment Artist,,Virtuos Shanghai,core,Virtuos Shanghai/Environment Art#2400
halo-campaign-evolved,1614,Wang Bowen,,Art,Environment Artist,,Virtuos Shanghai,core,Virtuos Shanghai/Environment Art#2401
halo-campaign-evolved,1615,Wang Chengyu,,Art,Environment Artist,,Virtuos Shanghai,core,Virtuos Shanghai/Environment Art#2402
halo-campaign-evolved,1616,Wang Jin,,Art,Environment Artist,,Virtuos Shanghai,core,Virtuos Shanghai/Environment Art#2403
halo-campaign-evolved,1617,Wang Wenlin,,Art,Environment Artist,,Virtuos Shanghai,core,Virtuos Shanghai/Environment Art#2404
halo-campaign-evolved,1618,Wang Zhengbo,,Art,Environment Artist,,Virtuos Shanghai,core,Virtuos Shanghai/Environment Art#2405
halo-campaign-evolved,1619,Wu Bing,,Art,Environment Artist,,Virtuos Shanghai,core,Virtuos Shanghai/Environment Art#2406
halo-campaign-evolved,1620,Wu Jiahao,,Art,Environment Artist,,Virtuos Shanghai,core,Virtuos Shanghai/Environment Art#2407
halo-campaign-evolved,1621,Wu Shengtao,,Art,Environment Artist,,Virtuos Shanghai,core,Virtuos Shanghai/Environment Art#2408
halo-campaign-evolved,1622,Wu Shiyue,,Art,Environment Artist,,Virtuos Shanghai,core,Virtuos Shanghai/Environment Art#2409
halo-campaign-evolved,1623,Wu Zhehai,,Art,Environment Artist,,Virtuos Shanghai,core,Virtuos Shanghai/Environment Art#2410
halo-campaign-evolved,1624,Xie Zhiyu,,Art,Environment Artist,,Virtuos Shanghai,core,Virtuos Shanghai/Environment Art#2411
halo-campaign-evolved,1625,Yan Fangjin,,Art,Environment Artist,,Virtuos Shanghai,core,Virtuos Shanghai/Environment Art#2412
halo-campaign-evolved,1626,Yan Shengchu,,Art,Environment Artist,,Virtuos Shanghai,core,Virtuos Shanghai/Environment Art#2413
halo-campaign-evolved,1627,Yang Yijin,,Art,Environment Artist,,Virtuos Shanghai,core,Virtuos Shanghai/Environment Art#2414
halo-campaign-evolved,1628,Ye Chenting,,Art,Environment Artist,,Virtuos Shanghai,core,Virtuos Shanghai/Environment Art#2415
halo-campaign-evolved,1629,Ye Rong,,Art,Environment Artist,,Virtuos Shanghai,core,Virtuos Shanghai/Environment Art#2416
halo-campaign-evolved,1630,Zhang Hongjie,,Art,Environment Artist,,Virtuos Shanghai,core,Virtuos Shanghai/Environment Art#2417
halo-campaign-evolved,1631,Zhang Hu,,Art,Environment Artist,,Virtuos Shanghai,core,Virtuos Shanghai/Environment Art#2418
halo-campaign-evolved,1632,Zhang Huadong,,Art,Environment Artist,,Virtuos Shanghai,core,Virtuos Shanghai/Environment Art#2419
halo-campaign-evolved,1633,Zhang Jinde,,Art,Environment Artist,,Virtuos Shanghai,core,Virtuos Shanghai/Environment Art#2420
halo-campaign-evolved,1634,Zhang Jing,,Art,Environment Artist,,Virtuos Shanghai,core,Virtuos Shanghai/Environment Art#2421
halo-campaign-evolved,1635,Zhang Liujun,,Art,Environment Artist,,Virtuos Shanghai,core,Virtuos Shanghai/Environment Art#2422
halo-campaign-evolved,1636,Zhang Xin_c,,Art,Environment Artist,,Virtuos Shanghai,core,Virtuos Shanghai/Environment Art#2423
halo-campaign-evolved,1637,Zhang Yijia,,Art,Environment Artist,,Virtuos Shanghai,core,Virtuos Shanghai/Environment Art#2424
halo-campaign-evolved,1638,Zhang Zhan,,Art,Environment Artist,,Virtuos Shanghai,core,Virtuos Shanghai/Environment Art#2425
halo-campaign-evolved,1639,Zheng Daowei,,Art,Environment Artist,,Virtuos Shanghai,core,Virtuos Shanghai/Environment Art#2426
halo-campaign-evolved,1640,Zheng Zhong,,Art,Environment Artist,,Virtuos Shanghai,core,Virtuos Shanghai/Environment Art#2427
halo-campaign-evolved,1641,Zhou Huajun,,Art,Environment Artist,,Virtuos Shanghai,core,Virtuos Shanghai/Environment Art#2428
halo-campaign-evolved,1642,Zhu Jiaming,,Art,Environment Artist,,Virtuos Shanghai,core,Virtuos Shanghai/Environment Art#2429
halo-campaign-evolved,1643,Zhu Kai,,Art,Environment Artist,,Virtuos Shanghai,core,Virtuos Shanghai/Environment Art#2430
halo-campaign-evolved,1644,Zhu Yichen,,Art,Environment Artist,,Virtuos Shanghai,core,Virtuos Shanghai/Environment Art#2431
halo-campaign-evolved,1645,Gong Zhengang,,Art,Material Artist,,Virtuos Shanghai,core,Virtuos Shanghai/Environment Art#2432
halo-campaign-evolved,1646,Huang Yanuo,,Art,Material Artist,,Virtuos Shanghai,core,Virtuos Shanghai/Environment Art#2433
halo-campaign-evolved,1647,Lu Yuxin,,Art,Technical Artist,,Virtuos Shanghai,core,Virtuos Shanghai/Environment Tech Art#2437
halo-campaign-evolved,1648,Sun Chuankai,,Art,Technical Artist,,Virtuos Shanghai,core,Virtuos Shanghai/Environment Tech Art#2438
halo-campaign-evolved,1649,Shen Zhiyuan,,Other,IT Director,,Virtuos Shanghai,core,Virtuos Shanghai/IT#2442
halo-campaign-evolved,1650,Qin Yingzhen,,Other,ITBP,,Virtuos Shanghai,core,Virtuos Shanghai/IT#2443
halo-campaign-evolved,1651,Chen Jiajun,,Engineering,Network Engineer,,Virtuos Shanghai,core,Virtuos Shanghai/IT#2444
halo-campaign-evolved,1652,Liang Chen,,Other,IT Helpdesk,,Virtuos Shanghai,core,Virtuos Shanghai/IT#2445
halo-campaign-evolved,1653,Zhang Yongbin,,Other,IT Helpdesk,,Virtuos Shanghai,core,Virtuos Shanghai/IT#2446
halo-campaign-evolved,1654,Fionn Hand,,Production,Production Director,,Virtuos Shanghai,core,Virtuos Shanghai/Production#2450
halo-campaign-evolved,1655,Chen Huapeng,,Production,Producer,,Virtuos Shanghai,core,Virtuos Shanghai/Production#2451
halo-campaign-evolved,1656,Jesse Puype,,Production,Producer,,Virtuos Shanghai,core,Virtuos Shanghai/Production#2452
halo-campaign-evolved,1657,Liu Lei,,QA,QA Team Leader,,Virtuos Shanghai,core,Virtuos Shanghai/QA#2456
halo-campaign-evolved,1658,Zhu Shiqian,,QA,Art QC,,Virtuos Shanghai,core,Virtuos Shanghai/QA#2457
halo-campaign-evolved,1659,Tran Le Vinh,,Art,Animation Director,,Virtuos Sparx,core,Virtuos Sparx/Animation#2462
halo-campaign-evolved,1660,Bui Thi Yen Phuong,,Art,Animation Producer,,Virtuos Sparx,core,Virtuos Sparx/Animation#2463
halo-campaign-evolved,1661,Nguyen Chi Cong,,Art,Senior Technical Animator,,Virtuos Sparx,core,Virtuos Sparx/Animation#2464
halo-campaign-evolved,1662,Ta Tan Dat,,Art,Animation PO,,Virtuos Sparx,core,Virtuos Sparx/Animation#2465
halo-campaign-evolved,1663,Truong Xuan Nhi,,Art,Animator,,Virtuos Sparx,core,Virtuos Sparx/Animation#2466
halo-campaign-evolved,1664,Bryan Daniele Cero Alcarde,,Art,Associate Art Director,,Virtuos Sparx,core,Virtuos Sparx/Character#2470
halo-campaign-evolved,1665,Vuong Nguyen Minh Thu,,Art,Senior Art Producer,,Virtuos Sparx,core,Virtuos Sparx/Character#2471
halo-campaign-evolved,1666,Nguyen Thi Mai Anh,,Art,Art Producer,,Virtuos Sparx,core,Virtuos Sparx/Character#2472
halo-campaign-evolved,1667,Tran Cam Tu,,Art,Associate Art Producer,,Virtuos Sparx,core,Virtuos Sparx/Character#2473
halo-campaign-evolved,1668,Stephen Guillarte,,Art,Team Leader,,Virtuos Sparx,core,Virtuos Sparx/Character#2474
halo-campaign-evolved,1669,Nguyen Van Ninh,,Art,Character Artist,,Virtuos Sparx,core,Virtuos Sparx/Character#2475
halo-campaign-evolved,1670,Nguyen Duc Manh,,Art,Character Artist,,Virtuos Sparx,core,Virtuos Sparx/Character#2476
halo-campaign-evolved,1671,Doan Ha Kim Anh,,Art,Character Artist,,Virtuos Sparx,core,Virtuos Sparx/Character#2477
halo-campaign-evolved,1672,Le Minh Tu,,Art,Character Artist,,Virtuos Sparx,core,Virtuos Sparx/Character#2478
halo-campaign-evolved,1673,Nguyen Tra Giang,,Art,Character Artist,,Virtuos Sparx,core,Virtuos Sparx/Character#2479
halo-campaign-evolved,1674,Tran Thien Luan,,Art,Character Artist,,Virtuos Sparx,core,Virtuos Sparx/Character#2480
halo-campaign-evolved,1675,Le Vu Quang,,Art,Character Artist,,Virtuos Sparx,core,Virtuos Sparx/Character#2481
halo-campaign-evolved,1676,Nguyen Thi Ngoc Huyen,,Art,Character Artist,,Virtuos Sparx,core,Virtuos Sparx/Character#2482
halo-campaign-evolved,1677,Vo Hong Hanh,,Art,Character Artist,,Virtuos Sparx,core,Virtuos Sparx/Character#2483
halo-campaign-evolved,1678,Phung Gia Bao,,Art,Character Artist,,Virtuos Sparx,core,Virtuos Sparx/Character#2484
halo-campaign-evolved,1679,Lucas Leger,,Art,Concept Associate Art Director,,Virtuos Sparx,core,Virtuos Sparx/Concept Art#2488
halo-campaign-evolved,1680,Do Minh Tam,,Art,Senior Art Producer,,Virtuos Sparx,core,Virtuos Sparx/Concept Art#2489
halo-campaign-evolved,1681,Leo Stalgrim,,Art,Concept Artist,,Virtuos Sparx,core,Virtuos Sparx/Concept Art#2490
halo-campaign-evolved,1682,Marina Ovchinnikova,,Art,Concept Artist,,Virtuos Sparx,core,Virtuos Sparx/Concept Art#2491
halo-campaign-evolved,1683,Dang Dinh Huong Giang,,Art,Concept Artist,,Virtuos Sparx,core,Virtuos Sparx/Concept Art#2492
halo-campaign-evolved,1684,Nguyen Quoc Thien Anh,,Art,Concept Artist,,Virtuos Sparx,core,Virtuos Sparx/Concept Art#2493
halo-campaign-evolved,1685,Pham Manh Dat,,Art,Concept Artist,,Virtuos Sparx,core,Virtuos Sparx/Concept Art#2494
halo-campaign-evolved,1686,Diep Hieu Nghia,,Art,Concept Artist,,Virtuos Sparx,core,Virtuos Sparx/Concept Art#2495
halo-campaign-evolved,1687,Nguyen Hoang Anh,,Art,Concept Artist,,Virtuos Sparx,core,Virtuos Sparx/Concept Art#2496
halo-campaign-evolved,1688,Phan Minh Tuan,,Art,Concept Artist,,Virtuos Sparx,core,Virtuos Sparx/Concept Art#2497
halo-campaign-evolved,1689,Nguyen Cong Danh,,Art,Concept Artist,,Virtuos Sparx,core,Virtuos Sparx/Concept Art#2498
halo-campaign-evolved,1690,Le Thuy Phuong Thuy,,Art,Art Director,,Virtuos Sparx,core,Virtuos Sparx/Environment Art#2502
halo-campaign-evolved,1691,Ly Huy,,Art,Senior Art Producer,,Virtuos Sparx,core,Virtuos Sparx/Environment Art#2503
halo-campaign-evolved,1692,Duong Gia Hy,,Art,Art Producer,,Virtuos Sparx,core,Virtuos Sparx/Environment Art#2504
halo-campaign-evolved,1693,Pham Hong Ngoc,,Art,Associate Art Producer,,Virtuos Sparx,core,Virtuos Sparx/Environment Art#2505
halo-campaign-evolved,1694,Nguyen Duong Hong Diem,,Art,Production Coordinator,,Virtuos Sparx,core,Virtuos Sparx/Environment Art#2506
halo-campaign-evolved,1695,Mai Nguyen Nhut Quynh,,Art,Production Coordinator,,Virtuos Sparx,core,Virtuos Sparx/Environment Art#2507
halo-campaign-evolved,1696,Nguyen Mai Phuong,,Art,Associate Art Producer,,Virtuos Sparx,core,Virtuos Sparx/Environment Art#2508
halo-campaign-evolved,1697,Luu So An,,Art,Level Team Lead,,Virtuos Sparx,core,Virtuos Sparx/Environment Art#2509
halo-campaign-evolved,1698,Nguyen Nam,,Art,Level Team Lead,,Virtuos Sparx,core,Virtuos Sparx/Environment Art#2510
halo-campaign-evolved,1699,Nguyen Hoang Hung,,Art,Level Team Lead,,Virtuos Sparx,core,Virtuos Sparx/Environment Art#2511
halo-campaign-evolved,1700,Do Minh Quan,,Art,Level Artist,,Virtuos Sparx,core,Virtuos Sparx/Environment Art#2512
halo-campaign-evolved,1701,Duong Thi My Trang,,Art,Level Artist,,Virtuos Sparx,core,Virtuos Sparx/Environment Art#2513
halo-campaign-evolved,1702,Nguyen Quoc Anh,,Art,Level Artist,,Virtuos Sparx,core,Virtuos Sparx/Environment Art#2514
halo-campaign-evolved,1703,Nguyen Vo Anh Minh,,Art,Level Artist,,Virtuos Sparx,core,Virtuos Sparx/Environment Art#2515
halo-campaign-evolved,1704,Tran Tung Duong,,Art,Level Artist,,Virtuos Sparx,core,Virtuos Sparx/Environment Art#2516
halo-campaign-evolved,1705,Do Thach Quyet,,Art,Level Artist,,Virtuos Sparx,core,Virtuos Sparx/Environment Art#2517
halo-campaign-evolved,1706,Reynaldo Palomino Echeandia,,Art,Level Artist,,Virtuos Sparx,core,Virtuos Sparx/Environment Art#2518
halo-campaign-evolved,1707,Tran Van Ha,,Art,Level Artist,,Virtuos Sparx,core,Virtuos Sparx/Environment Art#2519
halo-campaign-evolved,1708,Le Khac Thai,,Art,Level Artist,,Virtuos Sparx,core,Virtuos Sparx/Environment Art#2520
halo-campaign-evolved,1709,Nguyen Le Trung,,Art,Level Artist,,Virtuos Sparx,core,Virtuos Sparx/Environment Art#2521
halo-campaign-evolved,1710,Le Tran Hoang Long,,Art,Level Artist,,Virtuos Sparx,core,Virtuos Sparx/Environment Art#2522
halo-campaign-evolved,1711,Hoang Kieu Trang,,Art,Level Artist,,Virtuos Sparx,core,Virtuos Sparx/Environment Art#2523
halo-campaign-evolved,1712,Nguyen Thi Truc Nhu,,Art,Level Artist,,Virtuos Sparx,core,Virtuos Sparx/Environment Art#2524
halo-campaign-evolved,1713,Nguyen Quoc Anh Khoa,,Art,Level Artist,,Virtuos Sparx,core,Virtuos Sparx/Environment Art#2525
halo-campaign-evolved,1714,Tran Mai Khanh,,Art,Level Artist,,Virtuos Sparx,core,Virtuos Sparx/Environment Art#2526
halo-campaign-evolved,1715,Phan Chi Tam,,Art,Level Artist,,Virtuos Sparx,core,Virtuos Sparx/Environment Art#2527
halo-campaign-evolved,1716,Le Van Tuan,,Art,Level Artist,,Virtuos Sparx,core,Virtuos Sparx/Environment Art#2528
halo-campaign-evolved,1717,Mai Van Thai Tu,,Art,Level Artist,,Virtuos Sparx,core,Virtuos Sparx/Environment Art#2529
halo-campaign-evolved,1718,Bui Thi Hong Hanh,,Art,Level Artist,,Virtuos Sparx,core,Virtuos Sparx/Environment Art#2530
halo-campaign-evolved,1719,Truong Huu Dao,,Art,Level Artist,,Virtuos Sparx,core,Virtuos Sparx/Environment Art#2531
halo-campaign-evolved,1720,Cu Van Thanh,,Art,Level Artist,,Virtuos Sparx,core,Virtuos Sparx/Environment Art#2532
halo-campaign-evolved,1721,Van Dinh Sang,,Art,Level Artist,,Virtuos Sparx,core,Virtuos Sparx/Environment Art#2533
halo-campaign-evolved,1722,Huynh Duy Khanh,,Art,Level Artist,,Virtuos Sparx,core,Virtuos Sparx/Environment Art#2534
halo-campaign-evolved,1723,Ha Thai Bao,,Art,Level Artist,,Virtuos Sparx,core,Virtuos Sparx/Environment Art#2535
halo-campaign-evolved,1724,Phung Nhat Lam,,Art,Level Artist,,Virtuos Sparx,core,Virtuos Sparx/Environment Art#2536
halo-campaign-evolved,1725,Vu Thi Hue,,Art,Level Artist,,Virtuos Sparx,core,Virtuos Sparx/Environment Art#2537
halo-campaign-evolved,1726,Tran Dinh Tien Dat,,Art,Level Artist,,Virtuos Sparx,core,Virtuos Sparx/Environment Art#2538
halo-campaign-evolved,1727,Pham Thien Huy,,Art,Level Artist,,Virtuos Sparx,core,Virtuos Sparx/Environment Art#2539
halo-campaign-evolved,1728,Nguyen Thien Quang,,Art,Level Artist,,Virtuos Sparx,core,Virtuos Sparx/Environment Art#2540
halo-campaign-evolved,1729,Nguyen Xuan Trung,,Art,Level Artist,,Virtuos Sparx,core,Virtuos Sparx/Environment Art#2541
halo-campaign-evolved,1730,Nguyen Long Duy,,Art,Level Artist,,Virtuos Sparx,core,Virtuos Sparx/Environment Art#2542
halo-campaign-evolved,1731,Tran Thi Hong Quynh,,Art,Level Artist,,Virtuos Sparx,core,Virtuos Sparx/Environment Art#2543
halo-campaign-evolved,1732,Nguyen Van Thinh,,Art,Level Artist,,Virtuos Sparx,core,Virtuos Sparx/Environment Art#2544
halo-campaign-evolved,1733,Vi Thiet Tam,,Art,Level Artist,,Virtuos Sparx,core,Virtuos Sparx/Environment Art#2545
halo-campaign-evolved,1734,Nguyen Hoang Phuc,,Art,Level Artist,,Virtuos Sparx,core,Virtuos Sparx/Environment Art#2546
halo-campaign-evolved,1735,Nguyen Trung Nguyen,,Art,Level Artist,,Virtuos Sparx,core,Virtuos Sparx/Environment Art#2547
halo-campaign-evolved,1736,Vu Chien Thang,,Art,Level Artist,,Virtuos Sparx,core,Virtuos Sparx/Environment Art#2548
halo-campaign-evolved,1737,Nguyen Hong Ngoc,,Art,Level Artist,,Virtuos Sparx,core,Virtuos Sparx/Environment Art#2549
halo-campaign-evolved,1738,Ngo Nguyen Thanh Truc,,Art,Level Artist,,Virtuos Sparx,core,Virtuos Sparx/Environment Art#2550
halo-campaign-evolved,1739,Nguyen Giang Vy,,Art,Level Artist,,Virtuos Sparx,core,Virtuos Sparx/Environment Art#2551
halo-campaign-evolved,1740,Nguyen Le Phuong Anh,,Art,Level Artist,,Virtuos Sparx,core,Virtuos Sparx/Environment Art#2552
halo-campaign-evolved,1741,Nguyen Tri Dung,,Art,Level Artist,,Virtuos Sparx,core,Virtuos Sparx/Environment Art#2553
halo-campaign-evolved,1742,Duong Minh Khanh,,Art,Level Artist,,Virtuos Sparx,core,Virtuos Sparx/Environment Art#2554
halo-campaign-evolved,1743,Bui Huu Hiep,,Art,Level Artist,,Virtuos Sparx,core,Virtuos Sparx/Environment Art#2555
halo-campaign-evolved,1744,Pham Tran Thanh Nam,,Art,Level Artist,,Virtuos Sparx,core,Virtuos Sparx/Environment Art#2556
halo-campaign-evolved,1745,Quach Tu Tran,,Art,Level Artist,,Virtuos Sparx,core,Virtuos Sparx/Environment Art#2557
halo-campaign-evolved,1746,Nguyen Thi Ngoc Que,,Art,Level Artist,,Virtuos Sparx,core,Virtuos Sparx/Environment Art#2558
halo-campaign-evolved,1747,Nguyen Minh Thien,,Art,Level Artist,,Virtuos Sparx,core,Virtuos Sparx/Environment Art#2559
halo-campaign-evolved,1748,Kieu Phuong Thao,,Art,Level Team Lead,,Virtuos Sparx,core,Virtuos Sparx/Environment Art#2560
halo-campaign-evolved,1749,Dominic Shaw,,Art,Level Team Lead,,Virtuos Sparx,core,Virtuos Sparx/Environment Art#2561
halo-campaign-evolved,1750,Truong Phung Tuong,,Art,Art Producer,,Virtuos Sparx,core,Virtuos Sparx/Environment Art#2562
halo-campaign-evolved,1751,Nguyen Thi Thu An,,Art,Associate Art Producer,,Virtuos Sparx,core,Virtuos Sparx/Environment Art#2563
halo-campaign-evolved,1752,Tran Thien Bao,,Art,Level Artist,,Virtuos Sparx,core,Virtuos Sparx/Environment Art#2564
halo-campaign-evolved,1753,Nguyen Ngoc Son,,Art,Level Artist,,Virtuos Sparx,core,Virtuos Sparx/Environment Art#2565
halo-campaign-evolved,1754,Nguyen Tan Dat,,Art,Level Artist,,Virtuos Sparx,core,Virtuos Sparx/Environment Art#2566
halo-campaign-evolved,1755,Do Hoai Lam,,Art,Level Artist,,Virtuos Sparx,core,Virtuos Sparx/Environment Art#2567
halo-campaign-evolved,1756,Nguyen Thi Ngoc My,,Art,Level Artist,,Virtuos Sparx,core,Virtuos Sparx/Environment Art#2568
halo-campaign-evolved,1757,Mai Nguyen Anh Khoa,,Art,Level Artist,,Virtuos Sparx,core,Virtuos Sparx/Environment Art#2569
halo-campaign-evolved,1758,Pham Ky Nam,,Art,Level Artist,,Virtuos Sparx,core,Virtuos Sparx/Environment Art#2570
halo-campaign-evolved,1759,Nguyen Hoang Bao,,Art,Level Artist,,Virtuos Sparx,core,Virtuos Sparx/Environment Art#2571
halo-campaign-evolved,1760,Nguyen Thi Ut Minh,,Art,Level Artist,,Virtuos Sparx,core,Virtuos Sparx/Environment Art#2572
halo-campaign-evolved,1761,Nguyen An Tuong,,Art,Level Artist,,Virtuos Sparx,core,Virtuos Sparx/Environment Art#2573
halo-campaign-evolved,1762,Doan Van Nguyen,,Art,Level Artist,,Virtuos Sparx,core,Virtuos Sparx/Environment Art#2574
halo-campaign-evolved,1763,Truong Ngoc Huong,,Art,Level Artist,,Virtuos Sparx,core,Virtuos Sparx/Environment Art#2575
halo-campaign-evolved,1764,Tran Hoang Thong,,Art,Level Artist,,Virtuos Sparx,core,Virtuos Sparx/Environment Art#2576
halo-campaign-evolved,1765,Le Thi Diem Mi,,Art,Level Artist,,Virtuos Sparx,core,Virtuos Sparx/Environment Art#2577
halo-campaign-evolved,1766,Nguyen Huyen Thien Khoi,,Other,IT Manager,,Virtuos Sparx,core,Virtuos Sparx/IT#2581
halo-campaign-evolved,1767,Tran Minh Thanh,,Other,Lead Network Admin,,Virtuos Sparx,core,Virtuos Sparx/IT#2582
halo-campaign-evolved,1768,Le Thanh Nghi,,Other,IT Support Leader,,Virtuos Sparx,core,Virtuos Sparx/IT#2583
halo-campaign-evolved,1769,Tran Dang Khoa,,Other,IT Support,,Virtuos Sparx,core,Virtuos Sparx/IT#2584
halo-campaign-evolved,1770,Ho Huu Tien,,Other,IT Support,,Virtuos Sparx,core,Virtuos Sparx/IT#2585
halo-campaign-evolved,1771,Le Quang Vu,,Other,IT Support,,Virtuos Sparx,core,Virtuos Sparx/IT#2586
halo-campaign-evolved,1772,Camille Thomas,,Production,General Manager,,Virtuos Sparx,core,Virtuos Sparx/Production#2590
halo-campaign-evolved,1773,Pham Thi Phi Yen,,Production,Planning Specialist,,Virtuos Sparx,core,Virtuos Sparx/Production#2591
halo-campaign-evolved,1774,Mai Ngoc Han,,Production,Planning Assistant,,Virtuos Sparx,core,Virtuos Sparx/Production#2592
halo-campaign-evolved,1775,Fernando Castillo,,Art,Director of Game Development,,Virtuos Sparx,core,Virtuos Sparx/Tech Art#2596
halo-campaign-evolved,1776,Truong Moop,,Art,Technical Producer,,Virtuos Sparx,core,Virtuos Sparx/Tech Art#2597
halo-campaign-evolved,1777,Huynh Do Hieu Hanh,,Art,Technical Producer,,Virtuos Sparx,core,Virtuos Sparx/Tech Art#2598
halo-campaign-evolved,1778,Nguyen Thao Duong,,Art,Lead Technical Artist,,Virtuos Sparx,core,Virtuos Sparx/Tech Art#2599
halo-campaign-evolved,1779,Dinh Le Quoc Viet,,Art,Technical Artist,,Virtuos Sparx,core,Virtuos Sparx/Tech Art#2600
halo-campaign-evolved,1780,Phan Quang Thuc,,Art,Technical Artist,,Virtuos Sparx,core,Virtuos Sparx/Tech Art#2601
halo-campaign-evolved,1781,Nguyen Hoang Long,,Art,Technical Artist,,Virtuos Sparx,core,Virtuos Sparx/Tech Art#2602
halo-campaign-evolved,1782,Do Phung Nhan Ban,,Art,Technical Artist,,Virtuos Sparx,core,Virtuos Sparx/Tech Art#2603
halo-campaign-evolved,1783,Nguyen Vu Duc Thuy,,Art,Lead Technical Artist,,Virtuos Sparx,core,Virtuos Sparx/Tech Art#2604
halo-campaign-evolved,1784,Mach Tieu Long,,Art,Technical Artist,,Virtuos Sparx,core,Virtuos Sparx/Tech Art#2605
halo-campaign-evolved,1785,Phan Doan Anh Nhat,,Art,Technical Artist,,Virtuos Sparx,core,Virtuos Sparx/Tech Art#2606
halo-campaign-evolved,1786,Huynh Tan Phat,,Art,Technical Artist,,Virtuos Sparx,core,Virtuos Sparx/Tech Art#2607
halo-campaign-evolved,1787,Nguyen Minh Nhat,,Art,VFX Art Director,,Virtuos Sparx,core,Virtuos Sparx/VFX#2611
halo-campaign-evolved,1788,Mai Quang Nghiem,,Art,VFX Senior Art Producer,,Virtuos Sparx,core,Virtuos Sparx/VFX#2612
halo-campaign-evolved,1789,Duong Xuan Duc,,Art,VFX Team Lead,,Virtuos Sparx,core,Virtuos Sparx/VFX#2613
halo-campaign-evolved,1790,Nguyen Quang Phuc,,Art,VFX Artist,,Virtuos Sparx,core,Virtuos Sparx/VFX#2614
halo-campaign-evolved,1791,Doan Phi Long,,Art,VFX Artist,,Virtuos Sparx,core,Virtuos Sparx/VFX#2615
halo-campaign-evolved,1792,Pavel Zarubkin,,Art,VFX Artist,,Virtuos Sparx,core,Virtuos Sparx/VFX#2616
halo-campaign-evolved,1793,Tatiana Zheglova,,Art,VFX Artist,,Virtuos Sparx,core,Virtuos Sparx/VFX#2617
halo-campaign-evolved,1794,Duong Huy Thanh Phong,,Art,VFX Artist,,Virtuos Sparx,core,Virtuos Sparx/VFX#2618
halo-campaign-evolved,1795,Nguyen Thi Huyen Trang,,Art,VFX Artist,,Virtuos Sparx,core,Virtuos Sparx/VFX#2619
halo-campaign-evolved,1796,Phan Minh Tri,,Art,VFX Artist,,Virtuos Sparx,core,Virtuos Sparx/VFX#2620
halo-campaign-evolved,1797,Cong An Khang,,Art,VFX Artist,,Virtuos Sparx,core,Virtuos Sparx/VFX#2621
halo-campaign-evolved,1798,Tang Ngoc Duyen,,Art,VFX Artist,,Virtuos Sparx,core,Virtuos Sparx/VFX#2622
halo-campaign-evolved,1799,Le Thi Nguyet Anh,,Art,VFX Artist,,Virtuos Sparx,core,Virtuos Sparx/VFX#2623
halo-campaign-evolved,1800,Sophon Seangkaew,,Art,VFX Artist,,Virtuos Sparx,core,Virtuos Sparx/VFX#2624
halo-campaign-evolved,1801,Nguyen Huu Tho,,Art,VFX Artist,,Virtuos Sparx,core,Virtuos Sparx/VFX#2625
halo-campaign-evolved,1802,Anrich Wolmarans,,Art,VFX Lead Technical Artist,,Virtuos Sparx,core,Virtuos Sparx/VFX#2626
halo-campaign-evolved,1803,Lay Quoc Tuan,,Art,VFX Technical Artist,,Virtuos Sparx,core,Virtuos Sparx/VFX#2627
halo-campaign-evolved,1804,"Alejandro ""Katarn343"" González",,Studio/Business,Sentinels,,,community,Community Members/Sentinels#2632
halo-campaign-evolved,1805,Alexis Smith,,Studio/Business,Sentinels,,,community,Community Members/Sentinels#2633
halo-campaign-evolved,1806,Alyek,,Studio/Business,Sentinels,,,community,Community Members/Sentinels#2634
halo-campaign-evolved,1807,"Andrew ""Ducain23"" Franklin",,Studio/Business,Sentinels,,,community,Community Members/Sentinels#2635
halo-campaign-evolved,1808,"Arturo ""ArturBloodshot"" Pérez",,Studio/Business,Sentinels,,,community,Community Members/Sentinels#2636
halo-campaign-evolved,1809,bbkdragoon,,Studio/Business,Sentinels,,,community,Community Members/Sentinels#2637
halo-campaign-evolved,1810,britkni,,Studio/Business,Sentinels,,,community,Community Members/Sentinels#2638
halo-campaign-evolved,1811,"Celeste ""BiiTTERSWEET"" Anderson",,Studio/Business,Sentinels,,,community,Community Members/Sentinels#2639
halo-campaign-evolved,1812,Chris Covent,,Studio/Business,Sentinels,,,community,Community Members/Sentinels#2640
halo-campaign-evolved,1813,"Clay ""Reclaimer"" Reel",,Studio/Business,Sentinels,,,community,Community Members/Sentinels#2641
halo-campaign-evolved,1814,"Cole ""the co1e train"" Dreyer",,Studio/Business,Sentinels,,,community,Community Members/Sentinels#2642
halo-campaign-evolved,1815,"Colton ""Favyn"" King",,Studio/Business,Sentinels,,,community,Community Members/Sentinels#2643
halo-campaign-evolved,1816,"Craig ""AshamanND"" McMorland",,Studio/Business,Sentinels,,,community,Community Members/Sentinels#2644
halo-campaign-evolved,1817,"Dan Ur. ""dani5639""",,Studio/Business,Sentinels,,,community,Community Members/Sentinels#2645
halo-campaign-evolved,1818,"Derek ""Deek"" Jensen",,Studio/Business,Sentinels,,,community,Community Members/Sentinels#2646
halo-campaign-evolved,1819,"Devin ""BreezyStarfish1"" Gilbert",,Studio/Business,Sentinels,,,community,Community Members/Sentinels#2647
halo-campaign-evolved,1820,"Drew ""Remtendo"" Woodruff",,Studio/Business,Sentinels,,,community,Community Members/Sentinels#2648
halo-campaign-evolved,1821,"Dustin ""Dust Storm"" Pettigrew",,Studio/Business,Sentinels,,,community,Community Members/Sentinels#2649
halo-campaign-evolved,1822,Eli X,,Studio/Business,Sentinels,,,community,Community Members/Sentinels#2650
halo-campaign-evolved,1823,General Heed,,Studio/Business,Sentinels,,,community,Community Members/Sentinels#2651
halo-campaign-evolved,1824,HaloBoxStudios,,Studio/Business,Sentinels,,,community,Community Members/Sentinels#2652
halo-campaign-evolved,1825,"Hayley ""Veronickuh"" Legros",,Studio/Business,Sentinels,,,community,Community Members/Sentinels#2653
halo-campaign-evolved,1826,Hollowtide,,Studio/Business,Sentinels,,,community,Community Members/Sentinels#2654
halo-campaign-evolved,1827,"Jenn ""J3N3R1C"" Lakin",,Studio/Business,Sentinels,,,community,Community Members/Sentinels#2655
halo-campaign-evolved,1828,"Jennifer ""Echidna"" Hallingstad",,Studio/Business,Sentinels,,,community,Community Members/Sentinels#2656
halo-campaign-evolved,1829,"Jennifer ""Moto"" Hochstedler",,Studio/Business,Sentinels,,,community,Community Members/Sentinels#2657
halo-campaign-evolved,1830,"Jill ""bowski477"" Dembowski",,Studio/Business,Sentinels,,,community,Community Members/Sentinels#2658
halo-campaign-evolved,1831,John Breidenstein,,Studio/Business,Sentinels,,,community,Community Members/Sentinels#2659
halo-campaign-evolved,1832,"Jonathan ""ProAceJOKER"" Carroll",,Studio/Business,Sentinels,,,community,Community Members/Sentinels#2660
halo-campaign-evolved,1833,"José Antonio ""MexicanMerty"" González",,Studio/Business,Sentinels,,,community,Community Members/Sentinels#2661
halo-campaign-evolved,1834,Joshua Zeller,,Studio/Business,Sentinels,,,community,Community Members/Sentinels#2662
halo-campaign-evolved,1835,"Kat ""Cxee Foxx"" Peterson",,Studio/Business,Sentinels,,,community,Community Members/Sentinels#2663
halo-campaign-evolved,1836,"Kenny ""stckrboy"" Cameron",,Studio/Business,Sentinels,,,community,Community Members/Sentinels#2664
halo-campaign-evolved,1837,"Kevin ""Dr Leo"" Kane",,Studio/Business,Sentinels,,,community,Community Members/Sentinels#2665
halo-campaign-evolved,1838,"Kevin ""Monopoli"" Marnell",,Studio/Business,Sentinels,,,community,Community Members/Sentinels#2666
halo-campaign-evolved,1839,"Kristine ""Domino"" Esfandiary",,Studio/Business,Sentinels,,,community,Community Members/Sentinels#2667
halo-campaign-evolved,1840,"Lendryx ""Rock"" Barnes",,Studio/Business,Sentinels,,,community,Community Members/Sentinels#2668
halo-campaign-evolved,1841,"Mario ""Bloodmetal""",,Studio/Business,Sentinels,,,community,Community Members/Sentinels#2669
halo-campaign-evolved,1842,"Mark ""DarkMaiming"" Daming",,Studio/Business,Sentinels,,,community,Community Members/Sentinels#2670
halo-campaign-evolved,1843,"Martin ""Installation00"" Smith",,Studio/Business,Sentinels,,,community,Community Members/Sentinels#2671
halo-campaign-evolved,1844,"Michael ""Viper Skills"" Roberts",,Studio/Business,Sentinels,,,community,Community Members/Sentinels#2672
halo-campaign-evolved,1845,"Michelle ""Vanirfreyja"" Ward",,Studio/Business,Sentinels,,,community,Community Members/Sentinels#2673
halo-campaign-evolved,1846,"Nick ""UberNick"" McMordie",,Studio/Business,Sentinels,,,community,Community Members/Sentinels#2674
halo-campaign-evolved,1847,"Norwen ""SLG""",,Studio/Business,Sentinels,,,community,Community Members/Sentinels#2675
halo-campaign-evolved,1848,Omar Omar,,Studio/Business,Sentinels,,,community,Community Members/Sentinels#2676
halo-campaign-evolved,1849,"Patrick ""Maka91Productions"" Maka",,Studio/Business,Sentinels,,,community,Community Members/Sentinels#2677
halo-campaign-evolved,1850,"Paul ""Ka Five"" Swiers",,Studio/Business,Sentinels,,,community,Community Members/Sentinels#2678
halo-campaign-evolved,1851,"Pedro ""Pedrogas"" Solano",,Studio/Business,Sentinels,,,community,Community Members/Sentinels#2679
halo-campaign-evolved,1852,"Rachel ""CardinalRedbird"" Davidson",,Studio/Business,Sentinels,,,community,Community Members/Sentinels#2680
halo-campaign-evolved,1853,Real Life Spartan,,Studio/Business,Sentinels,,,community,Community Members/Sentinels#2681
halo-campaign-evolved,1854,"Rodolfo ""EXTREMEBREAKER1""",,Studio/Business,Sentinels,,,community,Community Members/Sentinels#2682
halo-campaign-evolved,1855,"Rukari ""rukizzel"" Austin",,Studio/Business,Sentinels,,,community,Community Members/Sentinels#2683
halo-campaign-evolved,1856,"Sarah Jessica ""OathxX"" Harris",,Studio/Business,Sentinels,,,community,Community Members/Sentinels#2684
halo-campaign-evolved,1857,"Tim ""Active"" Ferreira",,Studio/Business,Sentinels,,,community,Community Members/Sentinels#2685
halo-campaign-evolved,1858,"Tommy ""Lucid"" Wilson",,Studio/Business,Sentinels,,,community,Community Members/Sentinels#2686
halo-campaign-evolved,1859,"Tony ""YNOT_B_CASTING"" Rose",,Studio/Business,Sentinels,,,community,Community Members/Sentinels#2687
halo-campaign-evolved,1860,"Vincent ""Mendoza"" Johnson",,Studio/Business,Sentinels,,,community,Community Members/Sentinels#2688
halo-campaign-evolved,1861,Zach Cortez,,Studio/Business,Sentinels,,,community,Community Members/Sentinels#2689
halo-campaign-evolved,1862,Rena Archer,,Special Thanks,Special Thanks,,,special-thanks,Special Thanks/Special Thanks#2694
halo-campaign-evolved,1863,Scott Bandy,,Special Thanks,Special Thanks,,,special-thanks,Special Thanks/Special Thanks#2695
halo-campaign-evolved,1864,Erik Bastianen,,Special Thanks,Special Thanks,,,special-thanks,Special Thanks/Special Thanks#2696
halo-campaign-evolved,1865,Ivo Beltchev,,Special Thanks,Special Thanks,,,special-thanks,Special Thanks/Special Thanks#2697
halo-campaign-evolved,1866,Roy van Bijsterveldt,,Special Thanks,Special Thanks,,,special-thanks,Special Thanks/Special Thanks#2698
halo-campaign-evolved,1867,Ashley Blanchard,,Special Thanks,Special Thanks,,,special-thanks,Special Thanks/Special Thanks#2699
halo-campaign-evolved,1868,Chantal Blokker,,Special Thanks,Special Thanks,,,special-thanks,Special Thanks/Special Thanks#2700
halo-campaign-evolved,1869,Tom Board,,Special Thanks,Special Thanks,,,special-thanks,Special Thanks/Special Thanks#2701
halo-campaign-evolved,1870,Antonio Bobbit,,Special Thanks,Special Thanks,,,special-thanks,Special Thanks/Special Thanks#2702
halo-campaign-evolved,1871,Willem de Boer,,Special Thanks,Special Thanks,,,special-thanks,Special Thanks/Special Thanks#2703
halo-campaign-evolved,1872,Luc Boissieras,,Special Thanks,Special Thanks,,,special-thanks,Special Thanks/Special Thanks#2704
halo-campaign-evolved,1873,Janko Bojovic,,Special Thanks,Special Thanks,,,special-thanks,Special Thanks/Special Thanks#2705
halo-campaign-evolved,1874,Shaun Bond,,Special Thanks,Special Thanks,,,special-thanks,Special Thanks/Special Thanks#2706
halo-campaign-evolved,1875,Melissa Boone,,Special Thanks,Special Thanks,,,special-thanks,Special Thanks/Special Thanks#2707
halo-campaign-evolved,1876,Lisa Burgers,,Special Thanks,Special Thanks,,,special-thanks,Special Thanks/Special Thanks#2708
halo-campaign-evolved,1877,Ryan Camu,,Special Thanks,Special Thanks,,,special-thanks,Special Thanks/Special Thanks#2709
halo-campaign-evolved,1878,Tomas Cicvarek,,Special Thanks,Special Thanks,,,special-thanks,Special Thanks/Special Thanks#2710
halo-campaign-evolved,1879,Nick Conti,,Special Thanks,Special Thanks,,Aquent LLC,special-thanks,Special Thanks/Special Thanks#2711
halo-campaign-evolved,1880,Tim Crawford,,Special Thanks,Special Thanks,,,special-thanks,Special Thanks/Special Thanks#2712
halo-campaign-evolved,1881,Jeff Crowl,,Special Thanks,Special Thanks,,Aquent LLC,special-thanks,Special Thanks/Special Thanks#2713
halo-campaign-evolved,1882,Eda Cruz,,Special Thanks,Special Thanks,,,special-thanks,Special Thanks/Special Thanks#2714
halo-campaign-evolved,1883,Bradley Davi,,Special Thanks,Special Thanks,,Aquent LLC,special-thanks,Special Thanks/Special Thanks#2715
halo-campaign-evolved,1884,Christopher Davies,,Special Thanks,Special Thanks,,,special-thanks,Special Thanks/Special Thanks#2716
halo-campaign-evolved,1885,Tyler Davis,,Special Thanks,Special Thanks,,Aquent LLC,special-thanks,Special Thanks/Special Thanks#2717
halo-campaign-evolved,1886,John Day,,Special Thanks,Special Thanks,,,special-thanks,Special Thanks/Special Thanks#2718
halo-campaign-evolved,1887,Yuri Deary,,Special Thanks,Special Thanks,,,special-thanks,Special Thanks/Special Thanks#2719
halo-campaign-evolved,1888,Niels Dewitte,,Special Thanks,Special Thanks,,,special-thanks,Special Thanks/Special Thanks#2720
halo-campaign-evolved,1889,Thanh Dinh,,Special Thanks,Special Thanks,,,special-thanks,Special Thanks/Special Thanks#2721
halo-campaign-evolved,1890,Valentin Dontstov,,Special Thanks,Special Thanks,,,special-thanks,Special Thanks/Special Thanks#2722
halo-campaign-evolved,1891,Mike Dudley,,Special Thanks,Special Thanks,,,special-thanks,Special Thanks/Special Thanks#2723
halo-campaign-evolved,1892,Dan Duncalf,,Special Thanks,Special Thanks,,,special-thanks,Special Thanks/Special Thanks#2724
halo-campaign-evolved,1893,Josh Eash,,Special Thanks,Special Thanks,,,special-thanks,Special Thanks/Special Thanks#2725
halo-campaign-evolved,1894,Ralph Egas,,Special Thanks,Special Thanks,,,special-thanks,Special Thanks/Special Thanks#2726
halo-campaign-evolved,1895,Jose Esteve,,Special Thanks,Special Thanks,,,special-thanks,Special Thanks/Special Thanks#2727
halo-campaign-evolved,1896,Michael Fahrny,,Special Thanks,Special Thanks,,,special-thanks,Special Thanks/Special Thanks#2728
halo-campaign-evolved,1897,Marco Fernando,,Special Thanks,Special Thanks,,,special-thanks,Special Thanks/Special Thanks#2729
halo-campaign-evolved,1898,Rachel Frazier,,Special Thanks,Special Thanks,,,special-thanks,Special Thanks/Special Thanks#2730
halo-campaign-evolved,1899,Christopher Gaffney,,Special Thanks,Special Thanks,,,special-thanks,Special Thanks/Special Thanks#2731
halo-campaign-evolved,1900,Ian Galvin,,Special Thanks,Special Thanks,,Randstad Digital,special-thanks,Special Thanks/Special Thanks#2732
halo-campaign-evolved,1901,Susana Gamito,,Special Thanks,Special Thanks,,,special-thanks,Special Thanks/Special Thanks#2733
halo-campaign-evolved,1902,Noboru Garcia,,Special Thanks,Special Thanks,,,special-thanks,Special Thanks/Special Thanks#2734
halo-campaign-evolved,1903,Moodie Ghaddar,,Special Thanks,Special Thanks,,,special-thanks,Special Thanks/Special Thanks#2735
halo-campaign-evolved,1904,Ilka Gilge,,Special Thanks,Special Thanks,,,special-thanks,Special Thanks/Special Thanks#2736
halo-campaign-evolved,1905,Steve Giscombe,,Special Thanks,Special Thanks,,,special-thanks,Special Thanks/Special Thanks#2737
halo-campaign-evolved,1906,Diego Gomez,,Special Thanks,Special Thanks,,,special-thanks,Special Thanks/Special Thanks#2738
halo-campaign-evolved,1907,Keith Guerrette,,Special Thanks,Special Thanks,,,special-thanks,Special Thanks/Special Thanks#2739
halo-campaign-evolved,1908,Lindsay Gupton,,Special Thanks,Special Thanks,,,special-thanks,Special Thanks/Special Thanks#2740
halo-campaign-evolved,1909,Yrla De Haart,,Special Thanks,Special Thanks,,,special-thanks,Special Thanks/Special Thanks#2741
halo-campaign-evolved,1910,Binyam Haile,,Special Thanks,Special Thanks,,,special-thanks,Special Thanks/Special Thanks#2742
halo-campaign-evolved,1911,David Heidhoff,,Special Thanks,Special Thanks,,,special-thanks,Special Thanks/Special Thanks#2743
halo-campaign-evolved,1912,Keaton Hendershot,,Special Thanks,Special Thanks,,Randstad Digital,special-thanks,Special Thanks/Special Thanks#2744
halo-campaign-evolved,1913,Andrea Henke,,Special Thanks,Special Thanks,,,special-thanks,Special Thanks/Special Thanks#2745
halo-campaign-evolved,1914,Tyson Hill,,Special Thanks,Special Thanks,,,special-thanks,Special Thanks/Special Thanks#2746
halo-campaign-evolved,1915,Harold Hirsch,,Special Thanks,Special Thanks,,,special-thanks,Special Thanks/Special Thanks#2747
halo-campaign-evolved,1916,Jerome Hirsch,,Special Thanks,Special Thanks,,,special-thanks,Special Thanks/Special Thanks#2748
halo-campaign-evolved,1917,David Hoang,,Special Thanks,Special Thanks,,,special-thanks,Special Thanks/Special Thanks#2749
halo-campaign-evolved,1918,Mona Holtmann,,Special Thanks,Special Thanks,,,special-thanks,Special Thanks/Special Thanks#2750
halo-campaign-evolved,1919,Amber Holtrop,,Special Thanks,Special Thanks,,,special-thanks,Special Thanks/Special Thanks#2751
halo-campaign-evolved,1920,Veselin Hristov,,Special Thanks,Special Thanks,,,special-thanks,Special Thanks/Special Thanks#2752
halo-campaign-evolved,1921,Fei Hu,,Special Thanks,Special Thanks,,Ascendion Inc,special-thanks,Special Thanks/Special Thanks#2753
halo-campaign-evolved,1922,Forest Ingram,,Special Thanks,Special Thanks,,,special-thanks,Special Thanks/Special Thanks#2754
halo-campaign-evolved,1923,Glenn Israel,,Special Thanks,Special Thanks,,,special-thanks,Special Thanks/Special Thanks#2755
halo-campaign-evolved,1924,Rutger Janssen,,Special Thanks,Special Thanks,,,special-thanks,Special Thanks/Special Thanks#2756
halo-campaign-evolved,1925,Jason Johnston,,Special Thanks,Special Thanks,,,special-thanks,Special Thanks/Special Thanks#2757
halo-campaign-evolved,1926,Samantha Jones,,Special Thanks,Special Thanks,,,special-thanks,Special Thanks/Special Thanks#2758
halo-campaign-evolved,1927,Gijs De Jong,,Special Thanks,Special Thanks,,,special-thanks,Special Thanks/Special Thanks#2759
halo-campaign-evolved,1928,Jeff Pineda Jr.,,Special Thanks,Special Thanks,,,special-thanks,Special Thanks/Special Thanks#2760
halo-campaign-evolved,1929,Jacqueline Kalisch,,Special Thanks,Special Thanks,,,special-thanks,Special Thanks/Special Thanks#2761
halo-campaign-evolved,1930,Yuliya Karpovich,,Special Thanks,Special Thanks,,,special-thanks,Special Thanks/Special Thanks#2762
halo-campaign-evolved,1931,Peter King,,Special Thanks,Special Thanks,,,special-thanks,Special Thanks/Special Thanks#2763
halo-campaign-evolved,1932,Fletcher Kinnear,,Special Thanks,Special Thanks,,Randstad Digital,special-thanks,Special Thanks/Special Thanks#2764
halo-campaign-evolved,1933,Spencer Kopach,,Special Thanks,Special Thanks,,,special-thanks,Special Thanks/Special Thanks#2765
halo-campaign-evolved,1934,Staffan Langin,,Special Thanks,Special Thanks,,,special-thanks,Special Thanks/Special Thanks#2766
halo-campaign-evolved,1935,Chris Le,,Special Thanks,Special Thanks,,,special-thanks,Special Thanks/Special Thanks#2767
halo-campaign-evolved,1936,Elmer Lexmond,,Special Thanks,Special Thanks,,,special-thanks,Special Thanks/Special Thanks#2768
halo-campaign-evolved,1937,RJ Lockard,,Special Thanks,Special Thanks,,,special-thanks,Special Thanks/Special Thanks#2769
halo-campaign-evolved,1938,Guillaume Lucas,,Special Thanks,Special Thanks,,,special-thanks,Special Thanks/Special Thanks#2770
halo-campaign-evolved,1939,Matiás Mahler,,Special Thanks,Special Thanks,,,special-thanks,Special Thanks/Special Thanks#2771
halo-campaign-evolved,1940,Ross Martin,,Special Thanks,Special Thanks,,,special-thanks,Special Thanks/Special Thanks#2772
halo-campaign-evolved,1941,Sylvain Maupetit,,Special Thanks,Special Thanks,,,special-thanks,Special Thanks/Special Thanks#2773
halo-campaign-evolved,1942,Ben Mauro,,Special Thanks,Special Thanks,,,special-thanks,Special Thanks/Special Thanks#2774
halo-campaign-evolved,1943,Brandon McCurry,,Special Thanks,Special Thanks,,Aquent LLC,special-thanks,Special Thanks/Special Thanks#2775
halo-campaign-evolved,1944,Becka McIntosh,,Special Thanks,Special Thanks,,,special-thanks,Special Thanks/Special Thanks#2776
halo-campaign-evolved,1945,Marco Mele,,Special Thanks,Special Thanks,,,special-thanks,Special Thanks/Special Thanks#2777
halo-campaign-evolved,1946,Fred Merritt,,Special Thanks,Special Thanks,,,special-thanks,Special Thanks/Special Thanks#2778
halo-campaign-evolved,1947,Hal Milton,,Special Thanks,Special Thanks,,,special-thanks,Special Thanks/Special Thanks#2779
halo-campaign-evolved,1948,Angelina Mitchell,,Special Thanks,Special Thanks,,,special-thanks,Special Thanks/Special Thanks#2780
halo-campaign-evolved,1949,Martin Mittner,,Special Thanks,Special Thanks,,,special-thanks,Special Thanks/Special Thanks#2781
halo-campaign-evolved,1950,Nick Moeller,,Special Thanks,Special Thanks,,,special-thanks,Special Thanks/Special Thanks#2782
halo-campaign-evolved,1951,Eliska Mourycova,,Special Thanks,Special Thanks,,,special-thanks,Special Thanks/Special Thanks#2783
halo-campaign-evolved,1952,Kendra Nguyen,,Special Thanks,Special Thanks,,,special-thanks,Special Thanks/Special Thanks#2784
halo-campaign-evolved,1953,Lukas Nic,,Special Thanks,Special Thanks,,,special-thanks,Special Thanks/Special Thanks#2785
halo-campaign-evolved,1954,Alex Nica,,Special Thanks,Special Thanks,,,special-thanks,Special Thanks/Special Thanks#2786
halo-campaign-evolved,1955,Silviu Nita,,Special Thanks,Special Thanks,,,special-thanks,Special Thanks/Special Thanks#2787
halo-campaign-evolved,1956,Mihailo Novakovic,,Special Thanks,Special Thanks,,,special-thanks,Special Thanks/Special Thanks#2788
halo-campaign-evolved,1957,Michal Palenik,,Special Thanks,Special Thanks,,,special-thanks,Special Thanks/Special Thanks#2789
halo-campaign-evolved,1958,Sebastien Paviot,,Special Thanks,Special Thanks,,,special-thanks,Special Thanks/Special Thanks#2790
halo-campaign-evolved,1959,Matt Peasley,,Special Thanks,Special Thanks,,,special-thanks,Special Thanks/Special Thanks#2791
halo-campaign-evolved,1960,Petr Penka,,Special Thanks,Special Thanks,,,special-thanks,Special Thanks/Special Thanks#2792
halo-campaign-evolved,1961,Chris Phyffer,,Special Thanks,Special Thanks,,,special-thanks,Special Thanks/Special Thanks#2793
halo-campaign-evolved,1962,Joost Pieters,,Special Thanks,Special Thanks,,,special-thanks,Special Thanks/Special Thanks#2794
halo-campaign-evolved,1963,Filip Prebeg,,Special Thanks,Special Thanks,,,special-thanks,Special Thanks/Special Thanks#2795
halo-campaign-evolved,1964,Marc Razor,,Special Thanks,Special Thanks,,,special-thanks,Special Thanks/Special Thanks#2796
halo-campaign-evolved,1965,Anis Refoufi,,Special Thanks,Special Thanks,,,special-thanks,Special Thanks/Special Thanks#2797
halo-campaign-evolved,1966,Vera Resendez,,Special Thanks,Special Thanks,,,special-thanks,Special Thanks/Special Thanks#2798
halo-campaign-evolved,1967,Geoffrey Rich,,Special Thanks,Special Thanks,,,special-thanks,Special Thanks/Special Thanks#2799
halo-campaign-evolved,1968,Alejandro Rodriguez,,Special Thanks,Special Thanks,,Ascendion Inc,special-thanks,Special Thanks/Special Thanks#2800
halo-campaign-evolved,1969,Quentin Roze,,Special Thanks,Special Thanks,,,special-thanks,Special Thanks/Special Thanks#2801
halo-campaign-evolved,1970,Ian Neumann Sanchez,,Special Thanks,Special Thanks,,,special-thanks,Special Thanks/Special Thanks#2802
halo-campaign-evolved,1971,Wilco Schroo,,Special Thanks,Special Thanks,,,special-thanks,Special Thanks/Special Thanks#2803
halo-campaign-evolved,1972,Jesse Schuer,,Special Thanks,Special Thanks,,,special-thanks,Special Thanks/Special Thanks#2804
halo-campaign-evolved,1973,Georgi Simov,,Special Thanks,Special Thanks,,,special-thanks,Special Thanks/Special Thanks#2805
halo-campaign-evolved,1974,Ian Siparsky,,Special Thanks,Special Thanks,,,special-thanks,Special Thanks/Special Thanks#2806
halo-campaign-evolved,1975,Marc Smids,,Special Thanks,Special Thanks,,,special-thanks,Special Thanks/Special Thanks#2807
halo-campaign-evolved,1976,Greg Snook,,Special Thanks,Special Thanks,,,special-thanks,Special Thanks/Special Thanks#2808
halo-campaign-evolved,1977,Mateja Stankovic,,Special Thanks,Special Thanks,,,special-thanks,Special Thanks/Special Thanks#2809
halo-campaign-evolved,1978,Brad Stokan,,Special Thanks,Special Thanks,,,special-thanks,Special Thanks/Special Thanks#2810
halo-campaign-evolved,1979,Antek Strzalkowski,,Special Thanks,Special Thanks,,,special-thanks,Special Thanks/Special Thanks#2811
halo-campaign-evolved,1980,Haftom Tafere,,Special Thanks,Special Thanks,,,special-thanks,Special Thanks/Special Thanks#2812
halo-campaign-evolved,1981,Beka Tok,,Special Thanks,Special Thanks,,,special-thanks,Special Thanks/Special Thanks#2813
halo-campaign-evolved,1982,Lauren Toomey,,Special Thanks,Special Thanks,,,special-thanks,Special Thanks/Special Thanks#2814
halo-campaign-evolved,1983,Phuong Tran,,Special Thanks,Special Thanks,,,special-thanks,Special Thanks/Special Thanks#2815
halo-campaign-evolved,1984,Eric Troost,,Special Thanks,Special Thanks,,,special-thanks,Special Thanks/Special Thanks#2816
halo-campaign-evolved,1985,Mykola Tuiakhov,,Special Thanks,Special Thanks,,,special-thanks,Special Thanks/Special Thanks#2817
halo-campaign-evolved,1986,Marko Tulic,,Special Thanks,Special Thanks,,,special-thanks,Special Thanks/Special Thanks#2818
halo-campaign-evolved,1987,James Tyler,,Special Thanks,Special Thanks,,,special-thanks,Special Thanks/Special Thanks#2819
halo-campaign-evolved,1988,Boris Usanovic,,Special Thanks,Special Thanks,,,special-thanks,Special Thanks/Special Thanks#2820
halo-campaign-evolved,1989,JP Vaughan,,Special Thanks,Special Thanks,,,special-thanks,Special Thanks/Special Thanks#2821
halo-campaign-evolved,1990,Elaine Verhaaf,,Special Thanks,Special Thanks,,,special-thanks,Special Thanks/Special Thanks#2822
halo-campaign-evolved,1991,Petar Veselinovic,,Special Thanks,Special Thanks,,,special-thanks,Special Thanks/Special Thanks#2823
halo-campaign-evolved,1992,Jacob Vo,,Special Thanks,Special Thanks,,,special-thanks,Special Thanks/Special Thanks#2824
halo-campaign-evolved,1993,Shannon Wahl,,Special Thanks,Special Thanks,,,special-thanks,Special Thanks/Special Thanks#2825
halo-campaign-evolved,1994,Mikolaj Walkowski,,Special Thanks,Special Thanks,,,special-thanks,Special Thanks/Special Thanks#2826
halo-campaign-evolved,1995,Dan White,,Special Thanks,Special Thanks,,,special-thanks,Special Thanks/Special Thanks#2827
halo-campaign-evolved,1996,Paul Whitehead,,Special Thanks,Special Thanks,,,special-thanks,Special Thanks/Special Thanks#2828
halo-campaign-evolved,1997,Ellen Yang,,Special Thanks,Special Thanks,,,special-thanks,Special Thanks/Special Thanks#2829
halo-campaign-evolved,1998,Nic Yarbro,,Special Thanks,Special Thanks,,,special-thanks,Special Thanks/Special Thanks#2830
halo-campaign-evolved,1999,Salvatorre Zee Yazzie,,Special Thanks,Special Thanks,,Randstad Digital,special-thanks,Special Thanks/Special Thanks#2831
halo-campaign-evolved,2000,Scott Youngblood,,Special Thanks,Special Thanks,,,special-thanks,Special Thanks/Special Thanks#2832
halo-campaign-evolved,2001,Mike Yurka,,Special Thanks,Special Thanks,,,special-thanks,Special Thanks/Special Thanks#2833
halo-campaign-evolved,2002,Said Zamzad,,Special Thanks,Special Thanks,,,special-thanks,Special Thanks/Special Thanks#2834
halo-campaign-evolved,2003,Jason Jones,,Production,Project Lead,,,legacy,Halo: Combat Evolved/Halo: Combat Evolved#2839
halo-campaign-evolved,2004,Hamilton Chu,,Production,Lead Producer,,,legacy,Halo: Combat Evolved/Halo: Combat Evolved#2840
halo-campaign-evolved,2005,Rick Ryan,,Production,Producer,,,legacy,Halo: Combat Evolved/Halo: Combat Evolved#2841
halo-campaign-evolved,2006,Chris Butcher,,Engineering,Programmer,,,legacy,Halo: Combat Evolved/Halo: Combat Evolved#2842
halo-campaign-evolved,2007,Bernie Freidin,,Engineering,Programmer,,,legacy,Halo: Combat Evolved/Halo: Combat Evolved#2843
halo-campaign-evolved,2008,Charlie Gough,,Engineering,Programmer,,,legacy,Halo: Combat Evolved/Halo: Combat Evolved#2844
halo-campaign-evolved,2009,Mat Noguchi,,Engineering,Programmer,,,legacy,Halo: Combat Evolved/Halo: Combat Evolved#2845
halo-campaign-evolved,2010,Matt Segur,,Engineering,Programmer,,,legacy,Halo: Combat Evolved/Halo: Combat Evolved#2846
halo-campaign-evolved,2011,Eamon McKenzie,,Engineering,Additional Programmer,,,legacy,Halo: Combat Evolved/Halo: Combat Evolved#2847
halo-campaign-evolved,2012,Ben Wallace,,Engineering,Additional Programmer,,,legacy,Halo: Combat Evolved/Halo: Combat Evolved#2848
halo-campaign-evolved,2013,Marcus R. Lehto,,Art,Art Director,,,legacy,Halo: Combat Evolved/Halo: Combat Evolved#2849
halo-campaign-evolved,2014,Steve Abeyta,,Art,Assistant Art Lead,,,legacy,Halo: Combat Evolved/Halo: Combat Evolved#2850
halo-campaign-evolved,2015,Eric Arroyo,,Art,Artist,,,legacy,Halo: Combat Evolved/Halo: Combat Evolved#2851
halo-campaign-evolved,2016,Chris Barrett,,Art,Artist,,,legacy,Halo: Combat Evolved/Halo: Combat Evolved#2852
halo-campaign-evolved,2017,Mark Bernal,,Art,Artist,,,legacy,Halo: Combat Evolved/Halo: Combat Evolved#2853
halo-campaign-evolved,2018,David Dunn,,Art,Artist,,,legacy,Halo: Combat Evolved/Halo: Combat Evolved#2854
halo-campaign-evolved,2019,Chris Hughes,,Art,Artist,,,legacy,Halo: Combat Evolved/Halo: Combat Evolved#2855
halo-campaign-evolved,2020,Chris Lee,,Art,Artist,,,legacy,Halo: Combat Evolved/Halo: Combat Evolved#2856
halo-campaign-evolved,2021,Robert McLees,,Art,Artist,,,legacy,Halo: Combat Evolved/Halo: Combat Evolved#2857
halo-campaign-evolved,2022,Stephan Okasaki,,Art,Artist,,,legacy,Halo: Combat Evolved/Halo: Combat Evolved#2858
halo-campaign-evolved,2023,Paul Russel,,Art,Artist,,,legacy,Halo: Combat Evolved/Halo: Combat Evolved#2859
halo-campaign-evolved,2024,Shi Kai Wang,,Art,Artist,,,legacy,Halo: Combat Evolved/Halo: Combat Evolved#2860
halo-campaign-evolved,2025,Michael Wu,,Art,Artist,,,legacy,Halo: Combat Evolved/Halo: Combat Evolved#2861
halo-campaign-evolved,2026,Brian Shultz,,Art,Additional Art,,,legacy,Halo: Combat Evolved/Halo: Combat Evolved#2862
halo-campaign-evolved,2027,John Howard,,Design,Lead Designer,,,legacy,Halo: Combat Evolved/Halo: Combat Evolved#2863
halo-campaign-evolved,2028,Paul Bertone,,Design,Designer,,,legacy,Halo: Combat Evolved/Halo: Combat Evolved#2864
halo-campaign-evolved,2029,Tyson Green,,Design,Designer,,,legacy,Halo: Combat Evolved/Halo: Combat Evolved#2865
halo-campaign-evolved,2030,Jaime Griesemer,,Design,Designer,,,legacy,Halo: Combat Evolved/Halo: Combat Evolved#2866
halo-campaign-evolved,2031,Dan Orzulak,,Design,Designer,,,legacy,Halo: Combat Evolved/Halo: Combat Evolved#2867
halo-campaign-evolved,2032,Brannon Boren,,Narrative,Additional Writing,,,legacy,Halo: Combat Evolved/Halo: Combat Evolved#2868
halo-campaign-evolved,2033,Matt Soell,,Narrative,Additional Writing,,,legacy,Halo: Combat Evolved/Halo: Combat Evolved#2869
halo-campaign-evolved,2034,Eric S. Trautmann,,Narrative,Additional Writing,,,legacy,Halo: Combat Evolved/Halo: Combat Evolved#2870
halo-campaign-evolved,2035,Michael Evans,,Production,Multiplayer Project Lead,,,legacy,Halo: Combat Evolved/Halo: Combat Evolved#2871
halo-campaign-evolved,2036,Adrian Perez,,Engineering,Multiplayer Programmer,,,legacy,Halo: Combat Evolved/Halo: Combat Evolved#2872
halo-campaign-evolved,2037,Stefan Sinclair,,Engineering,Multiplayer Programmer,,,legacy,Halo: Combat Evolved/Halo: Combat Evolved#2873
halo-campaign-evolved,2038,Hardy LeBel,,Design,Multiplayer Lead Designer,,,legacy,Halo: Combat Evolved/Halo: Combat Evolved#2874
halo-campaign-evolved,2039,Chris Carney,,Art,Multiplayer Artist,,,legacy,Halo: Combat Evolved/Halo: Combat Evolved#2875
halo-campaign-evolved,2040,Peter Marks,,Art,Multiplayer Artist,,,legacy,Halo: Combat Evolved/Halo: Combat Evolved#2876
halo-campaign-evolved,2041,Derrick Moore,,Art,Multiplayer Artist,,,legacy,Halo: Combat Evolved/Halo: Combat Evolved#2877
halo-campaign-evolved,2042,Stephan Okasaki,,Art,Multiplayer Artist,,,legacy,Halo: Combat Evolved/Halo: Combat Evolved#2878
halo-campaign-evolved,2043,Joseph Staten,,Art,Director of Cinematics,,,legacy,Halo: Combat Evolved/Halo: Combat Evolved#2879
halo-campaign-evolved,2044,Steve Abeyta,,Art,Multiplayer Artist,,,legacy,Halo: Combat Evolved/Halo: Combat Evolved#2880
halo-campaign-evolved,2045,Paul Clift,,Art,Multiplayer Artist,,,legacy,Halo: Combat Evolved/Halo: Combat Evolved#2881
halo-campaign-evolved,2046,Adam Crockett,,Art,Multiplayer Artist,,,legacy,Halo: Combat Evolved/Halo: Combat Evolved#2882
halo-campaign-evolved,2047,Lorraine McLees,,Art,Multiplayer Artist,,,legacy,Halo: Combat Evolved/Halo: Combat Evolved#2883
halo-campaign-evolved,2048,Stephan Okasaki,,Art,Multiplayer Artist,,,legacy,Halo: Combat Evolved/Halo: Combat Evolved#2884
halo-campaign-evolved,2049,Lee Wilson,,Art,Storyboard Artist,,,legacy,Halo: Combat Evolved/Halo: Combat Evolved#2885
halo-campaign-evolved,2050,Craig Mullins,,Art,Matte and Concept Artist,,,legacy,Halo: Combat Evolved/Halo: Combat Evolved#2886
halo-campaign-evolved,2051,Martin O'Donnell,,Audio,"Audio Lead, Sound Design & Original Music",,,legacy,Halo: Combat Evolved/Halo: Combat Evolved#2887
halo-campaign-evolved,2052,Jay Weinland,,Audio,Sound Designer,,,legacy,Halo: Combat Evolved/Halo: Combat Evolved#2888
halo-campaign-evolved,2053,Michael Salvatori,,Audio,Additional Music,,,legacy,Halo: Combat Evolved/Halo: Combat Evolved#2889
halo-campaign-evolved,2054,Adam Tewes,,Audio,Additional Sound,,,legacy,Halo: Combat Evolved/Halo: Combat Evolved#2890
halo-campaign-evolved,2055,Max Hoberman,,Other,User Interface Lead,,,legacy,Halo: Combat Evolved/Halo: Combat Evolved#2891
halo-campaign-evolved,2056,David Candland,,Design,User Interface Designer,,,legacy,Halo: Combat Evolved/Halo: Combat Evolved#2892
halo-campaign-evolved,2057,Stefan Sinclair,,Engineering,User Interface Programmer,,,legacy,Halo: Combat Evolved/Halo: Combat Evolved#2893
halo-campaign-evolved,2058,Harold Ryan,,QA,Test Manager,,,legacy,Halo: Combat Evolved/Halo: Combat Evolved#2894
halo-campaign-evolved,2059,Curtis Creamer,,QA,Test Lead,,,legacy,Halo: Combat Evolved/Halo: Combat Evolved#2895
halo-campaign-evolved,2060,Ryan Hylland,,QA,Test Lead,,,legacy,Halo: Combat Evolved/Halo: Combat Evolved#2896
halo-campaign-evolved,2061,Keith Steury,,QA,User Testing Lead,,,legacy,Halo: Combat Evolved/Halo: Combat Evolved#2897
halo-campaign-evolved,2062,Chris Chamberlain,,QA,Tester,,,legacy,Halo: Combat Evolved/Halo: Combat Evolved#2898
halo-campaign-evolved,2063,Mike Cody,,QA,Tester,,,legacy,Halo: Combat Evolved/Halo: Combat Evolved#2899
halo-campaign-evolved,2064,Chuck Cooper,,QA,Tester,,,legacy,Halo: Combat Evolved/Halo: Combat Evolved#2900
halo-campaign-evolved,2065,Erik Davis,,QA,Tester,,,legacy,Halo: Combat Evolved/Halo: Combat Evolved#2901
halo-campaign-evolved,2066,John Frey,,QA,Tester,,,legacy,Halo: Combat Evolved/Halo: Combat Evolved#2902
halo-campaign-evolved,2067,Rick Lockyear,,QA,Tester,,,legacy,Halo: Combat Evolved/Halo: Combat Evolved#2903
halo-campaign-evolved,2068,Paul Pederson,,QA,Tester,,,legacy,Halo: Combat Evolved/Halo: Combat Evolved#2904
halo-campaign-evolved,2069,Zach Russel,,QA,Tester,,,legacy,Halo: Combat Evolved/Halo: Combat Evolved#2905
halo-campaign-evolved,2070,Matthew Shimabuku,,QA,Tester,,,legacy,Halo: Combat Evolved/Halo: Combat Evolved#2906
halo-campaign-evolved,2071,Luke Timmins,,QA,Tester,,,legacy,Halo: Combat Evolved/Halo: Combat Evolved#2907
halo-campaign-evolved,2072,Jeff Wilson,,QA,Tester,,,legacy,Halo: Combat Evolved/Halo: Combat Evolved#2908
halo-campaign-evolved,2073,Roger Wolfson,,QA,Tester,,,legacy,Halo: Combat Evolved/Halo: Combat Evolved#2909
halo-campaign-evolved,2074,Jeff Kafer,,QA,Tester,,,legacy,Halo: Combat Evolved/Halo: Combat Evolved#2910
halo-campaign-evolved,2075,Todd Schultz,,QA,Tester,,,legacy,Halo: Combat Evolved/Halo: Combat Evolved#2911
halo-campaign-evolved,2076,Alexander Seropian,,Production,Executive Producer,,,legacy,Halo: Combat Evolved/Halo: Combat Evolved#2912
halo-campaign-evolved,2077,Steve Fowler,,Production,Product Manager,,,legacy,Halo: Combat Evolved/Halo: Combat Evolved#2913
halo-campaign-evolved,2078,Jon Kimmich,,Production,Product Planner,,,legacy,Halo: Combat Evolved/Halo: Combat Evolved#2914
halo-campaign-evolved,2079,Ji Hong,,Publishing,Localization Lead,,,legacy,Halo: Combat Evolved/Halo: Combat Evolved#2915
halo-campaign-evolved,2080,Matt Soell,,Other,Damage and Spin,,,legacy,Halo: Combat Evolved/Damage and Spin#2919
halo-campaign-evolved,2081,Pete Demoreuille,,Other,Draft Dodgers,,,legacy,Halo: Combat Evolved/Draft Dodgers#2923
halo-campaign-evolved,2082,Tom Gioconda,,Other,Draft Dodgers,,,legacy,Halo: Combat Evolved/Draft Dodgers#2924
halo-campaign-evolved,2083,Joshua Grass,,Other,Draft Dodgers,,,legacy,Halo: Combat Evolved/Draft Dodgers#2925
halo-campaign-evolved,2084,Jason Major,,Other,Draft Dodgers,,,legacy,Halo: Combat Evolved/Draft Dodgers#2926
halo-campaign-evolved,2085,Juan Remirez,,Other,Draft Dodgers,,,legacy,Halo: Combat Evolved/Draft Dodgers#2927
halo-campaign-evolved,2086,Bob Settles,,Other,Draft Dodgers,,,legacy,Halo: Combat Evolved/Draft Dodgers#2928
halo-campaign-evolved,2087,Keith Cirillo,,Narrative,Writer,,,legacy,Halo: Combat Evolved/Halo Manual#2932
halo-campaign-evolved,2088,Tom Brush,,Other,Editor,,,legacy,Halo: Combat Evolved/Halo Manual#2933
halo-campaign-evolved,2089,Karin Jaques,,Art,Print Artist,,,legacy,Halo: Combat Evolved/Halo Manual#2934
halo-campaign-evolved,2090,Jen Taylor,,Voice,Cortana,Cortana,,legacy,Halo: Combat Evolved/Voice Talent#2938
halo-campaign-evolved,2091,Pete Stacker,,Voice,Captain Jacob Keyes,Captain Jacob Keyes,,legacy,Halo: Combat Evolved/Voice Talent#2939
halo-campaign-evolved,2092,Tim Dadabo,,Voice,343 Guilty Spark,343 Guilty Spark,,legacy,Halo: Combat Evolved/Voice Talent#2940
halo-campaign-evolved,2093,Steve Downes,,Voice,John-117,John-117,,legacy,Halo: Combat Evolved/Voice Talent#2941
halo-campaign-evolved,2094,Tanya Pettiford-Wates,,Voice,"Captain Carol ""Foehammer"" Rawley","Captain Carol ""Foehammer"" Rawley",,legacy,Halo: Combat Evolved/Voice Talent#2942
halo-campaign-evolved,2095,David Scully,,Voice,Sergeant Avery J. Johnson,Sergeant Avery J. Johnson,,legacy,Halo: Combat Evolved/Voice Talent#2943
halo-campaign-evolved,2096,Mike Madeoy,,Voice,Pvt. Bisenti,Pvt. Bisenti,,legacy,Halo: Combat Evolved/Voice Talent#2944
halo-campaign-evolved,2097,Mark Dias,,Voice,Pvt. Mendoza,Pvt. Mendoza,,legacy,Halo: Combat Evolved/Voice Talent#2945
halo-campaign-evolved,2098,Chris Wicklund,,Voice,Pvt. Jenkins,Pvt. Jenkins,,legacy,Halo: Combat Evolved/Voice Talent#2946
halo-campaign-evolved,2099,Andrew McKaige,,Voice,Pvt. Chips Dubbo,Pvt. Chips Dubbo,,legacy,Halo: Combat Evolved/Voice Talent#2947
halo-campaign-evolved,2100,Ken Boynton,,Voice,Additional Voices,Additional Voices,,legacy,Halo: Combat Evolved/Voice Talent#2948
halo-campaign-evolved,2101,Todd Licea,,Voice,Additional Voices,Additional Voices,,legacy,Halo: Combat Evolved/Voice Talent#2949
halo-campaign-evolved,2102,Jeff Steitzer,,Voice,The Multiplayer Announcer,The Multiplayer Announcer,,legacy,Halo: Combat Evolved/Voice Talent#2950
halo-campaign-evolved,2103,Brian Morden,,Voice,Additional Voices,Additional Voices,,legacy,Halo: Combat Evolved/Voice Talent#2951
halo-campaign-evolved,2104,Jule Zuccotti,,Special Thanks,Special Thanks,,,legacy,Halo: Combat Evolved/Special Thanks#2956
halo-campaign-evolved,2105,Ed Fries,,Special Thanks,Special Thanks,,,legacy,Halo: Combat Evolved/Special Thanks#2957
halo-campaign-evolved,2106,Stuart Moulder,,Special Thanks,Special Thanks,,,legacy,Halo: Combat Evolved/Special Thanks#2958
halo-campaign-evolved,2107,Peter Parsons,,Special Thanks,Special Thanks,,,legacy,Halo: Combat Evolved/Special Thanks#2959
halo-campaign-evolved,2108,Chris Cocks,,Special Thanks,Special Thanks,,,legacy,Halo: Combat Evolved/Special Thanks#2960
halo-campaign-evolved,2109,Matt Gradwohl,,Special Thanks,Special Thanks,,,legacy,Halo: Combat Evolved/Special Thanks#2961
halo-campaign-evolved,2110,Michael Sartain,,Special Thanks,Special Thanks,,,legacy,Halo: Combat Evolved/Special Thanks#2962
halo-campaign-evolved,2111,Mark Thomas,,Special Thanks,Special Thanks,,,legacy,Halo: Combat Evolved/Special Thanks#2963
halo-campaign-evolved,2112,Jonathan Sposato,,Special Thanks,Special Thanks,,,legacy,Halo: Combat Evolved/Special Thanks#2964
halo-campaign-evolved,2113,Vic Bonilla,,Special Thanks,Special Thanks,,,legacy,Halo: Combat Evolved/Special Thanks#2965
halo-campaign-evolved,2114,Miguel Chavez,,Special Thanks,Special Thanks,,,legacy,Halo: Combat Evolved/Special Thanks#2966
halo-campaign-evolved,2115,Claude Errera,,Special Thanks,Special Thanks,,,legacy,Halo: Combat Evolved/Special Thanks#2967
halo-campaign-evolved,2116,Brian Morden,,Special Thanks,Special Thanks,,,legacy,Halo: Combat Evolved/Special Thanks#2968
halo-campaign-evolved,2117,Luka Abou-Samra,,Production,Production Babies,,,babies,Production Babies/Production Babies#2973
halo-campaign-evolved,2118,James Anicich,,Production,Production Babies,,,babies,Production Babies/Production Babies#2974
halo-campaign-evolved,2119,Oliver Beals,,Production,Production Babies,,,babies,Production Babies/Production Babies#2975
halo-campaign-evolved,2120,Caladin Castronovo,,Production,Production Babies,,,babies,Production Babies/Production Babies#2976
halo-campaign-evolved,2121,Ayla Rae Flath,,Production,Production Babies,,,babies,Production Babies/Production Babies#2977
halo-campaign-evolved,2122,Cameron Olivia Frazier,,Production,Production Babies,,,babies,Production Babies/Production Babies#2978
halo-campaign-evolved,2123,Logan Everett Frazier,,Production,Production Babies,,,babies,Production Babies/Production Babies#2979
halo-campaign-evolved,2124,Rowan Hanshaw,,Production,Production Babies,,,babies,Production Babies/Production Babies#2980
halo-campaign-evolved,2125,Ellie Holman,,Production,Production Babies,,,babies,Production Babies/Production Babies#2981
halo-campaign-evolved,2126,Jovian Jendro,,Production,Production Babies,,,babies,Production Babies/Production Babies#2982
halo-campaign-evolved,2127,Artemis Rachel Karl,,Production,Production Babies,,,babies,Production Babies/Production Babies#2983
halo-campaign-evolved,2128,Arno Lawrence,,Production,Production Babies,,,babies,Production Babies/Production Babies#2984
halo-campaign-evolved,2129,"Andy ""Bibi"" LeVelle",,Production,Production Babies,,,babies,Production Babies/Production Babies#2985
halo-campaign-evolved,2130,Athena Los,,Production,Production Babies,,,babies,Production Babies/Production Babies#2986
halo-campaign-evolved,2131,Daenyn Potter,,Production,Production Babies,,,babies,Production Babies/Production Babies#2987
halo-campaign-evolved,2132,Cullen Schaad,,Production,Production Babies,,,babies,Production Babies/Production Babies#2988
halo-campaign-evolved,2133,Miles Onyx Snow,,Production,Production Babies,,,babies,Production Babies/Production Babies#2989
halo-campaign-evolved,2134,Leia Smallwood,,Production,Production Babies,,,babies,Production Babies/Production Babies#2990
halo-campaign-evolved,2135,Baby Treadway,,Production,Production Babies,,,babies,Production Babies/Production Babies#2991
halo-campaign-evolved,2136,Baby Treitman,,Production,Production Babies,,,babies,Production Babies/Production Babies#2992
