game_id,credit_order,name_raw,name_canonical,category,role_raw,character,studio,inclusion_class,source_ref
halo-mcc,0,Dan Ayoub,,Production,Executive Producer,,,core,November 2014 Launch/343 Industries/PUBLISHING@267001
halo-mcc,1,Dennis Ries,,Production,Senior Producer,,,core,November 2014 Launch/343 Industries/PUBLISHING@267128
halo-mcc,2,Isaac Christian,,Production,Producers,,,core,November 2014 Launch/343 Industries/PUBLISHING@267251
halo-mcc,3,Cade Myers,,Production,Producers,,Yoh Services LLC,core,November 2014 Launch/343 Industries/PUBLISHING@267288
halo-mcc,4,Jay “El Jefe Maestro” Juneau,,Production,Producers,,Hanson Consulting LLC,core,November 2014 Launch/343 Industries/PUBLISHING@267339
halo-mcc,5,Greg Hermann,,Engineering,Technical Director,,,core,November 2014 Launch/343 Industries/PUBLISHING@267671
halo-mcc,6,Paul Lipson,,Audio,Senior Audio Director,,,core,November 2014 Launch/343 Industries/PUBLISHING@267807
halo-mcc,7,Jay Prochaska,,Art,Art Director,,,core,November 2014 Launch/343 Industries/PUBLISHING@267933
halo-mcc,8,Albert Ng,,Art,Concept Artist,,Yoh Services LLC,core,November 2014 Launch/343 Industries/PUBLISHING@268063
halo-mcc,9,Isaac Bender,,Other,Senior SDE,,,core,November 2014 Launch/343 Industries/PUBLISHING@268325
halo-mcc,10,Andrew Schnickel,,Other,Senior SDE,,,core,November 2014 Launch/343 Industries/PUBLISHING@268359
halo-mcc,11,Ben Cammarano,,Other,Creative Director,,,core,November 2014 Launch/343 Industries/PUBLISHING@268495
halo-mcc,12,Max Szlagor,,Design,Senior Game Designer,,,core,November 2014 Launch/343 Industries/PUBLISHING@268631
halo-mcc,13,Daniel Ellis,,QA,Associate Producer in Test,,iFusionITLLC,core,November 2014 Launch/343 Industries/PUBLISHING@268771
halo-mcc,14,Frank O’Connor,,Other,Franchise Development Director,,,core,November 2014 Launch/343 Industries/FRANCHISE@269255
halo-mcc,15,Kevin Grace,,Other,Franchise Management,,,core,November 2014 Launch/343 Industries/FRANCHISE@269392
halo-mcc,16,Tyler Jeffers,,Production,Producers,,,core,November 2014 Launch/343 Industries/FRANCHISE@269515
halo-mcc,17,Carlos Naranjo,,Production,Producers,,,core,November 2014 Launch/343 Industries/FRANCHISE@269550
halo-mcc,18,Corrinne Robinson,,Production,Producers,,,core,November 2014 Launch/343 Industries/FRANCHISE@269586
halo-mcc,19,Che Chou,,Other,Franchise Media Manager,,,core,November 2014 Launch/343 Industries/FRANCHISE@269850
halo-mcc,20,Kyle Dolan,,Production,Franchise Media Producer,,,core,November 2014 Launch/343 Industries/FRANCHISE@269985
halo-mcc,21,Adam H. Wong,,Other,Franchise Media AP,,Coroware Technologies Inc,core,November 2014 Launch/343 Industries/FRANCHISE@270116
halo-mcc,22,Jeremy Patenaude,,Narrative,Franchise Writers,,,core,November 2014 Launch/343 Industries/FRANCHISE@270276
halo-mcc,23,Kenneth Peters,,Narrative,Franchise Writers,,,core,November 2014 Launch/343 Industries/FRANCHISE@270314
halo-mcc,24,Andy “Bravo” Dudynsky,,Studio/Business,Community Manager,,,core,November 2014 Launch/343 Industries/COMMUNITY@270772
halo-mcc,25,Tahir “Tashi” Hasandjekic,,Production,Community Producer,,Experis,core,November 2014 Launch/343 Industries/COMMUNITY@270914
halo-mcc,26,Kathleen Sanders,,Studio/Business,Community AP,,Amaxra,core,November 2014 Launch/343 Industries/COMMUNITY@271064
halo-mcc,27,Chase Kunz,,Design,Graphic Designer,,Maq LLC,core,November 2014 Launch/343 Industries/COMMUNITY@271208
halo-mcc,28,Paul Featherstone,,Leadership,Assistant Director of Photography,,,core,November 2014 Launch/343 Industries/COMMUNITY@271485
halo-mcc,29,Michael Pagano,,Studio/Business,Video Editors,,,core,November 2014 Launch/343 Industries/COMMUNITY@271618
halo-mcc,30,Landin Williams,,Studio/Business,Video Editors,,,core,November 2014 Launch/343 Industries/COMMUNITY@271654
halo-mcc,31,Eugenia Porras-Hernandez,,Studio/Business,Events Manager,,,core,November 2014 Launch/343 Industries/COMMUNITY@271786
halo-mcc,32,Bonnie Ross Ziegler,,Leadership,"Corporate Vice President, Head of 343 Industries",,,core,November 2014 Launch/343 Industries/MANAGEMENT & ADMINISTRATION@272302
halo-mcc,33,Holly Barbacovi,,Studio/Business,Operations Director,,,core,November 2014 Launch/343 Industries/MANAGEMENT & ADMINISTRATION@272443
halo-mcc,34,Rachelle Bilbruck,,Leadership,Executive Business Administrator,,,core,November 2014 Launch/343 Industries/MANAGEMENT & ADMINISTRATION@272714
halo-mcc,35,Logan Jacobson,,Studio/Business,Business Administrator,,,core,November 2014 Launch/343 Industries/MANAGEMENT & ADMINISTRATION@272856
halo-mcc,36,Linda Hayashikawa,,Studio/Business,Business Administrator,,Insight Global,core,November 2014 Launch/343 Industries/MANAGEMENT & ADMINISTRATION@272892
halo-mcc,37,Matt J. McCloskey,,Studio/Business,Franchise Business Managers,,,core,November 2014 Launch/343 Industries/BUSINESS@273377
halo-mcc,38,Elizabeth Van Wyck,,Studio/Business,Franchise Business Managers,,,core,November 2014 Launch/343 Industries/BUSINESS@273416
halo-mcc,39,Lillian Lehmann,,Production,Business Operations Program Manager,,,core,November 2014 Launch/343 Industries/BUSINESS@273690
halo-mcc,40,Angel Villeda,,Studio/Business,Business Development Manager,,,core,November 2014 Launch/343 Industries/BUSINESS@273954
halo-mcc,41,Kiki Wolfkill,,Production,Executive Producer,,,core,November 2014 Launch/343 Industries/HALO WAYPOINT & HALO CHANNEL@274430
halo-mcc,42,CJ Saretto,,Production,Group Program Manager,,,core,November 2014 Launch/343 Industries/HALO WAYPOINT & HALO CHANNEL@274567
halo-mcc,43,Adam Callens,,Production,Producers,,,core,November 2014 Launch/343 Industries/HALO WAYPOINT & HALO CHANNEL@274689
halo-mcc,44,Kevin “KP” Paul,,Production,Producers,,Denny Mountain Media LLC,core,November 2014 Launch/343 Industries/HALO WAYPOINT & HALO CHANNEL@274723
halo-mcc,45,Humberto Castaneda,,Production,Program Managers,,,core,November 2014 Launch/343 Industries/HALO WAYPOINT & HALO CHANNEL@274884
halo-mcc,46,Joel Pelley,,Production,Program Managers,,,core,November 2014 Launch/343 Industries/HALO WAYPOINT & HALO CHANNEL@274924
halo-mcc,47,Jesse Roberts,,Production,Program Managers,,,core,November 2014 Launch/343 Industries/HALO WAYPOINT & HALO CHANNEL@274957
halo-mcc,48,Dan Chosich,,Other,Creative Director,,,core,November 2014 Launch/343 Industries/HALO WAYPOINT & HALO CHANNEL@275090
halo-mcc,49,Torey “Torez” Allen,,Other,Creative Coordinator,,Insight Global,core,November 2014 Launch/343 Industries/HALO WAYPOINT & HALO CHANNEL@275345
halo-mcc,50,Christopher Abbas,,Design,Visual & Motion Design Lead,,,core,November 2014 Launch/343 Industries/HALO WAYPOINT & HALO CHANNEL@275595
halo-mcc,51,Eric Dies,,Design,Visual & Motion Designer,,,core,November 2014 Launch/343 Industries/HALO WAYPOINT & HALO CHANNEL@275739
halo-mcc,52,Joshua M. Davis,,Design,User Experience Design Leads,,,core,November 2014 Launch/343 Industries/HALO WAYPOINT & HALO CHANNEL@275879
halo-mcc,53,Tony Hau,,Design,User Experience Design Leads,,,core,November 2014 Launch/343 Industries/HALO WAYPOINT & HALO CHANNEL@275916
halo-mcc,54,Mike Gerhardt,,Design,User Experience Designers,,Hanson Consulting Group,core,November 2014 Launch/343 Industries/HALO WAYPOINT & HALO CHANNEL@276052
halo-mcc,55,Liz Duong,,Design,User Experience Designers,,Insight Global,core,November 2014 Launch/343 Industries/HALO WAYPOINT & HALO CHANNEL@276113
halo-mcc,56,Tiana Los,,Design,User Experience Designers,,,core,November 2014 Launch/343 Industries/HALO WAYPOINT & HALO CHANNEL@276161
halo-mcc,57,Edward Arriesgado,,Design,Visual Designers,,Insight Global,core,November 2014 Launch/343 Industries/HALO WAYPOINT & HALO CHANNEL@276410
halo-mcc,58,Charles Ramos,,Design,Visual Designers,,Insight Global,core,November 2014 Launch/343 Industries/HALO WAYPOINT & HALO CHANNEL@276466
halo-mcc,59,Jeff Easterling,,Narrative,Lead Writer,,"Apex Systems, Inc.",core,November 2014 Launch/343 Industries/HALO WAYPOINT & HALO CHANNEL@276610
halo-mcc,60,Symantha Reagor,,Narrative,Writer,,Aquent LLC,core,November 2014 Launch/343 Industries/HALO WAYPOINT & HALO CHANNEL@276755
halo-mcc,61,Sandra Lemon,,Other,Development Manager,,,core,November 2014 Launch/343 Industries/DEVELOPMENT@277231
halo-mcc,62,Marius Ionescu,,Other,Development Lead,,,core,November 2014 Launch/343 Industries/DEVELOPMENT@277362
halo-mcc,63,MacKenzie Bates,,Engineering,Software Development Engineers,,,core,November 2014 Launch/343 Industries/DEVELOPMENT@277509
halo-mcc,64,Matt Benedict,,Engineering,Software Development Engineers,,,core,November 2014 Launch/343 Industries/DEVELOPMENT@277546
halo-mcc,65,Andy Campbell,,Engineering,Software Development Engineers,,Quadrant Resource LLC,core,November 2014 Launch/343 Industries/DEVELOPMENT@277710
halo-mcc,66,Bing Huan Chio,,Engineering,Software Development Engineers,,,core,November 2014 Launch/343 Industries/DEVELOPMENT@277769
halo-mcc,67,Mike Cimprich,,Engineering,Software Development Engineers,,,core,November 2014 Launch/343 Industries/DEVELOPMENT@277805
halo-mcc,68,Andrew Gleeson,,Engineering,Software Development Engineers,,,core,November 2014 Launch/343 Industries/DEVELOPMENT@277840
halo-mcc,69,Simon Gordon,,Engineering,Software Development Engineers,,,core,November 2014 Launch/343 Industries/DEVELOPMENT@277876
halo-mcc,70,Rob Johnson,,Engineering,Software Development Engineers,,,core,November 2014 Launch/343 Industries/DEVELOPMENT@277910
halo-mcc,71,Ben Lanier,,Engineering,Software Development Engineers,,,core,November 2014 Launch/343 Industries/DEVELOPMENT@277943
halo-mcc,72,Jon Lobaugh,,Engineering,Software Development Engineers,,,core,November 2014 Launch/343 Industries/DEVELOPMENT@277975
halo-mcc,73,Tyson Matanich,,Engineering,Software Development Engineers,,,core,November 2014 Launch/343 Industries/DEVELOPMENT@278008
halo-mcc,74,Gersh Payzer,,Engineering,Software Development Engineers,,,core,November 2014 Launch/343 Industries/DEVELOPMENT@278172
halo-mcc,75,Paul Reitz,,Engineering,Software Development Engineers,,Wimmer Solutions Corporation,core,November 2014 Launch/343 Industries/DEVELOPMENT@278206
halo-mcc,76,Jordan Roher,,Engineering,Software Development Engineers,,Insight Global,core,November 2014 Launch/343 Industries/DEVELOPMENT@278269
halo-mcc,77,Ian Ryan,,Engineering,Software Development Engineers,,Insight Global,core,November 2014 Launch/343 Industries/DEVELOPMENT@278320
halo-mcc,78,Alexander Shipley,,Engineering,Software Development Engineers,,Yoh Services LLC,core,November 2014 Launch/343 Industries/DEVELOPMENT@278367
halo-mcc,79,David Wolfe,,Engineering,Software Development Engineers,,,core,November 2014 Launch/343 Industries/DEVELOPMENT@278425
halo-mcc,80,Philip Zahoruyko,,Engineering,Software Development Engineers,,Insight Global,core,November 2014 Launch/343 Industries/DEVELOPMENT@278458
halo-mcc,81,Mark Gehan,,QA,Test Lead,,,core,November 2014 Launch/343 Industries/TEST@278921
halo-mcc,82,Charlie Corcoran,,QA,Software Development Engineer in Test,,,core,November 2014 Launch/343 Industries/TEST@279071
halo-mcc,83,Gaylord Stewart,,QA,Software Development Engineer in Test,,Insight Global,core,November 2014 Launch/343 Industries/TEST@279109
halo-mcc,84,Suniti Kulkarni,,QA,Software Development Engineer in Test,,Insight Global,core,November 2014 Launch/343 Industries/TEST@279163
halo-mcc,85,Rob Lowry,,QA,Software Test Engineer,,Insight Global,core,November 2014 Launch/343 Industries/TEST@279441
halo-mcc,86,David Rodriguez,,QA,Test Associates,,Experis,core,November 2014 Launch/343 Industries/TEST@279586
halo-mcc,87,Carson Brammer,,QA,Test Associates,,Experis,core,November 2014 Launch/343 Industries/TEST@279633
halo-mcc,88,Kelvin Denver,,QA,Test Associates,,Experis,core,November 2014 Launch/343 Industries/TEST@279679
halo-mcc,89,Nora Hershberger,,QA,Test Associates,,Experis,core,November 2014 Launch/343 Industries/TEST@279724
halo-mcc,90,Tina Summerford,,Engineering,Director of Programming,,,core,November 2014 Launch/343 Industries/PROGRAMMING@280202
halo-mcc,91,Chad Cobain,,Production,Supervising Producer,,"Run Studios, LLC",core,November 2014 Launch/343 Industries/PROGRAMMING@280340
halo-mcc,92,Drew Benz,,Engineering,Channel PM,,Denny Mountain Media LLC,core,November 2014 Launch/343 Industries/PROGRAMMING@280604
halo-mcc,93,Rob Bowen,,Production,Producers,,Quadrant Resource LLC,core,November 2014 Launch/343 Industries/PROGRAMMING@280752
halo-mcc,94,Kieran “Lenox” Phillips,,Production,Producers,,Insight Global,core,November 2014 Launch/343 Industries/PROGRAMMING@280807
halo-mcc,95,Jesse Stipek,,Production,Producers,,Maq LLC,core,November 2014 Launch/343 Industries/PROGRAMMING@280869
halo-mcc,96,Matt Skelton,,Publishing,MICROSOFT LCA,,,publishing,November 2014 Launch/343 Industries/MICROSOFT LCA@281247
halo-mcc,97,Carla Woo,,Publishing,MICROSOFT LCA,,,publishing,November 2014 Launch/343 Industries/MICROSOFT LCA@281281
halo-mcc,98,Jerry Hook,,Production,Executive Producer,,,core,November 2014 Launch/343 Industries/Section 3@281733
halo-mcc,99,Andrew A. Hesky,,Other,Development Managers,,,core,November 2014 Launch/343 Industries/Section 3@281866
halo-mcc,100,Tamir Melamed,,Other,Development Managers,,,core,November 2014 Launch/343 Industries/Section 3@281903
halo-mcc,101,Aakash Mandhar,,Other,Development Leads,,,core,November 2014 Launch/343 Industries/Section 3@282157
halo-mcc,102,Bryan J. Thomas,,Other,Development Leads,,,core,November 2014 Launch/343 Industries/Section 3@282193
halo-mcc,103,Henry H Somuah,,Other,Development Leads,,,core,November 2014 Launch/343 Industries/Section 3@282230
halo-mcc,104,Nathan A Jones,,Other,Development Leads,,,core,November 2014 Launch/343 Industries/Section 3@282266
halo-mcc,105,Robert L. Rodi,,Other,Development Leads,,,core,November 2014 Launch/343 Industries/Section 3@282302
halo-mcc,106,Mark Vayman,,Production,Group Program Manager,,,core,November 2014 Launch/343 Industries/Section 3@282440
halo-mcc,107,Adrian Gilles,,Production,Program Managers,,MAQ LLC,core,November 2014 Launch/343 Industries/Section 3@282691
halo-mcc,108,Christopher P Herrman,,Production,Program Managers,,,core,November 2014 Launch/343 Industries/Section 3@282736
halo-mcc,109,Clinton E. Rutkas,,Production,Program Managers,,,core,November 2014 Launch/343 Industries/Section 3@282779
halo-mcc,110,Jeffrey D. Carnahan,,Production,Program Managers,,,core,November 2014 Launch/343 Industries/Section 3@282818
halo-mcc,111,Jesse D. Squire,,Production,Program Managers,,,core,November 2014 Launch/343 Industries/Section 3@282859
halo-mcc,112,Martin J. Sleeman,,Production,Program Managers,,,core,November 2014 Launch/343 Industries/Section 3@282896
halo-mcc,113,Josh Menke,,Design,Additional Design,,,core,November 2014 Launch/343 Industries/Section 3@283033
halo-mcc,114,Adam D Hughes,,Engineering,Software Development Engineers,,,core,November 2014 Launch/343 Industries/DEVELOPERS@283499
halo-mcc,115,Adam J. Nielsen,,Engineering,Software Development Engineers,,Insight Global,core,November 2014 Launch/343 Industries/DEVELOPERS@283534
halo-mcc,116,Andre V. Podnozov,,Engineering,Software Development Engineers,,Aditi Technologies Private LTD,core,November 2014 Launch/343 Industries/DEVELOPERS@283588
halo-mcc,117,Andrew C Hampton,,Engineering,Software Development Engineers,,,core,November 2014 Launch/343 Industries/DEVELOPERS@283660
halo-mcc,118,Andrew E Woods,,Engineering,Software Development Engineers,,Icertis Inc,core,November 2014 Launch/343 Industries/DEVELOPERS@283698
halo-mcc,119,Angus McQuarrie,,Engineering,Software Development Engineers,,,core,November 2014 Launch/343 Industries/DEVELOPERS@283748
halo-mcc,120,Artur Ievsieiev,,Engineering,Software Development Engineers,,Akvelon,core,November 2014 Launch/343 Industries/DEVELOPERS@283785
halo-mcc,121,Brian K Richards,,Engineering,Software Development Engineers,,,core,November 2014 Launch/343 Industries/DEVELOPERS@283832
halo-mcc,122,Christopher C. Welden,,Engineering,Software Development Engineers,,,core,November 2014 Launch/343 Industries/DEVELOPERS@283870
halo-mcc,123,Cody M Luitjens,,Engineering,Software Development Engineers,,,core,November 2014 Launch/343 Industries/DEVELOPERS@283913
halo-mcc,124,Eduard Ostrovsky,,Engineering,Software Development Engineers,,,core,November 2014 Launch/343 Industries/DEVELOPERS@284078
halo-mcc,125,Ephrem M Tolla,,Engineering,Software Development Engineers,,Insight Global,core,November 2014 Launch/343 Industries/DEVELOPERS@284116
halo-mcc,126,Erick T. Mathews,,Engineering,Software Development Engineers,,,core,November 2014 Launch/343 Industries/DEVELOPERS@284168
halo-mcc,127,Geoffrey M Haugan,,Engineering,Software Development Engineers,,,core,November 2014 Launch/343 Industries/DEVELOPERS@284206
halo-mcc,128,Helen G. Addis,,Engineering,Software Development Engineers,,Insight Global,core,November 2014 Launch/343 Industries/DEVELOPERS@284245
halo-mcc,129,Jacob R Snyder,,Engineering,Software Development Engineers,,,core,November 2014 Launch/343 Industries/DEVELOPERS@284298
halo-mcc,130,Jason J Bragg,,Engineering,Software Development Engineers,,,core,November 2014 Launch/343 Industries/DEVELOPERS@284334
halo-mcc,131,Joao Lucas Guberman Raza,,Engineering,Software Development Engineers,,,core,November 2014 Launch/343 Industries/DEVELOPERS@284369
halo-mcc,132,John H Konkle,,Engineering,Software Development Engineers,,,core,November 2014 Launch/343 Industries/DEVELOPERS@284415
halo-mcc,133,Jonathan W. Hathaway,,Engineering,Software Development Engineers,,,core,November 2014 Launch/343 Industries/DEVELOPERS@284450
halo-mcc,134,Julian Dominguez,,Engineering,Software Development Engineers,,,core,November 2014 Launch/343 Industries/DEVELOPERS@284492
halo-mcc,135,Justin M Greywolf,,Engineering,Software Development Engineers,,Digital Intelligence Systems,core,November 2014 Launch/343 Industries/DEVELOPERS@284530
halo-mcc,136,Mangaleswari Srinivasamurthy,,Engineering,Software Development Engineers,,,core,November 2014 Launch/343 Industries/DEVELOPERS@284728
halo-mcc,137,Manjunatha Shivanna,,Engineering,Software Development Engineers,,Insight Global,core,November 2014 Launch/343 Industries/DEVELOPERS@284778
halo-mcc,138,Matthew C Benedict,,Engineering,Software Development Engineers,,VMC Consulting Corporation,core,November 2014 Launch/343 Industries/DEVELOPERS@284836
halo-mcc,139,Michael Wetzel,,Engineering,Software Development Engineers,,Aditi Technologies,core,November 2014 Launch/343 Industries/DEVELOPERS@284905
halo-mcc,140,Michael W Malyuk,,Engineering,Software Development Engineers,,,core,November 2014 Launch/343 Industries/DEVELOPERS@284962
halo-mcc,141,Nicholas A. Koller,,Engineering,Software Development Engineers,,,core,November 2014 Launch/343 Industries/DEVELOPERS@285000
halo-mcc,142,Ningna Dang,,Engineering,Software Development Engineers,,Myriad Consulting Inc,core,November 2014 Launch/343 Industries/DEVELOPERS@285040
halo-mcc,143,Patrick D Conaboy,,Engineering,Software Development Engineers,,,core,November 2014 Launch/343 Industries/DEVELOPERS@285097
halo-mcc,144,Pavan Kumar Kurimilla,,Engineering,Software Development Engineers,,Myriad Consulting Inc,core,November 2014 Launch/343 Industries/DEVELOPERS@285136
halo-mcc,145,Russell L West,,Engineering,Software Development Engineers,,,core,November 2014 Launch/343 Industries/DEVELOPERS@285203
halo-mcc,146,Samir Dangol,,Engineering,Software Development Engineers,,Myriad Consulting Inc,core,November 2014 Launch/343 Industries/DEVELOPERS@285369
halo-mcc,147,Sergei S. Shinkevich,,Engineering,Software Development Engineers,,Corlution Inc,core,November 2014 Launch/343 Industries/DEVELOPERS@285427
halo-mcc,148,Slobodan M. Bojanic,,Engineering,Software Development Engineers,,iFusionITLLC,core,November 2014 Launch/343 Industries/DEVELOPERS@285485
halo-mcc,149,Vincent Chen,,Engineering,Software Development Engineers,,,core,November 2014 Launch/343 Industries/DEVELOPERS@285541
halo-mcc,150,Walter R. Rector,,Engineering,Software Development Engineers,,,core,November 2014 Launch/343 Industries/DEVELOPERS@285575
halo-mcc,151,William S Morton,,Engineering,Software Development Engineers,,,core,November 2014 Launch/343 Industries/DEVELOPERS@285613
halo-mcc,152,Yi Xie,,Engineering,Software Development Engineers,,,core,November 2014 Launch/343 Industries/DEVELOPERS@285651
halo-mcc,153,Zhenfei Wu,,Engineering,Software Development Engineers,,Myriad Consulting Inc,core,November 2014 Launch/343 Industries/DEVELOPERS@285679
halo-mcc,154,David C.P. Berry,,Engineering,Support Engineering,,Aditi Staffing LLC,core,November 2014 Launch/343 Industries/DEVELOPERS@285835
halo-mcc,155,Ronald M Butler,,Engineering,Support Engineering,,Yoh Services LLC,core,November 2014 Launch/343 Industries/DEVELOPERS@285894
halo-mcc,156,Scotty E. Ameling,,QA,Test Manager,,,core,November 2014 Launch/343 Industries/TEST@286362
halo-mcc,157,Alvin Hao,,QA,Test Leads,,,core,November 2014 Launch/343 Industries/TEST@286492
halo-mcc,158,Clayton A Tye,,QA,Test Leads,,,core,November 2014 Launch/343 Industries/TEST@286523
halo-mcc,159,Devin A. Rychetnik,,QA,Test Leads,,,core,November 2014 Launch/343 Industries/TEST@286558
halo-mcc,160,Jesse Olmer,,QA,Test Leads,,,core,November 2014 Launch/343 Industries/TEST@286642
halo-mcc,161,Bryan Lipscy,,QA,SDET,,Aditi Technologies Private LTD,core,November 2014 Launch/343 Industries/TEST@286925
halo-mcc,162,Charles Martin,,QA,SDET,,Teksystems,core,November 2014 Launch/343 Industries/TEST@286994
halo-mcc,163,Harita Tipparaju,,QA,SDET,,Corlution Inc,core,November 2014 Launch/343 Industries/TEST@287043
halo-mcc,164,James Cook,,QA,SDET,,,core,November 2014 Launch/343 Industries/TEST@287097
halo-mcc,165,Jordan S. Lewis,,QA,SDET,,Populus Group LLC,core,November 2014 Launch/343 Industries/TEST@287129
halo-mcc,166,Kevin G. Ochsner,,QA,SDET,,Rylem LLC,core,November 2014 Launch/343 Industries/TEST@287186
halo-mcc,167,Mark A Folkerts,,QA,SDET,,Wimmer Solutions Corporation,core,November 2014 Launch/343 Industries/TEST@287236
halo-mcc,168,Michael Truong,,QA,SDET,,,core,November 2014 Launch/343 Industries/TEST@287432
halo-mcc,169,Phani Ram Deekshitula,,QA,SDET,,Quadrant Resource LLC,core,November 2014 Launch/343 Industries/TEST@287468
halo-mcc,170,Rajesh A Deshpande,,QA,SDET,,"Apex Systems, Inc",core,November 2014 Launch/343 Industries/TEST@287535
halo-mcc,171,Smruti Katre,,QA,SDET,,Icertis Inc,core,November 2014 Launch/343 Industries/TEST@287639
halo-mcc,172,Svetlana Fatkina,,QA,SDET,,Akvelon,core,November 2014 Launch/343 Industries/TEST@287733
halo-mcc,173,Syed Adeel A Zaidi,,QA,SDET,,Brickred Systems LLC,core,November 2014 Launch/343 Industries/TEST@287783
halo-mcc,174,Daniel Jason Price,,Engineering,IT Service Engineering Manager,,,core,November 2014 Launch/343 Industries/IT@288273
halo-mcc,175,Darren Little,,Engineering,IT Service Engineering,,,core,November 2014 Launch/343 Industries/IT@288416
halo-mcc,176,Sharon Bobbio,,Engineering,IT Service Engineering,,Insight Global,core,November 2014 Launch/343 Industries/IT@288451
halo-mcc,177,Stephen A Schuckenbrock,,Engineering,IT Service Engineering,,Insight Global,core,November 2014 Launch/343 Industries/IT@288503
halo-mcc,178,Thomas R Oakes,,Engineering,IT Service Engineering,,Collabera,core,November 2014 Launch/343 Industries/IT@288565
halo-mcc,179,Daniel Grade,,Studio/Business,IT Service Operations,,Collabera,core,November 2014 Launch/343 Industries/IT@288882
halo-mcc,180,Steven T Rivera,,Studio/Business,IT Service Operations,,Brickred Systems LLC,core,November 2014 Launch/343 Industries/IT@288932
halo-mcc,181,George C. Pelletier,,Engineering,IT Software Design Engineering,,Volt,core,November 2014 Launch/343 Industries/IT@289103
halo-mcc,182,Jimmy Bischoff,,QA,Director of Test,,,core,November 2014 Launch/343 Industries/GAMES TEST ORGANIZATION@289584
halo-mcc,183,Rick Lockyear,,QA,Test Manager,,,core,November 2014 Launch/343 Industries/GAMES TEST ORGANIZATION@289875
halo-mcc,184,Eric Helbig,,QA,Test Lead,,,core,November 2014 Launch/343 Industries/GAMES TEST ORGANIZATION@290120
halo-mcc,185,Jeremy Hall,,Production,Studios Production Services Manager,,,core,November 2014 Launch/343 Industries/RELEASE MANAGEMENT TEAM@290606
halo-mcc,186,Ray Derryberry,,Other,Studios Information Security,,,core,November 2014 Launch/343 Industries/RELEASE MANAGEMENT TEAM@290748
halo-mcc,187,Joe Djorgee,,Production,Studios Release Managers,,,core,November 2014 Launch/343 Industries/RELEASE MANAGEMENT TEAM@291008
halo-mcc,188,Kamel Perez,,Production,Studios Release Managers,,,core,November 2014 Launch/343 Industries/RELEASE MANAGEMENT TEAM@291041
halo-mcc,189,Josh Mulanax,,Production,Studios Release Managers,,,core,November 2014 Launch/343 Industries/RELEASE MANAGEMENT TEAM@291074
halo-mcc,190,Mike Staten,,Production,Studios Release Managers,,Xtreme Consulting Group Inc,core,November 2014 Launch/343 Industries/RELEASE MANAGEMENT TEAM@291108
halo-mcc,191,Estelle Skeels,,Production,Studios Release Managers,,Insight Global,core,November 2014 Launch/343 Industries/RELEASE MANAGEMENT TEAM@291171
halo-mcc,192,Eric “GH057ayame” Hewitt,,Other,343 Pro Team,,Experis,core,November 2014 Launch/343 Industries/343 Pro Team@291566
halo-mcc,193,Vartan “Killer V” Karakashyan,,Other,343 Pro Team,,Experis,core,November 2014 Launch/343 Industries/343 Pro Team@291622
halo-mcc,194,Mason “Neighbor” Cobb,,Other,343 Pro Team,,Experis,core,November 2014 Launch/343 Industries/343 Pro Team@291683
halo-mcc,195,Sean “DeRsKy” Swidersky,,Other,343 Pro Team,,Experis,core,November 2014 Launch/343 Industries/343 Pro Team@291780
halo-mcc,196,Garrett “The Beems” Bemis,,QA,Additional Test Support,,Experis,core,November 2014 Launch/343 Industries/343 Pro Team@292059
halo-mcc,197,Jared Smith,,QA,Additional Test Support,,Insight Global,core,November 2014 Launch/343 Industries/343 Pro Team@292116
halo-mcc,198,Keith Kline,,Production,Senior Program Manager,,,core,November 2014 Launch/Advanced Technology Group/@292734
halo-mcc,199,Bill Schiefelbein,,Production,Principal Program Manager Lead,,,core,November 2014 Launch/Advanced Technology Group/@292878
halo-mcc,200,Mark Findlay,,Production,Principal Program Manager Lead,,,core,November 2014 Launch/Advanced Technology Group/@292917
halo-mcc,201,Jason Kepner,,Production,Program Manager II,,,core,November 2014 Launch/Advanced Technology Group/@293050
halo-mcc,202,Eric Voreis,,Production,Program Manager II,,,core,November 2014 Launch/Advanced Technology Group/@293128
halo-mcc,203,Christopher Palmer,,Production,Program Manager II,,,core,November 2014 Launch/Advanced Technology Group/@293163
halo-mcc,204,Gaz Iqbal,,Other,Senior SDE,,,core,November 2014 Launch/Advanced Technology Group/@293415
halo-mcc,205,Paul Lyttle,,Other,Senior SDE,,,core,November 2014 Launch/Advanced Technology Group/@293446
halo-mcc,206,Wisgary Torres,,Other,Senior SDE,,,core,November 2014 Launch/Advanced Technology Group/@293479
halo-mcc,207,Vance O'Neill,,Other,Principal SDE,,,core,November 2014 Launch/Advanced Technology Group/@293609
halo-mcc,208,Theo Michel,,Other,Principal SDE,,,core,November 2014 Launch/Advanced Technology Group/@293644
halo-mcc,209,David Straily,,Other,SDE II,,,core,November 2014 Launch/Advanced Technology Group/@293808
halo-mcc,210,Ryan Roberts,,Other,SDE II,,,core,November 2014 Launch/Advanced Technology Group/@293976
halo-mcc,211,Harish Kumar Chandrappa,,Other,SDE II,,,core,November 2014 Launch/Advanced Technology Group/@294010
halo-mcc,212,Somesh Chaturmohta,,Other,SDE II,,,core,November 2014 Launch/Advanced Technology Group/@294099
halo-mcc,213,Jefferson Ng,,Other,SDE II,,,core,November 2014 Launch/Advanced Technology Group/@294141
halo-mcc,214,Praneeth Kallu,,Other,Senior SDET,,,core,November 2014 Launch/Advanced Technology Group/@294311
halo-mcc,215,Chris MacPherson,,Other,SDET,,,core,November 2014 Launch/Advanced Technology Group/@294434
halo-mcc,216,Katie Stone Perez,,Other,Meld Development Team,,,core,November 2014 Launch/Meld Development Team/@294955
halo-mcc,217,Sebastian Grinke,,Other,Meld Development Team,,,core,November 2014 Launch/Meld Development Team/@294994
halo-mcc,218,Jeff Blazier,,Other,Meld Development Team,,,core,November 2014 Launch/Meld Development Team/@295032
halo-mcc,219,Roy Herrod,,Other,Meld Development Team,,,core,November 2014 Launch/Meld Development Team/@295066
halo-mcc,220,Jason Hewitt,,Other,Meld Development Team,,,core,November 2014 Launch/Meld Development Team/@295098
halo-mcc,221,Zachary Wheeler,,Other,Meld Development Team,,Populus Group LLC,core,November 2014 Launch/Meld Development Team/@295132
halo-mcc,222,Meynardo Jose,,Other,Meld Development Team,,Yoh Services LLC,core,November 2014 Launch/Meld Development Team/@295189
halo-mcc,223,Dana Ludwig,,Other,Meld Development Team,,,core,November 2014 Launch/Meld Development Team/@295373
halo-mcc,224,Mat McInelly,,Other,Meld Development Team,,Ten Gun Design,core,November 2014 Launch/Meld Development Team/@295406
halo-mcc,225,Kristie Fisher,,Other,Meld Development Team,,,core,November 2014 Launch/Meld Development Team/@295457
halo-mcc,226,Rial Lerum,,Other,Meld Development Team,,Xtreme Consulting Group Inc,core,November 2014 Launch/Meld Development Team/@295493
halo-mcc,227,Tony Ball,,Other,Meld Development Team,,Experis,core,November 2014 Launch/Meld Development Team/@295556
halo-mcc,228,Valeriy Novytskyy,,Other,Meld Development Team,,Experis,core,November 2014 Launch/Meld Development Team/@295598
halo-mcc,229,Chad Gibson,,Production,Partner Group Program Manager,,,publishing,November 2014 Launch/Xbox Platform/XBOX PLATFORM@296280
halo-mcc,230,Kevin Gammill,,Production,Partner Group Program Manager,,,publishing,November 2014 Launch/Xbox Platform/XBOX PLATFORM@296314
halo-mcc,231,Bill Schiefelbein,,Production,Principal Program Manager Lead,,,publishing,November 2014 Launch/Xbox Platform/XBOX PLATFORM@296498
halo-mcc,232,John Bruno,,Production,Principal Program Manager Lead,,,publishing,November 2014 Launch/Xbox Platform/XBOX PLATFORM@296538
halo-mcc,233,Mark Findlay,,Production,Principal Program Manager Lead,,,publishing,November 2014 Launch/Xbox Platform/XBOX PLATFORM@296570
halo-mcc,234,Martin Hall,,Production,Principal Program Manager Lead,,,publishing,November 2014 Launch/Xbox Platform/XBOX PLATFORM@296604
halo-mcc,235,Krassimir Karamfilov,,Production,Principal Program Manager Lead,,,publishing,November 2014 Launch/Xbox Platform/XBOX PLATFORM@296637
halo-mcc,236,Carlos Carvallo,,Production,Senior Program Manager,,,publishing,November 2014 Launch/Xbox Platform/XBOX PLATFORM@296786
halo-mcc,237,Cierra McDonald,,Production,Senior Program Manager,,,publishing,November 2014 Launch/Xbox Platform/XBOX PLATFORM@296824
halo-mcc,238,Keith Kline,,Production,Senior Program Manager,,,publishing,November 2014 Launch/Xbox Platform/XBOX PLATFORM@296861
halo-mcc,239,Robert Smith,,Production,Senior Program Manager,,,publishing,November 2014 Launch/Xbox Platform/XBOX PLATFORM@296894
halo-mcc,240,Christopher Palmer,,Production,Program Manager II,,,publishing,November 2014 Launch/Xbox Platform/XBOX PLATFORM@297027
halo-mcc,241,Eric Voreis,,Production,Program Manager II,,,publishing,November 2014 Launch/Xbox Platform/XBOX PLATFORM@297068
halo-mcc,242,Jason Kepner,,Production,Program Manager II,,,publishing,November 2014 Launch/Xbox Platform/XBOX PLATFORM@297101
halo-mcc,243,Dave Reed,,Engineering,Distinguished Engineer,,,publishing,November 2014 Launch/Xbox Platform/XBOX PLATFORM@297242
halo-mcc,244,Stephane St-Michel,,Engineering,Principle Software Engineer Manager,,,publishing,November 2014 Launch/Xbox Platform/XBOX PLATFORM@297393
halo-mcc,245,Don McNamara,,Other,Principle Software Development Lead,,,publishing,November 2014 Launch/Xbox Platform/XBOX PLATFORM@297550
halo-mcc,246,Steve Butler,,Other,Principle Software Architect,,,publishing,November 2014 Launch/Xbox Platform/XBOX PLATFORM@297694
halo-mcc,247,Buzz Ruzyski,,Engineering,Software Engineer Lead,,,publishing,November 2014 Launch/Xbox Platform/XBOX PLATFORM@297953
halo-mcc,248,Tim Gill,,Engineering,Software Engineer Lead,,,publishing,November 2014 Launch/Xbox Platform/XBOX PLATFORM@297988
halo-mcc,249,Justin Brown,,Other,Principal SDE,,,publishing,November 2014 Launch/Xbox Platform/XBOX PLATFORM@298112
halo-mcc,250,Theo Michel,,Other,Principal SDE,,,publishing,November 2014 Launch/Xbox Platform/XBOX PLATFORM@298147
halo-mcc,251,Vance O'Neill,,Other,Principal SDE,,,publishing,November 2014 Launch/Xbox Platform/XBOX PLATFORM@298180
halo-mcc,252,Amit Amit Dhar,,Other,Senior SDE,,,publishing,November 2014 Launch/Xbox Platform/XBOX PLATFORM@298310
halo-mcc,253,Joel Wiljanen,,Other,Senior SDE,,,publishing,November 2014 Launch/Xbox Platform/XBOX PLATFORM@298347
halo-mcc,254,Stuart Dent,,Other,Senior SDE,,,publishing,November 2014 Launch/Xbox Platform/XBOX PLATFORM@298382
halo-mcc,255,Wisgary Torres,,Other,Senior SDE,,,publishing,November 2014 Launch/Xbox Platform/XBOX PLATFORM@298415
halo-mcc,256,BJ Malicoat,,Other,SDE II,,,publishing,November 2014 Launch/Xbox Platform/XBOX PLATFORM@298538
halo-mcc,257,David Straily,,Other,SDE II,,,publishing,November 2014 Launch/Xbox Platform/XBOX PLATFORM@298572
halo-mcc,258,Harish Kumar Chandrappa,,Other,SDE II,,,publishing,November 2014 Launch/Xbox Platform/XBOX PLATFORM@298607
halo-mcc,259,Jefferson Ng,,Other,SDE II,,,publishing,November 2014 Launch/Xbox Platform/XBOX PLATFORM@298652
halo-mcc,260,John Kelly,,Other,SDE II,,,publishing,November 2014 Launch/Xbox Platform/XBOX PLATFORM@298686
halo-mcc,261,Matt Lopes,,Other,SDE II,,,publishing,November 2014 Launch/Xbox Platform/XBOX PLATFORM@298718
halo-mcc,262,Ryan Roberts,,Other,SDE II,,,publishing,November 2014 Launch/Xbox Platform/XBOX PLATFORM@298750
halo-mcc,263,Sela Davis,,Other,SDE II,,,publishing,November 2014 Launch/Xbox Platform/XBOX PLATFORM@298784
halo-mcc,264,Somesh Chaturmohta,,Other,SDE II,,,publishing,November 2014 Launch/Xbox Platform/XBOX PLATFORM@298816
halo-mcc,265,Zane Teh,,Other,SDE II,,,publishing,November 2014 Launch/Xbox Platform/XBOX PLATFORM@298856
halo-mcc,266,David Griffith,,QA,Quality Manager,,,publishing,November 2014 Launch/Xbox Platform/XBOX PLATFORM@298986
halo-mcc,267,Bruce Brown,,Other,Senior SDET,,,publishing,November 2014 Launch/Xbox Platform/XBOX PLATFORM@299115
halo-mcc,268,Nick Perkins,,Other,Senior SDET,,,publishing,November 2014 Launch/Xbox Platform/XBOX PLATFORM@299149
halo-mcc,269,Praneeth Kallu,,Other,Senior SDET,,,publishing,November 2014 Launch/Xbox Platform/XBOX PLATFORM@299183
halo-mcc,270,Chris MacPherson,,Other,SDET,,,publishing,November 2014 Launch/Xbox Platform/XBOX PLATFORM@299304
halo-mcc,271,Jennifer Waters,,Other,SDET,,,publishing,November 2014 Launch/Xbox Platform/XBOX PLATFORM@299343
halo-mcc,272,George Ringer,,Engineering,Principle Service Engineer Manager,,,publishing,November 2014 Launch/Xbox Platform/XBOX PLATFORM@299616
halo-mcc,273,Brad Turner,,Engineering,Sr. Service Engineer Manager,,,publishing,November 2014 Launch/Xbox Platform/XBOX PLATFORM@299760
halo-mcc,274,Mark Licata,,Engineering,Principle Service Engineer,,,publishing,November 2014 Launch/Xbox Platform/XBOX PLATFORM@299901
halo-mcc,275,Kenny Yeh,,Engineering,Sr. Service Engineer II,,,publishing,November 2014 Launch/Xbox Platform/XBOX PLATFORM@300042
halo-mcc,276,Ben Warriner,,Engineering,SR. Service Engineer,,,publishing,November 2014 Launch/Xbox Platform/XBOX PLATFORM@300178
halo-mcc,277,Daniel Cornell,,Engineering,SR. Service Engineer,,,publishing,November 2014 Launch/Xbox Platform/XBOX PLATFORM@300213
halo-mcc,278,David Riley,,Engineering,SR. Service Engineer,,,publishing,November 2014 Launch/Xbox Platform/XBOX PLATFORM@300249
halo-mcc,279,Jeromy Statia,,Engineering,SR. Service Engineer,,,publishing,November 2014 Launch/Xbox Platform/XBOX PLATFORM@300282
halo-mcc,280,Nate Johnson,,Engineering,SR. Service Engineer,,,publishing,November 2014 Launch/Xbox Platform/XBOX PLATFORM@300317
halo-mcc,281,Raymond Linz,,Engineering,SR. Service Engineer,,,publishing,November 2014 Launch/Xbox Platform/XBOX PLATFORM@300351
halo-mcc,282,Tom Verdi,,Engineering,SR. Service Engineer,,,publishing,November 2014 Launch/Xbox Platform/XBOX PLATFORM@300385
halo-mcc,283,Jerome Hagen,,Design,User Research Project Lead,,,publishing,November 2014 Launch/Xbox Platform/USER RESEARCH@300851
halo-mcc,284,Keith Steury,,Design,User Research Lead,,,publishing,November 2014 Launch/Xbox Platform/USER RESEARCH@300984
halo-mcc,285,Ivan Koveshnikov,,Design,User Researcher,,CompuCom Systems Inc,publishing,November 2014 Launch/Xbox Platform/USER RESEARCH@301235
halo-mcc,286,Randy Pagulayan,,Special Thanks,Special Thanks,,,special-thanks,November 2014 Launch/Xbox Platform/USER RESEARCH@301391
halo-mcc,287,Yumiko Murphy,,Production,Localization Producers,,,publishing,November 2014 Launch/Localization/@301985
halo-mcc,288,Makiko O'Brien,,Production,Localization Producers,,,publishing,November 2014 Launch/Localization/@302021
halo-mcc,289,David Martinez,,Production,Localization Producers,,Loft 9 LLC,publishing,November 2014 Launch/Localization/@302057
halo-mcc,290,Elena Arzac Soto,,Engineering,International Project Engineer,,Global Studio Consultings,publishing,November 2014 Launch/Localization/@302221
halo-mcc,291,Jason Shirley,,Audio,Lead Audio Producer,,,publishing,November 2014 Launch/Localization/@302391
halo-mcc,292,Tryg Sebastian Littlefield,,Audio,Audio Producer,,Global Studio Consultings,publishing,November 2014 Launch/Localization/@302525
halo-mcc,293,Camille Janinet,,Publishing,Localization Project Managers,,ExeQuo,publishing,November 2014 Launch/Localization/@302715
halo-mcc,294,Asako Kido,,Publishing,Localization Project Managers,,Zip Global Corporation,publishing,November 2014 Launch/Localization/@302762
halo-mcc,295,Richard Saadt,,Audio,Localization Audio Producers,,ExeQuo,publishing,November 2014 Launch/Localization/@303053
halo-mcc,296,Nicolas Vigot,,Audio,Localization Audio Producers,,ExeQuo,publishing,November 2014 Launch/Localization/@303098
halo-mcc,297,Caroline Agudo,,Other,Linguistic Coordinators,,ExeQuo,publishing,November 2014 Launch/Localization/@303250
halo-mcc,298,Young Jin Park,,Other,Linguistic Coordinators,,Zip Global Corporation,publishing,November 2014 Launch/Localization/@303296
halo-mcc,299,Shu-Liang Balzac Chang,,Other,Linguistic Coordinators,,Zip Global Corporation,publishing,November 2014 Launch/Localization/@303358
halo-mcc,300,Jeff Wang,,Other,Linguistic Coordinators,,Zip Global Corporation,publishing,November 2014 Launch/Localization/@303428
halo-mcc,301,Young Hoon Shim,,Other,East Asia Content Reviewers,,Zip Global Corporation,publishing,November 2014 Launch/Localization/@303596
halo-mcc,302,Masao Okamoto,,Other,East Asia Content Reviewers,,Zip Global Corporation,publishing,November 2014 Launch/Localization/@303659
halo-mcc,303,Toshihiko Nishimoto,,Other,East Asia Content Reviewers,,Zip Global Corporation,publishing,November 2014 Launch/Localization/@303720
halo-mcc,304,Koji Kikawa,,Other,East Asia Content Reviewers,,Zip Global Corporation,publishing,November 2014 Launch/Localization/@303787
halo-mcc,305,Michael Jones,,QA,Software Development Engineer in Test,,,publishing,November 2014 Launch/Localization/@304084
halo-mcc,306,Susan Lester,,QA,Test Leads,,Keywords International Limited,publishing,November 2014 Launch/Localization/@304214
halo-mcc,307,Chase Engdall,,QA,Test Leads,,Keywords International Limited,publishing,November 2014 Launch/Localization/@304282
halo-mcc,308,Antonio Giuseppe Pepe,,QA,Localization Testers,,Keywords International Limited,publishing,November 2014 Launch/Localization/@304455
halo-mcc,309,Danny Tseng,,QA,Localization Testers,,Keywords International Inc,publishing,November 2014 Launch/Localization/@304531
halo-mcc,310,Gerardo Alberto De La Cruz Rivera,,QA,Localization Testers,,Keywords International Limited,publishing,November 2014 Launch/Localization/@304594
halo-mcc,311,Gwen Jooris,,QA,Localization Testers,,Keywords International Limited,publishing,November 2014 Launch/Localization/@304682
halo-mcc,312,Kellum O'Connor,,QA,Localization Testers,,Keywords International Limited,publishing,November 2014 Launch/Localization/@304749
halo-mcc,313,Manoela Silveira-Nowadnick,,QA,Localization Testers,,Keywords International Limited,publishing,November 2014 Launch/Localization/@304948
halo-mcc,314,Mateusz Eryk Kubas,,QA,Localization Testers,,Keywords International Limited,publishing,November 2014 Launch/Localization/@305029
halo-mcc,315,Nellya Nazhmutdinova,,QA,Localization Testers,,Keywords International Limited,publishing,November 2014 Launch/Localization/@305102
halo-mcc,316,Peter J. Ahn,,QA,Localization Testers,,Keywords International Limited,publishing,November 2014 Launch/Localization/@305177
halo-mcc,317,Rocio Chelemedos,,QA,Localization Testers,,Keywords International Limited,publishing,November 2014 Launch/Localization/@305245
halo-mcc,318,Yasuhiro Muraki,,QA,Localization Testers,,Keywords International Limited,publishing,November 2014 Launch/Localization/@305317
halo-mcc,319,Oliver Maxwell Grace,,Other,Halo Babies,,,babies,November 2014 Launch/Halo Babies/@305859
halo-mcc,320,Edith Emilie Jeffers,,Other,Halo Babies,,,babies,November 2014 Launch/Halo Babies/@305901
halo-mcc,321,Helen Claire Schnickel,,Other,Halo Babies,,,babies,November 2014 Launch/Halo Babies/@306115
halo-mcc,322,Seamus Ramos,,Other,Halo Babies,,,babies,November 2014 Launch/Halo Babies/@306161
halo-mcc,323,Phil Spencer,,Special Thanks,SPECIAL THANKS,,,special-thanks,November 2014 Launch/SPECIAL THANKS/@306670
halo-mcc,324,Jeremy Cook,,Special Thanks,SPECIAL THANKS,,,special-thanks,November 2014 Launch/SPECIAL THANKS/@306704
halo-mcc,325,Dave Carlton,,Special Thanks,SPECIAL THANKS,,,special-thanks,November 2014 Launch/SPECIAL THANKS/@306737
halo-mcc,326,Kristen Naranjo,,Special Thanks,SPECIAL THANKS,,,special-thanks,November 2014 Launch/SPECIAL THANKS/@306771
halo-mcc,327,Korey Leafblad,,Special Thanks,SPECIAL THANKS,,,special-thanks,November 2014 Launch/SPECIAL THANKS/@306808
halo-mcc,328,"Josh ""Jash"" Jensen",,Special Thanks,SPECIAL THANKS,,,special-thanks,November 2014 Launch/SPECIAL THANKS/@306888
halo-mcc,329,Nicole Tanner,,Special Thanks,SPECIAL THANKS,,,special-thanks,November 2014 Launch/SPECIAL THANKS/@306930
halo-mcc,330,“Commander” Anastasia Bender,,Special Thanks,SPECIAL THANKS,,,special-thanks,November 2014 Launch/SPECIAL THANKS/@306965
halo-mcc,331,Sharon Bender,,Special Thanks,SPECIAL THANKS,,,special-thanks,November 2014 Launch/SPECIAL THANKS/@307015
halo-mcc,332,Elaina Bender,,Special Thanks,SPECIAL THANKS,,,special-thanks,November 2014 Launch/SPECIAL THANKS/@307050
halo-mcc,333,Mitch Bender,,Special Thanks,SPECIAL THANKS,,,special-thanks,November 2014 Launch/SPECIAL THANKS/@307085
halo-mcc,334,LeAnne Myers,,Special Thanks,SPECIAL THANKS,,,special-thanks,November 2014 Launch/SPECIAL THANKS/@307119
halo-mcc,335,Sam Myers,,Special Thanks,SPECIAL THANKS,,,special-thanks,November 2014 Launch/SPECIAL THANKS/@307153
halo-mcc,336,"Garct, Tharpek, Beeze, Shanty and Marro",,Special Thanks,SPECIAL THANKS,,,special-thanks,November 2014 Launch/SPECIAL THANKS/@307380
halo-mcc,337,Neddins Ries,,Special Thanks,SPECIAL THANKS,,,special-thanks,November 2014 Launch/SPECIAL THANKS/@307441
halo-mcc,338,Kevin Keyes,,Special Thanks,SPECIAL THANKS,,,special-thanks,November 2014 Launch/SPECIAL THANKS/@307475
halo-mcc,339,Amy Tappen,,Special Thanks,SPECIAL THANKS,,,special-thanks,November 2014 Launch/SPECIAL THANKS/@307508
halo-mcc,340,Kathey Tappen,,Special Thanks,SPECIAL THANKS,,,special-thanks,November 2014 Launch/SPECIAL THANKS/@307540
halo-mcc,341,Craig Tappen,,Special Thanks,SPECIAL THANKS,,,special-thanks,November 2014 Launch/SPECIAL THANKS/@307575
halo-mcc,342,Aaron Tappen,,Special Thanks,SPECIAL THANKS,,,special-thanks,November 2014 Launch/SPECIAL THANKS/@307609
halo-mcc,343,Emmet Duke Tappen,,Special Thanks,SPECIAL THANKS,,,special-thanks,November 2014 Launch/SPECIAL THANKS/@307643
halo-mcc,344,Zoe Sonenberg,,Special Thanks,SPECIAL THANKS,,,special-thanks,November 2014 Launch/SPECIAL THANKS/@307682
halo-mcc,345,Al Jeffers,,Special Thanks,SPECIAL THANKS,,,special-thanks,November 2014 Launch/SPECIAL THANKS/@307717
halo-mcc,346,Marcia Edell,,Special Thanks,SPECIAL THANKS,,,special-thanks,November 2014 Launch/SPECIAL THANKS/@307749
halo-mcc,347,Emilie Edell,,Special Thanks,SPECIAL THANKS,,,special-thanks,November 2014 Launch/SPECIAL THANKS/@307783
halo-mcc,348,Kendall Starr,,Special Thanks,SPECIAL THANKS,,,special-thanks,November 2014 Launch/SPECIAL THANKS/@307817
halo-mcc,349,Chris Palmer,,Special Thanks,SPECIAL THANKS,,,special-thanks,November 2014 Launch/SPECIAL THANKS/@307980
halo-mcc,350,Vance O'Neill,,Special Thanks,SPECIAL THANKS,,,special-thanks,November 2014 Launch/SPECIAL THANKS/@308014
halo-mcc,351,Joel Mongeon,,Special Thanks,SPECIAL THANKS,,,special-thanks,November 2014 Launch/SPECIAL THANKS/@308049
halo-mcc,352,Mark Kobrin,,Special Thanks,SPECIAL THANKS,,,special-thanks,November 2014 Launch/SPECIAL THANKS/@308083
halo-mcc,353,Randall Ng,,Special Thanks,SPECIAL THANKS,,,special-thanks,November 2014 Launch/SPECIAL THANKS/@308116
halo-mcc,354,Tyler,,Special Thanks,SPECIAL THANKS,,,special-thanks,November 2014 Launch/SPECIAL THANKS/@308152
halo-mcc,355,Mathieu,,Special Thanks,SPECIAL THANKS,,,special-thanks,November 2014 Launch/SPECIAL THANKS/@308179
halo-mcc,356,Alec,,Special Thanks,SPECIAL THANKS,,,special-thanks,November 2014 Launch/SPECIAL THANKS/@308208
halo-mcc,357,Everett,,Special Thanks,SPECIAL THANKS,,,special-thanks,November 2014 Launch/SPECIAL THANKS/@308234
halo-mcc,358,Quinn,,Special Thanks,SPECIAL THANKS,,,special-thanks,November 2014 Launch/SPECIAL THANKS/@308263
halo-mcc,359,Antuan,,Special Thanks,SPECIAL THANKS,,,special-thanks,November 2014 Launch/SPECIAL THANKS/@308291
halo-mcc,360,Taj,,Special Thanks,SPECIAL THANKS,,,special-thanks,November 2014 Launch/SPECIAL THANKS/@308319
halo-mcc,361,Alec,,Special Thanks,SPECIAL THANKS,,,special-thanks,November 2014 Launch/SPECIAL THANKS/@308345
halo-mcc,362,Brian,,Special Thanks,SPECIAL THANKS,,,special-thanks,November 2014 Launch/SPECIAL THANKS/@308371
halo-mcc,363,Mitchell,,Special Thanks,SPECIAL THANKS,,,special-thanks,November 2014 Launch/SPECIAL THANKS/@308398
halo-mcc,364,Gabriel,,Special Thanks,SPECIAL THANKS,,,special-thanks,November 2014 Launch/SPECIAL THANKS/@308428
halo-mcc,365,Ben Sullivan,,Production,Producer,,United Front Games,core,November 2014 Launch/United Front Games/UFG TEAM@309001
halo-mcc,366,Nick Letizia,,Design,Designer,,United Front Games,core,November 2014 Launch/United Front Games/UFG TEAM@309124
halo-mcc,367,Peter Lolley,,Engineering,Technical Director,,United Front Games,core,November 2014 Launch/United Front Games/UFG TEAM@309257
halo-mcc,368,Ryan Senger,,Design,Sr. UX Lead,,United Front Games,core,November 2014 Launch/United Front Games/UFG TEAM@309382
halo-mcc,369,Daniel Szilagyi,,Art,Artists,,United Front Games,core,November 2014 Launch/United Front Games/UFG TEAM@309624
halo-mcc,370,John Wong,,Art,Artists,,United Front Games,core,November 2014 Launch/United Front Games/UFG TEAM@309661
halo-mcc,371,Erwin Tang,,Engineering,Programmers,,United Front Games,core,November 2014 Launch/United Front Games/UFG TEAM@309784
halo-mcc,372,Jeremy Evers,,Engineering,Programmers,,United Front Games,core,November 2014 Launch/United Front Games/UFG TEAM@309816
halo-mcc,373,Justin Sharma,,Engineering,Programmers,,United Front Games,core,November 2014 Launch/United Front Games/UFG TEAM@309850
halo-mcc,374,Lena Klassen,,Engineering,Programmers,,United Front Games,core,November 2014 Launch/United Front Games/UFG TEAM@309885
halo-mcc,375,Richard Orth,,Engineering,Programmers,,United Front Games,core,November 2014 Launch/United Front Games/UFG TEAM@309919
halo-mcc,376,Vincent Descubes,,Engineering,Programmers,,United Front Games,core,November 2014 Launch/United Front Games/UFG TEAM@309997
halo-mcc,377,Eric C Chan,,QA,QA Lead,,United Front Games,core,November 2014 Launch/United Front Games/UFG TEAM@310246
halo-mcc,378,Felipe Yonekawa,,QA,QA Testers,,United Front Games,core,November 2014 Launch/United Front Games/UFG TEAM@310370
halo-mcc,379,Jacques Palermo,,QA,QA Testers,,United Front Games,core,November 2014 Launch/United Front Games/UFG TEAM@310407
halo-mcc,380,Joao Ramos Filho,,QA,QA Testers,,United Front Games,core,November 2014 Launch/United Front Games/UFG TEAM@310444
halo-mcc,381,David Lindsay,,QA,QA Testers,,United Front Games,core,November 2014 Launch/United Front Games/UFG TEAM@310482
halo-mcc,382,Scott Murray,,QA,QA Testers,,United Front Games,core,November 2014 Launch/United Front Games/UFG TEAM@310517
halo-mcc,383,Stephen Van Der Mescht,,Other,CEO,,United Front Games,core,November 2014 Launch/United Front Games/UFG STUDIO@310958
halo-mcc,384,Jeff O’Connell,,Production,Head of Production,,United Front Games,core,November 2014 Launch/United Front Games/UFG STUDIO@311219
halo-mcc,385,Pamela Chow,,Other,Development Director,,United Front Games,core,November 2014 Launch/United Front Games/UFG STUDIO@311474
halo-mcc,386,Alex McGilvray,,Special Thanks,SPECIAL THANKS,,United Front Games,special-thanks,November 2014 Launch/United Front Games/SPECIAL THANKS@311843
halo-mcc,387,Brad Gour,,Special Thanks,SPECIAL THANKS,,United Front Games,special-thanks,November 2014 Launch/United Front Games/SPECIAL THANKS@311879
halo-mcc,388,Josh Watkins,,Special Thanks,SPECIAL THANKS,,United Front Games,special-thanks,November 2014 Launch/United Front Games/SPECIAL THANKS@311910
halo-mcc,389,Ken Mansfield,,Special Thanks,SPECIAL THANKS,,United Front Games,special-thanks,November 2014 Launch/United Front Games/SPECIAL THANKS@311944
halo-mcc,390,Ryan Lee,,Special Thanks,SPECIAL THANKS,,United Front Games,special-thanks,November 2014 Launch/United Front Games/SPECIAL THANKS@311979
halo-mcc,391,Anna Sloan,,Special Thanks,SPECIAL THANKS,,United Front Games,special-thanks,November 2014 Launch/United Front Games/SPECIAL THANKS@312137
halo-mcc,392,Colleen Arndt,,Special Thanks,SPECIAL THANKS,,United Front Games,special-thanks,November 2014 Launch/United Front Games/SPECIAL THANKS@312169
halo-mcc,393,Shane Elliott,,Special Thanks,SPECIAL THANKS,,United Front Games,special-thanks,November 2014 Launch/United Front Games/SPECIAL THANKS@312204
halo-mcc,394,Jen Timms,,Special Thanks,SPECIAL THANKS,,United Front Games,special-thanks,November 2014 Launch/United Front Games/SPECIAL THANKS@312239
halo-mcc,395,Kristina Bullock,,Special Thanks,SPECIAL THANKS,,United Front Games,special-thanks,November 2014 Launch/United Front Games/SPECIAL THANKS@312270
halo-mcc,396,Lisa Stuible,,Special Thanks,SPECIAL THANKS,,United Front Games,special-thanks,November 2014 Launch/United Front Games/SPECIAL THANKS@312352
halo-mcc,397,Stella Suen,,Special Thanks,SPECIAL THANKS,,United Front Games,special-thanks,November 2014 Launch/United Front Games/SPECIAL THANKS@312388
halo-mcc,398,Sarah Tai,,Special Thanks,SPECIAL THANKS,,United Front Games,special-thanks,November 2014 Launch/United Front Games/SPECIAL THANKS@312549
halo-mcc,399,Brook Jones,,Special Thanks,SPECIAL THANKS,,United Front Games,special-thanks,November 2014 Launch/United Front Games/SPECIAL THANKS@312580
halo-mcc,400,Lawrence Sparling,,Special Thanks,SPECIAL THANKS,,United Front Games,special-thanks,November 2014 Launch/United Front Games/SPECIAL THANKS@312613
halo-mcc,401,Jon Parkins,,Special Thanks,SPECIAL THANKS,,United Front Games,special-thanks,November 2014 Launch/United Front Games/SPECIAL THANKS@312652
halo-mcc,402,Jinno Fuentecilla,,Special Thanks,SPECIAL THANKS,,United Front Games,special-thanks,November 2014 Launch/United Front Games/SPECIAL THANKS@312729
halo-mcc,403,Arnout van Meer,,Leadership,Chief Technical Officer,,Fireteam LTD,core,November 2014 Launch/Fireteam LTD/@313327
halo-mcc,404,Armin Ronacher,,Engineering,Senior Software Engineer,,Fireteam LTD,core,November 2014 Launch/Fireteam LTD/@313469
halo-mcc,405,Gordon Biggans,,Engineering,Lead Programmer,,Fireteam LTD,core,November 2014 Launch/Fireteam LTD/@313766
halo-mcc,406,Stephen Gaffney,,Production,Executive Producer,,Fireteam LTD,core,November 2014 Launch/Fireteam LTD/@313903
halo-mcc,407,Peter Klaebe,,QA,Delivery Director,,Experis,core,November 2014 Launch/Test By Experis/@314551
halo-mcc,408,Carol Stearns,,Studio/Business,Operations Professional,,Experis,core,November 2014 Launch/Test By Experis/@314692
halo-mcc,409,Gavin Kennedy,,QA,Test Manager,,Experis,core,November 2014 Launch/Test By Experis/@314820
halo-mcc,410,Timothy Attuquayefio,,QA,Senior Test Lead,,Experis,core,November 2014 Launch/Test By Experis/@314952
halo-mcc,411,Ben Farley,,QA,Test Lead,,Experis,core,November 2014 Launch/Test By Experis/@315084
halo-mcc,412,Lyndon Moore,,QA,Test Lead,,Experis,core,November 2014 Launch/Test By Experis/@315206
halo-mcc,413,J. Kevin Connolly,,QA,Software Development Engineer in Test,,Experis,core,November 2014 Launch/Test By Experis/@315358
halo-mcc,414,Adam Chapin,,QA,Software Test Engineers,,Experis,core,November 2014 Launch/Test By Experis/@315622
halo-mcc,415,Ahmad J Chohan,,QA,Software Test Engineers,,Experis,core,November 2014 Launch/Test By Experis/@315655
halo-mcc,416,Ryan Gibson,,QA,Software Test Engineers,,Experis,core,November 2014 Launch/Test By Experis/@315691
halo-mcc,417,Eric Leavell,,QA,Software Test Engineers,,Experis,core,November 2014 Launch/Test By Experis/@315724
halo-mcc,418,Daniel Meiwes,,QA,Software Test Engineers,,Experis,core,November 2014 Launch/Test By Experis/@315802
halo-mcc,419,Devon M Smith,,QA,Software Test Engineers,,Experis,core,November 2014 Launch/Test By Experis/@315839
halo-mcc,420,Michael Bonn,,QA,Test Associates,,Experis,core,November 2014 Launch/Test By Experis/@315970
halo-mcc,421,Adric Braithwaite,,QA,Test Associates,,Experis,core,November 2014 Launch/Test By Experis/@316004
halo-mcc,422,Joshua Breese,,QA,Test Associates,,Experis,core,November 2014 Launch/Test By Experis/@316043
halo-mcc,423,Andrew Brennwald,,QA,Test Associates,,Experis,core,November 2014 Launch/Test By Experis/@316078
halo-mcc,424,Amanda Brewer,,QA,Test Associates,,Experis,core,November 2014 Launch/Test By Experis/@316116
halo-mcc,425,Chris Brock,,QA,Test Associates,,Experis,core,November 2014 Launch/Test By Experis/@316151
halo-mcc,426,Richie Burroughs,,QA,Test Associates,,Experis,core,November 2014 Launch/Test By Experis/@316184
halo-mcc,427,Kayla Calloway,,QA,Test Associates,,Experis,core,November 2014 Launch/Test By Experis/@316222
halo-mcc,428,Mitch Campbell,,QA,Test Associates,,Experis,core,November 2014 Launch/Test By Experis/@316258
halo-mcc,429,Christopher Case,,QA,Test Associates,,Experis,core,November 2014 Launch/Test By Experis/@316294
halo-mcc,430,Benjamin Dienes,,QA,Test Associates,,Experis,core,November 2014 Launch/Test By Experis/@316332
halo-mcc,431,Ivan Fix,,QA,Test Associates,,Experis,core,November 2014 Launch/Test By Experis/@316369
halo-mcc,432,Nick Fowler,,QA,Test Associates,,Experis,core,November 2014 Launch/Test By Experis/@316399
halo-mcc,433,Joshua Alan Frasier,,QA,Test Associates,,Experis,core,November 2014 Launch/Test By Experis/@316432
halo-mcc,434,Andrew Golding,,QA,Test Associates,,Experis,core,November 2014 Launch/Test By Experis/@316602
halo-mcc,435,Jacob Grandstaff,,QA,Test Associates,,Experis,core,November 2014 Launch/Test By Experis/@316638
halo-mcc,436,Evan Griffiths,,QA,Test Associates,,Experis,core,November 2014 Launch/Test By Experis/@316676
halo-mcc,437,Kara Hasel,,QA,Test Associates,,Experis,core,November 2014 Launch/Test By Experis/@316712
halo-mcc,438,Nikolas Hayes,,QA,Test Associates,,Experis,core,November 2014 Launch/Test By Experis/@316744
halo-mcc,439,Casey Higgason,,QA,Test Associates,,Experis,core,November 2014 Launch/Test By Experis/@316779
halo-mcc,440,Layn Scott Holman,,QA,Test Associates,,Experis,core,November 2014 Launch/Test By Experis/@316859
halo-mcc,441,Ethan Houlé,,QA,Test Associates,,Experis,core,November 2014 Launch/Test By Experis/@316900
halo-mcc,442,Sawpea Keo,,QA,Test Associates,,Experis,core,November 2014 Launch/Test By Experis/@316980
halo-mcc,443,Justin Kernan,,QA,Test Associates,,Experis,core,November 2014 Launch/Test By Experis/@317014
halo-mcc,444,Miles Kot,,QA,Test Associates,,Experis,core,November 2014 Launch/Test By Experis/@317049
halo-mcc,445,Kylie Lewis,,QA,Test Associates,,Experis,core,November 2014 Launch/Test By Experis/@317080
halo-mcc,446,Ryan Lockamy-Emmons,,QA,Test Associates,,Experis,core,November 2014 Launch/Test By Experis/@317113
halo-mcc,447,Dustin Lukas,,QA,Test Associates,,Experis,core,November 2014 Launch/Test By Experis/@317154
halo-mcc,448,Gabriel Mainhood,,QA,Test Associates,,Experis,core,November 2014 Launch/Test By Experis/@317232
halo-mcc,449,Shine Massie,,QA,Test Associates,,Experis,core,November 2014 Launch/Test By Experis/@317272
halo-mcc,450,Daniel McCabe,,QA,Test Associates,,Experis,core,November 2014 Launch/Test By Experis/@317306
halo-mcc,451,Mason McKinney,,QA,Test Associates,,Experis,core,November 2014 Launch/Test By Experis/@317341
halo-mcc,452,Jason Rex Miller,,QA,Test Associates,,Experis,core,November 2014 Launch/Test By Experis/@317377
halo-mcc,453,Zackary Myers,,QA,Test Associates,,Experis,core,November 2014 Launch/Test By Experis/@317415
halo-mcc,454,Ryan Norman,,QA,Test Associates,,Experis,core,November 2014 Launch/Test By Experis/@317450
halo-mcc,455,Perry Ordway,,QA,Test Associates,,Experis,core,November 2014 Launch/Test By Experis/@317483
halo-mcc,456,Jacob Penner,,QA,Test Associates,,Experis,core,November 2014 Launch/Test By Experis/@317517
halo-mcc,457,Greg Sevilla,,QA,Test Associates,,Experis,core,November 2014 Launch/Test By Experis/@317551
halo-mcc,458,James Shafer,,QA,Test Associates,,Experis,core,November 2014 Launch/Test By Experis/@317715
halo-mcc,459,Michael Shields,,QA,Test Associates,,Experis,core,November 2014 Launch/Test By Experis/@317749
halo-mcc,460,Alexis Smith,,QA,Test Associates,,Experis,core,November 2014 Launch/Test By Experis/@317786
halo-mcc,461,Spencer Smith,,QA,Test Associates,,Experis,core,November 2014 Launch/Test By Experis/@317820
halo-mcc,462,Amanda Swalling,,QA,Test Associates,,Experis,core,November 2014 Launch/Test By Experis/@317855
halo-mcc,463,Russell E Swinhart,,QA,Test Associates,,Experis,core,November 2014 Launch/Test By Experis/@317892
halo-mcc,464,Devin Thompson,,QA,Test Associates,,Experis,core,November 2014 Launch/Test By Experis/@317932
halo-mcc,465,Justin Thompson-Orr,,QA,Test Associates,,Experis,core,November 2014 Launch/Test By Experis/@317968
halo-mcc,466,Rickie Thornley,,QA,Test Associates,,Experis,core,November 2014 Launch/Test By Experis/@318009
halo-mcc,467,Ronnie Thornley III,,QA,Test Associates,,Experis,core,November 2014 Launch/Test By Experis/@318046
halo-mcc,468,Eric Toews,,QA,Test Associates,,Experis,core,November 2014 Launch/Test By Experis/@318087
halo-mcc,469,Tim Toulouse,,QA,Test Associates,,Experis,core,November 2014 Launch/Test By Experis/@318119
halo-mcc,470,Hunter von Dehn,,QA,Test Associates,,Experis,core,November 2014 Launch/Test By Experis/@318153
halo-mcc,471,Keoki Welsh,,QA,Test Associates,,Experis,core,November 2014 Launch/Test By Experis/@318190
halo-mcc,472,Clayton Wright,,QA,Test Associates,,Experis,core,November 2014 Launch/Test By Experis/@318223
halo-mcc,473,Nick Hardy,,QA,Additional Testing,,Experis,core,November 2014 Launch/Test By Experis/@318358
halo-mcc,474,Rachelle Helmkamp,,QA,Additional Testing,,Experis,core,November 2014 Launch/Test By Experis/@318390
halo-mcc,475,Nick Moiso,,QA,Additional Testing,,Experis,core,November 2014 Launch/Test By Experis/@318429
halo-mcc,476,Anthony Price,,QA,Additional Testing,,Experis,core,November 2014 Launch/Test By Experis/@318461
halo-mcc,477,Brandon Salcedo,,QA,Additional Testing,,Experis,core,November 2014 Launch/Test By Experis/@318496
halo-mcc,478,Blażej Zawadzki,,QA,Games Test Manager,,Lionbridge Game Services,core,November 2014 Launch/Test By Lionbridge Game Services/@319118
halo-mcc,479,Michał Błoński,,QA,Senior Test Lead,,Lionbridge Game Services,core,November 2014 Launch/Test By Lionbridge Game Services/@319252
halo-mcc,480,Sean Kellogg,,QA,Senior Test Lead,,Lionbridge Game Services,core,November 2014 Launch/Test By Lionbridge Game Services/@319288
halo-mcc,481,Damian Mielnik,,QA,Test Lead,,Lionbridge Game Services,core,November 2014 Launch/Test By Lionbridge Game Services/@319456
halo-mcc,482,Michał Rejman,,QA,Senior Test Engineers,,Lionbridge Game Services,core,November 2014 Launch/Test By Lionbridge Game Services/@319640
halo-mcc,483,Adam Brejnakowski,,QA,Senior Test Engineers,,Lionbridge Game Services,core,November 2014 Launch/Test By Lionbridge Game Services/@319808
halo-mcc,484,Kamil Bazydlo,,QA,Senior Test Engineers,,Lionbridge Game Services,core,November 2014 Launch/Test By Lionbridge Game Services/@319847
halo-mcc,485,Agata Jabłońska,,QA,Lionbridge Test Associates,,Lionbridge Game Services,core,November 2014 Launch/Test By Lionbridge Game Services/@319989
halo-mcc,486,Krystian Skawiński,,QA,Lionbridge Test Associates,,Lionbridge Game Services,core,November 2014 Launch/Test By Lionbridge Game Services/@320026
halo-mcc,487,Marcin Limont,,QA,Lionbridge Test Associates,,Lionbridge Game Services,core,November 2014 Launch/Test By Lionbridge Game Services/@320110
halo-mcc,488,Mateusz Jakubczyk,,QA,Lionbridge Test Associates,,Lionbridge Game Services,core,November 2014 Launch/Test By Lionbridge Game Services/@320147
halo-mcc,489,Łukasz Mikusek,,QA,Lionbridge Test Associates,,Lionbridge Game Services,core,November 2014 Launch/Test By Lionbridge Game Services/@320230
halo-mcc,490,Konrad Chmielewski,,QA,Lionbridge Test Associates,,Lionbridge Game Services,core,November 2014 Launch/Test By Lionbridge Game Services/@320268
halo-mcc,491,Urszula Kustra,,QA,Lionbridge Test Associates,,Lionbridge Game Services,core,November 2014 Launch/Test By Lionbridge Game Services/@320308
halo-mcc,492,Katarzyna Smyk,,QA,Lionbridge Test Associates,,Lionbridge Game Services,core,November 2014 Launch/Test By Lionbridge Game Services/@320517
halo-mcc,493,Paulina Waszczuk,,QA,Lionbridge Test Associates,,Lionbridge Game Services,core,November 2014 Launch/Test By Lionbridge Game Services/@320555
halo-mcc,494,Maciej Duda,,QA,Lionbridge Test Associates,,Lionbridge Game Services,core,November 2014 Launch/Test By Lionbridge Game Services/@320593
halo-mcc,495,Wojciech Starzyński,,QA,Lionbridge Test Associates,,Lionbridge Game Services,core,November 2014 Launch/Test By Lionbridge Game Services/@320626
halo-mcc,496,Patryk Manikowski,,QA,Lionbridge Test Associates,,Lionbridge Game Services,core,November 2014 Launch/Test By Lionbridge Game Services/@320667
halo-mcc,497,Marek Cieślak,,QA,Lionbridge Test Associates,,Lionbridge Game Services,core,November 2014 Launch/Test By Lionbridge Game Services/@320706
halo-mcc,498,Ryszard Kowalczyk,,QA,Lionbridge Test Associates,,Lionbridge Game Services,core,November 2014 Launch/Test By Lionbridge Game Services/@320741
halo-mcc,499,Michał Kozuch,,QA,Lionbridge Test Associates,,Lionbridge Game Services,core,November 2014 Launch/Test By Lionbridge Game Services/@320780
halo-mcc,500,Michalina Pieścińska,,QA,Lionbridge Test Associates,,Lionbridge Game Services,core,November 2014 Launch/Test By Lionbridge Game Services/@320815
halo-mcc,501,Zuzanna Górka,,QA,Lionbridge Test Associates,,Lionbridge Game Services,core,November 2014 Launch/Test By Lionbridge Game Services/@320857
halo-mcc,502,Krzysztof Sitko,,QA,Lionbridge Test Associates,,Lionbridge Game Services,core,November 2014 Launch/Test By Lionbridge Game Services/@320895
halo-mcc,503,Rafał Wojda,,QA,Lionbridge Test Associates,,Lionbridge Game Services,core,November 2014 Launch/Test By Lionbridge Game Services/@320976
halo-mcc,504,Tomasz Drzazgowski,,QA,Lionbridge Test Associates,,Lionbridge Game Services,core,November 2014 Launch/Test By Lionbridge Game Services/@321139
halo-mcc,505,Anna Wróbel,,QA,Lionbridge Test Associates,,Lionbridge Game Services,core,November 2014 Launch/Test By Lionbridge Game Services/@321179
halo-mcc,506,Tomasz Kozłowski,,QA,Lionbridge Test Associates,,Lionbridge Game Services,core,November 2014 Launch/Test By Lionbridge Game Services/@321215
halo-mcc,507,Wojciech Urbanowicz,,QA,Lionbridge Test Associates,,Lionbridge Game Services,core,November 2014 Launch/Test By Lionbridge Game Services/@321253
halo-mcc,508,Lazaros Ananiadis,,QA,Lionbridge Test Associates,,Lionbridge Game Services,core,November 2014 Launch/Test By Lionbridge Game Services/@321338
halo-mcc,509,Dawid Waśniewski,,QA,Lionbridge Test Associates,,Lionbridge Game Services,core,November 2014 Launch/Test By Lionbridge Game Services/@321379
halo-mcc,510,Jan Sychowicz,,QA,Lionbridge Test Associates,,Lionbridge Game Services,core,November 2014 Launch/Test By Lionbridge Game Services/@321417
halo-mcc,511,Maciej Zwierzyński,,QA,Lionbridge Test Associates,,Lionbridge Game Services,core,November 2014 Launch/Test By Lionbridge Game Services/@321452
halo-mcc,512,Magdalena Czajka,,QA,Lionbridge Test Associates,,Lionbridge Game Services,core,November 2014 Launch/Test By Lionbridge Game Services/@321492
halo-mcc,513,Piotr Cieślak,,QA,Lionbridge Test Associates,,Lionbridge Game Services,core,November 2014 Launch/Test By Lionbridge Game Services/@321531
halo-mcc,514,Tomasz Nowik,,QA,Lionbridge Test Associates,,Lionbridge Game Services,core,November 2014 Launch/Test By Lionbridge Game Services/@321610
halo-mcc,515,Daniel M. Ayoub,,Production,Executive Producer,,,core,mobygames:tr1
halo-mcc,516,Jay Juneau,,Production,Producers,,,core,mobygames:tr3
halo-mcc,517,Bonnie Ross-Ziegler,,Leadership,"Corporate Vice President, Head of 343 Industries",,,core,mobygames:tr21
halo-mcc,518,Michael Cimprich,,Engineering,Software Development Engineers,,,core,mobygames:tr38
halo-mcc,519,Kamel Dupuis-Perez,,Production,Studios Release Managers,,,core,mobygames:tr75
halo-mcc,520,Paul Stoughton,,Audio,Sound Designer,,,core,mobygames:tr82
halo-mcc,521,Brian Lee White,,Audio,Adapted and Orchestrated By,,Finishing Move Inc.,core,mobygames:tr84
halo-mcc,522,Misha Mansoor,,Audio,Additional Music,,,core,mobygames:tr86
halo-mcc,523,Brian Lee White,,Audio,Audio Director/Score Supervisor,,Finishing Move Inc.,core,mobygames:tr88
halo-mcc,524,Brian Lee White,,Audio,Project and Asset Management,,Finishing Move Inc.,core,mobygames:tr89
halo-mcc,525,Brian Lee White,,Audio,Scoring Mixers,,Finishing Move Inc.,core,mobygames:tr90
halo-mcc,526,Laurence Schwarz,,Audio,Additional Score Mixers,,Finishing Move Inc.,core,mobygames:tr91
halo-mcc,527,Seth Waldmann,,Audio,Additional Score Mixers,,Finishing Move Inc.,core,mobygames:tr91
halo-mcc,528,Ryan Sanchez,,Audio,Assistant Audio Engineer,,Finishing Move Inc.,core,mobygames:tr92
halo-mcc,529,Brian Lee White,,Audio,Music Editing,,Finishing Move Inc.,core,mobygames:tr93
halo-mcc,530,Kieran De Leon-Horton,,Audio,Production Assistants,,Finishing Move Inc.,core,mobygames:tr94
halo-mcc,531,Sandra Lew,,Audio,Production Assistants,,Finishing Move Inc.,core,mobygames:tr94
halo-mcc,532,Kathryn Amyotte,,Audio,Vocalists,,Finishing Move Inc.,core,mobygames:tr95
halo-mcc,533,Brian Lee White,,Audio,Guitars,,Finishing Move Inc.,core,mobygames:tr96
halo-mcc,534,Brian Lee White,,Audio,Bass,,Finishing Move Inc.,core,mobygames:tr97
halo-mcc,535,Jason Bowld,,Audio,Additional Drums,,Finishing Move Inc.,core,mobygames:tr98
halo-mcc,536,Daniel Berkman,,Audio,Additional Percussion,,Finishing Move Inc.,core,mobygames:tr99
halo-mcc,537,Phil Moore,,Audio,Music Prep,,Finishing Move Inc.,core,mobygames:tr100
halo-mcc,538,Brad Ritchie,,Audio,Music Prep,,Finishing Move Inc.,core,mobygames:tr100
halo-mcc,539,Jason Henke,,Audio,Vector Management,,Finishing Move Inc.,core,mobygames:tr101
halo-mcc,540,Bob Burwell,,Audio,Vector Management,,Finishing Move Inc.,core,mobygames:tr101
halo-mcc,541,Geoff Luttrell,,Audio,Guitar Tech,,Finishing Move Inc.,core,mobygames:tr102
halo-mcc,542,Misha Mansoor,,Audio,Guitar Tech,,Finishing Move Inc.,core,mobygames:tr102
halo-mcc,543,Nikhil Potdar,,Audio,Outerloop Management,,Finishing Move Inc.,core,mobygames:tr103
halo-mcc,544,Mike Mowery,,Audio,Outerloop Management,,Finishing Move Inc.,core,mobygames:tr103
halo-mcc,545,Andre J. H. Zweers,,Audio,Pro Tools Operator/Editor,,Finishing Move Inc.,core,mobygames:tr106
halo-mcc,546,Jeremy Constant,,Audio,Concertmaster,,The Skywalker Symphony Orchestra,core,mobygames:tr109
halo-mcc,547,Laura Albers,,Audio,Violins,,The Skywalker Symphony Orchestra,core,mobygames:tr111
halo-mcc,548,Jenny Cho,,Audio,Violins,,The Skywalker Symphony Orchestra,core,mobygames:tr111
halo-mcc,549,Jeremy Cohen,,Audio,Violins,,The Skywalker Symphony Orchestra,core,mobygames:tr111
halo-mcc,550,Jeremy Constant,,Audio,Violins,,The Skywalker Symphony Orchestra,core,mobygames:tr111
halo-mcc,551,Cenovia Cummins,,Audio,Violins,,The Skywalker Symphony Orchestra,core,mobygames:tr111
halo-mcc,552,Joe Edelberg,,Audio,Violins,,The Skywalker Symphony Orchestra,core,mobygames:tr111
halo-mcc,553,Dan Flanagan,,Audio,Violins,,The Skywalker Symphony Orchestra,core,mobygames:tr111
halo-mcc,554,Connie Gantsweg,,Audio,Violins,,The Skywalker Symphony Orchestra,core,mobygames:tr111
halo-mcc,555,Michael Grossman,,Audio,Violins,,The Skywalker Symphony Orchestra,core,mobygames:tr111
halo-mcc,556,Candace Guirao,,Audio,Violins,,The Skywalker Symphony Orchestra,core,mobygames:tr111
halo-mcc,557,Robin Hansen,,Audio,Violins,,The Skywalker Symphony Orchestra,core,mobygames:tr111
halo-mcc,558,Dawn Harms,,Audio,Violins,,The Skywalker Symphony Orchestra,core,mobygames:tr111
halo-mcc,559,Mia Kim,,Audio,Violins,,The Skywalker Symphony Orchestra,core,mobygames:tr111
halo-mcc,560,Julie Kim,,Audio,Violins,,The Skywalker Symphony Orchestra,core,mobygames:tr111
halo-mcc,561,Nelly Kovalev,,Audio,Violins,,The Skywalker Symphony Orchestra,core,mobygames:tr111
halo-mcc,562,Suzanne Leon,,Audio,Violins,,The Skywalker Symphony Orchestra,core,mobygames:tr111
halo-mcc,563,Kelly Leon-Pearce,,Audio,Violins,,The Skywalker Symphony Orchestra,core,mobygames:tr111
halo-mcc,564,Roy Malan,,Audio,Violins,,The Skywalker Symphony Orchestra,core,mobygames:tr111
halo-mcc,565,Kathy Marshall,,Audio,Violins,,The Skywalker Symphony Orchestra,core,mobygames:tr111
halo-mcc,566,Michelle Maruyama,,Audio,Violins,,The Skywalker Symphony Orchestra,core,mobygames:tr111
halo-mcc,567,Christina Mok,,Audio,Violins,,The Skywalker Symphony Orchestra,core,mobygames:tr111
halo-mcc,568,Yasushi Ogura,,Audio,Violins,,The Skywalker Symphony Orchestra,core,mobygames:tr111
halo-mcc,569,Deborah Price,,Audio,Violins,,The Skywalker Symphony Orchestra,core,mobygames:tr111
halo-mcc,570,Evan Price,,Audio,Violins,,The Skywalker Symphony Orchestra,core,mobygames:tr111
halo-mcc,571,Barbara Riccardi,,Audio,Violins,,The Skywalker Symphony Orchestra,core,mobygames:tr111
halo-mcc,572,Victor Romasevich,,Audio,Violins,,The Skywalker Symphony Orchestra,core,mobygames:tr111
halo-mcc,573,Adrienne Sengpiehl,,Audio,Violins,,The Skywalker Symphony Orchestra,core,mobygames:tr111
halo-mcc,574,Wenyi Shih,,Audio,Violins,,The Skywalker Symphony Orchestra,core,mobygames:tr111
halo-mcc,575,Rick Shinozaki,,Audio,Violins,,The Skywalker Symphony Orchestra,core,mobygames:tr111
halo-mcc,576,Karen Sor,,Audio,Violins,,The Skywalker Symphony Orchestra,core,mobygames:tr111
halo-mcc,577,Kate Stenberg,,Audio,Violins,,The Skywalker Symphony Orchestra,core,mobygames:tr111
halo-mcc,578,Mark Volkert,,Audio,Violins,,The Skywalker Symphony Orchestra,core,mobygames:tr111
halo-mcc,579,Heidi Wilcox,,Audio,Violins,,The Skywalker Symphony Orchestra,core,mobygames:tr111
halo-mcc,580,Nancy Ellis,,Audio,Violas,,The Skywalker Symphony Orchestra,core,mobygames:tr112
halo-mcc,581,Pamela Freund,,Audio,Violas,,The Skywalker Symphony Orchestra,core,mobygames:tr112
halo-mcc,582,Marcel Gemperli,,Audio,Violas,,The Skywalker Symphony Orchestra,core,mobygames:tr112
halo-mcc,583,Patricia Heller,,Voice,Violas,,The Skywalker Symphony Orchestra,core,mobygames:tr112
halo-mcc,584,Roxann Jacobsen,,Audio,Violas,,The Skywalker Symphony Orchestra,core,mobygames:tr112
halo-mcc,585,Keith Lawrence,,Audio,Violas,,The Skywalker Symphony Orchestra,core,mobygames:tr112
halo-mcc,586,Polly Malan,,Audio,Violas,,The Skywalker Symphony Orchestra,core,mobygames:tr112
halo-mcc,587,Emily Onderdonk,,Audio,Violas,,The Skywalker Symphony Orchestra,core,mobygames:tr112
halo-mcc,588,Nanci Severance,,Audio,Violas,,The Skywalker Symphony Orchestra,core,mobygames:tr112
halo-mcc,589,Margaret Titchener,,Audio,Violas,,The Skywalker Symphony Orchestra,core,mobygames:tr112
halo-mcc,590,Natasha Vershilova,,Audio,Violas,,The Skywalker Symphony Orchestra,core,mobygames:tr112
halo-mcc,591,Teressa Adams,,Audio,Celli,,The Skywalker Symphony Orchestra,core,mobygames:tr113
halo-mcc,592,Kathryn Bates Williams,,Audio,Celli,,The Skywalker Symphony Orchestra,core,mobygames:tr113
halo-mcc,593,Barbara Bogatin,,Audio,Celli,,The Skywalker Symphony Orchestra,core,mobygames:tr113
halo-mcc,594,Michelle Djokic,,Audio,Celli,,The Skywalker Symphony Orchestra,core,mobygames:tr113
halo-mcc,595,Nina Flyer,,Audio,Celli,,The Skywalker Symphony Orchestra,core,mobygames:tr113
halo-mcc,596,Kelley Maulbetsch,,Audio,Celli,,The Skywalker Symphony Orchestra,core,mobygames:tr113
halo-mcc,597,Emil Miland,,Audio,Celli,,The Skywalker Symphony Orchestra,core,mobygames:tr113
halo-mcc,598,Miriam Perkoff,,Audio,Celli,,The Skywalker Symphony Orchestra,core,mobygames:tr113
halo-mcc,599,Vanessa Ruotolo,,Audio,Celli,,The Skywalker Symphony Orchestra,core,mobygames:tr113
halo-mcc,600,Eric Sung,,Audio,Celli,,The Skywalker Symphony Orchestra,core,mobygames:tr113
halo-mcc,601,Robert Ashley,,Audio,Basses,,The Skywalker Symphony Orchestra,core,mobygames:tr114
halo-mcc,602,Charles Chandler,,Voice,Basses,,The Skywalker Symphony Orchestra,core,mobygames:tr114
halo-mcc,603,Steven D'Amico,,Audio,Basses,,The Skywalker Symphony Orchestra,core,mobygames:tr114
halo-mcc,604,Jon Lancelle,,Audio,Basses,,The Skywalker Symphony Orchestra,core,mobygames:tr114
halo-mcc,605,Patrick McCarthy,,Audio,Basses,,The Skywalker Symphony Orchestra,core,mobygames:tr114
halo-mcc,606,David Schoenbrun,,Audio,Basses,,The Skywalker Symphony Orchestra,core,mobygames:tr114
halo-mcc,607,Michel Taddei,,Audio,Basses,,The Skywalker Symphony Orchestra,core,mobygames:tr114
halo-mcc,608,Richard Worn,,Audio,Basses,,The Skywalker Symphony Orchestra,core,mobygames:tr114
halo-mcc,609,Richard Riccardi,,Voice,Piano,,The Skywalker Symphony Orchestra,core,mobygames:tr115
halo-mcc,610,Stephanie McNab,,Audio,Flute,,The Skywalker Symphony Orchestra,core,mobygames:tr116
halo-mcc,611,Marilyn Coyne,,Audio,Oboes,,The Skywalker Symphony Orchestra,core,mobygames:tr117
halo-mcc,612,Laura Griffiths,,Voice,Oboes,,The Skywalker Symphony Orchestra,core,mobygames:tr117
halo-mcc,613,Carey Bell,,Voice,Clarinets,,The Skywalker Symphony Orchestra,core,mobygames:tr118
halo-mcc,614,Natalie Parker,,Audio,Clarinets,,The Skywalker Symphony Orchestra,core,mobygames:tr118
halo-mcc,615,Anthony Striplen,,Audio,Clarinets,,The Skywalker Symphony Orchestra,core,mobygames:tr118
halo-mcc,616,Rufus Olivier,,Audio,Bassoons,,The Skywalker Symphony Orchestra,core,mobygames:tr119
halo-mcc,617,Steve Paulson,,Voice,Bassoons,,The Skywalker Symphony Orchestra,core,mobygames:tr119
halo-mcc,618,Meredith Brown,,Audio,Horns,,The Skywalker Symphony Orchestra,core,mobygames:tr120
halo-mcc,619,Nicole Cash,,Audio,Horns,,The Skywalker Symphony Orchestra,core,mobygames:tr120
halo-mcc,620,Doug Hull,,Audio,Horns,,The Skywalker Symphony Orchestra,core,mobygames:tr120
halo-mcc,621,Jonathan Ring,,Audio,Horns,,The Skywalker Symphony Orchestra,core,mobygames:tr120
halo-mcc,622,Bruce Roberts,,Voice,Horns,,The Skywalker Symphony Orchestra,core,mobygames:tr120
halo-mcc,623,Glen Swarts,,Audio,Horns,,The Skywalker Symphony Orchestra,core,mobygames:tr120
halo-mcc,624,Ron Blais,,Audio,Trumpets,,The Skywalker Symphony Orchestra,core,mobygames:tr121
halo-mcc,625,Adam Luftman,,Voice,Trumpets,,The Skywalker Symphony Orchestra,core,mobygames:tr121
halo-mcc,626,Scott Macomber,,Audio,Trumpets,,The Skywalker Symphony Orchestra,core,mobygames:tr121
halo-mcc,627,Don Benham,,Audio,Trombones,,The Skywalker Symphony Orchestra,core,mobygames:tr122
halo-mcc,628,Jeff Budin,,Voice,Trombones,,The Skywalker Symphony Orchestra,core,mobygames:tr122
halo-mcc,629,Bruce Chrisp,,Audio,Trombones,,The Skywalker Symphony Orchestra,core,mobygames:tr122
halo-mcc,630,David Ridge,,Audio,Trombones,,The Skywalker Symphony Orchestra,core,mobygames:tr122
halo-mcc,631,Peter Wahrhaftig,,Audio,Tuba,,The Skywalker Symphony Orchestra,core,mobygames:tr123
halo-mcc,632,Deborah Benedict,,Audio,Chorus Contractor,,The Skywalker Chorus,core,mobygames:tr126
halo-mcc,633,Dwayne Condon,,Audio,Conductor,,The Skywalker Chorus,core,mobygames:tr127
halo-mcc,634,Kathryn Amyotte,,Audio,Chorus,,The Skywalker Chorus,core,mobygames:tr128
halo-mcc,635,Deborah Benedict,,Audio,Chorus,,The Skywalker Chorus,core,mobygames:tr128
halo-mcc,636,John Bischoff,,Audio,Chorus,,The Skywalker Chorus,core,mobygames:tr128
halo-mcc,637,Torlef Borsting,,Audio,Chorus,,The Skywalker Chorus,core,mobygames:tr128
halo-mcc,638,Roberta Bowman,,Audio,Chorus,,The Skywalker Chorus,core,mobygames:tr128
halo-mcc,639,Wendy Buzby,,Audio,Chorus,,The Skywalker Chorus,core,mobygames:tr128
halo-mcc,640,Laurel Cameron,,Audio,Chorus,,The Skywalker Chorus,core,mobygames:tr128
halo-mcc,641,Tracy Camp,,Audio,Chorus,,The Skywalker Chorus,core,mobygames:tr128
halo-mcc,642,Siebel Demirmen,,Audio,Chorus,,The Skywalker Chorus,core,mobygames:tr128
halo-mcc,643,Michael Adam Flowers,,Audio,Chorus,,The Skywalker Chorus,core,mobygames:tr128
halo-mcc,644,Elliott Franks,,Audio,Chorus,,The Skywalker Chorus,core,mobygames:tr128
halo-mcc,645,Mark Hernandez,,Audio,Chorus,,The Skywalker Chorus,core,mobygames:tr128
halo-mcc,646,David Huff,,Audio,Chorus,,The Skywalker Chorus,core,mobygames:tr128
halo-mcc,647,David Kekuewa,,Audio,Chorus,,The Skywalker Chorus,core,mobygames:tr128
halo-mcc,648,Fred Matthews,,Audio,Chorus,,The Skywalker Chorus,core,mobygames:tr128
halo-mcc,649,Kathy McKee,,Audio,Chorus,,The Skywalker Chorus,core,mobygames:tr128
halo-mcc,650,Eileen Meredith,,Audio,Chorus,,The Skywalker Chorus,core,mobygames:tr128
halo-mcc,651,Jim Munios,,Audio,Chorus,,The Skywalker Chorus,core,mobygames:tr128
halo-mcc,652,Erin Neff,,Audio,Chorus,,The Skywalker Chorus,core,mobygames:tr128
halo-mcc,653,Rachelle Perry,,Audio,Chorus,,The Skywalker Chorus,core,mobygames:tr128
halo-mcc,654,Bill Pickersgill,,Audio,Chorus,,The Skywalker Chorus,core,mobygames:tr128
halo-mcc,655,Virginia Pluth,,Audio,Chorus,,The Skywalker Chorus,core,mobygames:tr128
halo-mcc,656,Colby Roberts,,Audio,Chorus,,The Skywalker Chorus,core,mobygames:tr128
halo-mcc,657,Mike Rodgers,,Audio,Chorus,,The Skywalker Chorus,core,mobygames:tr128
halo-mcc,658,Cliff Romig,,Audio,Chorus,,The Skywalker Chorus,core,mobygames:tr128
halo-mcc,659,Mimi Ruiz,,Audio,Chorus,,The Skywalker Chorus,core,mobygames:tr128
halo-mcc,660,Jason Sarton,,Audio,Chorus,,The Skywalker Chorus,core,mobygames:tr128
halo-mcc,661,Shelley Seitz,,Audio,Chorus,,The Skywalker Chorus,core,mobygames:tr128
halo-mcc,662,Claudia Siefer,,Audio,Chorus,,The Skywalker Chorus,core,mobygames:tr128
halo-mcc,663,Jonathon Smucker,,Audio,Chorus,,The Skywalker Chorus,core,mobygames:tr128
halo-mcc,664,Erich Stratmann,,Audio,Chorus,,The Skywalker Chorus,core,mobygames:tr128
halo-mcc,665,Nicole Takesono,,Audio,Chorus,,The Skywalker Chorus,core,mobygames:tr128
halo-mcc,666,Michael Taylor,,Audio,Chorus,,The Skywalker Chorus,core,mobygames:tr128
halo-mcc,667,Paul Thompson,,Audio,Chorus,,The Skywalker Chorus,core,mobygames:tr128
halo-mcc,668,Jere Torkelsen,,Audio,Chorus,,The Skywalker Chorus,core,mobygames:tr128
halo-mcc,669,Peter Tuff,,Audio,Chorus,,The Skywalker Chorus,core,mobygames:tr128
halo-mcc,670,Richard Walker,,Audio,Chorus,,The Skywalker Chorus,core,mobygames:tr128
halo-mcc,671,Heidi Waterman,,Audio,Chorus,,The Skywalker Chorus,core,mobygames:tr128
halo-mcc,672,Jacque Wilson,,Audio,Chorus,,The Skywalker Chorus,core,mobygames:tr128
halo-mcc,673,Karen Winner-Huff,,Audio,Chorus,,The Skywalker Chorus,core,mobygames:tr128
halo-mcc,674,Ian Robertson,,Audio,Conductor,,The San Francisco Boys Chorus,core,mobygames:tr131
halo-mcc,675,Gabryl Adarne,,Audio,Chorus,,The San Francisco Boys Chorus,core,mobygames:tr132
halo-mcc,676,Abraham Baldonado,,Audio,Chorus,,The San Francisco Boys Chorus,core,mobygames:tr132
halo-mcc,677,Chase Becerrill,,Audio,Chorus,,The San Francisco Boys Chorus,core,mobygames:tr132
halo-mcc,678,Gio Raphael Burgos,,Audio,Chorus,,The San Francisco Boys Chorus,core,mobygames:tr132
halo-mcc,679,Ethan Chen,,Audio,Chorus,,The San Francisco Boys Chorus,core,mobygames:tr132
halo-mcc,680,Lucas Dong,,Audio,Chorus,,The San Francisco Boys Chorus,core,mobygames:tr132
halo-mcc,681,Mason Goldberg,,Audio,Chorus,,The San Francisco Boys Chorus,core,mobygames:tr132
halo-mcc,682,Ryan Huckleberry,,Audio,Chorus,,The San Francisco Boys Chorus,core,mobygames:tr132
halo-mcc,683,Aidan Hyde,,Audio,Chorus,,The San Francisco Boys Chorus,core,mobygames:tr132
halo-mcc,684,Westley James,,Audio,Chorus,,The San Francisco Boys Chorus,core,mobygames:tr132
halo-mcc,685,Arman Marchiel,,Audio,Chorus,,The San Francisco Boys Chorus,core,mobygames:tr132
halo-mcc,686,Daniel Mitchell,,Audio,Chorus,,The San Francisco Boys Chorus,core,mobygames:tr132
halo-mcc,687,Desmond Ongpin,,Audio,Chorus,,The San Francisco Boys Chorus,core,mobygames:tr132
halo-mcc,688,Daniel Ostrom,,Audio,Chorus,,The San Francisco Boys Chorus,core,mobygames:tr132
halo-mcc,689,William Poulter,,Audio,Chorus,,The San Francisco Boys Chorus,core,mobygames:tr132
halo-mcc,690,Yukio Rahdert,,Audio,Chorus,,The San Francisco Boys Chorus,core,mobygames:tr132
halo-mcc,691,Sam Rosen,,Audio,Chorus,,The San Francisco Boys Chorus,core,mobygames:tr132
halo-mcc,692,Alexander Roswall,,Audio,Chorus,,The San Francisco Boys Chorus,core,mobygames:tr132
halo-mcc,693,Safi Rouhi,,Audio,Chorus,,The San Francisco Boys Chorus,core,mobygames:tr132
halo-mcc,694,Pierce Soderquist,,Audio,Chorus,,The San Francisco Boys Chorus,core,mobygames:tr132
halo-mcc,695,Baxter Spark,,Audio,Chorus,,The San Francisco Boys Chorus,core,mobygames:tr132
halo-mcc,696,Zachary Tang,,Audio,Chorus,,The San Francisco Boys Chorus,core,mobygames:tr132
halo-mcc,697,Evan Tiapula,,Audio,Chorus,,The San Francisco Boys Chorus,core,mobygames:tr132
halo-mcc,698,Mark Urdan,,Audio,Chorus,,The San Francisco Boys Chorus,core,mobygames:tr132
halo-mcc,699,Bernie Grundman,,Audio,Chorus,,The San Francisco Boys Chorus,core,mobygames:tr132
halo-mcc,700,Patricia Sullivan,,Audio,Mastering Engineer,,The San Francisco Boys Chorus,core,mobygames:tr133
halo-mcc,701,Bernie Grundman,,Audio,Mastering,,The San Francisco Boys Chorus,core,mobygames:tr134
halo-mcc,702,Charles Deenen,,Audio,Supervising Sound Designer / Re-recording Mixer,,Source Sound Inc.,core,mobygames:tr136
halo-mcc,703,Stuart K. Provine,,Audio,Sound Designer,,Source Sound Inc.,core,mobygames:tr137
halo-mcc,704,Tim Walston,,Audio,Sound Designer,,Source Sound Inc.,core,mobygames:tr137
halo-mcc,705,Justin Davey,,Audio,Sound Editor,,Source Sound Inc.,core,mobygames:tr138
halo-mcc,706,Braden Parkes,,Audio,1st Assistant Sound Editor,,Source Sound Inc.,core,mobygames:tr139
halo-mcc,707,Travis Prater,,Audio,Assistant Sound Editor,,Source Sound Inc.,core,mobygames:tr140
halo-mcc,708,George Pereyra,,Audio,Assistant Sound Editor,,Source Sound Inc.,core,mobygames:tr140
halo-mcc,709,Jay W. Jennings,,Audio,Additional Re-recording Mixer,,Source Sound Inc.,core,mobygames:tr141
halo-mcc,710,Thomas C. Brewer,,Audio,Additional Re-recording Mixer,,Source Sound Inc.,core,mobygames:tr141
halo-mcc,711,Gregg Barbanell,,Audio,Foley Walker,,Source Sound Inc.,core,mobygames:tr142
halo-mcc,712,Chad Bedell,,Audio,Sound Designer,,Formosa Interactive,core,mobygames:tr147
halo-mcc,713,Eliot R. Connors,,Audio,Sound Designer,,Formosa Interactive,core,mobygames:tr147
halo-mcc,714,Ronald Dutch Hill,,Audio,Sound Designer,,Formosa Interactive,core,mobygames:tr147
halo-mcc,715,D. Shinji Furuya,,Audio,Asset Coordinator,,Formosa Interactive,core,mobygames:tr148
halo-mcc,716,Jeffrey Wilhoit,,Audio,Foley Artist,,Formosa Interactive,core,mobygames:tr149
halo-mcc,717,William Beaman,,Voice,"Director, Studio Services and Celebrity Acquisitions",,Formosa Interactive,core,mobygames:tr152
halo-mcc,718,Julia Bianco Schoeffling,,Voice,"Manager, Voice Over Studios",,Formosa Interactive,core,mobygames:tr153
halo-mcc,719,Kevin M. McMullan,,Voice,Voice Over Director,,Formosa Interactive,core,mobygames:tr154
halo-mcc,720,Kirsten Scoles,,Voice,Project Coordinator,,Formosa Interactive,core,mobygames:tr155
halo-mcc,721,Krysta Biondo,,Voice,Administrative Assistant,,Formosa Interactive,core,mobygames:tr156
halo-mcc,722,Josh Mosser,,Voice,Recording Engineer,,Formosa Interactive,core,mobygames:tr157
halo-mcc,723,Jessica Medina,,Voice,Assistant Engineer,,Formosa Interactive,core,mobygames:tr158
halo-mcc,724,Tyrone Forte,,Voice,Assistant Engineer,,Formosa Interactive,core,mobygames:tr158
halo-mcc,725,Daniel P. Francis,,Voice,Editorial Supervisor,,Formosa Interactive,core,mobygames:tr159
halo-mcc,726,Josh Jensen,,Special Thanks,Thanks,,,special-thanks,mobygames:tr211
halo-mcc,727,Anastasia Bender,,Special Thanks,Thanks,,,special-thanks,mobygames:tr211
halo-mcc,728,Franck Balson,,Other,Director,,Blur,core,mobygames:tr213
halo-mcc,729,Tim Miller,,Other,Company Creative Director,,Blur,core,mobygames:tr214
halo-mcc,730,Jerome Denjean,,Other,CG Supervisor,,Blur,core,mobygames:tr215
halo-mcc,731,Kevin Margo,,Other,CG Supervisor,,Blur,core,mobygames:tr215
halo-mcc,732,Thierry Labelle,,Art,Animation Supervisor,,Blur,core,mobygames:tr216
halo-mcc,733,Bryan Hillestad,,Art,Facial Animation Supervisor,,Blur,core,mobygames:tr217
halo-mcc,734,Anthony Romero,,Voice,Motion Capture Supervisor,,Blur,core,mobygames:tr218
halo-mcc,735,Jeremie Passerin,,Other,Rigging Supervisor,,Blur,core,mobygames:tr219
halo-mcc,736,Kirby Miller,,Other,FX Supervisor,,Blur,core,mobygames:tr220
halo-mcc,737,Duane Powell,,Other,Information Technology & Systems Supervisor,,Blur,core,mobygames:tr221
halo-mcc,738,Jeffery Beeland,,Other,Pipeline & Tools Supervisor,,Blur,core,mobygames:tr222
halo-mcc,739,Keith luczywo,,Production,Producer,,Blur,core,mobygames:tr223
halo-mcc,740,Jake Fenske,,Production,Line Producer,,Blur,core,mobygames:tr224
halo-mcc,741,Al Shier,,Production,Executive Producer,,Blur,core,mobygames:tr225
halo-mcc,742,Douglas Lassance,,Other,Layout Lead,,Blur,core,mobygames:tr227
halo-mcc,743,Allan Cabal,,Art,Layout Artists,,Blur,core,mobygames:tr228
halo-mcc,744,Curtis Cardwell,,Art,Layout Artists,,Blur,core,mobygames:tr228
halo-mcc,745,Mathias Jourdes,,Art,Layout Artists,,Blur,core,mobygames:tr228
halo-mcc,746,Mikey Rogers,,Art,Layout Artists,,Blur,core,mobygames:tr228
halo-mcc,747,Fulvio Sestito,,Art,Layout Artists,,Blur,core,mobygames:tr228
halo-mcc,748,Aristomenis Tsirbas,,Art,Layout Artists,,Blur,core,mobygames:tr228
halo-mcc,749,Dirk Valk,,Art,Layout Artists,,Blur,core,mobygames:tr228
halo-mcc,750,Sammy Wong,,Art,Layout Artists,,Blur,core,mobygames:tr228
halo-mcc,751,Andrea Cohen,,Other,Editorial Assistant,,Blur,core,mobygames:tr229
halo-mcc,752,Mathieu Aerni,,Art,Character Modeling Lead,,Blur,core,mobygames:tr231
halo-mcc,753,James Ku,,Art,Character Modeling Lead,,Blur,core,mobygames:tr231
halo-mcc,754,Akin Bilgic,,Art,Character Modelers,,Blur,core,mobygames:tr232
halo-mcc,755,Damien Canderle,,Art,Character Modelers,,Blur,core,mobygames:tr232
halo-mcc,756,Francisco A. Cortina,,Art,Character Modelers,,Blur,core,mobygames:tr232
halo-mcc,757,Camille Delmeule,,Art,Character Modelers,,Blur,core,mobygames:tr232
halo-mcc,758,Daniel Alexander Garcia,,Art,Character Modelers,,Blur,core,mobygames:tr232
halo-mcc,759,Etienne Jabbour,,Art,Character Modelers,,Blur,core,mobygames:tr232
halo-mcc,760,Arda Koyuncu,,Art,Character Modelers,,Blur,core,mobygames:tr232
halo-mcc,761,Alexandre Litchinko,,Art,Character Modelers,,Blur,core,mobygames:tr232
halo-mcc,762,Jeff Miller,,Art,Character Modelers,,Blur,core,mobygames:tr232
halo-mcc,763,Gun Park,,Art,Character Modelers,,Blur,core,mobygames:tr232
halo-mcc,764,Dmitriy Robochiy,,Art,Character Modelers,,Blur,core,mobygames:tr232
halo-mcc,765,Sergey Samuilov,,Art,Character Modelers,,Blur,core,mobygames:tr232
halo-mcc,766,Jesse Sandifer,,Art,Character Modelers,,Blur,core,mobygames:tr232
halo-mcc,767,Juan Solís García,,Art,Character Modelers,,Blur,core,mobygames:tr232
halo-mcc,768,Andrei Szasz,,Art,Character Modelers,,Blur,core,mobygames:tr232
halo-mcc,769,Furio Tedeschi,,Art,Character Modelers,,Blur,core,mobygames:tr232
halo-mcc,770,Tom Tran,,Art,Character Modelers,,Blur,core,mobygames:tr232
halo-mcc,771,David Muñoz Velázquez,,Art,Character Modelers,,Blur,core,mobygames:tr232
halo-mcc,772,Tyler Fox,,Other,Facial Rigging Lead,,Blur,core,mobygames:tr234
halo-mcc,773,Steven Alley,,Other,Rigger,,Blur,core,mobygames:tr235
halo-mcc,774,Justin Callanan,,Other,Rigger,,Blur,core,mobygames:tr235
halo-mcc,775,Joshua Cogswell,,Other,Rigger,,Blur,core,mobygames:tr235
halo-mcc,776,Benjamin Durkin,,Other,Rigger,,Blur,core,mobygames:tr235
halo-mcc,777,Jennifer Hendrich,,Other,Rigger,,Blur,core,mobygames:tr235
halo-mcc,778,Gerry Hsu,,Other,Rigger,,Blur,core,mobygames:tr235
halo-mcc,779,Travis Miller,,Other,Rigger,,Blur,core,mobygames:tr235
halo-mcc,780,Brent Wiley,,Other,Rigger,,Blur,core,mobygames:tr235
halo-mcc,781,Thomas Cannell,,Art,Animation Lead,,Blur,core,mobygames:tr237
halo-mcc,782,Paul Allen,,Art,Animators,,Blur,core,mobygames:tr238
halo-mcc,783,David M. Breaux Jr.,,Art,Animators,,Blur,core,mobygames:tr238
halo-mcc,784,Allan Cabal,,Art,Animators,,Blur,core,mobygames:tr238
halo-mcc,785,Ben Cinelli,,Art,Animators,,Blur,core,mobygames:tr238
halo-mcc,786,Derek Esparza,,Art,Animators,,Blur,core,mobygames:tr238
halo-mcc,787,Erik Gamache,,Art,Animators,,Blur,core,mobygames:tr238
halo-mcc,788,Yvain Gnabro,,Art,Animators,,Blur,core,mobygames:tr238
halo-mcc,789,Wade Hampton,,Art,Animators,,Blur,core,mobygames:tr238
halo-mcc,790,Jason Hendrich,,Art,Animators,,Blur,core,mobygames:tr238
halo-mcc,791,Joseph Hoback,,Art,Animators,,Blur,core,mobygames:tr238
halo-mcc,792,Jeremiah Izzard,,Art,Animators,,Blur,core,mobygames:tr238
halo-mcc,793,Tom Judd,,Art,Animators,,Blur,core,mobygames:tr238
halo-mcc,794,Micheal Kiely,,Art,Animators,,Blur,core,mobygames:tr238
halo-mcc,795,Ken King,,Art,Animators,,Blur,core,mobygames:tr238
halo-mcc,796,Michael Loeck,,Art,Animators,,Blur,core,mobygames:tr238
halo-mcc,797,Ryan McGeary,,Art,Animators,,Blur,core,mobygames:tr238
halo-mcc,798,Bradley McLaughlin,,Art,Animators,,Blur,core,mobygames:tr238
halo-mcc,799,Pericles Michielin,,Art,Animators,,Blur,core,mobygames:tr238
halo-mcc,800,Oliver Parcasio,,Art,Animators,,Blur,core,mobygames:tr238
halo-mcc,801,Danny Patterson,,Art,Animators,,Blur,core,mobygames:tr238
halo-mcc,802,Linda Petch,,Art,Animators,,Blur,core,mobygames:tr238
halo-mcc,803,Christian Reese,,Art,Animators,,Blur,core,mobygames:tr238
halo-mcc,804,Anthony Romero,,Art,Animators,,Blur,core,mobygames:tr238
halo-mcc,805,Chase Shields,,Art,Animators,,Blur,core,mobygames:tr238
halo-mcc,806,Miurika Valery Diaz,,Art,Animators,,Blur,core,mobygames:tr238
halo-mcc,807,Erick Ward,,Art,Animators,,Blur,core,mobygames:tr238
halo-mcc,808,Nick Whitmire,,Art,Animators,,Blur,core,mobygames:tr238
halo-mcc,809,Dick Zondag,,Art,Animators,,Blur,core,mobygames:tr238
halo-mcc,810,Luis Lopez,,Other,Cloth Simulation Lead,,Blur,core,mobygames:tr240
halo-mcc,811,Danny Young,,Other,Hair Simulation Lead,,Blur,core,mobygames:tr241
halo-mcc,812,Don De Castro,,Art,Cloth/Hair Simulation Artists,,Blur,core,mobygames:tr242
halo-mcc,813,Adam Dorner,,Art,Cloth/Hair Simulation Artists,,Blur,core,mobygames:tr242
halo-mcc,814,Steve Guevera,,Art,Cloth/Hair Simulation Artists,,Blur,core,mobygames:tr242
halo-mcc,815,Gerry Hsu,,Art,Cloth/Hair Simulation Artists,,Blur,core,mobygames:tr242
halo-mcc,816,Jon Jordan,,Art,Cloth/Hair Simulation Artists,,Blur,core,mobygames:tr242
halo-mcc,817,Daniel Kole,,Art,Cloth/Hair Simulation Artists,,Blur,core,mobygames:tr242
halo-mcc,818,Mark Lipsmeyer,,Art,Cloth/Hair Simulation Artists,,Blur,core,mobygames:tr242
halo-mcc,819,James Marcus,,Art,Cloth/Hair Simulation Artists,,Blur,core,mobygames:tr242
halo-mcc,820,Lennon Montejo,,Art,Cloth/Hair Simulation Artists,,Blur,core,mobygames:tr242
halo-mcc,821,Yury Sakovich,,Art,Cloth/Hair Simulation Artists,,Blur,core,mobygames:tr242
halo-mcc,822,Jace Trimmer,,Art,Cloth/Hair Simulation Artists,,Blur,core,mobygames:tr242
halo-mcc,823,Zachary Cork,,Other,Prop/Vehicle Modeling Lead,,Blur,core,mobygames:tr244
halo-mcc,824,Rafael Amarante,,Other,Prop/Vehicle Modelers,,Blur,core,mobygames:tr245
halo-mcc,825,Davide Di Giannantonio Potente,,Other,Prop/Vehicle Modelers,,Blur,core,mobygames:tr245
halo-mcc,826,Yann Goument,,Other,Prop/Vehicle Modelers,,Blur,core,mobygames:tr245
halo-mcc,827,Brandon Hall,,Other,Prop/Vehicle Modelers,,Blur,core,mobygames:tr245
halo-mcc,828,Jinho Jang,,Other,Prop/Vehicle Modelers,,Blur,core,mobygames:tr245
halo-mcc,829,Gavriil Klimov,,Other,Prop/Vehicle Modelers,,Blur,core,mobygames:tr245
halo-mcc,830,Leo Krajden,,Other,Prop/Vehicle Modelers,,Blur,core,mobygames:tr245
halo-mcc,831,Yaron Levi,,Other,Prop/Vehicle Modelers,,Blur,core,mobygames:tr245
halo-mcc,832,Jose Manuel Linares Lopez,,Other,Prop/Vehicle Modelers,,Blur,core,mobygames:tr245
halo-mcc,833,Justin Mijal,,Other,Prop/Vehicle Modelers,,Blur,core,mobygames:tr245
halo-mcc,834,Andrei Samardac,,Other,Prop/Vehicle Modelers,,Blur,core,mobygames:tr245
halo-mcc,835,Sergey Samuilov,,Other,Prop/Vehicle Modelers,,Blur,core,mobygames:tr245
halo-mcc,836,Rahul Shrimali,,Other,Prop/Vehicle Modelers,,Blur,core,mobygames:tr245
halo-mcc,837,Cki Vang,,Other,Prop/Vehicle Modelers,,Blur,core,mobygames:tr245
halo-mcc,838,Norbert Varga,,Other,Prop/Vehicle Modelers,,Blur,core,mobygames:tr245
halo-mcc,839,James Atilano,,Art,Environment Modeling Leads,,Blur,core,mobygames:tr247
halo-mcc,840,Gary Christian,,Art,Environment Modeling Leads,,Blur,core,mobygames:tr247
halo-mcc,841,Colin James,,Art,Environment Modeling Leads,,Blur,core,mobygames:tr247
halo-mcc,842,Kris Kaufman,,Art,Environment Modeling Leads,,Blur,core,mobygames:tr247
halo-mcc,843,Togrul Alekperov,,Art,Environment Modelers,,Blur,core,mobygames:tr248
halo-mcc,844,Akin Bilgic,,Art,Environment Modelers,,Blur,core,mobygames:tr248
halo-mcc,845,Sébastien Chort,,Art,Environment Modelers,,Blur,core,mobygames:tr248
halo-mcc,846,Marek Denko,,Art,Environment Modelers,,Blur,core,mobygames:tr248
halo-mcc,847,Carlos Fueyo,,Art,Environment Modelers,,Blur,core,mobygames:tr248
halo-mcc,848,Delcio Gomes,,Art,Environment Modelers,,Blur,core,mobygames:tr248
halo-mcc,849,Marcel Haladej,,Art,Environment Modelers,,Blur,core,mobygames:tr248
halo-mcc,850,Mathias Jourdes,,Art,Environment Modelers,,Blur,core,mobygames:tr248
halo-mcc,851,Gavriil Klimov,,Art,Environment Modelers,,Blur,core,mobygames:tr248
halo-mcc,852,Andrew Lema,,Art,Environment Modelers,,Blur,core,mobygames:tr248
halo-mcc,853,Wlad Litchinko,,Art,Environment Modelers,,Blur,core,mobygames:tr248
halo-mcc,854,Jose Manuel Linares Lopez,,Art,Environment Modelers,,Blur,core,mobygames:tr248
halo-mcc,855,Justin Mijal,,Art,Environment Modelers,,Blur,core,mobygames:tr248
halo-mcc,856,Damien Peinoit,,Art,Environment Modelers,,Blur,core,mobygames:tr248
halo-mcc,857,Peter Sanitra,,Art,Environment Modelers,,Blur,core,mobygames:tr248
halo-mcc,858,Rahul Shrimali,,Art,Environment Modelers,,Blur,core,mobygames:tr248
halo-mcc,859,Jared Tripp,,Art,Environment Modelers,,Blur,core,mobygames:tr248
halo-mcc,860,Luke Wakeford,,Art,Environment Modelers,,Blur,core,mobygames:tr248
halo-mcc,861,Chad Wanstreet,,Art,Environment Modelers,,Blur,core,mobygames:tr248
halo-mcc,862,James Atilano,,Other,Visual Development and Scene Assembly Lead,,Blur,core,mobygames:tr250
halo-mcc,863,Gary Christian,,Other,Visual Development and Scene Assembly Lead,,Blur,core,mobygames:tr250
halo-mcc,864,Colin James,,Other,Visual Development and Scene Assembly Lead,,Blur,core,mobygames:tr250
halo-mcc,865,Kris Kaufman,,Other,Visual Development and Scene Assembly Lead,,Blur,core,mobygames:tr250
halo-mcc,866,Matan Abel,,Other,Scene Assemblers,,Blur,core,mobygames:tr251
halo-mcc,867,Shirak Agresta,,Other,Scene Assemblers,,Blur,core,mobygames:tr251
halo-mcc,868,Omar Aweidah,,Other,Scene Assemblers,,Blur,core,mobygames:tr251
halo-mcc,869,Matt Bell,,Other,Scene Assemblers,,Blur,core,mobygames:tr251
halo-mcc,870,Akin Bilgic,,Other,Scene Assemblers,,Blur,core,mobygames:tr251
halo-mcc,871,Mohsen Bizar,,Other,Scene Assemblers,,Blur,core,mobygames:tr251
halo-mcc,872,Kris Cabrera,,Other,Scene Assemblers,,Blur,core,mobygames:tr251
halo-mcc,873,Curtis Cardwell,,Other,Scene Assemblers,,Blur,core,mobygames:tr251
halo-mcc,874,Zachary Cork,,Other,Scene Assemblers,,Blur,core,mobygames:tr251
halo-mcc,875,Marek Denko,,Other,Scene Assemblers,,Blur,core,mobygames:tr251
halo-mcc,876,Eric Durante,,Other,Scene Assemblers,,Blur,core,mobygames:tr251
halo-mcc,877,Julian Fitzpatrick,,Other,Scene Assemblers,,Blur,core,mobygames:tr251
halo-mcc,878,Carlos Fueyo,,Other,Scene Assemblers,,Blur,core,mobygames:tr251
halo-mcc,879,Miguel Garcao,,Other,Scene Assemblers,,Blur,core,mobygames:tr251
halo-mcc,880,Pooya Ghobadpour,,Other,Scene Assemblers,,Blur,core,mobygames:tr251
halo-mcc,881,Andy Gilbert,,Other,Scene Assemblers,,Blur,core,mobygames:tr251
halo-mcc,882,Matt Giovingo,,Other,Scene Assemblers,,Blur,core,mobygames:tr251
halo-mcc,883,Delcio Gomes,,Other,Scene Assemblers,,Blur,core,mobygames:tr251
halo-mcc,884,Gage Hedden,,Other,Scene Assemblers,,Blur,core,mobygames:tr251
halo-mcc,885,John Ikera,,Other,Scene Assemblers,,Blur,core,mobygames:tr251
halo-mcc,886,Darryl Johnson,,Other,Scene Assemblers,,Blur,core,mobygames:tr251
halo-mcc,887,Michael Johnson,,Other,Scene Assemblers,,Blur,core,mobygames:tr251
halo-mcc,888,Mathias Jourdes,,Other,Scene Assemblers,,Blur,core,mobygames:tr251
halo-mcc,889,Andrew Lema,,Other,Scene Assemblers,,Blur,core,mobygames:tr251
halo-mcc,890,Dan Levy,,Other,Scene Assemblers,,Blur,core,mobygames:tr251
halo-mcc,891,John Martini,,Other,Scene Assemblers,,Blur,core,mobygames:tr251
halo-mcc,892,Justin Mijal,,Other,Scene Assemblers,,Blur,core,mobygames:tr251
halo-mcc,893,John Nelson,,Other,Scene Assemblers,,Blur,core,mobygames:tr251
halo-mcc,894,James Park,,Other,Scene Assemblers,,Blur,core,mobygames:tr251
halo-mcc,895,Jenny Park,,Other,Scene Assemblers,,Blur,core,mobygames:tr251
halo-mcc,896,Nathan Rule,,Other,Scene Assemblers,,Blur,core,mobygames:tr251
halo-mcc,897,Peter Sanitra,,Other,Scene Assemblers,,Blur,core,mobygames:tr251
halo-mcc,898,Erick Schiele,,Other,Scene Assemblers,,Blur,core,mobygames:tr251
halo-mcc,899,Joe Strasser,,Other,Scene Assemblers,,Blur,core,mobygames:tr251
halo-mcc,900,Scott Trosclair,,Other,Scene Assemblers,,Blur,core,mobygames:tr251
halo-mcc,901,Dirk Valk,,Other,Scene Assemblers,,Blur,core,mobygames:tr251
halo-mcc,902,Norbert Varga,,Other,Scene Assemblers,,Blur,core,mobygames:tr251
halo-mcc,903,Chad Wanstreet,,Other,Scene Assemblers,,Blur,core,mobygames:tr251
halo-mcc,904,Peter Wildman,,Other,Scene Assemblers,,Blur,core,mobygames:tr251
halo-mcc,905,Ihsu Yoon,,Other,Scene Assemblers,,Blur,core,mobygames:tr251
halo-mcc,906,JD Cowles,,Other,Compositor,,Blur,core,mobygames:tr252
halo-mcc,907,Michael Dobbs,,Other,Compositor,,Blur,core,mobygames:tr252
halo-mcc,908,Colin Drobnis,,Other,Compositor,,Blur,core,mobygames:tr252
halo-mcc,909,Jonathan Ficcadenti,,Engineering,UI Design Lead,,Blur,core,mobygames:tr254
halo-mcc,910,Navarro Parker,,Engineering,UI Animators,,Blur,core,mobygames:tr255
halo-mcc,911,Nick Hiatt,,Other,Matte Painting Lead,,Blur,core,mobygames:tr257
halo-mcc,912,Ivo Horvat,,Other,Matte Painter,,Blur,core,mobygames:tr258
halo-mcc,913,Brandon Kachel,,Other,Matte Painter,,Blur,core,mobygames:tr258
halo-mcc,914,David Schwartz,,Other,Matte Painter,,Blur,core,mobygames:tr258
halo-mcc,915,Brian Alvarez,,Art,FX Artists,,Blur,core,mobygames:tr260
halo-mcc,916,Matthew Benson,,Art,FX Artists,,Blur,core,mobygames:tr260
halo-mcc,917,Daniel Chamberlin,,Art,FX Artists,,Blur,core,mobygames:tr260
halo-mcc,918,Joe Coleman,,Art,FX Artists,,Blur,core,mobygames:tr260
halo-mcc,919,Mahmoud Elragheb,,Art,FX Artists,,Blur,core,mobygames:tr260
halo-mcc,920,Rick Fuentealba,,Art,FX Artists,,Blur,core,mobygames:tr260
halo-mcc,921,Seona Hwang,,Art,FX Artists,,Blur,core,mobygames:tr260
halo-mcc,922,Seung Jae Lee,,Art,FX Artists,,Blur,core,mobygames:tr260
halo-mcc,923,Hnedel Maximore,,Art,FX Artists,,Blur,core,mobygames:tr260
halo-mcc,924,Allan McKay,,Art,FX Artists,,Blur,core,mobygames:tr260
halo-mcc,925,Sasmit Ranadive,,Art,FX Artists,,Blur,core,mobygames:tr260
halo-mcc,926,Brandon Riza,,Art,FX Artists,,Blur,core,mobygames:tr260
halo-mcc,927,John Schratz,,Art,FX Artists,,Blur,core,mobygames:tr260
halo-mcc,928,Victor Wei,,Art,FX Artists,,Blur,core,mobygames:tr260
halo-mcc,929,Brandon Young,,Art,FX Artists,,Blur,core,mobygames:tr260
halo-mcc,930,Hayley Perkins,,Production,Production Coordinator – Layout,,Blur,core,mobygames:tr262
halo-mcc,931,David Maldonado,,Art,Production Coordinator – Animation,,Blur,core,mobygames:tr263
halo-mcc,932,Chris McLeod,,Art,Production Coordinator – Animation,,Blur,core,mobygames:tr263
halo-mcc,933,Ian Blough,,Production,Production Coordinator – FX and Scene Assembly,,Blur,core,mobygames:tr264
halo-mcc,934,Janis Robertson,,Production,"Production Coordinator – Assests, Hair/Cloth and Scene Assembly",,Blur,core,mobygames:tr265
halo-mcc,935,Amanda Powell,,Production,Production Assistant,,Blur,core,mobygames:tr266
halo-mcc,936,Cristi Balanescu,,Art,Concept Artists,,Blur,core,mobygames:tr268
halo-mcc,937,Ioan Dumitrescu,,Art,Concept Artists,,Blur,core,mobygames:tr268
halo-mcc,938,Leonid Enin,,Art,Concept Artists,,Blur,core,mobygames:tr268
halo-mcc,939,Nicolas Francoeur,,Art,Concept Artists,,Blur,core,mobygames:tr268
halo-mcc,940,Ville-Valtteri Kinnunen,,Art,Concept Artists,,Blur,core,mobygames:tr268
halo-mcc,941,Bogdan Marica,,Art,Concept Artists,,Blur,core,mobygames:tr268
halo-mcc,942,Vlad Marica,,Art,Concept Artists,,Blur,core,mobygames:tr268
halo-mcc,943,Alex Patrascan,,Art,Concept Artists,,Blur,core,mobygames:tr268
halo-mcc,944,Sean McNally,,Art,Concept Artists,,Blur,core,mobygames:tr268
halo-mcc,945,Dani Oprea,,Art,Concept Artists,,Blur,core,mobygames:tr268
halo-mcc,946,Darren Quach,,Art,Concept Artists,,Blur,core,mobygames:tr268
halo-mcc,947,Joshua James Shaw,,Art,Concept Artists,,Blur,core,mobygames:tr268
halo-mcc,948,Dinu Silviu,,Art,Concept Artists,,Blur,core,mobygames:tr268
halo-mcc,949,Leopard Snow,,Art,Concept Artists,,Blur,core,mobygames:tr268
halo-mcc,950,Chuck Wojtkiewicz,,Art,Concept Artists,,Blur,core,mobygames:tr268
halo-mcc,951,Tom Zhao,,Art,Concept Artists,,Blur,core,mobygames:tr268
halo-mcc,952,Alexander Chávez,,Other,Technician,,Blur,core,mobygames:tr270
halo-mcc,953,Jeremy Donahue,,Engineering,Systems Administrator/Programmer,,Blur,core,mobygames:tr271
halo-mcc,954,Perry Randall,,Engineering,Systems Administrator/Programmer,,Blur,core,mobygames:tr271
halo-mcc,955,Paul Huang,,Other,Systems Administrator,,Blur,core,mobygames:tr272
halo-mcc,956,Matt Newell,,Other,Systems Analyst/DBA,,Blur,core,mobygames:tr273
halo-mcc,957,Stephen Lu,,Engineering,Pipeline TD,,Blur,core,mobygames:tr275
halo-mcc,958,Will Cunningham,,Engineering,Pipeline Intern,,Blur,core,mobygames:tr276
halo-mcc,959,Jennifer Miller,,Studio/Business,Company Operating Officer,,Blur,core,mobygames:tr278
halo-mcc,960,Hamou Nessib,,Studio/Business,Accounting,,Blur,core,mobygames:tr279
halo-mcc,961,Monica Singh-Haley,,Publishing,HR/Recruiting Personnel,,Blur,core,mobygames:tr280
halo-mcc,962,Emily Schweber,,Voice,Additional Casting by,,Blur,core,mobygames:tr282
halo-mcc,963,Beckie King,,Voice,Cortana,,Blur,core,mobygames:tr285
halo-mcc,964,Courtney Munch,,Voice,Commander Miranda Keyes / Prophets,,Blur,core,mobygames:tr286
halo-mcc,965,Damion Poitier,,Voice,Sgt. Maj. Johnson / Arbiter,,Blur,core,mobygames:tr287
halo-mcc,966,Kirk Thornton,,Voice,Admiral Hood,,Blur,core,mobygames:tr288
halo-mcc,967,Dameon J. Clarke,,Voice,Quartermaster,,Blur,core,mobygames:tr289
halo-mcc,968,Matt Nolan,,Voice,In Amber Clad Pilot,,Blur,core,mobygames:tr290
halo-mcc,969,Jim H. Pirri,,Voice,Sgt. Stacker,,Blur,core,mobygames:tr291
halo-mcc,970,Chad Todhunter,,Voice,Marine - Male,,Blur,core,mobygames:tr292
halo-mcc,971,Sara J. Tomko,,Voice,Marine - Female,,Blur,core,mobygames:tr293
halo-mcc,972,Esteban Cueto,,Voice,Actor,,Blur,core,mobygames:tr294
halo-mcc,973,Roberto Gutiérrez,,Voice,Actor,,Blur,core,mobygames:tr294
halo-mcc,974,Aaron Hawley,,Voice,Actor,,Blur,core,mobygames:tr294
halo-mcc,975,Sam Ly,,Voice,Actor,,Blur,core,mobygames:tr294
halo-mcc,976,Stephen Oyoung,,Voice,Actor,,Blur,core,mobygames:tr294
halo-mcc,977,Brianna Romero,,Voice,Actor,,Blur,core,mobygames:tr294
halo-mcc,978,Derron Ross,,Voice,Actor,,Blur,core,mobygames:tr294
halo-mcc,979,Roberto Gutiérrez,,Voice,Stunt Coordinator,,Blur,core,mobygames:tr296
halo-mcc,980,Gui Da Silva,,Voice,Stunt Performer,,Blur,core,mobygames:tr297
halo-mcc,981,Stephen Oyoung,,Voice,Stunt Performer,,Blur,core,mobygames:tr297
halo-mcc,982,Joseph Ross,,Voice,Stung Rigging Coordinator,,Blur,core,mobygames:tr298
halo-mcc,983,Damien Bray,,Voice,Stunt Rigger,,Blur,core,mobygames:tr299
halo-mcc,984,Paul M. Alvarez del Castillo,,Voice,Motion Capture Assistant,,Blur,core,mobygames:tr301
halo-mcc,985,Laura Anderson,,Voice,Motion Capture Assistant,,Blur,core,mobygames:tr301
halo-mcc,986,Jessi Fisher,,Voice,Motion Capture Assistant,,Blur,core,mobygames:tr301
halo-mcc,987,Ryan Girard,,Voice,Motion Capture Assistant,,Blur,core,mobygames:tr301
halo-mcc,988,Joshua Gwenard,,Voice,Motion Capture Assistant,,Blur,core,mobygames:tr301
halo-mcc,989,Marc Morisseau,,Voice,Motion Capture Assistant,,Blur,core,mobygames:tr301
halo-mcc,990,Sean Sterling,,Voice,Motion Capture Assistant,,Blur,core,mobygames:tr301
halo-mcc,991,Vincent Argentine,,Voice,Motion Capture Supervisor,,Blur,core,mobygames:tr304
halo-mcc,992,Jenna Melfi,,Voice,Motion Capture Producer,,Blur,core,mobygames:tr305
halo-mcc,993,Andre Petrossian,,Voice,Motion Capture Artist,,Blur,core,mobygames:tr306
halo-mcc,994,Jason Rush,,Voice,Motion Capture Artist,,Blur,core,mobygames:tr306
halo-mcc,995,Josh Hutchins,,Voice,Motion Capture Artist,,Blur,core,mobygames:tr306
halo-mcc,996,Scott Feigel,,Voice,Motion Capture Artist,,Blur,core,mobygames:tr306
halo-mcc,997,Tiago Washburn,,Voice,Motion Capture Artist,,Blur,core,mobygames:tr306
halo-mcc,998,Mark A. Anderson,,Art,Art Director,,Certain Affinity,core,mobygames:tr311
halo-mcc,999,Michael P. Hadwin,,Art,Lead Environment Artist,,Certain Affinity,core,mobygames:tr318
halo-mcc,1000,Raymond Arriaga,,Art,Environment Artist,,Certain Affinity,core,mobygames:tr322
halo-mcc,1001,Ognian Bonev,,Art,Environment Artist,,Certain Affinity,core,mobygames:tr322
halo-mcc,1002,Matthew Demaray,,Art,Environment Artist,,Certain Affinity,core,mobygames:tr322
halo-mcc,1003,JP Eaton,,Art,Environment Artist,,Certain Affinity,core,mobygames:tr322
halo-mcc,1004,Maruchy Fernandez,,Art,Environment Artist,,Certain Affinity,core,mobygames:tr322
halo-mcc,1005,Leo Gonzalez,,Art,Environment Artist,,Certain Affinity,core,mobygames:tr322
halo-mcc,1006,Chip Patterson,,Art,Environment Artist,,Certain Affinity,core,mobygames:tr322
halo-mcc,1007,Joshua Powers,,Art,Environment Artist,,Certain Affinity,core,mobygames:tr322
halo-mcc,1008,John Stamos,,Art,Environment Artist,,Certain Affinity,core,mobygames:tr322
halo-mcc,1009,Wimolrat Tangtiphongkul,,Voice,Environment Artist,,Certain Affinity,core,mobygames:tr322
halo-mcc,1010,Justin Walters,,Art,Environment Artist,,Certain Affinity,core,mobygames:tr322
halo-mcc,1011,Joshua Wilkinson,,Art,Environment Artist,,Certain Affinity,core,mobygames:tr322
halo-mcc,1012,Laura Zimmermann,,Art,Environment Artist,,Certain Affinity,core,mobygames:tr322
halo-mcc,1013,Ryan Gitter,,Art,Concept Artist,,Certain Affinity,core,mobygames:tr323
halo-mcc,1014,Rolf M. Mohr,,Art,Concept Artist,,Certain Affinity,core,mobygames:tr323
halo-mcc,1015,Neil Davis,,Art,Technical Artist,,Certain Affinity,core,mobygames:tr324
halo-mcc,1016,Matthew Oztalay,,Art,Technical Artist,,Certain Affinity,core,mobygames:tr324
halo-mcc,1017,Rebecca Wallace,,Art,UI Artist,,Certain Affinity,core,mobygames:tr326
halo-mcc,1018,Ben Shore,,Art,UI Artist,,Certain Affinity,core,mobygames:tr326
halo-mcc,1019,Isaac Oster,,Art,Character Artist,,Certain Affinity,core,mobygames:tr327
halo-mcc,1020,Alex Omlansky,,Art,Animator,,Certain Affinity,core,mobygames:tr328
halo-mcc,1021,Scott Maclean,,Design,Lead Forge/UI Designer,,Certain Affinity,core,mobygames:tr331
halo-mcc,1022,Lincoln Li,,Design,Systems Designer,,Certain Affinity,core,mobygames:tr333
halo-mcc,1023,Charlie Wiederhold,,Design,Systems Designer,,Certain Affinity,core,mobygames:tr333
halo-mcc,1024,Henry Yu,,Design,Systems Designer,,Certain Affinity,core,mobygames:tr333
halo-mcc,1025,Clint Bogue,,Design,Level Designer,,Certain Affinity,core,mobygames:tr334
halo-mcc,1026,Scott Lepanen,,Design,Level Designer,,Certain Affinity,core,mobygames:tr334
halo-mcc,1027,Maggie Duvall,,Design,UX Designer,,Certain Affinity,core,mobygames:tr335
halo-mcc,1028,Ron LaJoie,,Production,Producer,,Certain Affinity,core,mobygames:tr340
halo-mcc,1029,Robert Arlauskas,,Audio,Sound & Implementation,,Certain Affinity,core,mobygames:tr342
halo-mcc,1030,James Barker,,Voice,Sound & Implementation,,Certain Affinity,core,mobygames:tr342
halo-mcc,1031,Garrett Breaux,,QA,QA Tester,,Certain Affinity,core,mobygames:tr344
halo-mcc,1032,Ken Fisher,,QA,QA Tester,,Certain Affinity,core,mobygames:tr344
halo-mcc,1033,Dane Johnson,,QA,QA Tester,,Certain Affinity,core,mobygames:tr344
halo-mcc,1034,Hunter Kent,,QA,QA Tester,,Certain Affinity,core,mobygames:tr344
halo-mcc,1035,Scott McCrea,,QA,QA Tester,,Certain Affinity,core,mobygames:tr344
halo-mcc,1036,Matthew McCready,,QA,QA Tester,,Certain Affinity,core,mobygames:tr344
halo-mcc,1037,Nate Terhune,,QA,QA Tester,,Certain Affinity,core,mobygames:tr344
halo-mcc,1038,Mark A. Anderson,,Art,Art Director,,Certain Affinity,core,mobygames:tr349
halo-mcc,1039,Carla Hamilton,,Other,Project Manager,,Certain Affinity,core,mobygames:tr356
halo-mcc,1040,Jennipher Judge,,Publishing,HR Business Partner,,Certain Affinity,core,mobygames:tr357
halo-mcc,1041,Sisi Castro-Kruel,,Other,Accounting Clerk,,Certain Affinity,core,mobygames:tr358
halo-mcc,1042,Erin Maiorino,,Studio/Business,Community Manager,,Certain Affinity,core,mobygames:tr359
halo-mcc,1043,Bill Mauer,,Engineering,Programmer,,Certain Affinity,core,mobygames:tr360
halo-mcc,1044,Matt Mills,,Other,IT Sys Admin/Web Dev,,Certain Affinity,core,mobygames:tr362
halo-mcc,1045,Fiona Cherbak,,Other,Talent Acquisition,,Certain Affinity,core,mobygames:tr365
halo-mcc,1046,Christopher S. Brooks,,Other,Additional Development,,Certain Affinity,core,mobygames:tr367
halo-mcc,1047,Neill Glancy,,Other,Additional Development,,Certain Affinity,core,mobygames:tr367
halo-mcc,1048,Stephen Palmer,,Other,Additional Development,,Certain Affinity,core,mobygames:tr367
halo-mcc,1049,Todd Moulton,,Other,Additional Development,,Certain Affinity,core,mobygames:tr367
halo-mcc,1050,John McMahon,,Special Thanks,Thanks,,Certain Affinity,special-thanks,mobygames:tr369
halo-mcc,1051,Annette Mercado,,Special Thanks,Thanks,,Certain Affinity,special-thanks,mobygames:tr369
halo-mcc,1052,Mark Meza,,Special Thanks,Thanks,,Certain Affinity,special-thanks,mobygames:tr369
halo-mcc,1053,Brian Reilly,,Special Thanks,Thanks,,Certain Affinity,special-thanks,mobygames:tr369
halo-mcc,1054,Liudmila Shatalova,,Production,Associate Producers,,Saber Interactive,core,mobygames:tr375
halo-mcc,1055,Ilya Kormin,,Engineering,Game Integration Senior Programmers,,Saber Interactive,core,mobygames:tr381
halo-mcc,1056,Alexey Shutov,,Engineering,Game Integration Senior Programmers,,Saber Interactive,core,mobygames:tr381
halo-mcc,1057,Artem Voznyuk,,Engineering,Game Integration Programmer,,Saber Interactive,core,mobygames:tr383
halo-mcc,1058,Evgeny Cimbalyuk,,Engineering,Engine Lead,,Saber Interactive,core,mobygames:tr384
halo-mcc,1059,Anton Vasilev,,Engineering,Senior Engine Programmers,,Saber Interactive,core,mobygames:tr386
halo-mcc,1060,Viktor Isaev,,Engineering,Senior Engine Programmers,,Saber Interactive,core,mobygames:tr386
halo-mcc,1061,Pavel Dmitrievskiy,,Engineering,Engine Programmers,,Saber Interactive,core,mobygames:tr387
halo-mcc,1062,Kirill Korepanov,,Engineering,Engine Programmers,,Saber Interactive,core,mobygames:tr387
halo-mcc,1063,Ilya Belyy,,Engineering,Engine Programmers,,Saber Interactive,core,mobygames:tr387
halo-mcc,1064,Evgeniy Kozlov,,Engineering,Engine Programmers,,Saber Interactive,core,mobygames:tr387
halo-mcc,1065,Evgeniy Pichugin,,Engineering,Engine Programmers,,Saber Interactive,core,mobygames:tr387
halo-mcc,1066,Yaroslav Cherniy,,Engineering,Engine Programmers,,Saber Interactive,core,mobygames:tr387
halo-mcc,1067,Paul Smirnov,,Engineering,Senior Rendering Programmers,,Saber Interactive,core,mobygames:tr389
halo-mcc,1068,Vadim Benkevich,,Engineering,Rendering Programmers,,Saber Interactive,core,mobygames:tr390
halo-mcc,1069,Nikolay Petrov,,Engineering,Rendering Programmers,,Saber Interactive,core,mobygames:tr390
halo-mcc,1070,Anton Vasilev,,Engineering,Rendering Programmers,,Saber Interactive,core,mobygames:tr390
halo-mcc,1071,Georgiy Juravlev,,Engineering,Network Programmer,,Saber Interactive,core,mobygames:tr391
halo-mcc,1072,Roman Zhigunov,,Engineering,Tools Programmers,,Saber Interactive,core,mobygames:tr394
halo-mcc,1073,Dmitriy Vasilev,,Engineering,Tools Programmers,,Saber Interactive,core,mobygames:tr394
halo-mcc,1074,Oleg Baluk,,Engineering,Build Programmer,,Saber Interactive,core,mobygames:tr395
halo-mcc,1075,Dmitry Kholodov,,Art,Art Director,,Saber Interactive,core,mobygames:tr397
halo-mcc,1076,Dmitriy Volkov,,Art,Characters Modelling Supervisors,,Saber Interactive,core,mobygames:tr398
halo-mcc,1077,Vyacheslav Solovov,,Art,Head of Concept Art Department,,Saber Interactive,core,mobygames:tr399
halo-mcc,1078,Nikolay Eliseev,,Art,Concept Artists,,Saber Interactive,core,mobygames:tr401
halo-mcc,1079,Daniil Kuksov,,Art,Concept Artists,,Saber Interactive,core,mobygames:tr401
halo-mcc,1080,Dmitriy Maiorov,,Art,Concept Artists,,Saber Interactive,core,mobygames:tr401
halo-mcc,1081,Julia Misul,,Art,Concept Artists,,Saber Interactive,core,mobygames:tr401
halo-mcc,1082,Sergey Borisenko,,Art,Junior Concept Artists,,Saber Interactive,core,mobygames:tr402
halo-mcc,1083,Dmitriy Kononovich,,Art,Junior Concept Artists,,Saber Interactive,core,mobygames:tr402
halo-mcc,1084,Fedor Guilmoutdinov,,Art,Senior Level Modelers,,Saber Interactive,core,mobygames:tr404
halo-mcc,1085,Yuriy Chernysh,,Art,Senior Level Modelers,,Saber Interactive,core,mobygames:tr404
halo-mcc,1086,Vladimir Tretyakov,,Art,Senior Level Modelers,,Saber Interactive,core,mobygames:tr404
halo-mcc,1087,Vyacheslav Dementjev,,Art,Senior Level Modelers,,Saber Interactive,core,mobygames:tr404
halo-mcc,1088,Michael Davydenko,,Art,Senior Level Modelers,,Saber Interactive,core,mobygames:tr404
halo-mcc,1089,Artem Smirnov,,Art,Senior Level Modelers,,Saber Interactive,core,mobygames:tr404
halo-mcc,1090,Maxim Alekseev,,Art,Senior Level Modeller / Asset Designer,,Saber Interactive,core,mobygames:tr405
halo-mcc,1091,Dmitriy Lvov,,Art,Level Modelers,,Saber Interactive,core,mobygames:tr406
halo-mcc,1092,Sergey Aleksandrov,,Art,Level Modelers,,Saber Interactive,core,mobygames:tr406
halo-mcc,1093,Olga Dvurechenskaya,,Art,Level Modelers,,Saber Interactive,core,mobygames:tr406
halo-mcc,1094,Igor Kochnev,,Art,Junior Level Modelers,,Saber Interactive,core,mobygames:tr407
halo-mcc,1095,Igor Kondratenko,,Art,Junior Level Modelers,,Saber Interactive,core,mobygames:tr407
halo-mcc,1096,Maxim Antropov,,Art,Junior Level Modelers,,Saber Interactive,core,mobygames:tr407
halo-mcc,1097,Evgeny Davidenko,,Art,Technical Art Director,,Saber Interactive,core,mobygames:tr409
halo-mcc,1098,Kirill Arefev,,Art,Senior Technical Artist,,Saber Interactive,core,mobygames:tr411
halo-mcc,1099,Georgiy Kolokolcev,,Art,Technical Artists,,Saber Interactive,core,mobygames:tr412
halo-mcc,1100,Alexander Artemenko,,Art,Technical Artists,,Saber Interactive,core,mobygames:tr412
halo-mcc,1101,Chernyaev Evgeniy,,Art,Technical Artists,,Saber Interactive,core,mobygames:tr412
halo-mcc,1102,Evgeniy Shipilo,,Engineering,Junior Game Integration Programmer,,Saber Interactive,core,mobygames:tr415
halo-mcc,1103,Alexander Myala,,Art,Lead Animator,,Saber Interactive,core,mobygames:tr416
halo-mcc,1104,Mikhail Titorenko,,Art,Animators,,Saber Interactive,core,mobygames:tr417
halo-mcc,1105,Alexander Kuznetsov,,Art,Senior Texture Artists,,Saber Interactive,core,mobygames:tr422
halo-mcc,1106,Georgii Paute,,Art,Senior Texture Artists,,Saber Interactive,core,mobygames:tr422
halo-mcc,1107,Aleksandr Davyidov,,Art,Texture Artists,,Saber Interactive,core,mobygames:tr423
halo-mcc,1108,Ilya Kuzmichev,,Art,Texture Artists,,Saber Interactive,core,mobygames:tr423
halo-mcc,1109,Alexey Konnov,,Art,Texture Artists,,Saber Interactive,core,mobygames:tr423
halo-mcc,1110,Vadim Spiridonov,,Art,Texture Artists,,Saber Interactive,core,mobygames:tr423
halo-mcc,1111,Denis Udalov,,Art,Texture Artists,,Saber Interactive,core,mobygames:tr423
halo-mcc,1112,Evgeniya Drozdova,,Art,Texture Artists,,Saber Interactive,core,mobygames:tr423
halo-mcc,1113,Konstantin Chulanov,,Art,Texture Artists,,Saber Interactive,core,mobygames:tr423
halo-mcc,1114,Dmitry Jempala,,Art,Senior Lighting Artists,,Saber Interactive,core,mobygames:tr426
halo-mcc,1115,Dmitriy Pisminsky,,Art,Senior Lighting Artists,,Saber Interactive,core,mobygames:tr426
halo-mcc,1116,Alexey Kovalev,,Art,Junior Lighting Artist,,Saber Interactive,core,mobygames:tr427
halo-mcc,1117,Sergei Boginsky,,Art,Outsource Manager,,Saber Interactive,core,mobygames:tr429
halo-mcc,1118,Dmitry Butenko,,Art,Assets Modelers,,Saber Interactive,core,mobygames:tr433
halo-mcc,1119,Yury Rumak,,Art,Assets Modelers,,Saber Interactive,core,mobygames:tr433
halo-mcc,1120,Vyacheslav Gedich,,Art,Assets Modelers,,Saber Interactive,core,mobygames:tr433
halo-mcc,1121,Sergey Gritsay,,Art,Assets Modelers,,Saber Interactive,core,mobygames:tr433
halo-mcc,1122,Nikolay Demencevich,,Art,Assets Modelers,,Saber Interactive,core,mobygames:tr433
halo-mcc,1123,Vladislav Costin,,Art,Assets Modelers,,Saber Interactive,core,mobygames:tr433
halo-mcc,1124,Leonid Kuzyakin,,Art,Assets Modelers,,Saber Interactive,core,mobygames:tr433
halo-mcc,1125,Piotr Nasirau,,Art,Assets Modelers,,Saber Interactive,core,mobygames:tr433
halo-mcc,1126,Alexey Murzak,,Art,Assets Modelers,,Saber Interactive,core,mobygames:tr433
halo-mcc,1127,Artem Kudriashov,,Art,Assets Modelers,,Saber Interactive,core,mobygames:tr433
halo-mcc,1128,Andrey Chuloshnikov,,Art,Character Modeler,,Saber Interactive,core,mobygames:tr434
halo-mcc,1129,Timur Barblishvili,,QA,QA Experts,,Saber Interactive,core,mobygames:tr438
halo-mcc,1130,Denis Kurashev,,QA,QA Experts,,Saber Interactive,core,mobygames:tr438
halo-mcc,1131,Daria Kasimanova,,QA,QA Experts,,Saber Interactive,core,mobygames:tr438
halo-mcc,1132,Aleksey Vorobiev,,QA,QA Experts,,Saber Interactive,core,mobygames:tr438
halo-mcc,1133,Anton Sorokin,,QA,QA Experts,,Saber Interactive,core,mobygames:tr438
halo-mcc,1134,Mikhail Rybalkin,,QA,QA Intern,,Saber Interactive,core,mobygames:tr439
halo-mcc,1135,Vasiliy Toropchin,,QA,QA Intern,,Saber Interactive,core,mobygames:tr439
halo-mcc,1136,Ilya Ovchinnikov,,QA,QA Intern,,Saber Interactive,core,mobygames:tr439
halo-mcc,1137,Alina Tarasova,,Production,Associate Producers,,Saber Interactive,core,mobygames:tr443
halo-mcc,1138,Margarita Sarksyan,,Publishing,HR Managers,,Saber Interactive,core,mobygames:tr444
halo-mcc,1139,Marina Solovova,,Publishing,HR Managers,,Saber Interactive,core,mobygames:tr444
halo-mcc,1140,Aleksandr Belotserkovets,,Other,Project Manager,,Saber Interactive,core,mobygames:tr449
halo-mcc,1141,Yaroslav Kulov,,Art,Technical Artist,,Saber Interactive,core,mobygames:tr450
halo-mcc,1142,Alexander Blyzniuk,,Art,Concept Artist,,Saber Interactive,core,mobygames:tr451
halo-mcc,1143,Roman Androshchuk,,Design,Level Modelers,,Saber Interactive,core,mobygames:tr452
halo-mcc,1144,Dmitriy Krainuk,,Design,Level Modelers,,Saber Interactive,core,mobygames:tr452
halo-mcc,1145,Michael Borodachov,,Design,Level Modelers,,Saber Interactive,core,mobygames:tr452
halo-mcc,1146,Anton Zhuk,,Design,Level Modelers,,Saber Interactive,core,mobygames:tr452
halo-mcc,1147,Pavel Dmitrov,,Design,Level Modelers,,Saber Interactive,core,mobygames:tr452
halo-mcc,1148,Yulia Lavinyukova,,Art,Texture Artist,,Saber Interactive,core,mobygames:tr453
halo-mcc,1149,Daniel Sioui,,Production,Producers,,The Sequence Group,core,mobygames:tr456
halo-mcc,1150,Elisa Wolfenden,,Production,Production Coordinator,,The Sequence Group,core,mobygames:tr457
halo-mcc,1151,David Edwards,,Art,Artists,,The Sequence Group,core,mobygames:tr461
halo-mcc,1152,Jace Kim,,Art,Artists,,The Sequence Group,core,mobygames:tr461
halo-mcc,1153,Graeme McCormack,,Art,Artists,,The Sequence Group,core,mobygames:tr461
halo-mcc,1154,Seungjin Woo,,Art,Artists,,The Sequence Group,core,mobygames:tr461
halo-mcc,1155,Anne Jans,,Art,Lead Character Animator,,The Sequence Group,core,mobygames:tr462
halo-mcc,1156,Luke Bicevskis,,Art,Animators / Compositors,,The Sequence Group,core,mobygames:tr463
halo-mcc,1157,Aaron Scott Hildebrandt,,Art,Animators / Compositors,,The Sequence Group,core,mobygames:tr463
halo-mcc,1158,Sean Kalra,,Art,Animators / Compositors,,The Sequence Group,core,mobygames:tr463
halo-mcc,1159,Ryan Kane,,Art,Animators / Compositors,,The Sequence Group,core,mobygames:tr463
halo-mcc,1160,Ali Lupu,,Art,Animators / Compositors,,The Sequence Group,core,mobygames:tr463
halo-mcc,1161,Gene Magtoto,,Art,Animators / Compositors,,The Sequence Group,core,mobygames:tr463
halo-mcc,1162,Leo Viale,,Art,Lead 3D Artist,,The Sequence Group,core,mobygames:tr464
halo-mcc,1163,Chad Fox,,Other,3D Modeling Lead,,The Sequence Group,core,mobygames:tr465
halo-mcc,1164,Gene Magtoto,,Other,3D Modelers,,The Sequence Group,core,mobygames:tr466
halo-mcc,1165,Graeme McCormack,,Other,3D Modelers,,The Sequence Group,core,mobygames:tr466
halo-mcc,1166,Leo Viale,,Other,3D Modelers,,The Sequence Group,core,mobygames:tr466
halo-mcc,1167,Peter Scott,,Art,3D Character Rigging Lead,,The Sequence Group,core,mobygames:tr467
halo-mcc,1168,Anne Jans,,Art,3D Character Rigging / Facial,,The Sequence Group,core,mobygames:tr468
halo-mcc,1169,Gene Magtoto,,Art,3D Character Rigging / Facial,,The Sequence Group,core,mobygames:tr468
halo-mcc,1170,Jeremy Szostak,,Other,Junior Editor,,The Sequence Group,core,mobygames:tr471
halo-mcc,1171,Pamela S. Chow,,Other,Development Director,,United Front Games,core,mobygames:tr486
halo-mcc,1172,Lyndon H. Moore III,,QA,Test Lead,,Experis,core,mobygames:tr499
halo-mcc,1173,Ahmad Javed Chohan,,QA,Software Test Engineers,,Experis,core,mobygames:tr501
halo-mcc,1174,Josh Breese,,QA,Test Associates,,Experis,core,mobygames:tr502
halo-mcc,1175,Amanda Lynn Brewer,,QA,Test Associates,,Experis,core,mobygames:tr502
halo-mcc,1176,Gregrey Sevilla,,QA,Test Associates,,Experis,core,mobygames:tr502
halo-mcc,1177,Ronnie Thornley,,QA,Test Associates,,Experis,core,mobygames:tr502
halo-mcc,1178,Anthony S. Price,,QA,Additional Testing,,Experis,core,mobygames:tr503
halo-mcc,1179,Błażej Zawadzki,,QA,Games Test Manager,,Lionbridge Game Services,core,mobygames:tr505
halo-mcc,1180,Kamil Bazydło,,QA,Senior Test Engineers,,Lionbridge Game Services,core,mobygames:tr508
halo-mcc,1181,Randall Glass,,Voice,Biggest Community Supporters,,,publishing,mobygames:tr628
halo-mcc,1182,Scott Gershin,,Audio,Creative Director,,Formosa Interactive,core,mobygames:tr146
halo-mcc,1183,Paul Lipson,,Audio,Adapted and Orchestrated By,,Finishing Move Inc.,core,mobygames:tr84
halo-mcc,1184,Lennie Moore,,Audio,Adapted and Orchestrated By,,Finishing Move Inc.,core,mobygames:tr84
halo-mcc,1185,Tom Salta,,Audio,Adapted and Orchestrated By,,Finishing Move Inc.,core,mobygames:tr84
halo-mcc,1186,Brian Trifon,,Audio,Adapted and Orchestrated By,,Finishing Move Inc.,core,mobygames:tr84
halo-mcc,1187,Brian Trifon,,Audio,Audio Director/Score Supervisor,,Finishing Move Inc.,core,mobygames:tr88
halo-mcc,1188,Brian Trifon,,Audio,Project and Asset Management,,Finishing Move Inc.,core,mobygames:tr89
halo-mcc,1189,Steve Kaplan,,Audio,Scoring Mixers,,Finishing Move Inc.,core,mobygames:tr90
halo-mcc,1190,Brian Trifon,,Audio,Music Editing,,Finishing Move Inc.,core,mobygames:tr93
halo-mcc,1191,Jillian Aversa,,Audio,Vocalists,,Finishing Move Inc.,core,mobygames:tr95
halo-mcc,1192,Brian Trifon,,Audio,Guitars,,Finishing Move Inc.,core,mobygames:tr96
halo-mcc,1193,Paul Lipson,,Audio,Guitars,,Finishing Move Inc.,core,mobygames:tr96
halo-mcc,1194,Steve Vai,,Audio,Music Prep,,The Harmony Hut,core,mobygames:tr100
halo-mcc,1195,Leslie Ann Jones,,Audio,Orchestra recorded by,,Finishing Move Inc.,core,mobygames:tr104
halo-mcc,1196,Dann Thompson,,Audio,Assistant Engineers,,Finishing Move Inc.,core,mobygames:tr105
halo-mcc,1197,Judy Kirschner,,Audio,Assistant Engineers,,Finishing Move Inc.,core,mobygames:tr105
halo-mcc,1198,Robert Gatley,,Audio,Assistant Engineers,,Finishing Move Inc.,core,mobygames:tr105
