game_id,credit_order,name_raw,name_canonical,category,role_raw,character,studio,inclusion_class,source_ref
halo-infinite,0,Sparth Nicolas Bouvier,,Art,ART DIRECTOR,,,core,ART TEAM/ART TEAM#1
halo-infinite,1,Horia Dociu,,Art,ART DIRECTOR,,,core,ART TEAM/ART TEAM#2
halo-infinite,2,Neill Harrison,,Art,DIRECTOR OF ART MANAGEMENT,,,core,ART TEAM/ART TEAM#3
halo-infinite,3,Glenn Israel,,Art,"ART DIRECTOR, HALO INFINITE",,,core,ART TEAM/ART TEAM#4
halo-infinite,4,Donnie Taylor,,Art,"ART DIRECTOR, HALO INFINITE",,,core,ART TEAM/ART TEAM#5
halo-infinite,5,Ryan Trowbridge,,Art,TECHNICAL ART DIRECTOR,,,core,ART TEAM/ART TEAM#6
halo-infinite,6,Darren Bacon,,Art,ASSOCIATE ART DIRECTOR,,,core,ART TEAM/ART TEAM#7
halo-infinite,7,Martin Deschambault,,Art,ASSOCIATE ART DIRECTOR,,,core,ART TEAM/ART TEAM#8
halo-infinite,8,Justin Dinges,,Art,CAMPAIGN ART LEAD,,,core,ART TEAM/ART TEAM#9
halo-infinite,9,Patrick Gillette,,Art,ANIMATION DIRECTOR,,,core,ART TEAM/ANIMATION#12
halo-infinite,10,JuanCarlos Larrea,,Art,LEAD CHARACTER ANIMATORS,,,core,ART TEAM/Character Animation#15
halo-infinite,11,Joe Winter,,Art,LEAD CHARACTER ANIMATORS,,,core,ART TEAM/Character Animation#16
halo-infinite,12,Nick Avallone,,Art,SENIOR ANIMATORS,,,core,ART TEAM/Character Animation#18
halo-infinite,13,Colin Brown,,Art,ANIMATORS,,RYLEM,core,ART TEAM/Character Animation#20
halo-infinite,14,Shogna Chang,,Art,ANIMATORS,,TEKSYSTEMS INC,core,ART TEAM/Character Animation#21
halo-infinite,15,Andy Garcia,,Art,ANIMATORS,,DISYS,core,ART TEAM/Character Animation#22
halo-infinite,16,Mike Hall,,Art,ANIMATORS,,RYLEM,core,ART TEAM/Character Animation#23
halo-infinite,17,Marcia Hunsicker,,Art,ANIMATORS,,INSIGHT GLOBAL,core,ART TEAM/Character Animation#24
halo-infinite,18,Benjamin Norcross,,Art,ANIMATORS,,RANDSTAD,core,ART TEAM/Character Animation#25
halo-infinite,19,Marcellis Wentz,,Art,LEAD SANDBOX ANIMATOR,,,core,ART TEAM/Sandbox Animation#28
halo-infinite,20,Patrick Bryan,,Art,SENIOR ANIMATORS,,,core,ART TEAM/Sandbox Animation#30
halo-infinite,21,Evan Arny,,Art,SENIOR ANIMATORS,,,core,ART TEAM/Sandbox Animation#31
halo-infinite,22,Skai Chow,,Art,ANIMATORS,,AQUENT LLC,core,ART TEAM/Sandbox Animation#33
halo-infinite,23,Kevin Kaufman,,Art,ANIMATORS,,INSIGHT GLOBAL,core,ART TEAM/Sandbox Animation#34
halo-infinite,24,Ambika Luthra,,Art,ANIMATORS,,AQUENT GAMES,core,ART TEAM/Sandbox Animation#35
halo-infinite,25,Farzad Morshed,,Art,ANIMATORS,,RANDSTAD,core,ART TEAM/Sandbox Animation#36
halo-infinite,26,Morgan Nixon,,Art,ANIMATORS,,AQUENT GAMES,core,ART TEAM/Sandbox Animation#37
halo-infinite,27,Gibson Weitzel,,Art,ANIMATORS,,ARTECH,core,ART TEAM/Sandbox Animation#38
halo-infinite,28,David Yun,,Art,ANIMATORS,,COLLABERA,core,ART TEAM/Sandbox Animation#39
halo-infinite,29,Matt Campbell,,Art,CINEMATIC DIRECTOR,,,core,ART TEAM/Narrative Animation#42
halo-infinite,30,Greg Towner,,Art,LEAD NARRATIVE ANIMATORS,,,core,ART TEAM/Narrative Animation#44
halo-infinite,31,Leo Martinez,,Art,SENIOR NARRATIVE ANIMATORS,,,core,ART TEAM/Narrative Animation#46
halo-infinite,32,Ricky Renna,,Art,SENIOR NARRATIVE ANIMATORS,,,core,ART TEAM/Narrative Animation#47
halo-infinite,33,Will Christiansen,,Art,SENIOR ANIMATOR,,,core,ART TEAM/Narrative Animation#49
halo-infinite,34,Andrew Butterfield,,Art,ANIMATORS,,YOH SERVICES LLC,core,ART TEAM/Narrative Animation#51
halo-infinite,35,Angela Melito,,Art,ANIMATORS,,DISYS,core,ART TEAM/Narrative Animation#52
halo-infinite,36,Shon Mitchell,,Art,ANIMATORS,,RANDSTAD,core,ART TEAM/Narrative Animation#53
halo-infinite,37,Tuan Anh Nguyen,,Art,ANIMATORS,,INSIGHT GLOBAL,core,ART TEAM/Narrative Animation#54
halo-infinite,38,Andrea Ratsos,,Art,ANIMATORS,,DISYS,core,ART TEAM/Narrative Animation#55
halo-infinite,39,Raio Smakpunt,,Art,ANIMATORS,,RYLEM,core,ART TEAM/Narrative Animation#56
halo-infinite,40,Mark McCall,,Art,SENIOR TECHNICAL ANIMATOR,,,core,ART TEAM/Technical Animation#60
halo-infinite,41,Adrian Brown,,Art,TECHNICAL ANIMATORS,,RANDSTAD,core,ART TEAM/Technical Animation#62
halo-infinite,42,Ai Tran,,Art,TECHNICAL ANIMATORS,,,core,ART TEAM/Technical Animation#63
halo-infinite,43,Angel Wylie,,Art,LEAD TECHNICAL MOTION CAPTURE ANIMATOR,,,core,ART TEAM/Technical Motion Capture Animation#66
halo-infinite,44,Grant Lewis,,Art,TECHNICAL MOTION CAPTURE ANIMATORS,,,core,ART TEAM/Technical Motion Capture Animation#68
halo-infinite,45,Troy McFarland,,Art,TECHNICAL MOTION CAPTURE ANIMATORS,,WICRESOFT,core,ART TEAM/Technical Motion Capture Animation#69
halo-infinite,46,Nemo Nemiroff,,Art,TECHNICAL MOTION CAPTURE ANIMATORS,,TEKSYSTEMS INC,core,ART TEAM/Technical Motion Capture Animation#70
halo-infinite,47,Ben Smoot,,Art,TECHNICAL MOTION CAPTURE ANIMATORS,,,core,ART TEAM/Technical Motion Capture Animation#71
halo-infinite,48,Pasha Sol,,Art,TECHNICAL MOTION CAPTURE ANIMATORS,,,core,ART TEAM/Technical Motion Capture Animation#72
halo-infinite,49,Dan Tafaro,,Art,TECHNICAL MOTION CAPTURE ANIMATORS,,,core,ART TEAM/Technical Motion Capture Animation#73
halo-infinite,50,Bryan Repka,,Art,GAMEPLAY MODEL SUPERVISOR,,,core,ART TEAM/CHARACTER & SANDBOX ART#76
halo-infinite,51,Matt Aldridge,,Art,"LEAD WEAPON, VEHICLE & CHARACTER ARTIST",,,core,ART TEAM/CHARACTER & SANDBOX ART#77
halo-infinite,52,Andrea Gausmann,,Art,LEAD TECHNICAL ARTIST,,,core,ART TEAM/CHARACTER & SANDBOX ART#78
halo-infinite,53,Howard Coulby,,Engineering,SENIOR GRAPHICS TECHNICAL ARTIST,,,core,ART TEAM/CHARACTER & SANDBOX ART#79
halo-infinite,54,Brad Shortt,,Art,SENIOR CHARACTER ARTIST,,,core,ART TEAM/Character Art#83
halo-infinite,55,Jason Basse,,Art,CHARACTER ARTISTS,,DIGITAL INTELLIGENCE SYSTEMS,core,ART TEAM/Character Art#85
halo-infinite,56,Kirill Chepizhko,,Art,CHARACTER ARTISTS,,YOH SERVICES LLC,core,ART TEAM/Character Art#86
halo-infinite,57,Trung Dang,,Art,CHARACTER ARTISTS,,RANDSTAD,core,ART TEAM/Character Art#87
halo-infinite,58,Ben Frazier,,Art,CHARACTER ARTISTS,,,core,ART TEAM/Character Art#88
halo-infinite,59,Josh Gregory,,Art,CHARACTER ARTISTS,,ARTECH,core,ART TEAM/Character Art#89
halo-infinite,60,Keaton Hendershot,,Art,CHARACTER ARTISTS,,RANDSTAD,core,ART TEAM/Character Art#90
halo-infinite,61,Jason Holt,,Art,CHARACTER ARTISTS,,YOH SERVICES LLC,core,ART TEAM/Character Art#91
halo-infinite,62,Fletcher Kinnear,,Art,CHARACTER ARTISTS,,RANDSTAD,core,ART TEAM/Character Art#92
halo-infinite,63,Jack Staley,,Art,CHARACTER ARTISTS,,AQUENT,core,ART TEAM/Character Art#93
halo-infinite,64,Tom Wholley,,Art,CHARACTER ARTISTS,,,core,ART TEAM/Character Art#94
halo-infinite,65,Jason Minters,,Art,LEAD CHARACTER TECHNICAL ARTIST,,,core,ART TEAM/Character Technical Art#98
halo-infinite,66,Russell Pearsall,,Art,SENIOR CHARACTER TECHNICAL ARTISTS,,,core,ART TEAM/Character Technical Art#100
halo-infinite,67,Daryl Smolen,,Art,SENIOR CHARACTER TECHNICAL ARTISTS,,,core,ART TEAM/Character Technical Art#101
halo-infinite,68,Oleg Dolgikh,,Art,CHARACTER TECHNICAL ARTISTS,,,core,ART TEAM/Character Technical Art#103
halo-infinite,69,Lyaksandr Prelle-Tworek,,Art,LEAD 3D ARTIST,,,core,ART TEAM/Sandbox Art#106
halo-infinite,70,Andrew Bradbury,,Art,SENIOR 3D ARTISTS,,,core,ART TEAM/Sandbox Art#108
halo-infinite,71,Dan Sarkar,,Art,SENIOR 3D ARTISTS,,,core,ART TEAM/Sandbox Art#109
halo-infinite,72,Can Tuncer,,Art,SENIOR 3D ARTISTS,,,core,ART TEAM/Sandbox Art#110
halo-infinite,73,Michael Frank,,Art,3D ARTISTS,,,core,ART TEAM/Sandbox Art#112
halo-infinite,74,Jaryd Snover,,Art,SENIOR CHARACTER TECHNICAL ARTIST,,,core,ART TEAM/Sandbox Technical Art#115
halo-infinite,75,Mark Bosz,,Art,CHARACTER TECHNICAL ARTISTS,,,core,ART TEAM/Sandbox Technical Art#117
halo-infinite,76,Laurel Durkan,,Art,CHARACTER TECHNICAL ARTISTS,,,core,ART TEAM/Sandbox Technical Art#118
halo-infinite,77,Dimitri Frazao,,Art,CHARACTER TECHNICAL ARTISTS,,,core,ART TEAM/Sandbox Technical Art#119
halo-infinite,78,David Heidhoff,,Art,LEAD CONCEPT ARTIST,,,core,ART TEAM/CONCEPT ART#122
halo-infinite,79,Ben Mauro,,Art,SENIOR CONCEPT ARTISTS,,,core,ART TEAM/CONCEPT ART#123
halo-infinite,80,Ajay Agrawal,,Art,CONCEPT ARTISTS,,ALLEGIS,core,ART TEAM/CONCEPT ART#125
halo-infinite,81,Sam Brown,,Art,CONCEPT ARTISTS,,INSIGHT GLOBAL,core,ART TEAM/CONCEPT ART#126
halo-infinite,82,Daniel Chavez,,Art,CONCEPT ARTISTS,,INSIGHT GLOBAL,core,ART TEAM/CONCEPT ART#127
halo-infinite,83,Orlando Chen,,Art,CONCEPT ARTISTS,,,core,ART TEAM/CONCEPT ART#128
halo-infinite,84,Riley Frambes,,Art,CONCEPT ARTISTS,,,core,ART TEAM/CONCEPT ART#129
halo-infinite,85,Ian Galvin,,Art,CONCEPT ARTISTS,,,core,ART TEAM/CONCEPT ART#130
halo-infinite,86,Zack Lee,,Art,CONCEPT ARTISTS,,INSIGHT GLOBAL,core,ART TEAM/CONCEPT ART#131
halo-infinite,87,Molly McLaughlin,,Art,CONCEPT ARTISTS,,AQUENT GAMES,core,ART TEAM/CONCEPT ART#132
halo-infinite,88,Elijah McNeal,,Art,CONCEPT ARTISTS,,RANDSTAD,core,ART TEAM/CONCEPT ART#133
halo-infinite,89,Espen Saetervik,,Art,CONCEPT ARTISTS,,LIQUID DEVELOPMENT LLC,core,ART TEAM/CONCEPT ART#134
halo-infinite,90,Salvatorre Yazzie,,Art,CONCEPT ARTISTS,,RANDSTAD,core,ART TEAM/CONCEPT ART#135
halo-infinite,91,Marc Brinkley,,Art,ENVIRONMENT ART MANAGER,,,core,ART TEAM/ENVIRONMENT ART#138
halo-infinite,92,Adrien Cho,,Art,OUTSOURCING AND VENDOR MANAGER,,,core,ART TEAM/ENVIRONMENT ART#139
halo-infinite,93,Steven Carroll,,Art,SENIOR ENVIRONMENT ARTISTS,,,core,ART TEAM/Campaign Environment Art#142
halo-infinite,94,Tim Diaz,,Art,SENIOR ENVIRONMENT ARTISTS,,,core,ART TEAM/Campaign Environment Art#143
halo-infinite,95,Ryan Peterson,,Art,SENIOR ENVIRONMENT ARTISTS,,,core,ART TEAM/Campaign Environment Art#144
halo-infinite,96,RJ Ranola,,Art,SENIOR ENVIRONMENT ARTISTS,,,core,ART TEAM/Campaign Environment Art#145
halo-infinite,97,Ryan Roth,,Art,SENIOR ENVIRONMENT ARTISTS,,,core,ART TEAM/Campaign Environment Art#146
halo-infinite,98,Oliver Regueiro Fernandez,,Art,SENIOR SKYBOX ARTIST,,,core,ART TEAM/Campaign Environment Art#148
halo-infinite,99,Lisa Barber,,Art,ENVIRONMENT ARTISTS,,RANDSTAD,core,ART TEAM/Campaign Environment Art#150
halo-infinite,100,Christian Chojnacki,,Art,ENVIRONMENT ARTISTS,,RANDSTAD,core,ART TEAM/Campaign Environment Art#151
halo-infinite,101,Mitchel Clayton,,Art,ENVIRONMENT ARTISTS,,NEAL ANALYTICS LLC,core,ART TEAM/Campaign Environment Art#152
halo-infinite,102,Samuel Delfanti,,Art,ENVIRONMENT ARTISTS,,RANDSTAD,core,ART TEAM/Campaign Environment Art#153
halo-infinite,103,Chris Donovan,,Art,ENVIRONMENT ARTISTS,,YOH SERVICES LLC,core,ART TEAM/Campaign Environment Art#154
halo-infinite,104,Mahreen Fatima,,Art,ENVIRONMENT ARTISTS,,YOH SERVICES LLC,core,ART TEAM/Campaign Environment Art#155
halo-infinite,105,Eli Gershenfeld,,Art,ENVIRONMENT ARTISTS,,INSIGHT GLOBAL,core,ART TEAM/Campaign Environment Art#156
halo-infinite,106,Ryan Grubb,,Art,ENVIRONMENT ARTISTS,,RANDSTAD,core,ART TEAM/Campaign Environment Art#157
halo-infinite,107,Terry Hopfenspirger,,Art,ENVIRONMENT ARTISTS,,THE JUDGE GROUP,core,ART TEAM/Campaign Environment Art#158
halo-infinite,108,Yuchun Huang,,Art,ENVIRONMENT ARTISTS,,RANDSTAD,core,ART TEAM/Campaign Environment Art#159
halo-infinite,109,Carson Marlow,,Art,ENVIRONMENT ARTISTS,,TEKSYSTEMS INC,core,ART TEAM/Campaign Environment Art#160
halo-infinite,110,Aaron Panagos,,Art,ENVIRONMENT ARTISTS,,NEAL ANALYTICS LLC,core,ART TEAM/Campaign Environment Art#161
halo-infinite,111,Mike Rodriguez,,Art,ENVIRONMENT ARTISTS,,RANDSTAD,core,ART TEAM/Campaign Environment Art#162
halo-infinite,112,Turner Sinopoli,,Art,ENVIRONMENT ARTISTS,,RANDSTAD,core,ART TEAM/Campaign Environment Art#163
halo-infinite,113,Josh Wilkinson,,Art,ENVIRONMENT ARTISTS,,RANDSTAD,core,ART TEAM/Campaign Environment Art#164
halo-infinite,114,John Wilson,,Art,ENVIRONMENT ARTISTS,,YOH SERVICES LLC,core,ART TEAM/Campaign Environment Art#165
halo-infinite,115,Chiyo Lai,,Art,LEAD ENVIRONMENT ARTISTS,,,core,ART TEAM/Environment Content#168
halo-infinite,116,Rogelio Olguin,,Art,LEAD ENVIRONMENT ARTISTS,,,core,ART TEAM/Environment Content#169
halo-infinite,117,Josh Rife,,Art,LEAD ENVIRONMENT ARTISTS,,,core,ART TEAM/Environment Content#170
halo-infinite,118,John Flath,,Art,SENIOR ENVIRONMENT ARTISTS,,,core,ART TEAM/Environment Content#172
halo-infinite,119,Christopher Hands,,Art,SENIOR ENVIRONMENT ARTISTS,,,core,ART TEAM/Environment Content#173
halo-infinite,120,Ji hoon Kim,,Art,SENIOR ENVIRONMENT ARTISTS,,,core,ART TEAM/Environment Content#174
halo-infinite,121,Chris Lewis,,Art,SENIOR ENVIRONMENT ARTISTS,,,core,ART TEAM/Environment Content#175
halo-infinite,122,Neil McKnight,,Art,SENIOR ENVIRONMENT ARTISTS,,,core,ART TEAM/Environment Content#176
halo-infinite,123,Jay Miller,,Art,SENIOR ENVIRONMENT ARTISTS,,,core,ART TEAM/Environment Content#177
halo-infinite,124,James Munroe,,Art,SENIOR ENVIRONMENT ARTISTS,,,core,ART TEAM/Environment Content#178
halo-infinite,125,Steven Oberman,,Art,SENIOR ENVIRONMENT ARTISTS,,,core,ART TEAM/Environment Content#179
halo-infinite,126,Todd Alberda,,Art,ENVIRONMENT ARTISTS,,AQUENT GAMES,core,ART TEAM/Environment Content#181
halo-infinite,127,Erik Amezcua,,Art,ENVIRONMENT ARTISTS,,INSIGHT GLOBAL,core,ART TEAM/Environment Content#182
halo-infinite,128,Nathanial Castronovo,,Art,ENVIRONMENT ARTISTS,,,core,ART TEAM/Environment Content#183
halo-infinite,129,Matthew Cerasoli,,Art,ENVIRONMENT ARTISTS,,INSIGHT GLOBAL,core,ART TEAM/Environment Content#184
halo-infinite,130,Thomas Cherry,,Art,ENVIRONMENT ARTISTS,,COLLABERA,core,ART TEAM/Environment Content#185
halo-infinite,131,Cynthia Fenton-Quijano,,Art,ENVIRONMENT ARTISTS,,YOH SERVICES LLC,core,ART TEAM/Environment Content#186
halo-infinite,132,TJ Halter,,Art,ENVIRONMENT ARTISTS,,RANDSTAD,core,ART TEAM/Environment Content#187
halo-infinite,133,Patrick Hammond,,Art,ENVIRONMENT ARTISTS,,YOH SERVICES LLC,core,ART TEAM/Environment Content#188
halo-infinite,134,Elizabeth Kirby,,Art,ENVIRONMENT ARTISTS,,,core,ART TEAM/Environment Content#189
halo-infinite,135,Kim Kirchstein,,Art,ENVIRONMENT ARTISTS,,RANDSTAD,core,ART TEAM/Environment Content#190
halo-infinite,136,Kurt Kupser,,Art,ENVIRONMENT ARTISTS,,,core,ART TEAM/Environment Content#191
halo-infinite,137,Ryan Leslie,,Art,ENVIRONMENT ARTISTS,,COLLABERA,core,ART TEAM/Environment Content#192
halo-infinite,138,Evan Liaw,,Art,ENVIRONMENT ARTISTS,,INSIGHT GLOBAL,core,ART TEAM/Environment Content#193
halo-infinite,139,Sharlene Lin,,Art,ENVIRONMENT ARTISTS,,INSIGHT GLOBAL,core,ART TEAM/Environment Content#194
halo-infinite,140,Will Miranda,,Art,ENVIRONMENT ARTISTS,,YOH SERVICES LLC,core,ART TEAM/Environment Content#195
halo-infinite,141,Austin Montgomery,,Art,ENVIRONMENT ARTISTS,,AQUENT GAMES,core,ART TEAM/Environment Content#196
halo-infinite,142,Jordan Pack,,Art,ENVIRONMENT ARTISTS,,INSIGHT GLOBAL,core,ART TEAM/Environment Content#197
halo-infinite,143,Carlos Perfume-Garcia,,Art,ENVIRONMENT ARTISTS,,INSIGHT GLOBAL,core,ART TEAM/Environment Content#198
halo-infinite,144,Dan Phillips,,Art,ENVIRONMENT ARTISTS,,YOH SERVICES LLC,core,ART TEAM/Environment Content#199
halo-infinite,145,James Ritossa,,Art,ENVIRONMENT ARTISTS,,,core,ART TEAM/Environment Content#200
halo-infinite,146,Zachary Suchlicki,,Art,ENVIRONMENT ARTISTS,,COLLABERA,core,ART TEAM/Environment Content#201
halo-infinite,147,Sky West,,Art,ENVIRONMENT ARTISTS,,RANDSTAD,core,ART TEAM/Environment Content#202
halo-infinite,148,Rory Young,,Art,ENVIRONMENT ARTISTS,,,core,ART TEAM/Environment Content#203
halo-infinite,149,Ryan Kuehn,,Art,SENIOR FORGE ARTIST,,,core,ART TEAM/Forge Environment Art#206
halo-infinite,150,Sean Kale,,Art,FORGE ARTISTS,,WICRESOFT,core,ART TEAM/Forge Environment Art#208
halo-infinite,151,Ryan Maxwell,,Art,FORGE ARTISTS,,INSIGHT GLOBAL,core,ART TEAM/Forge Environment Art#209
halo-infinite,152,Skye Nelson,,Art,FORGE ARTISTS,,RANDSTAD,core,ART TEAM/Forge Environment Art#210
halo-infinite,153,Jacob Stone,,Art,FORGE ARTISTS,,INSIGHT GLOBAL,core,ART TEAM/Forge Environment Art#211
halo-infinite,154,Hunter Young,,Art,FORGE ARTISTS,,YOH SERVICES LLC,core,ART TEAM/Forge Environment Art#212
halo-infinite,155,Thanet Gasorntip,,Art,SENIOR ENVIRONMENT ARTISTS,,,core,ART TEAM/Multiplayer Environment Art#215
halo-infinite,156,Shawnell Priester,,Art,SENIOR ENVIRONMENT ARTISTS,,,core,ART TEAM/Multiplayer Environment Art#216
halo-infinite,157,Christopher Ryzebol,,Art,SENIOR ENVIRONMENT ARTISTS,,,core,ART TEAM/Multiplayer Environment Art#217
halo-infinite,158,Garrett Brown,,Art,ENVIRONMENT ARTISTS,,YOH SERVICES LLC,core,ART TEAM/Multiplayer Environment Art#219
halo-infinite,159,Tanner Corder,,Art,ENVIRONMENT ARTISTS,,YOH SERVICES LLC,core,ART TEAM/Multiplayer Environment Art#220
halo-infinite,160,Greg Cox,,Art,ENVIRONMENT ARTISTS,,,core,ART TEAM/Multiplayer Environment Art#221
halo-infinite,161,Morgan Dudra,,Art,ENVIRONMENT ARTISTS,,AQUENT GAMES,core,ART TEAM/Multiplayer Environment Art#222
halo-infinite,162,Eric Lin,,Art,ENVIRONMENT ARTISTS,,,core,ART TEAM/Multiplayer Environment Art#223
halo-infinite,163,Ashley Mortensen,,Art,ENVIRONMENT ARTISTS,,YOH SERVICES LLC,core,ART TEAM/Multiplayer Environment Art#224
halo-infinite,164,Taber Noble,,Art,ENVIRONMENT ARTISTS,,EXPERIS,core,ART TEAM/Multiplayer Environment Art#225
halo-infinite,165,Kurt Diegert,,Art,LEAD ENVIRONMENT TECHNICAL ARTIST,,,core,ART TEAM/Technical Environment Art#228
halo-infinite,166,Jens Hauch,,Art,LEAD CAMPAIGN TECHNICAL ARTIST,,,core,ART TEAM/Technical Environment Art#230
halo-infinite,167,Kim Haines,,Art,SENIOR TECHNICAL ENVIRONMENT ARTIST,,,core,ART TEAM/Technical Environment Art#232
halo-infinite,168,Mikael Nellfors,,Art,SENIOR ENVIRONMENT ARTIST,,,core,ART TEAM/Technical Environment Art#234
halo-infinite,169,Joshua Aoki,,Art,ENVIRONMENT ARTISTS,,TEKSYSTEMS INC,core,ART TEAM/Technical Environment Art#236
halo-infinite,170,Matt Bullister,,Art,ENVIRONMENT ARTISTS,,INSIGHT GLOBAL,core,ART TEAM/Technical Environment Art#237
halo-infinite,171,Rachel Clark,,Art,ENVIRONMENT ARTISTS,,RYLEM,core,ART TEAM/Technical Environment Art#238
halo-infinite,172,Stuart Cunningham,,Art,ENVIRONMENT ARTISTS,,,core,ART TEAM/Technical Environment Art#239
halo-infinite,173,Christopher Daugherty,,Art,ENVIRONMENT ARTISTS,,YOH SERVICES LLC,core,ART TEAM/Technical Environment Art#240
halo-infinite,174,"William ""Harry"" Gray",,Art,ENVIRONMENT ARTISTS,,RANDSTAD,core,ART TEAM/Technical Environment Art#241
halo-infinite,175,Adam Grayson,,Art,ENVIRONMENT ARTISTS,,,core,ART TEAM/Technical Environment Art#242
halo-infinite,176,Robert Kowalchuk,,Art,ENVIRONMENT ARTISTS,,RANDSTAD,core,ART TEAM/Technical Environment Art#243
halo-infinite,177,Jae Lake,,Art,ENVIRONMENT ARTISTS,,RANDSTAD,core,ART TEAM/Technical Environment Art#244
halo-infinite,178,Logan McClure,,Art,ENVIRONMENT ARTISTS,,RANDSTAD,core,ART TEAM/Technical Environment Art#245
halo-infinite,179,Nina Petchprapa,,Art,ENVIRONMENT ARTISTS,,RANDSTAD,core,ART TEAM/Technical Environment Art#246
halo-infinite,180,Zoey Schlemper,,Art,ENVIRONMENT ARTISTS,,RANDSTAD,core,ART TEAM/Technical Environment Art#247
halo-infinite,181,Justice Shultz,,Art,ENVIRONMENT ARTISTS,,DISYS,core,ART TEAM/Technical Environment Art#248
halo-infinite,182,Nathan Soriano,,Art,ENVIRONMENT ARTISTS,,NEAL ANALYTICS LLC,core,ART TEAM/Technical Environment Art#249
halo-infinite,183,Steven Souza,,Art,ENVIRONMENT ARTISTS,,RANDSTAD,core,ART TEAM/Technical Environment Art#250
halo-infinite,184,Nathan Torkildson,,Art,ENVIRONMENT ARTISTS,,COLLABERA,core,ART TEAM/Technical Environment Art#251
halo-infinite,185,Jonathan Graham,,Art,FX ART LEAD,,,core,ART TEAM/FX#254
halo-infinite,186,Matthew Batten,,Art,SENIOR TECHNICAL FX ARTIST,,,core,ART TEAM/FX#256
halo-infinite,187,Forest Baker,,Art,SENIOR FX ARTISTS,,,core,ART TEAM/FX#258
halo-infinite,188,John Edwards,,Art,SENIOR FX ARTISTS,,,core,ART TEAM/FX#259
halo-infinite,189,Ian Gargle,,Art,SENIOR FX ARTISTS,,,core,ART TEAM/FX#260
halo-infinite,190,Daniel Henley,,Art,SENIOR FX ARTISTS,,,core,ART TEAM/FX#261
halo-infinite,191,Ed Reyes Medina,,Art,SENIOR FX ARTISTS,,,core,ART TEAM/FX#262
halo-infinite,192,Lauren Simpson,,Art,SENIOR FX ARTISTS,,,core,ART TEAM/FX#263
halo-infinite,193,Jason Yacalis,,Art,SENIOR FX ARTISTS,,,core,ART TEAM/FX#264
halo-infinite,194,Adrian Valencia Chavez,,Art,FX ARTISTS,,RANDSTAD,core,ART TEAM/FX#266
halo-infinite,195,Pablo Fernandez,,Art,FX ARTISTS,,AQUENT GAMES,core,ART TEAM/FX#267
halo-infinite,196,Jonathan Fourie,,Art,FX ARTISTS,,DISYS,core,ART TEAM/FX#268
halo-infinite,197,Antonio Gil Herrera,,Art,FX ARTISTS,,RANDSTAD,core,ART TEAM/FX#269
halo-infinite,198,Russell Higgins,,Art,FX ARTISTS,,RANDSTAD,core,ART TEAM/FX#270
halo-infinite,199,Cain Hopkins,,Art,FX ARTISTS,,RANDSTAD,core,ART TEAM/FX#271
halo-infinite,200,Jef Johnstone,,Art,FX ARTISTS,,LAKSHYA DIGITAL,core,ART TEAM/FX#272
halo-infinite,201,Fedor Novikov,,Art,FX ARTISTS,,RANDSTAD,core,ART TEAM/FX#273
halo-infinite,202,Phiphat Pinyosophon,,Art,FX ARTISTS,,,core,ART TEAM/FX#274
halo-infinite,203,Mike Puoci,,Art,FX ARTISTS,,INSIGHT GLOBAL,core,ART TEAM/FX#275
halo-infinite,204,Matthew Schaffter,,Art,FX ARTISTS,,RANDSTAD,core,ART TEAM/FX#276
halo-infinite,205,Lauren Toomey,,Art,FX ARTISTS,,,core,ART TEAM/FX#277
halo-infinite,206,Michael Wylegly,,Art,FX ARTISTS,,YOH SERVICES LLC,core,ART TEAM/FX#278
halo-infinite,207,Derek Glennon,,Art,TECHNICAL FX ARTIST,,,core,ART TEAM/FX#280
halo-infinite,208,Lee Uren,,Art,LEAD LIGHTING ARTIST,,,core,ART TEAM/LIGHTING#282
halo-infinite,209,Josh Marvel,,Art,SENIOR TECHNICAL LIGHTING ARTIST,,,core,ART TEAM/LIGHTING#284
halo-infinite,210,Spencer Kopach,,Art,SENIOR TECHNICAL LIGHTING ARTIST,,,core,ART TEAM/LIGHTING#285
halo-infinite,211,Kevin Dalziel,,Art,SENIOR LIGHTING ARTISTS,,,core,ART TEAM/LIGHTING#287
halo-infinite,212,Josh Dean,,Art,SENIOR LIGHTING ARTISTS,,,core,ART TEAM/LIGHTING#288
halo-infinite,213,Lauren Bennardo Apau,,Art,LIGHTING ARTISTS,,DISYS,core,ART TEAM/LIGHTING#290
halo-infinite,214,Brittany Drew,,Art,LIGHTING ARTISTS,,,core,ART TEAM/LIGHTING#291
halo-infinite,215,Tyler Feddeler,,Art,LIGHTING ARTISTS,,,core,ART TEAM/LIGHTING#292
halo-infinite,216,Dennis Fraser,,Art,LIGHTING ARTISTS,,"24 SEVEN TOPCO, LLC",core,ART TEAM/LIGHTING#293
halo-infinite,217,James Guarda,,Art,LIGHTING ARTISTS,,ARTECH,core,ART TEAM/LIGHTING#294
halo-infinite,218,Brandon Habib,,Art,LIGHTING ARTISTS,,H10 CAPITAL,core,ART TEAM/LIGHTING#295
halo-infinite,219,Aaron Hofsass,,Art,LIGHTING ARTISTS,,,core,ART TEAM/LIGHTING#296
halo-infinite,220,Tyler Klimek,,Art,LIGHTING ARTISTS,,AQUENT GAMES,core,ART TEAM/LIGHTING#297
halo-infinite,221,Harrison Magby,,Art,LIGHTING ARTISTS,,INSIGHT GLOBAL,core,ART TEAM/LIGHTING#298
halo-infinite,222,Mary Dee Mateo,,Art,LIGHTING ARTISTS,,AQUENT GAMES,core,ART TEAM/LIGHTING#299
halo-infinite,223,Sebastian Mundo,,Art,LIGHTING ARTISTS,,YOH SERVICES LLC,core,ART TEAM/LIGHTING#300
halo-infinite,224,Andrés Nelson,,Art,LIGHTING ARTISTS,,INSIGHT GLOBAL,core,ART TEAM/LIGHTING#301
halo-infinite,225,William Podpechan,,Art,LIGHTING ARTISTS,,DISYS,core,ART TEAM/LIGHTING#302
halo-infinite,226,Gregory Shevtsov,,Art,LIGHTING ARTISTS,,H10 CAPITAL,core,ART TEAM/LIGHTING#303
halo-infinite,227,Robert Shoff,,Art,LIGHTING ARTISTS,,AQUENT GAMES,core,ART TEAM/LIGHTING#304
halo-infinite,228,Daniel Wenograd,,Art,LIGHTING ARTISTS,,,core,ART TEAM/LIGHTING#305
halo-infinite,229,Xiaoya Zhao,,Art,LIGHTING ARTISTS,,RANDSTAD,core,ART TEAM/LIGHTING#306
halo-infinite,230,Kayla Lee,,Narrative,TECHNICAL WRITING & LEARNING,,COLLABERA,core,ART TEAM/TECHNICAL WRITING & LEARNING#309
halo-infinite,231,Matthew McIlnay,,Narrative,TECHNICAL WRITING & LEARNING,,TEKSYSTEMS INC,core,ART TEAM/TECHNICAL WRITING & LEARNING#310
halo-infinite,232,Chad Mirshak,,Art,UI ART LEAD,,,core,ART TEAM/USER INTERFACE#313
halo-infinite,233,Jeff Christy,,Art,SENIOR UI ARTISTS,,,core,ART TEAM/USER INTERFACE#315
halo-infinite,234,Eric Dies,,Art,SENIOR UI ARTISTS,,,core,ART TEAM/USER INTERFACE#316
halo-infinite,235,Victor Melniciuc,,Art,SENIOR UI ARTISTS,,,core,ART TEAM/USER INTERFACE#317
halo-infinite,236,Omer Younas,,Art,SENIOR UI ARTISTS,,,core,ART TEAM/USER INTERFACE#318
halo-infinite,237,Braden League,,Art,SENIOR UI TECHNICAL ARTIST,,,core,ART TEAM/USER INTERFACE#320
halo-infinite,238,Julien Van Putten,,Art,SENIOR UI TECHNICAL ARTIST,,,core,ART TEAM/USER INTERFACE#321
halo-infinite,239,Neptali Cisneros,,Art,UI ARTISTS,,INSIGHT GLOBAL,core,ART TEAM/USER INTERFACE#323
halo-infinite,240,Josh Heisey,,Art,UI ARTISTS,,,core,ART TEAM/USER INTERFACE#324
halo-infinite,241,Eric Richter,,Art,UI ARTISTS,,RANDSTAD,core,ART TEAM/USER INTERFACE#325
halo-infinite,242,Sarah Starck,,Art,UI ARTISTS,,RANDSTAD,core,ART TEAM/USER INTERFACE#326
halo-infinite,243,Irene Zhu,,Design,WORKFLOW UXUI,,,core,ART TEAM/WORKFLOW UXUI#329
halo-infinite,244,Sotaro Tojima,,Audio,AUDIO DIRECTOR,,,core,AUDIO TEAM/AUDIO TEAM#333
halo-infinite,245,Kyle Fraser,,Audio,LEAD SOUND DESIGNER,,,core,AUDIO TEAM/Design#336
halo-infinite,246,Jomo Kangethe,,Audio,LEAD CAMPAIGN SOUND DESIGNER,,,core,AUDIO TEAM/Design#338
halo-infinite,247,Robbie Elias,,Audio,LEAD MULTIPLAYER SOUND DESIGNER,,,core,AUDIO TEAM/Design#340
halo-infinite,248,Nick D'Amato,,Audio,SOUND DESIGNERS,,YOH SERVICES LLC,core,AUDIO TEAM/Design#342
halo-infinite,249,Pax Helgesen,,Audio,SOUND DESIGNERS,,YOH SERVICES LLC,core,AUDIO TEAM/Design#343
halo-infinite,250,Noa Lothian,,Audio,SOUND DESIGNERS,,INSIGHT GLOBAL,core,AUDIO TEAM/Design#344
halo-infinite,251,Daniel Raimo,,Audio,SOUND DESIGNERS,,RANDSTAD,core,AUDIO TEAM/Design#345
halo-infinite,252,Gary Spinrad,,Audio,SOUND DESIGNERS,,RANDSTAD,core,AUDIO TEAM/Design#346
halo-infinite,253,Ryan Schaad,,Audio,DIALOGUE SUPERVISOR,,,core,AUDIO TEAM/Dialogue#349
halo-infinite,254,Austin Conway,,Audio,DIALOGUE DESIGNER,,NEAL ANALYTICS LLC,core,AUDIO TEAM/Dialogue#351
halo-infinite,255,Joel Yarger,,Audio,LEAD MUSIC SUPERVISOR,,,core,AUDIO TEAM/Music#354
halo-infinite,256,Jeramy Koepping,,Audio,LEAD MUSIC TECHNICAL DESIGNER,,,core,AUDIO TEAM/Music#356
halo-infinite,257,Colin Grant,,Audio,MUSIC DESIGNERS,,THE JUDGE GROUP,core,AUDIO TEAM/Music#358
halo-infinite,258,Cameron Konner,,Audio,MUSIC DESIGNERS,,RANDSTAD,core,AUDIO TEAM/Music#359
halo-infinite,259,James Zolyak,,Audio,MUSIC DESIGNERS,,NEAL ANALYTICS LLC,core,AUDIO TEAM/Music#360
halo-infinite,260,Chase Thompson,,Audio,LEAD AUDIO TECHNICAL DESIGNER,,,core,AUDIO TEAM/Technical Design#363
halo-infinite,261,Zeke Fenelon,,Audio,SENIOR AUDIO TECHNICAL DESIGNER,,,core,AUDIO TEAM/Technical Design#365
halo-infinite,262,Joshua Bandy,,Design,TECHNICAL DESIGNERS,,,core,AUDIO TEAM/Technical Design#367
halo-infinite,263,Stephen Brown,,Design,TECHNICAL DESIGNERS,,YOH SERVICES LLC,core,AUDIO TEAM/Technical Design#368
halo-infinite,264,Adam Croft,,Design,TECHNICAL DESIGNERS,,YOH SERVICES LLC,core,AUDIO TEAM/Technical Design#369
halo-infinite,265,Joshua Du Chene,,Design,TECHNICAL DESIGNERS,,INSIGHT GLOBAL,core,AUDIO TEAM/Technical Design#370
halo-infinite,266,Monet Gardiner,,Design,TECHNICAL DESIGNERS,,YOH SERVICES LLC,core,AUDIO TEAM/Technical Design#371
halo-infinite,267,Henry Halvorson,,Design,TECHNICAL DESIGNERS,,YOH SERVICES LLC,core,AUDIO TEAM/Technical Design#372
halo-infinite,268,Kochun Hu,,Design,TECHNICAL DESIGNERS,,YOH SERVICES LLC,core,AUDIO TEAM/Technical Design#373
halo-infinite,269,Ben Kersten,,Design,TECHNICAL DESIGNERS,,INSIGHT GLOBAL,core,AUDIO TEAM/Technical Design#374
halo-infinite,270,Carson Alexander Lewis,,Design,TECHNICAL DESIGNERS,,INSIGHT GLOBAL,core,AUDIO TEAM/Technical Design#375
halo-infinite,271,Thornton Prime VI,,Design,TECHNICAL DESIGNERS,,H10 CAPITAL,core,AUDIO TEAM/Technical Design#376
halo-infinite,272,Spencer Riedel,,Design,TECHNICAL DESIGNERS,,INSIGHT GLOBAL,core,AUDIO TEAM/Technical Design#377
halo-infinite,273,William Wise,,Design,TECHNICAL DESIGNERS,,AQUENT LLC,core,AUDIO TEAM/Technical Design#378
halo-infinite,274,Sabrina Thomas,,Audio,AUDIO PRODUCTION COORDINATOR,,RANDSTAD,core,AUDIO TEAM/Technical Design#380
halo-infinite,275,Jason Lackie,,Audio,AUDIO FACILITIES ENGINEER,,INSIGHT GLOBAL,core,AUDIO TEAM/Technical Design#382
halo-infinite,276,Joseph Staten,,Design,HEAD OF CREATIVE,,,core,DESIGN TEAM/DESIGN TEAM#386
halo-infinite,277,Jerry Hook,,Design,HEAD OF DESIGN,,,core,DESIGN TEAM/DESIGN TEAM#387
halo-infinite,278,Max Szlagor,,Design,DESIGN DIRECTOR,,,core,DESIGN TEAM/DESIGN TEAM#388
halo-infinite,279,Paul Crocker,,Design,CAMPAIGN ASSOCIATE CREATIVE DIRECTOR,,,core,DESIGN TEAM/CAMPAIGN#391
halo-infinite,280,Troy Mashburn,,Design,CAMPAIGN GAMEPLAY DIRECTOR,,,core,DESIGN TEAM/CAMPAIGN#392
halo-infinite,281,John Mulkey,,Design,LEAD WORLD DESIGNER,,,core,DESIGN TEAM/CAMPAIGN#393
halo-infinite,282,Jon Racine,,Design,LEAD GAMEPLAY DESIGNER,,,core,DESIGN TEAM/Gameplay Design#396
halo-infinite,283,Erik Avalos,,Design,SENIOR GAMEPLAY DESIGNERS,,,core,DESIGN TEAM/Gameplay Design#398
halo-infinite,284,Jayce Diaz,,Design,SENIOR GAMEPLAY DESIGNERS,,,core,DESIGN TEAM/Gameplay Design#399
halo-infinite,285,Kevin Schmitt,,Design,SENIOR GAMEPLAY DESIGNERS,,,core,DESIGN TEAM/Gameplay Design#400
halo-infinite,286,Caleb Doughty,,Design,GAMEPLAY DESIGNERS,,,core,DESIGN TEAM/Gameplay Design#402
halo-infinite,287,Stephen Hwang,,Design,GAMEPLAY DESIGNERS,,NEAL ANALYTICS LLC,core,DESIGN TEAM/Gameplay Design#403
halo-infinite,288,Devin Kaas,,Design,GAMEPLAY DESIGNERS,,COLLABERA,core,DESIGN TEAM/Gameplay Design#404
halo-infinite,289,Nixxi Isabelle Mohilchock,,Design,GAMEPLAY DESIGNERS,,RANDSTAD,core,DESIGN TEAM/Gameplay Design#405
halo-infinite,290,Josh Russell,,Design,GAMEPLAY DESIGNERS,,INSIGHT GLOBAL,core,DESIGN TEAM/Gameplay Design#406
halo-infinite,291,Matthew Stone,,Design,GAMEPLAY DESIGNERS,,,core,DESIGN TEAM/Gameplay Design#407
halo-infinite,292,Brian Traugott,,Design,LEAD LEVEL DESIGNER,,,core,DESIGN TEAM/World Design#410
halo-infinite,293,John Fitzgibbons,,Design,SENIOR LEVEL DESIGNERS,,,core,DESIGN TEAM/World Design#412
halo-infinite,294,Gustavo Rasche,,Design,SENIOR LEVEL DESIGNERS,,,core,DESIGN TEAM/World Design#413
halo-infinite,295,Daedra Christopher,,Design,LEVEL DESIGNERS,,ARTECH,core,DESIGN TEAM/World Design#415
halo-infinite,296,Darrin Claypool,,Design,LEVEL DESIGNERS,,,core,DESIGN TEAM/World Design#416
halo-infinite,297,Mike Gonthier,,Design,LEVEL DESIGNERS,,NEAL ANALYTICS LLC,core,DESIGN TEAM/World Design#417
halo-infinite,298,Mika Little,,Design,LEVEL DESIGNERS,,,core,DESIGN TEAM/World Design#418
halo-infinite,299,Kaleb Nekumanesh,,Design,LEVEL DESIGNERS,,THE JUDGE GROUP,core,DESIGN TEAM/World Design#419
halo-infinite,300,Kolbe Payne,,Design,LEVEL DESIGNERS,,NEAL ANALYTICS LLC,core,DESIGN TEAM/World Design#420
halo-infinite,301,Allen Wilson,,Design,LEVEL DESIGNERS,,WICRESOFT,core,DESIGN TEAM/World Design#421
halo-infinite,302,Ian Cox,,Design,LEAD TECHNICAL DESIGNER,,,core,DESIGN TEAM/Technical Design#424
halo-infinite,303,Gregory Murphy,,Design,SENIOR TECHNICAL DESIGNER,,,core,DESIGN TEAM/Technical Design#425
halo-infinite,304,Stephen Dyck,,Art,CHARACTER DIRECTOR,,,core,DESIGN TEAM/CHARACTERS & COMBAT#428
halo-infinite,305,John Dumala,,Art,SENIOR CHARACTER SYSTEMS DESIGNERS,,,core,DESIGN TEAM/Systems Design#431
halo-infinite,306,Kate Johnson,,Art,SENIOR CHARACTER SYSTEMS DESIGNERS,,,core,DESIGN TEAM/Systems Design#432
halo-infinite,307,Ian Ralph Slutz,,Art,SENIOR CHARACTER SYSTEMS DESIGNERS,,,core,DESIGN TEAM/Systems Design#433
halo-infinite,308,Steven Chalmers,,Art,CHARACTER SYSTEMS DESIGNERS,,,core,DESIGN TEAM/Systems Design#435
halo-infinite,309,Dave Lieber,,Art,CHARACTER SYSTEMS DESIGNERS,,YOH SERVICES LLC,core,DESIGN TEAM/Systems Design#436
halo-infinite,310,Ryan Paradis,,Design,LIVE DESIGN DIRECTOR,,,core,DESIGN TEAM/LIVE#439
halo-infinite,311,Josh Menke,,Design,ENGAGEMENT LEAD DESIGNER,,,core,DESIGN TEAM/LIVE#440
halo-infinite,312,Christopher Blohm,,Design,PLAYER INVESTMENT LEAD DESIGNER,,,core,DESIGN TEAM/LIVE#441
halo-infinite,313,Jeremy Hill,,Design,PROGRESSION LEAD DESIGNER,,,core,DESIGN TEAM/Progression Design#444
halo-infinite,314,Allyssa Pellegrin,,Design,LIVE CONTENT DESIGNER,,EXPERIS,core,DESIGN TEAM/Progression Design#445
halo-infinite,315,Brandon Stam,,Design,ASSOCIATE GAMEPLAY DESIGNER,,,core,DESIGN TEAM/Progression Design#446
halo-infinite,316,Bradford Hinkle,,Design,MONETIZATION LEAD DESIGNER,,,core,DESIGN TEAM/Monetization Design#449
halo-infinite,317,Haley Campbell,,Design,ASSOCIATE GAMEPLAY DESIGNER,,,core,DESIGN TEAM/Monetization Design#450
halo-infinite,318,Jason Arentz,,Design,Economy Design,,,core,DESIGN TEAM/Economy Design#453
halo-infinite,319,Randy Croson,,Design,Gameplay Design,,WIMMER SOLUTIONS,core,DESIGN TEAM/Gameplay Design#456
halo-infinite,320,Justin Fleming,,Design,Gameplay Design,,DIGITAL INTELLIGENCE,core,DESIGN TEAM/Gameplay Design#457
halo-infinite,321,Connor Kennelly,,Design,Gameplay Design,,,core,DESIGN TEAM/Gameplay Design#458
halo-infinite,322,Tom French,,Design,MULTIPLAYER ASSOCIATE CREATIVE DIRECTOR,,,core,DESIGN TEAM/MULTIPLAYER#461
halo-infinite,323,Andrew Witts,,Design,MULTIPLAYER LEAD MODES & SYSTEMS DESIGNER,,,core,DESIGN TEAM/Modes & System Design#464
halo-infinite,324,Zach Boyce,,Design,SENIOR MULTIPLAYER DESIGNERS,,,core,DESIGN TEAM/Modes & System Design#466
halo-infinite,325,Fernando Reyes Medina,,Design,SENIOR MULTIPLAYER DESIGNERS,,,core,DESIGN TEAM/Modes & System Design#467
halo-infinite,326,Patrick Wren,,Design,SENIOR MULTIPLAYER DESIGNERS,,,core,DESIGN TEAM/Modes & System Design#468
halo-infinite,327,Alex Bean,,Design,MULTIPLAYER DESIGNERS,,,core,DESIGN TEAM/Modes & System Design#470
halo-infinite,328,Mickey Cushing,,Design,MULTIPLAYER DESIGNERS,,NEAL ANALYTICS LLC,core,DESIGN TEAM/Modes & System Design#471
halo-infinite,329,Prescott Beals,,Design,MULTIPLAYER CONTENT DESIGNERS,,"ASCENDION, INC",core,DESIGN TEAM/Modes & System Design#473
halo-infinite,330,Cayle George,,Design,MULTIPLAYER LEAD LEVEL DESIGNER,,,core,DESIGN TEAM/Level Design#476
halo-infinite,331,Adrian Bedoya,,Design,MULTIPLAYER LEVEL DESIGNERS,,,core,DESIGN TEAM/Level Design#478
halo-infinite,332,Tyler Ensrude,,Design,MULTIPLAYER LEVEL DESIGNERS,,,core,DESIGN TEAM/Level Design#479
halo-infinite,333,Cliff Schuldt,,Design,MULTIPLAYER LEVEL DESIGNERS,,,core,DESIGN TEAM/Level Design#480
halo-infinite,334,Michael Schorr,,Design,FORGE LEAD DESIGNER,,,core,DESIGN TEAM/Forge Design#483
halo-infinite,335,Evan Colson,,Design,FORGE DESIGNER,,RANDSTAD,core,DESIGN TEAM/Forge Design#484
halo-infinite,336,Ryan Bergstrom,,Design,FORGE DESIGNER,,INSIGHT GLOBAL,core,DESIGN TEAM/Forge Design#485
halo-infinite,337,David Ellis,,Design,SENIOR DESIGNER,,,core,DESIGN TEAM/Academy Design#488
halo-infinite,338,Sara Stern,,Design,Bot AI Design,,,core,DESIGN TEAM/Bot AI Design#491
halo-infinite,339,Sarah Jane Shuler,,Design,Narrative Design,,NEAL ANALYTICS LLC,core,DESIGN TEAM/Narrative Design#494
halo-infinite,340,Dan Chosich,,Narrative,NARRATIVE EXPERIENCE DIRECTOR,,,core,DESIGN TEAM/NARRATIVE#497
halo-infinite,341,Clay Carmouche,,Narrative,WRITING DIRECTOR,,,core,DESIGN TEAM/NARRATIVE#498
halo-infinite,342,Joe McDonagh,,Narrative,NARRATIVE LEAD,,,core,DESIGN TEAM/NARRATIVE#499
halo-infinite,343,Aaron Linde,,Design,LEAD NARRATIVE DESIGNER,,,core,DESIGN TEAM/NARRATIVE#500
halo-infinite,344,Tony Chambers,,Design,Technical Design,,RANDSTAD,core,DESIGN TEAM/Technical Design#503
halo-infinite,345,Mor Haba,,Design,Technical Design,,RANDSTAD,core,DESIGN TEAM/Technical Design#504
halo-infinite,346,Alek Hiebert,,Design,Technical Design,,DISYS,core,DESIGN TEAM/Technical Design#505
halo-infinite,347,Jason Reis,,Design,Technical Design,,,core,DESIGN TEAM/Technical Design#506
halo-infinite,348,Ravinunt Andrew Sudangnoi,,Design,Technical Design,,RANDSTAD,core,DESIGN TEAM/Technical Design#507
halo-infinite,349,Dan Chosich,,Design,Written By,,,core,DESIGN TEAM/Written By#510
halo-infinite,350,Paul Crocker,,Design,Written By,,,core,DESIGN TEAM/Written By#511
halo-infinite,351,Jeff Easterling,,Design,Written By,,,core,DESIGN TEAM/Written By#512
halo-infinite,352,Aaron Linde,,Design,Written By,,,core,DESIGN TEAM/Written By#513
halo-infinite,353,Quinn DelHoyo,,Design,SANDBOX DESIGN LEAD,,,core,DESIGN TEAM/SANDBOX#516
halo-infinite,354,Brian Berryhill,,Design,SANDBOX DESIGN LEAD,,,core,DESIGN TEAM/SANDBOX#517
halo-infinite,355,David Devaty,,Design,SENIOR TECHNICAL DESIGNER,,,core,DESIGN TEAM/SANDBOX#519
halo-infinite,356,David Price,,Design,SENIOR SANDBOX DESIGNERS,,,core,DESIGN TEAM/SANDBOX#521
halo-infinite,357,Kevin Stocker,,Design,SENIOR SANDBOX DESIGNERS,,,core,DESIGN TEAM/SANDBOX#522
halo-infinite,358,Tim Temmerman,,Design,SENIOR SANDBOX DESIGNERS,,,core,DESIGN TEAM/SANDBOX#523
halo-infinite,359,Elan Gleiber,,Design,SANDBOX DESIGNERS,,,core,DESIGN TEAM/SANDBOX#525
halo-infinite,360,Anthony Murray,,Design,SANDBOX DESIGNERS,,H10 CAPITAL,core,DESIGN TEAM/SANDBOX#526
halo-infinite,361,Tomoko Ruiz,,Design,SANDBOX DESIGNERS,,YOH SERVICES LLC,core,DESIGN TEAM/SANDBOX#527
halo-infinite,362,Vincent Hui,,Design,UX DESIGN LEAD,,,core,DESIGN TEAM/UXUI#530
halo-infinite,363,Jasmine Chapin,,Design,UX DESIGNERS,,,core,DESIGN TEAM/UXUI#532
halo-infinite,364,Roxy Garza,,Design,CREATIVE TECHNOLOGIST,,,core,DESIGN TEAM/UXUI#534
halo-infinite,365,Casey Donelson,,Design,SENIOR TECHNICAL DESIGNER,,,core,DESIGN TEAM/Technical Design#537
halo-infinite,366,Mark Dunbar,,Design,TECHNICAL DESIGNERS,,,core,DESIGN TEAM/Technical Design#538
halo-infinite,367,Scott Fredley,,Design,TECHNICAL DESIGNERS,,AQUENT GAMES,core,DESIGN TEAM/Technical Design#539
halo-infinite,368,SG Gould,,Design,TECHNICAL DESIGNERS,,,core,DESIGN TEAM/Technical Design#540
halo-infinite,369,Kyle Powell,,Design,TECHNICAL DESIGNERS,,,core,DESIGN TEAM/Technical Design#541
halo-infinite,370,Brooklyn Sheets,,Design,TECHNICAL DESIGNERS,,,core,DESIGN TEAM/Technical Design#542
halo-infinite,371,Christian Tuttle,,Design,TECHNICAL DESIGNERS,,RANDSTAD,core,DESIGN TEAM/Technical Design#543
halo-infinite,372,Tyler Zwiers,,Design,TECHNICAL DESIGNERS,,RANDSTAD,core,DESIGN TEAM/Technical Design#544
halo-infinite,373,Michael Backus,,Design,DESIGN MANAGER,,,core,DESIGN TEAM/MANAGEMENT#547
halo-infinite,374,David Berger,,Engineering,HEAD OF ENGINEERING,,,core,ENGINEERING TEAM/ENGINEERING TEAM#551
halo-infinite,375,Paul Haban,,Engineering,PRINCIPAL ENGINEERING MANAGER,,,core,ENGINEERING TEAM/CAMPAIGN#554
halo-infinite,376,Daniele Giannetti,,Engineering,PRINCIPAL GAMEPLAY ARCHITECT,,,core,ENGINEERING TEAM/CAMPAIGN#555
halo-infinite,377,Russell Matteson,,Engineering,PRINCIPAL ENGINEERING MANAGER,,,core,ENGINEERING TEAM/CAMPAIGN#556
halo-infinite,378,Stephane LeBrun,,Engineering,SENIOR SOFTWARE ENGINEERING LEAD,,,core,ENGINEERING TEAM/Animation#559
halo-infinite,379,Nicholas Frechette,,Engineering,SENIOR SOFTWARE ENGINEER,,,core,ENGINEERING TEAM/Animation#561
halo-infinite,380,Thanh Giang,,Engineering,SENIOR SOFTWARE ENGINEER,,,core,ENGINEERING TEAM/Animation#563
halo-infinite,381,Domenic Cristaldi,,Engineering,SOFTWARE ENGINEERS,,RANDSTAD,core,ENGINEERING TEAM/Animation#565
halo-infinite,382,Bryce Dixon,,Engineering,SOFTWARE ENGINEERS,,DISYS,core,ENGINEERING TEAM/Animation#566
halo-infinite,383,Ron Fidelman,,Engineering,SOFTWARE ENGINEERS,,AQUENT GAMES,core,ENGINEERING TEAM/Animation#567
halo-infinite,384,Austin Harper,,Engineering,SOFTWARE ENGINEERS,,RANDSTAD,core,ENGINEERING TEAM/Animation#568
halo-infinite,385,Miles Marchant,,Engineering,SOFTWARE ENGINEERS,,DISYS,core,ENGINEERING TEAM/Animation#569
halo-infinite,386,Robert Kingsley,,Engineering,PRINCIPAL SOFTWARE ENGINEERING LEAD,,,core,ENGINEERING TEAM/Character#572
halo-infinite,387,Chris Donsante,,Engineering,SENIOR SOFTWARE ENGINEER,,,core,ENGINEERING TEAM/Character#574
halo-infinite,388,Dan White,,Engineering,SENIOR SOFTWARE ENGINEER,,,core,ENGINEERING TEAM/Character#575
halo-infinite,389,Andrew Wright,,Engineering,SENIOR SOFTWARE ENGINEER,,,core,ENGINEERING TEAM/Character#576
halo-infinite,390,Cory Chang,,Engineering,SOFTWARE ENGINEERS,,,core,ENGINEERING TEAM/Character#578
halo-infinite,391,Michael Cheung,,Engineering,SOFTWARE ENGINEERS,,INSIGHT GLOBAL,core,ENGINEERING TEAM/Character#579
halo-infinite,392,Parker Won,,Engineering,SOFTWARE ENGINEERS,,,core,ENGINEERING TEAM/Character#580
halo-infinite,393,Martin Wong,,Engineering,SOFTWARE ENGINEERS,,NEAL ANALYTICS LLC,core,ENGINEERING TEAM/Character#581
halo-infinite,394,Conan Zhang,,Engineering,SOFTWARE ENGINEERS,,NEAL ANALYTICS LLC,core,ENGINEERING TEAM/Character#582
halo-infinite,395,Gohar Kanungo,,Engineering,SENIOR SOFTWARE ENGINEERING LEAD,,,core,ENGINEERING TEAM/Game Systems#585
halo-infinite,396,Josh Mattoon,,Engineering,PRINCIPAL SOFTWARE ENGINEER,,,core,ENGINEERING TEAM/Game Systems#587
halo-infinite,397,Kenny Chinn,,Engineering,SENIOR SOFTWARE ENGINEER,,,core,ENGINEERING TEAM/Game Systems#589
halo-infinite,398,Diego Alejandro Gomez,,Engineering,SENIOR SOFTWARE ENGINEER,,,core,ENGINEERING TEAM/Game Systems#590
halo-infinite,399,Luke Kelly,,Engineering,SENIOR SOFTWARE ENGINEER,,,core,ENGINEERING TEAM/Game Systems#591
halo-infinite,400,Christian Crowser,,Engineering,SOFTWARE ENGINEERS,,INSIGHT GLOBAL,core,ENGINEERING TEAM/Game Systems#593
halo-infinite,401,Connor Dautenhahn,,Engineering,SOFTWARE ENGINEERS,,DISYS,core,ENGINEERING TEAM/Game Systems#594
halo-infinite,402,Jon Koelzer,,Engineering,SOFTWARE ENGINEERS,,,core,ENGINEERING TEAM/Game Systems#595
halo-infinite,403,Mitchell Martin,,Engineering,SOFTWARE ENGINEERS,,TEKSYSTEMS INC,core,ENGINEERING TEAM/Game Systems#596
halo-infinite,404,Ivy Wu,,Engineering,SOFTWARE ENGINEERS,,,core,ENGINEERING TEAM/Game Systems#597
halo-infinite,405,Jamie Osborne,,Engineering,PRINCIPAL SOFTWARE ENGINEERING LEAD,,,core,ENGINEERING TEAM/Narrative#600
halo-infinite,406,James Crowder,,Engineering,SENIOR SOFTWARE ENGINEER,,,core,ENGINEERING TEAM/Narrative#602
halo-infinite,407,Adrian Aiken,,Engineering,SOFTWARE ENGINEERS,,KELLY MITCHELL GROUP,core,ENGINEERING TEAM/Narrative#604
halo-infinite,408,Trevor Anderson,,Engineering,SOFTWARE ENGINEERS,,INSIGHT GLOBAL,core,ENGINEERING TEAM/Narrative#605
halo-infinite,409,Nicholas LaCroix,,Engineering,SOFTWARE ENGINEERS,,,core,ENGINEERING TEAM/Narrative#606
halo-infinite,410,Jon Olson,,Engineering,SOFTWARE ENGINEERS,,INSIGHT GLOBAL,core,ENGINEERING TEAM/Narrative#607
halo-infinite,411,Jacob Saueressig,,Engineering,SOFTWARE ENGINEERS,,RANDSTAD,core,ENGINEERING TEAM/Narrative#608
halo-infinite,412,Saul Rodriguez Vazquez,,Engineering,SOFTWARE ENGINEERS,,INSIGHT GLOBAL,core,ENGINEERING TEAM/Narrative#609
halo-infinite,413,Richard Watson,,Engineering,SENIOR SOFTWARE ENGINEERING LEADS,,,core,ENGINEERING TEAM/Sandbox#612
halo-infinite,414,David Pashute,,Engineering,SENIOR SOFTWARE ENGINEERING LEADS,,,core,ENGINEERING TEAM/Sandbox#613
halo-infinite,415,Matthew Koch,,Engineering,PRINCIPAL SOFTWARE ENGINEER,,,core,ENGINEERING TEAM/Sandbox#615
halo-infinite,416,Harold Hirsch,,Engineering,SENIOR SOFTWARE ENGINEER,,,core,ENGINEERING TEAM/Sandbox#617
halo-infinite,417,Brian Johnston,,Engineering,SOFTWARE ENGINEERS,,,core,ENGINEERING TEAM/Sandbox#619
halo-infinite,418,Austin Skeeters,,Engineering,SOFTWARE ENGINEERS,,NEAL ANALYTICS LLC,core,ENGINEERING TEAM/Sandbox#620
halo-infinite,419,Wesley Wittekind,,Engineering,SOFTWARE ENGINEERS,,CYPRESS HCM,core,ENGINEERING TEAM/Sandbox#621
halo-infinite,420,Isaac Bender,,Engineering,PRINCIPAL SOFTWARE ENGINEERING LEAD,,,core,ENGINEERING TEAM/World#624
halo-infinite,421,Dominic Braun,,Engineering,SENIOR SOFTWARE ENGINEER,,,core,ENGINEERING TEAM/World#626
halo-infinite,422,Aaron Damyen,,Engineering,SOFTWARE ENGINEERS,,RANDSTAD,core,ENGINEERING TEAM/World#628
halo-infinite,423,Mark Elling,,Engineering,SOFTWARE ENGINEERS,,COLLABERA,core,ENGINEERING TEAM/World#629
halo-infinite,424,Kenneth Faulkner,,Engineering,SOFTWARE ENGINEERS,,CYPRESS HCM,core,ENGINEERING TEAM/World#630
halo-infinite,425,James Folk,,Engineering,SOFTWARE ENGINEERS,,INSIGHT GLOBAL,core,ENGINEERING TEAM/World#631
halo-infinite,426,Garret Hoffman,,Engineering,SOFTWARE ENGINEERS,,TEKSYSTEMS INC,core,ENGINEERING TEAM/World#632
halo-infinite,427,Dustin Holmes,,Engineering,SOFTWARE ENGINEERS,,,core,ENGINEERING TEAM/World#633
halo-infinite,428,Minjeong Kim,,Engineering,SOFTWARE ENGINEERS,,,core,ENGINEERING TEAM/World#634
halo-infinite,429,Dodge Lafnitzegger,,Engineering,SOFTWARE ENGINEERS,,INSIGHT GLOBAL,core,ENGINEERING TEAM/World#635
halo-infinite,430,Steven Landers,,Engineering,SOFTWARE ENGINEERS,,YOH SERVICES LLC,core,ENGINEERING TEAM/World#636
halo-infinite,431,Kaleb Morris,,Engineering,SOFTWARE ENGINEERS,,,core,ENGINEERING TEAM/World#637
halo-infinite,432,Joseph Moyle,,Engineering,SOFTWARE ENGINEERS,,NEAL ANALYTICS LLC,core,ENGINEERING TEAM/World#638
halo-infinite,433,Shantanu Shripad Mane,,Engineering,SOFTWARE ENGINEERS,,NEAL ANALYTICS LLC,core,ENGINEERING TEAM/World#639
halo-infinite,434,Jared Thomson,,Engineering,SOFTWARE ENGINEERS,,,core,ENGINEERING TEAM/World#640
halo-infinite,435,Aaron Ward,,Engineering,SOFTWARE ENGINEERS,,HI-TECH TALENTS LLC,core,ENGINEERING TEAM/World#641
halo-infinite,436,Joaquin Bolbrugge,,Engineering,PRINCIPAL ENGINEERING MANAGER,,,core,ENGINEERING TEAM/ONLINE SERVICES#644
halo-infinite,437,Jeff Carnahan,,Engineering,PRINCIPAL ENGINEERING ARCHITECTS,,,core,ENGINEERING TEAM/ONLINE SERVICES#646
halo-infinite,438,Reed Rector,,Engineering,PRINCIPAL ENGINEERING ARCHITECTS,,,core,ENGINEERING TEAM/ONLINE SERVICES#647
halo-infinite,439,Stephen Baron,,Engineering,PRINCIPAL PROGRAM MANAGER,,,core,ENGINEERING TEAM/ONLINE SERVICES#649
halo-infinite,440,Kiki Saintonge,,Engineering,PROGRAM MANAGERS,,,core,ENGINEERING TEAM/ONLINE SERVICES#651
halo-infinite,441,Theo Michel,,Engineering,PROGRAM MANAGERS,,ARGENT SECURITY LLC,core,ENGINEERING TEAM/ONLINE SERVICES#652
halo-infinite,442,Brandon Hush,,Engineering,SENIOR SOFTWARE ENGINEERING LEAD,,,core,ENGINEERING TEAM/Content#655
halo-infinite,443,John Konkle,,Engineering,SENIOR SOFTWARE ENGINEERS,,,core,ENGINEERING TEAM/Content#657
halo-infinite,444,Scott McMurray,,Engineering,SENIOR SOFTWARE ENGINEERS,,,core,ENGINEERING TEAM/Content#658
halo-infinite,445,Bill Rosas,,Engineering,SENIOR SOFTWARE ENGINEERS,,,core,ENGINEERING TEAM/Content#659
halo-infinite,446,RJ Almeda,,Engineering,SOFTWARE ENGINEERS,,RANDSTAD,core,ENGINEERING TEAM/Content#661
halo-infinite,447,Jordan Charette,,Engineering,SOFTWARE ENGINEERS,,,core,ENGINEERING TEAM/Content#662
halo-infinite,448,Chelsea Galvez,,Engineering,SOFTWARE ENGINEERS,,RANDSTAD,core,ENGINEERING TEAM/Content#663
halo-infinite,449,Ethan Gibbons,,Engineering,SOFTWARE ENGINEERS,,RANDSTAD,core,ENGINEERING TEAM/Content#664
halo-infinite,450,Thomas Landi,,Engineering,SOFTWARE ENGINEERS,,RANDSTAD,core,ENGINEERING TEAM/Content#665
halo-infinite,451,Valentino Olvera Marin,,Engineering,SOFTWARE ENGINEERS,,,core,ENGINEERING TEAM/Content#666
halo-infinite,452,Scott Ameling,,Engineering,PRINCIPAL SOFTWARE ENGINEERING LEAD,,,core,ENGINEERING TEAM/Engagement#669
halo-infinite,453,Andrew Hampton,,Engineering,PRINCIPAL SOFTWARE ENGINEER,,,core,ENGINEERING TEAM/Engagement#671
halo-infinite,454,Jacob Snyder,,Engineering,SENIOR SOFTWARE ENGINEERS,,,core,ENGINEERING TEAM/Engagement#673
halo-infinite,455,Clayton Tye,,Engineering,SENIOR SOFTWARE ENGINEERS,,,core,ENGINEERING TEAM/Engagement#674
halo-infinite,456,Matt Benedict,,Engineering,SOFTWARE ENGINEERS,,INSIGHT GLOBAL,core,ENGINEERING TEAM/Engagement#676
halo-infinite,457,Ryan Daugherty,,Engineering,SOFTWARE ENGINEERS,,,core,ENGINEERING TEAM/Engagement#677
halo-infinite,458,Geoff Haugan,,Engineering,SOFTWARE ENGINEERS,,,core,ENGINEERING TEAM/Engagement#678
halo-infinite,459,Eduard Ostrovsky,,Engineering,SOFTWARE ENGINEERS,,,core,ENGINEERING TEAM/Engagement#679
halo-infinite,460,Nate Jones,,Engineering,PRINCIPAL SOFTWARE ENGINEERING LEAD,,,core,ENGINEERING TEAM/Lifecycle#682
halo-infinite,461,Jason Morrill,,Engineering,PRINCIPAL SOFTWARE ENGINEER,,,core,ENGINEERING TEAM/Lifecycle#684
halo-infinite,462,Jeff Holbrook,,Engineering,SENIOR SOFTWARE ENGINEERS,,,core,ENGINEERING TEAM/Lifecycle#685
halo-infinite,463,Ilya Kulshin,,Engineering,SENIOR SOFTWARE ENGINEERS,,,core,ENGINEERING TEAM/Lifecycle#686
halo-infinite,464,Chris Welden,,Engineering,SENIOR SOFTWARE ENGINEERS,,,core,ENGINEERING TEAM/Lifecycle#687
halo-infinite,465,Steven Berry,,Engineering,SOFTWARE ENGINEERS,,,core,ENGINEERING TEAM/Lifecycle#689
halo-infinite,466,Will Morton,,Engineering,SOFTWARE ENGINEERS,,,core,ENGINEERING TEAM/Lifecycle#690
halo-infinite,467,Logan Neufeld,,Engineering,SOFTWARE ENGINEERS,,TEKSYSTEMS INC,core,ENGINEERING TEAM/Lifecycle#691
halo-infinite,468,Ceren Savasan,,Engineering,SOFTWARE ENGINEERS,,,core,ENGINEERING TEAM/Lifecycle#692
halo-infinite,469,Mike Malyuk,,Engineering,PRINCIPAL SOFTWARE ENGINEERING LEAD,,,core,ENGINEERING TEAM/Stats#695
halo-infinite,470,Simon Gordon,,Engineering,SENIOR SOFTWARE ENGINEERS,,,core,ENGINEERING TEAM/Stats#697
halo-infinite,471,Jon Boulanger,,Engineering,SOFTWARE ENGINEERS,,,core,ENGINEERING TEAM/Stats#699
halo-infinite,472,Matthew Chiam,,Engineering,SOFTWARE ENGINEERS,,,core,ENGINEERING TEAM/Stats#700
halo-infinite,473,Aila Enos,,Engineering,SOFTWARE ENGINEERS,,,core,ENGINEERING TEAM/Stats#701
halo-infinite,474,Ian Froning,,Engineering,SOFTWARE ENGINEERS,,RANDSTAD,core,ENGINEERING TEAM/Stats#702
halo-infinite,475,Natanael Lemos,,Engineering,SOFTWARE ENGINEERS,,,core,ENGINEERING TEAM/Stats#703
halo-infinite,476,Anne McLaughlin,,Engineering,SOFTWARE ENGINEERS,,,core,ENGINEERING TEAM/Stats#704
halo-infinite,477,Sean Walsh,,Engineering,PRINCIPAL ENGINEERING MANAGER,,,core,ENGINEERING TEAM/LIVE#707
halo-infinite,478,Leonard Holman,,Engineering,PRINCIPAL ENGINEERING LEAD,,,core,ENGINEERING TEAM/LIVE#709
halo-infinite,479,Aaron Cook,,Engineering,SENIOR SOFTWARE ENGINEERS,,,core,ENGINEERING TEAM/LIVE#711
halo-infinite,480,Jeff Dubrule,,Engineering,SENIOR SOFTWARE ENGINEERS,,,core,ENGINEERING TEAM/LIVE#712
halo-infinite,481,Ashley Anderson,,Engineering,SENIOR SOFTWARE ENGINEERS,,,core,ENGINEERING TEAM/LIVE#713
halo-infinite,482,Michael Dickson,,Engineering,SOFTWARE ENGINEERS,,COLLABERA,core,ENGINEERING TEAM/LIVE#715
halo-infinite,483,Erik Torres Aguilar,,Engineering,SOFTWARE ENGINEERS,,,core,ENGINEERING TEAM/LIVE#716
halo-infinite,484,David Garza,,Engineering,"PRINCIPAL ENGINEERING LEAD, MULTIPLAYER",,,core,ENGINEERING TEAM/MULTIPLAYER#719
halo-infinite,485,Brie Chin-Deyerle,,Engineering,SENIOR ENGINEERING LEAD,,,core,ENGINEERING TEAM/MULTIPLAYER#721
halo-infinite,486,Nick Harrison,,Engineering,SENIOR SOFTWARE ENGINEER,,,core,ENGINEERING TEAM/MULTIPLAYER#723
halo-infinite,487,Brandon Burlison,,Engineering,SENIOR SOFTWARE ENGINEER,,,core,ENGINEERING TEAM/MULTIPLAYER#724
halo-infinite,488,Michael Chaco,,Engineering,SOFTWARE ENGINEERS,,MYRIAD CONSULTING INC,core,ENGINEERING TEAM/MULTIPLAYER#726
halo-infinite,489,David Devaty,,Engineering,SOFTWARE ENGINEERS,,MYRIAD CONSULTING INC,core,ENGINEERING TEAM/MULTIPLAYER#727
halo-infinite,490,Ted Dobyns,,Engineering,SOFTWARE ENGINEERS,,,core,ENGINEERING TEAM/MULTIPLAYER#728
halo-infinite,491,John Erickson,,Engineering,SOFTWARE ENGINEERS,,H10 CAPITAL,core,ENGINEERING TEAM/MULTIPLAYER#729
halo-infinite,492,Ilana Franklin,,Engineering,SOFTWARE ENGINEERS,,,core,ENGINEERING TEAM/MULTIPLAYER#730
halo-infinite,493,Christina Gan,,Engineering,SOFTWARE ENGINEERS,,,core,ENGINEERING TEAM/MULTIPLAYER#731
halo-infinite,494,Andrew Gleeson,,Engineering,SOFTWARE ENGINEERS,,,core,ENGINEERING TEAM/MULTIPLAYER#732
halo-infinite,495,Hollis Lehv,,Engineering,SOFTWARE ENGINEERS,,,core,ENGINEERING TEAM/MULTIPLAYER#733
halo-infinite,496,Anita Ma,,Engineering,SOFTWARE ENGINEERS,,,core,ENGINEERING TEAM/MULTIPLAYER#734
halo-infinite,497,Stone McLaren,,Engineering,SOFTWARE ENGINEERS,,,core,ENGINEERING TEAM/MULTIPLAYER#735
halo-infinite,498,Darren Schoen,,Engineering,SOFTWARE ENGINEERS,,H10 CAPITAL,core,ENGINEERING TEAM/MULTIPLAYER#736
halo-infinite,499,Jeremia Sheehan,,Engineering,SOFTWARE ENGINEERS,,NEAL ANALYTICS LLC,core,ENGINEERING TEAM/MULTIPLAYER#737
halo-infinite,500,Steven Truong,,Engineering,SOFTWARE ENGINEERS,,,core,ENGINEERING TEAM/MULTIPLAYER#738
halo-infinite,501,Josh Hoida,,Engineering,SENIOR ENGINEERING LEAD,,,core,ENGINEERING TEAM/FORGE#741
halo-infinite,502,Sophia MacDonnell,,Engineering,SENIOR SOFTWARE ENGINEER,,,core,ENGINEERING TEAM/FORGE#743
halo-infinite,503,Thomas Conti,,Engineering,SOFTWARE ENGINEERS,,COLLABERA,core,ENGINEERING TEAM/FORGE#745
halo-infinite,504,Joe Park,,Engineering,SOFTWARE ENGINEERS,,TEKSYSTEMS INC,core,ENGINEERING TEAM/FORGE#746
halo-infinite,505,Lindy Plunkett,,Engineering,SOFTWARE ENGINEERS,,,core,ENGINEERING TEAM/FORGE#747
halo-infinite,506,Colby Yeates,,Engineering,SOFTWARE ENGINEERS,,RANDSTAD,core,ENGINEERING TEAM/FORGE#748
halo-infinite,507,Bill Fowler,,Engineering,PRINCIPAL ENGINEERING LEAD,,,core,ENGINEERING TEAM/CORE UI#751
halo-infinite,508,Andy Adam,,Engineering,SENIOR SOFTWARE ENGINEERS,,,core,ENGINEERING TEAM/CORE UI#753
halo-infinite,509,Gareth Lough,,Engineering,SENIOR SOFTWARE ENGINEERS,,,core,ENGINEERING TEAM/CORE UI#754
halo-infinite,510,Adam Zakowicz,,Engineering,SENIOR SOFTWARE ENGINEERS,,,core,ENGINEERING TEAM/CORE UI#755
halo-infinite,511,Richard Le,,Engineering,SOFTWARE ENGINEER,,EXPERIS,core,ENGINEERING TEAM/CORE UI#757
halo-infinite,512,Dean Johnson,,Engineering,"PRINCIPAL SOFTWARE ENGINEERING MANAGER, ENGINE & TOOLS",,,core,ENGINEERING TEAM/SLIPSPACE ENGINE & TOOLS#760
halo-infinite,513,Mike Romero,,Engineering,"PRINCIPAL SOFTWARE ENGINEERING MANAGER, GRAPHICS & PC",,,core,ENGINEERING TEAM/SLIPSPACE ENGINE & TOOLS#761
halo-infinite,514,Josh Lindquist,,Engineering,"PRINCIPAL SOFTWARE ENGINEERING LEAD, SUPERINTENDENT",,,core,ENGINEERING TEAM/SLIPSPACE ENGINE & TOOLS#762
halo-infinite,515,Thomas J Holmes,,Engineering,PRINCIPAL ENGINE ARCHITECT,,,core,ENGINEERING TEAM/SLIPSPACE ENGINE & TOOLS#763
halo-infinite,516,Nick Bygrave,,Audio,SENIOR SOFTWARE ENGINEERING LEAD,,,core,ENGINEERING TEAM/Audio#766
halo-infinite,517,Jon Adams,,Audio,SENIOR SOFTWARE ENGINEER,,,core,ENGINEERING TEAM/Audio#768
halo-infinite,518,Michelle Auyoung,,Audio,SOFTWARE ENGINEER,,NEAL ANALYTICS LLC,core,ENGINEERING TEAM/Audio#770
halo-infinite,519,Caleb Lawrence,,Audio,SOFTWARE ENGINEER,,CYPRUS HUMAN CAPITAL,core,ENGINEERING TEAM/Audio#771
halo-infinite,520,Ani Shastry,,Engineering,PRINCIPAL SOFTWARE ENGINEERING MANAGERS,,,core,ENGINEERING TEAM/Graphics#774
halo-infinite,521,Bob Zasio,,Engineering,PRINCIPAL SOFTWARE ENGINEERING MANAGERS,,,core,ENGINEERING TEAM/Graphics#775
halo-infinite,522,Andy Luedke,,Engineering,PRINCIPAL SOFTWARE ENGINEERING LEAD,,,core,ENGINEERING TEAM/Graphics#777
halo-infinite,523,Stephen Heijster,,Engineering,PRINCIPAL SOFTWARE ENGINEERS,,,core,ENGINEERING TEAM/Graphics#779
halo-infinite,524,Karim Luccin,,Engineering,PRINCIPAL SOFTWARE ENGINEERS,,,core,ENGINEERING TEAM/Graphics#780
halo-infinite,525,Jennifer Chandler,,Engineering,SENIOR SOFTWARE ENGINEERS,,,core,ENGINEERING TEAM/Graphics#782
halo-infinite,526,Rohith Chandran,,Engineering,SENIOR SOFTWARE ENGINEERS,,,core,ENGINEERING TEAM/Graphics#783
halo-infinite,527,Justine Hsu,,Engineering,SENIOR SOFTWARE ENGINEERS,,,core,ENGINEERING TEAM/Graphics#784
halo-infinite,528,Alexander Lemke,,Engineering,SENIOR SOFTWARE ENGINEERS,,,core,ENGINEERING TEAM/Graphics#785
halo-infinite,529,Andrew Nollan,,Engineering,SENIOR SOFTWARE ENGINEERS,,,core,ENGINEERING TEAM/Graphics#786
halo-infinite,530,Nathan Reed,,Engineering,SENIOR SOFTWARE ENGINEERS,,,core,ENGINEERING TEAM/Graphics#787
halo-infinite,531,Samuel Watson,,Engineering,SENIOR SOFTWARE ENGINEERS,,,core,ENGINEERING TEAM/Graphics#788
halo-infinite,532,Mukund Agarwal,,Engineering,SOFTWARE ENGINEERS,,ARTECH,core,ENGINEERING TEAM/Graphics#790
halo-infinite,533,Yiming Cai,,Engineering,SOFTWARE ENGINEERS,,NEAL ANALYTICS LLC,core,ENGINEERING TEAM/Graphics#791
halo-infinite,534,Qin Hu,,Engineering,SOFTWARE ENGINEERS,,,core,ENGINEERING TEAM/Graphics#792
halo-infinite,535,Cole Ingram,,Engineering,SOFTWARE ENGINEERS,,RYLEM,core,ENGINEERING TEAM/Graphics#793
halo-infinite,536,Keegan Jones,,Engineering,SOFTWARE ENGINEERS,,,core,ENGINEERING TEAM/Graphics#794
halo-infinite,537,Ching-Yen (Tim) Lin,,Engineering,SOFTWARE ENGINEERS,,RANDSTAD,core,ENGINEERING TEAM/Graphics#795
halo-infinite,538,Montana Mott,,Engineering,SOFTWARE ENGINEERS,,,core,ENGINEERING TEAM/Graphics#796
halo-infinite,539,Jason Nollan,,Engineering,SOFTWARE ENGINEERS,,INSIGHT GLOBAL,core,ENGINEERING TEAM/Graphics#797
halo-infinite,540,Ashley Rohan,,Engineering,SOFTWARE ENGINEERS,,H10 CAPITAL,core,ENGINEERING TEAM/Graphics#798
halo-infinite,541,Richard Sherry,,Engineering,SOFTWARE ENGINEERS,,,core,ENGINEERING TEAM/Graphics#799
halo-infinite,542,Forrest Smith,,Engineering,SOFTWARE ENGINEERS,,RANDSTAD,core,ENGINEERING TEAM/Graphics#800
halo-infinite,543,Vidhi Soni,,Engineering,SOFTWARE ENGINEERS,,RANDSTAD,core,ENGINEERING TEAM/Graphics#801
halo-infinite,544,Brandon Stevens,,Engineering,SOFTWARE ENGINEERS,,NEAL ANALYTICS LLC,core,ENGINEERING TEAM/Graphics#802
halo-infinite,545,Matt Sutherlin,,Engineering,SOFTWARE ENGINEERS,,,core,ENGINEERING TEAM/Graphics#803
halo-infinite,546,Warren Christian,,Engineering,Helpdesk,,RANDSTAD,core,ENGINEERING TEAM/Helpdesk#806
halo-infinite,547,Kevin W. Forsyth,,Engineering,Helpdesk,,HARVEY NASH,core,ENGINEERING TEAM/Helpdesk#807
halo-infinite,548,Nia Frame,,Engineering,Helpdesk,,HI-TECH TALENTS LLC,core,ENGINEERING TEAM/Helpdesk#808
halo-infinite,549,Mieszko B. Kruszewski,,Engineering,Helpdesk,,HI-TECH TALENTS LLC,core,ENGINEERING TEAM/Helpdesk#809
halo-infinite,550,Irene Weaver,,Engineering,Helpdesk,,DISYS,core,ENGINEERING TEAM/Helpdesk#810
halo-infinite,551,Don Grey,,Engineering,PRINCIPAL SOFTWARE ENGINEERING LEAD,,,core,ENGINEERING TEAM/Infrastructure#813
halo-infinite,552,David Govek,,Engineering,SENIOR SOFTWARE ENGINEERS,,,core,ENGINEERING TEAM/Infrastructure#815
halo-infinite,553,Kushagra Jain,,Engineering,SENIOR SOFTWARE ENGINEERS,,,core,ENGINEERING TEAM/Infrastructure#816
halo-infinite,554,Brian Kuhn,,Engineering,SENIOR SOFTWARE ENGINEERS,,,core,ENGINEERING TEAM/Infrastructure#817
halo-infinite,555,Brandon Layton,,Engineering,SENIOR SOFTWARE ENGINEERS,,,core,ENGINEERING TEAM/Infrastructure#818
halo-infinite,556,Toffer Davidson,,Engineering,SOFTWARE ENGINEERS,,NEAL ANALYTICS LLC,core,ENGINEERING TEAM/Infrastructure#820
halo-infinite,557,Phil Dettorre,,Engineering,SOFTWARE ENGINEERS,,,core,ENGINEERING TEAM/Infrastructure#821
halo-infinite,558,Mike DeVine,,Engineering,SOFTWARE ENGINEERS,,DISYS,core,ENGINEERING TEAM/Infrastructure#822
halo-infinite,559,Leopold DuPuis,,Engineering,SOFTWARE ENGINEERS,,RANDSTAD,core,ENGINEERING TEAM/Infrastructure#823
halo-infinite,560,Paul Murray,,Engineering,SOFTWARE ENGINEERS,,HARVEY NASH,core,ENGINEERING TEAM/Infrastructure#824
halo-infinite,561,Ankush Sharma,,Engineering,SOFTWARE ENGINEERS,,RANDSTAD,core,ENGINEERING TEAM/Infrastructure#825
halo-infinite,562,Jerry Stone,,Engineering,SOFTWARE ENGINEERS,,TEKSYSTEMS INC,core,ENGINEERING TEAM/Infrastructure#826
halo-infinite,563,Ludovic Tirtiaux,,Engineering,SOFTWARE ENGINEERS,,THE JUDGE GROUP,core,ENGINEERING TEAM/Infrastructure#827
halo-infinite,564,Kevin Zhen,,Engineering,SOFTWARE ENGINEERS,,NEAL ANALYTICS LLC,core,ENGINEERING TEAM/Infrastructure#828
halo-infinite,565,Michael VanKuipers,,Engineering,PRINCIPAL SOFTWARE ENGINEER,,,core,ENGINEERING TEAM/PC#831
halo-infinite,566,Jhon Adams,,Engineering,SENIOR SOFTWARE ENGINEER,,,core,ENGINEERING TEAM/PC#833
halo-infinite,567,Kelly Gawne,,Engineering,SOFTWARE ENGINEERS,,INSIGHT GLOBAL,core,ENGINEERING TEAM/PC#835
halo-infinite,568,Tom Hunt,,Engineering,SOFTWARE ENGINEERS,,CYPRESS HCM,core,ENGINEERING TEAM/PC#836
halo-infinite,569,Erik McClure,,Engineering,SOFTWARE ENGINEERS,,INSIGHT GLOBAL,core,ENGINEERING TEAM/PC#837
halo-infinite,570,Benjamin Sklar,,Engineering,SOFTWARE ENGINEERS,,RANDSTAD,core,ENGINEERING TEAM/PC#838
halo-infinite,571,Christopher Taylor,,Engineering,SOFTWARE ENGINEERS,,COLLABERA,core,ENGINEERING TEAM/PC#839
halo-infinite,572,Alexandre David,,Engineering,PRINCIPAL SOFTWARE ENGINEERING LEAD,,,core,ENGINEERING TEAM/Systems#842
halo-infinite,573,Ivo Beltchev,,Engineering,PRINCIPAL SOFTWARE ENGINEER,,,core,ENGINEERING TEAM/Systems#844
halo-infinite,574,Alex Fennell,,Engineering,SENIOR SOFTWARE ENGINEERS,,,core,ENGINEERING TEAM/Systems#846
halo-infinite,575,Patrick Laukaitis,,Engineering,SENIOR SOFTWARE ENGINEERS,,,core,ENGINEERING TEAM/Systems#847
halo-infinite,576,Reuben Dunnington,,Engineering,SOFTWARE ENGINEERS,,,core,ENGINEERING TEAM/Systems#849
halo-infinite,577,Steven Hammond,,Engineering,SOFTWARE ENGINEERS,,ARTECH,core,ENGINEERING TEAM/Systems#850
halo-infinite,578,Jon Stevens,,Engineering,SOFTWARE ENGINEERS,,ARTECH,core,ENGINEERING TEAM/Systems#851
halo-infinite,579,Loren Hoffman,,Engineering,PRINCIPAL SOFTWARE ENGINEERING LEADS,,,core,ENGINEERING TEAM/Tools & Pipeline#854
halo-infinite,580,Ian Jones,,Engineering,PRINCIPAL SOFTWARE ENGINEERING LEADS,,,core,ENGINEERING TEAM/Tools & Pipeline#855
halo-infinite,581,Lina Gaeta,,Engineering,SENIOR SOFTWARE ENGINEERING LEADS,,,core,ENGINEERING TEAM/Tools & Pipeline#857
halo-infinite,582,Ethan Verrall,,Engineering,SENIOR SOFTWARE ENGINEERING LEADS,,,core,ENGINEERING TEAM/Tools & Pipeline#858
halo-infinite,583,Jim Wordelman,,Engineering,SENIOR SOFTWARE ENGINEERING LEADS,,,core,ENGINEERING TEAM/Tools & Pipeline#859
halo-infinite,584,Toby Jones,,Engineering,PRINCIPAL SOFTWARE ENGINEERS,,,core,ENGINEERING TEAM/Tools & Pipeline#861
halo-infinite,585,Ryan Trowbridge,,Engineering,PRINCIPAL SOFTWARE ENGINEERS,,,core,ENGINEERING TEAM/Tools & Pipeline#862
halo-infinite,586,Peter Beck,,Engineering,SENIOR SOFTWARE ENGINEERS,,,core,ENGINEERING TEAM/Tools & Pipeline#864
halo-infinite,587,Paul Dykstra,,Engineering,SENIOR SOFTWARE ENGINEERS,,,core,ENGINEERING TEAM/Tools & Pipeline#865
halo-infinite,588,Tamar Goldberg,,Engineering,SENIOR SOFTWARE ENGINEERS,,,core,ENGINEERING TEAM/Tools & Pipeline#866
halo-infinite,589,Chris Howard,,Engineering,SENIOR SOFTWARE ENGINEERS,,,core,ENGINEERING TEAM/Tools & Pipeline#867
halo-infinite,590,Zach Lute,,Engineering,SENIOR SOFTWARE ENGINEERS,,,core,ENGINEERING TEAM/Tools & Pipeline#868
halo-infinite,591,Sarah O'Leary,,Engineering,SENIOR SOFTWARE ENGINEERS,,,core,ENGINEERING TEAM/Tools & Pipeline#869
halo-infinite,592,Michael Sarchet,,Engineering,SENIOR SOFTWARE ENGINEERS,,,core,ENGINEERING TEAM/Tools & Pipeline#870
halo-infinite,593,Peter Schuster,,Engineering,SENIOR SOFTWARE ENGINEERS,,,core,ENGINEERING TEAM/Tools & Pipeline#871
halo-infinite,594,Brett Bearden,,Engineering,SOFTWARE ENGINEERS,,CYPRESS HCM,core,ENGINEERING TEAM/Tools & Pipeline#873
halo-infinite,595,Paul Bronowski,,Engineering,SOFTWARE ENGINEERS,,NEAL ANALYTICS LLC,core,ENGINEERING TEAM/Tools & Pipeline#874
halo-infinite,596,Alexis Delmotte,,Engineering,SOFTWARE ENGINEERS,,KFORCE INC,core,ENGINEERING TEAM/Tools & Pipeline#875
halo-infinite,597,Sam Hatfield,,Engineering,SOFTWARE ENGINEERS,,COLLABERA,core,ENGINEERING TEAM/Tools & Pipeline#876
halo-infinite,598,Rebecca Howell,,Engineering,SOFTWARE ENGINEERS,,RANDSTAD,core,ENGINEERING TEAM/Tools & Pipeline#877
halo-infinite,599,David Hsu,,Engineering,SOFTWARE ENGINEERS,,TEKSYSTEMS INC,core,ENGINEERING TEAM/Tools & Pipeline#878
halo-infinite,600,Hayden Jackson,,Engineering,SOFTWARE ENGINEERS,,TEKSYSTEMS INC,core,ENGINEERING TEAM/Tools & Pipeline#879
halo-infinite,601,Matt Johnson,,Engineering,SOFTWARE ENGINEERS,,COLLABERA,core,ENGINEERING TEAM/Tools & Pipeline#880
halo-infinite,602,Andy Kang,,Engineering,SOFTWARE ENGINEERS,,INSIGHT GLOBAL,core,ENGINEERING TEAM/Tools & Pipeline#881
halo-infinite,603,Elizabeth Lowry,,Engineering,SOFTWARE ENGINEERS,,INSIGHT GLOBAL,core,ENGINEERING TEAM/Tools & Pipeline#882
halo-infinite,604,Andrew Lubitz,,Engineering,SOFTWARE ENGINEERS,,RANDSTAD,core,ENGINEERING TEAM/Tools & Pipeline#883
halo-infinite,605,Gerardo Malpartida Vela,,Engineering,SOFTWARE ENGINEERS,,,core,ENGINEERING TEAM/Tools & Pipeline#884
halo-infinite,606,Roman Markovetski,,Engineering,SOFTWARE ENGINEERS,,THE JUDGE GROUP,core,ENGINEERING TEAM/Tools & Pipeline#885
halo-infinite,607,Dan Muller,,Engineering,SOFTWARE ENGINEERS,,,core,ENGINEERING TEAM/Tools & Pipeline#886
halo-infinite,608,Daniel Potter,,Engineering,SOFTWARE ENGINEERS,,,core,ENGINEERING TEAM/Tools & Pipeline#887
halo-infinite,609,Robin Scher,,Engineering,SOFTWARE ENGINEERS,,BIBLIOSO CORPORATION,core,ENGINEERING TEAM/Tools & Pipeline#888
halo-infinite,610,Chris Schweiger,,Engineering,SOFTWARE ENGINEERS,,YOH SERVICES LLC,core,ENGINEERING TEAM/Tools & Pipeline#889
halo-infinite,611,Cory Swanson,,Engineering,SOFTWARE ENGINEERS,,,core,ENGINEERING TEAM/Tools & Pipeline#890
halo-infinite,612,Henri Tan,,Engineering,SOFTWARE ENGINEERS,,,core,ENGINEERING TEAM/Tools & Pipeline#891
halo-infinite,613,Keith Thomas,,Engineering,SOFTWARE ENGINEERS,,APEX SYSTEMS,core,ENGINEERING TEAM/Tools & Pipeline#892
halo-infinite,614,Benjamin Valena,,Engineering,SOFTWARE ENGINEERS,,INSIGHT GLOBAL,core,ENGINEERING TEAM/Tools & Pipeline#893
halo-infinite,615,Michael Fahrny,,Production,HEAD OF PRODUCTION,,,core,PRODUCTION TEAM/PRODUCTION TEAM#897
halo-infinite,616,Damon Conn,,Production,EXECUTIVE PRODUCERS,,,core,PRODUCTION TEAM/PRODUCTION TEAM#898
halo-infinite,617,Matt Hohl,,Production,EXECUTIVE PRODUCERS,,,core,PRODUCTION TEAM/PRODUCTION TEAM#899
halo-infinite,618,Erin Krell,,Production,EXECUTIVE PRODUCERS,,,core,PRODUCTION TEAM/PRODUCTION TEAM#900
halo-infinite,619,Brian Lemon,,Production,EXECUTIVE PRODUCERS,,,core,PRODUCTION TEAM/PRODUCTION TEAM#901
halo-infinite,620,Cierra McDonald,,Production,EXECUTIVE PRODUCERS,,,core,PRODUCTION TEAM/PRODUCTION TEAM#902
halo-infinite,621,Casey Wu,,Production,EXECUTIVE PRODUCERS,,,core,PRODUCTION TEAM/PRODUCTION TEAM#903
halo-infinite,622,Greg Stone,,Production,"PRINCIPAL LEAD PRODUCER, CAMPAIGN",,,core,PRODUCTION TEAM/PRODUCTION TEAM#905
halo-infinite,623,Alex Cutting,,Production,"LEAD PRODUCER, CAMPAIGN",,,core,PRODUCTION TEAM/PRODUCTION TEAM#906
halo-infinite,624,Chris Hager,,Production,"LEAD PRODUCER, LIVE",,,core,PRODUCTION TEAM/PRODUCTION TEAM#907
halo-infinite,625,Joel Gifford,,Art,SENIOR PRODUCER,,,core,PRODUCTION TEAM/Character#911
halo-infinite,626,Brian Beebe,,Art,PRODUCERS,,,core,PRODUCTION TEAM/Character#913
halo-infinite,627,Omar Guzman,,Art,PRODUCERS,,THE JUDGE GROUP,core,PRODUCTION TEAM/Character#914
halo-infinite,628,Jay Adams,,Narrative,SENIOR PRODUCERS,,,core,PRODUCTION TEAM/Narrative#917
halo-infinite,629,Mabel McGrail,,Narrative,SENIOR PRODUCERS,,,core,PRODUCTION TEAM/Narrative#918
halo-infinite,630,Bekah Hamilton,,Narrative,PRODUCERS,,CYPRESS HCM,core,PRODUCTION TEAM/Narrative#920
halo-infinite,631,Richard Meier,,Narrative,PRODUCERS,,AQUENT GAMES,core,PRODUCTION TEAM/Narrative#921
halo-infinite,632,Zach Bogatz,,Production,PRODUCERS,,INSIGHT GLOBAL,core,PRODUCTION TEAM/World#924
halo-infinite,633,Mason Ott,,Production,PRODUCERS,,EXPERIS,core,PRODUCTION TEAM/World#925
halo-infinite,634,Steve Schefe,,Production,PRODUCERS,,TEKSYSTEMS INC,core,PRODUCTION TEAM/World#926
halo-infinite,635,Morgan Schetzle,,Production,PRODUCERS,,COLLABERA INC,core,PRODUCTION TEAM/World#927
halo-infinite,636,Stelanie Tsirlis,,Production,PRODUCERS,,YOH SERVICES LLC,core,PRODUCTION TEAM/World#928
halo-infinite,637,Victor Ramos,,Production,SENIOR PRODUCER,,,core,PRODUCTION TEAM/Creative#931
halo-infinite,638,Ellen Yang,,Production,PRODUCER,,,core,PRODUCTION TEAM/Creative#933
halo-infinite,639,Mel Cafe,,Production,ASSOCIATE PRODUCER,,EXPERIS,core,PRODUCTION TEAM/Creative#935
halo-infinite,640,Michael Byron,,Production,SENIOR PRODUCER,,,core,PRODUCTION TEAM/MULTIPLAYER#938
halo-infinite,641,Cheyne Arteritano,,Production,PRODUCERS,,AQUENT,core,PRODUCTION TEAM/MULTIPLAYER#939
halo-infinite,642,Quinn Reilly,,Production,PRODUCERS,,RANDSTAD,core,PRODUCTION TEAM/MULTIPLAYER#940
halo-infinite,643,Andrew Smallwood,,Production,PRODUCERS,,,core,PRODUCTION TEAM/MULTIPLAYER#941
halo-infinite,644,Brittney Hahn,,Production,Maps,,RANDSTAD,core,PRODUCTION TEAM/Maps#945
halo-infinite,645,Christopher Liu II,,Production,CORE CONTENT,,RANDSTAD,core,PRODUCTION TEAM/CORE CONTENT#948
halo-infinite,646,Becky Allen,,Audio,SENIOR PRODUCER,,,core,PRODUCTION TEAM/Audio#951
halo-infinite,647,Laryssa Chan,,Audio,PRODUCER,,YOH SERVICES LLC,core,PRODUCTION TEAM/Audio#953
halo-infinite,648,Zully Barrientos,,Art,Environment Content Team,,,core,PRODUCTION TEAM/Environment Content Team#956
halo-infinite,649,Nick Treitman,,Art,PRODUCER,,AQUENT GAMES,core,PRODUCTION TEAM/Forge & Concept Art#959
halo-infinite,650,Paige Johnson,,Design,UXUI,,,core,PRODUCTION TEAM/UXUI#962
halo-infinite,651,Ian Saterdalen,,Design,UXUI,,BLUEHAWK LLC,core,PRODUCTION TEAM/UXUI#963
halo-infinite,652,James Bachici,,Design,Sandbox,,,core,PRODUCTION TEAM/Sandbox#967
halo-infinite,653,Arin Mann,,Design,Sandbox,,,core,PRODUCTION TEAM/Sandbox#968
halo-infinite,654,Angela Dunn,,Engineering,LEAD SECURITY PROGRAM MANAGER,,,core,PRODUCTION TEAM/CORE TECH#971
halo-infinite,655,Matthew Mejias,,Engineering,SENIOR TECHNICAL PROGRAM MANAGERS,,,core,PRODUCTION TEAM/CORE TECH#972
halo-infinite,656,Kevin Yam,,Engineering,SENIOR TECHNICAL PROGRAM MANAGERS,,,core,PRODUCTION TEAM/CORE TECH#973
halo-infinite,657,Tim Crawford,,Production,SENIOR PRODUCER,,,core,PRODUCTION TEAM/Foundations#976
halo-infinite,658,Kira Anderson,,Production,PRODUCERS,,,core,PRODUCTION TEAM/Foundations#978
halo-infinite,659,Cole Thatcher,,Production,PRODUCERS,,INSIGHT GLOBAL,core,PRODUCTION TEAM/Foundations#979
halo-infinite,660,Alexandre Le Boulicaut,,Engineering,Graphics,,,core,PRODUCTION TEAM/Graphics#982
halo-infinite,661,Erika Martinez,,Production,Workflow,,,core,PRODUCTION TEAM/Workflow#985
halo-infinite,662,Cody Felts,,Production,Workflow,,,core,PRODUCTION TEAM/Workflow#986
halo-infinite,663,Noel McGinn,,Production,Commerce,,RANDSTAD,core,PRODUCTION TEAM/Commerce#990
halo-infinite,664,Olivia Volarich,,Production,Customization,,,core,PRODUCTION TEAM/Customization#993
halo-infinite,665,Sam Hanshaw,,Production,Flighting,,,core,PRODUCTION TEAM/Flighting#996
halo-infinite,666,Symantha Reagor,,Production,Associate Producer,,,core,PRODUCTION TEAM/Flighting#997
halo-infinite,667,Bin Lin,,Publishing,Localization,,DISYS,publishing,PRODUCTION TEAM/Localization#1000
halo-infinite,668,Sean Swidersky,,Production,PRODUCER,,,core,PRODUCTION TEAM/Live Ops#1004
halo-infinite,669,Eric Ferdinand,,Production,PRODUCER,,,core,PRODUCTION TEAM/Live Ops#1005
halo-infinite,670,Denise Ono,,Production,Release Management,,EXPERIS,core,PRODUCTION TEAM/Release Management#1008
halo-infinite,671,Anna Medina,,Production,Release Management,,,core,PRODUCTION TEAM/Release Management#1009
halo-infinite,672,Estelle Skeels,,Production,Release Management,,,core,PRODUCTION TEAM/Release Management#1010
halo-infinite,673,Jeff Guy,,Production,PRODUCTION PROCESS MANAGER,,,core,PRODUCTION TEAM/343 PROCESS TEAM#1013
halo-infinite,674,Bradley Davi,,Production,SENIOR SCRUM MASTERS,,KFORCE,core,PRODUCTION TEAM/343 PROCESS TEAM#1015
halo-infinite,675,Flash Kowaleski,,Production,SENIOR SCRUM MASTERS,,AQUENT GAMES,core,PRODUCTION TEAM/343 PROCESS TEAM#1016
halo-infinite,676,Christian Wolfe,,Production,SENIOR SCRUM MASTERS,,ARTECH CONSULTING LLC,core,PRODUCTION TEAM/343 PROCESS TEAM#1017
halo-infinite,677,David (Vaughn) Ellison,,Production,SCRUM MASTERS,,YOH SERVICES LLC,core,PRODUCTION TEAM/343 PROCESS TEAM#1019
halo-infinite,678,Christopher Kennedy,,Production,SCRUM MASTERS,,RANDSTAD,core,PRODUCTION TEAM/343 PROCESS TEAM#1020
halo-infinite,679,Ashley Stallworth,,Production,SCRUM MASTERS,,AQUENT LLC,core,PRODUCTION TEAM/343 PROCESS TEAM#1021
halo-infinite,680,Grace Tuohey-Kay,,Production,SCRUM MASTERS,,RANDSTAD,core,PRODUCTION TEAM/343 PROCESS TEAM#1022
halo-infinite,681,Oscar Araque Valera,,Production,SCRUM MASTERS,,NEAL ANALYTICS,core,PRODUCTION TEAM/343 PROCESS TEAM#1023
halo-infinite,682,Jimmy Bischoff,,QA,PRINCIPAL DIRECTOR OF QUALITY,,,core,STUDIOS QUALITY TEAM/MICROSOFT#1028
halo-infinite,683,Tony Rado,,QA,QUALITY DIRECTOR,,,core,STUDIOS QUALITY TEAM/MICROSOFT#1030
halo-infinite,684,Jeremy Fischer,,QA,SENIOR QUALITY MANAGER,,,core,STUDIOS QUALITY TEAM/MICROSOFT#1032
halo-infinite,685,Rick Lockyear,,QA,SENIOR QUALITY MANAGER,,,core,STUDIOS QUALITY TEAM/MICROSOFT#1033
halo-infinite,686,Brian Dunn,,QA,SENIOR QUALITY LEADS,,,core,STUDIOS QUALITY TEAM/MICROSOFT#1035
halo-infinite,687,Jeff Pineda,,QA,SENIOR QUALITY LEADS,,,core,STUDIOS QUALITY TEAM/MICROSOFT#1036
halo-infinite,688,Mike Yurka,,QA,SENIOR QUALITY LEADS,,,core,STUDIOS QUALITY TEAM/MICROSOFT#1037
halo-infinite,689,Xhavar Strothers,,QA,QUALITY LEAD,,,core,STUDIOS QUALITY TEAM/MICROSOFT#1039
halo-infinite,690,Kevin Bowen,,QA,SENIOR QUALITY ENGINEERS,,,core,STUDIOS QUALITY TEAM/MICROSOFT#1041
halo-infinite,691,Brian Hughes,,QA,SENIOR QUALITY ENGINEERS,,,core,STUDIOS QUALITY TEAM/MICROSOFT#1042
halo-infinite,692,Joe Whitman,,QA,SENIOR QUALITY ENGINEERS,,,core,STUDIOS QUALITY TEAM/MICROSOFT#1043
halo-infinite,693,Angel Asman,,QA,QUALITY ENGINEERS,,,core,STUDIOS QUALITY TEAM/MICROSOFT#1045
halo-infinite,694,James Sanderson,,QA,QUALITY ENGINEERS,,,core,STUDIOS QUALITY TEAM/MICROSOFT#1046
halo-infinite,695,Tom Timmins,,QA,QUALITY ENGINEERS,,,core,STUDIOS QUALITY TEAM/MICROSOFT#1047
halo-infinite,696,Christina Tran,,QA,QUALITY ENGINEERS,,,core,STUDIOS QUALITY TEAM/MICROSOFT#1048
halo-infinite,697,Peter Tran,,QA,QUALITY ENGINEERS,,,core,STUDIOS QUALITY TEAM/MICROSOFT#1049
halo-infinite,698,Michael Andersland,,Engineering,DATA ENGINEERS,,,core,STUDIOS QUALITY TEAM/MICROSOFT#1051
halo-infinite,699,Aron Inger,,Engineering,DATA ENGINEERS,,,core,STUDIOS QUALITY TEAM/MICROSOFT#1052
halo-infinite,700,Eve Maquelin,,Engineering,DATA ENGINEERS,,,core,STUDIOS QUALITY TEAM/MICROSOFT#1053
halo-infinite,701,Paula Yuan,,Engineering,DATA ENGINEERS,,,core,STUDIOS QUALITY TEAM/MICROSOFT#1054
halo-infinite,702,Ryan Beberwyck,,Engineering,SENIOR SOFTWARE ENGINEER,,,core,STUDIOS QUALITY TEAM/MICROSOFT#1056
halo-infinite,703,Aaron Amlag,,Engineering,SOFTWARE ENGINEERS,,,core,STUDIOS QUALITY TEAM/MICROSOFT#1058
halo-infinite,704,Sam Bloomberg,,Engineering,SOFTWARE ENGINEERS,,,core,STUDIOS QUALITY TEAM/MICROSOFT#1059
halo-infinite,705,Joseph Cheng,,Engineering,SOFTWARE ENGINEERS,,,core,STUDIOS QUALITY TEAM/MICROSOFT#1060
halo-infinite,706,Ryan O'Connor,,Engineering,SOFTWARE ENGINEERS,,,core,STUDIOS QUALITY TEAM/MICROSOFT#1061
halo-infinite,707,Nicholas Wojtyna,,Engineering,SOFTWARE ENGINEERS,,,core,STUDIOS QUALITY TEAM/MICROSOFT#1062
halo-infinite,708,David Berkeley,,QA,QUALITY ANALYSTS,,,core,STUDIOS QUALITY TEAM/MICROSOFT#1064
halo-infinite,709,Chioke Blacksheare,,QA,QUALITY ANALYSTS,,,core,STUDIOS QUALITY TEAM/MICROSOFT#1065
halo-infinite,710,Carson Brammer,,QA,QUALITY ANALYSTS,,,core,STUDIOS QUALITY TEAM/MICROSOFT#1066
halo-infinite,711,Justin Cagle,,QA,QUALITY ANALYSTS,,,core,STUDIOS QUALITY TEAM/MICROSOFT#1067
halo-infinite,712,Ben Madlena,,QA,QUALITY ANALYSTS,,,core,STUDIOS QUALITY TEAM/MICROSOFT#1068
halo-infinite,713,Olga Spraiter,,QA,QUALITY ANALYSTS,,,core,STUDIOS QUALITY TEAM/MICROSOFT#1069
halo-infinite,714,Andrew Thomas,,QA,QUALITY ANALYSTS,,,core,STUDIOS QUALITY TEAM/MICROSOFT#1070
halo-infinite,715,Clint Baggett,,QA,PROGRAM DIRECTORS,,EXPERIS,core,STUDIOS QUALITY TEAM/EXTERNAL TEAMS#1073
halo-infinite,716,William Brewster,,QA,PROGRAM DIRECTORS,,EXPERIS,core,STUDIOS QUALITY TEAM/EXTERNAL TEAMS#1074
halo-infinite,717,Michal Blonski,,QA,TEST DIRECTORS,,LIONBRIDGE TECHNOLOGIES,core,STUDIOS QUALITY TEAM/EXTERNAL TEAMS#1076
halo-infinite,718,Michael Friend,,QA,TEST DIRECTORS,,LIONBRIDGE TECHNOLOGIES,core,STUDIOS QUALITY TEAM/EXTERNAL TEAMS#1077
halo-infinite,719,Gavin Kennedy,,QA,TEST DIRECTORS,,EXPERIS,core,STUDIOS QUALITY TEAM/EXTERNAL TEAMS#1078
halo-infinite,720,Paul Gradwohl,,Studio/Business,OPERATIONS MANAGER,,EXPERIS,core,STUDIOS QUALITY TEAM/EXTERNAL TEAMS#1080
halo-infinite,721,Jon Doyle,,QA,PROJECT MANAGERS,,EXPERIS,core,STUDIOS QUALITY TEAM/EXTERNAL TEAMS#1082
halo-infinite,722,Viet Pham,,QA,RESERVES LEADS,,EXPERIS,core,STUDIOS QUALITY TEAM/EXTERNAL TEAMS#1084
halo-infinite,723,Bryce Pinkston,,QA,RESERVES LEADS,,EXPERIS,core,STUDIOS QUALITY TEAM/EXTERNAL TEAMS#1085
halo-infinite,724,Tom Dieterich,,QA,TEST MANAGER,,EXPERIS,core,STUDIOS QUALITY TEAM/EXTERNAL TEAMS#1087
halo-infinite,725,Ben Farley,,QA,TEST MANAGER,,EXPERIS,core,STUDIOS QUALITY TEAM/EXTERNAL TEAMS#1088
halo-infinite,726,Grzegorz Kohorewicz,,QA,TEST MANAGER,,LIONBRIDGE TECHNOLOGIES,core,STUDIOS QUALITY TEAM/EXTERNAL TEAMS#1089
halo-infinite,727,Tyler Lovemark,,QA,TEST MANAGER,,EXPERIS,core,STUDIOS QUALITY TEAM/EXTERNAL TEAMS#1090
halo-infinite,728,Pawel Piekarski,,QA,TEST MANAGER,,LIONBRIDGE TECHNOLOGIES,core,STUDIOS QUALITY TEAM/EXTERNAL TEAMS#1091
halo-infinite,729,Steffen Strohmann,,QA,TEST MANAGER,,,core,STUDIOS QUALITY TEAM/EXTERNAL TEAMS#1092
halo-infinite,730,Ryan Jividen,,QA,TEST LEADS,,EXPERIS,core,STUDIOS QUALITY TEAM/EXTERNAL TEAMS#1094
halo-infinite,731,Elliot Kuykendall,,QA,TEST LEADS,,EXPERIS,core,STUDIOS QUALITY TEAM/EXTERNAL TEAMS#1095
halo-infinite,732,Rise Lugo,,QA,TEST LEADS,,EXPERIS,core,STUDIOS QUALITY TEAM/EXTERNAL TEAMS#1096
halo-infinite,733,Richard Myers,,QA,TEST LEADS,,EXPERIS,core,STUDIOS QUALITY TEAM/EXTERNAL TEAMS#1097
halo-infinite,734,Tim Ollivant,,QA,TEST LEADS,,EXPERIS,core,STUDIOS QUALITY TEAM/EXTERNAL TEAMS#1098
halo-infinite,735,Jay Piette,,QA,TEST LEADS,,EXPERIS,core,STUDIOS QUALITY TEAM/EXTERNAL TEAMS#1099
halo-infinite,736,Jonathan Villariasa,,QA,TEST LEADS,,EXPERIS,core,STUDIOS QUALITY TEAM/EXTERNAL TEAMS#1100
halo-infinite,737,Zev Gendler,,QA,TEAM LEADS,,,core,STUDIOS QUALITY TEAM/EXTERNAL TEAMS#1102
halo-infinite,738,Branden Grenier,,QA,TEAM LEADS,,,core,STUDIOS QUALITY TEAM/EXTERNAL TEAMS#1103
halo-infinite,739,Karol Kotowicz,,QA,TEAM LEADS,,,core,STUDIOS QUALITY TEAM/EXTERNAL TEAMS#1104
halo-infinite,740,Joanna Walkowiak-Pachnik,,QA,TEAM LEADS,,EXPERIS,core,STUDIOS QUALITY TEAM/EXTERNAL TEAMS#1105
halo-infinite,741,Taylor Hainlen,,Engineering,SOFTWARE DEVELOPMENT ENGINEERS,,EXPERIS,core,STUDIOS QUALITY TEAM/EXTERNAL TEAMS#1107
halo-infinite,742,Richard Le,,Engineering,SOFTWARE DEVELOPMENT ENGINEERS,,EXPERIS,core,STUDIOS QUALITY TEAM/EXTERNAL TEAMS#1108
halo-infinite,743,Jeff MacDermot,,QA,SOFTWARE DEVELOPMENT ENGINEERS IN TEST,,EXPERIS,core,STUDIOS QUALITY TEAM/EXTERNAL TEAMS#1110
halo-infinite,744,Ahmed Saleh,,QA,SOFTWARE DEVELOPMENT ENGINEERS IN TEST,,INSIGHT GLOBAL,core,STUDIOS QUALITY TEAM/EXTERNAL TEAMS#1111
halo-infinite,745,Nick Amlag,,QA,SOFTWARE TEST ENGINEERS,,EXPERIS,core,STUDIOS QUALITY TEAM/EXTERNAL TEAMS#1113
halo-infinite,746,Daniel Baratta,,QA,SOFTWARE TEST ENGINEERS,,EXPERIS,core,STUDIOS QUALITY TEAM/EXTERNAL TEAMS#1114
halo-infinite,747,Ian Barniskis,,QA,SOFTWARE TEST ENGINEERS,,EXPERIS,core,STUDIOS QUALITY TEAM/EXTERNAL TEAMS#1115
halo-infinite,748,Aaron Baumgardner,,QA,SOFTWARE TEST ENGINEERS,,EXPERIS,core,STUDIOS QUALITY TEAM/EXTERNAL TEAMS#1116
halo-infinite,749,Chris Becker,,QA,SOFTWARE TEST ENGINEERS,,EXPERIS,core,STUDIOS QUALITY TEAM/EXTERNAL TEAMS#1117
halo-infinite,750,Robert Bergeron,,QA,SOFTWARE TEST ENGINEERS,,EXPERIS,core,STUDIOS QUALITY TEAM/EXTERNAL TEAMS#1118
halo-infinite,751,Marky Bourland,,QA,SOFTWARE TEST ENGINEERS,,EXPERIS,core,STUDIOS QUALITY TEAM/EXTERNAL TEAMS#1119
halo-infinite,752,Dan Buehner,,QA,SOFTWARE TEST ENGINEERS,,EXPERIS,core,STUDIOS QUALITY TEAM/EXTERNAL TEAMS#1120
halo-infinite,753,Brennan Butts,,QA,SOFTWARE TEST ENGINEERS,,EXPERIS,core,STUDIOS QUALITY TEAM/EXTERNAL TEAMS#1121
halo-infinite,754,Dante Campana,,QA,SOFTWARE TEST ENGINEERS,,EXPERIS,core,STUDIOS QUALITY TEAM/EXTERNAL TEAMS#1122
halo-infinite,755,Maurice Campbell,,QA,SOFTWARE TEST ENGINEERS,,EXPERIS,core,STUDIOS QUALITY TEAM/EXTERNAL TEAMS#1123
halo-infinite,756,Tevis Campbell,,QA,SOFTWARE TEST ENGINEERS,,EXPERIS,core,STUDIOS QUALITY TEAM/EXTERNAL TEAMS#1124
halo-infinite,757,Lucas Casebeer,,QA,SOFTWARE TEST ENGINEERS,,EXPERIS,core,STUDIOS QUALITY TEAM/EXTERNAL TEAMS#1125
halo-infinite,758,Steven Chalmers,,QA,SOFTWARE TEST ENGINEERS,,EXPERIS,core,STUDIOS QUALITY TEAM/EXTERNAL TEAMS#1126
halo-infinite,759,Patrick Stuart Chigges,,QA,SOFTWARE TEST ENGINEERS,,EXPERIS,core,STUDIOS QUALITY TEAM/EXTERNAL TEAMS#1127
halo-infinite,760,Bryce Christifulli,,QA,SOFTWARE TEST ENGINEERS,,EXPERIS,core,STUDIOS QUALITY TEAM/EXTERNAL TEAMS#1128
halo-infinite,761,Andre Coleman,,QA,SOFTWARE TEST ENGINEERS,,EXPERIS,core,STUDIOS QUALITY TEAM/EXTERNAL TEAMS#1129
halo-infinite,762,Sam Cooperman,,QA,SOFTWARE TEST ENGINEERS,,EXPERIS,core,STUDIOS QUALITY TEAM/EXTERNAL TEAMS#1130
halo-infinite,763,Derek Cormier,,QA,SOFTWARE TEST ENGINEERS,,EXPERIS,core,STUDIOS QUALITY TEAM/EXTERNAL TEAMS#1131
halo-infinite,764,Michael Cornfield,,QA,SOFTWARE TEST ENGINEERS,,EXPERIS,core,STUDIOS QUALITY TEAM/EXTERNAL TEAMS#1132
halo-infinite,765,Evan Darling,,QA,SOFTWARE TEST ENGINEERS,,EXPERIS,core,STUDIOS QUALITY TEAM/EXTERNAL TEAMS#1133
halo-infinite,766,David Dasher,,QA,SOFTWARE TEST ENGINEERS,,EXPERIS,core,STUDIOS QUALITY TEAM/EXTERNAL TEAMS#1134
halo-infinite,767,Hunter Derrick,,QA,SOFTWARE TEST ENGINEERS,,EXPERIS,core,STUDIOS QUALITY TEAM/EXTERNAL TEAMS#1135
halo-infinite,768,Gene Duenas,,QA,SOFTWARE TEST ENGINEERS,,EXPERIS,core,STUDIOS QUALITY TEAM/EXTERNAL TEAMS#1136
halo-infinite,769,Trey Dwinell,,QA,SOFTWARE TEST ENGINEERS,,EXPERIS,core,STUDIOS QUALITY TEAM/EXTERNAL TEAMS#1137
halo-infinite,770,Jack Ehrler,,QA,SOFTWARE TEST ENGINEERS,,EXPERIS,core,STUDIOS QUALITY TEAM/EXTERNAL TEAMS#1138
halo-infinite,771,Jodi Feaster,,QA,SOFTWARE TEST ENGINEERS,,EXPERIS,core,STUDIOS QUALITY TEAM/EXTERNAL TEAMS#1139
halo-infinite,772,Adam Frankenfeld,,QA,SOFTWARE TEST ENGINEERS,,EXPERIS,core,STUDIOS QUALITY TEAM/EXTERNAL TEAMS#1140
halo-infinite,773,Daniel Frey,,QA,SOFTWARE TEST ENGINEERS,,EXPERIS,core,STUDIOS QUALITY TEAM/EXTERNAL TEAMS#1141
halo-infinite,774,Landon Greene,,QA,SOFTWARE TEST ENGINEERS,,EXPERIS,core,STUDIOS QUALITY TEAM/EXTERNAL TEAMS#1142
halo-infinite,775,AJ Helling,,QA,SOFTWARE TEST ENGINEERS,,EXPERIS,core,STUDIOS QUALITY TEAM/EXTERNAL TEAMS#1143
halo-infinite,776,Dallas Holmstead,,QA,SOFTWARE TEST ENGINEERS,,EXPERIS,core,STUDIOS QUALITY TEAM/EXTERNAL TEAMS#1144
halo-infinite,777,Andrew Hotzler,,QA,SOFTWARE TEST ENGINEERS,,EXPERIS,core,STUDIOS QUALITY TEAM/EXTERNAL TEAMS#1145
halo-infinite,778,Matthew Igaz,,QA,SOFTWARE TEST ENGINEERS,,EXPERIS,core,STUDIOS QUALITY TEAM/EXTERNAL TEAMS#1146
halo-infinite,779,Justin Ireland,,QA,SOFTWARE TEST ENGINEERS,,EXPERIS,core,STUDIOS QUALITY TEAM/EXTERNAL TEAMS#1147
halo-infinite,780,Drew Johnson,,QA,SOFTWARE TEST ENGINEERS,,EXPERIS,core,STUDIOS QUALITY TEAM/EXTERNAL TEAMS#1148
halo-infinite,781,Graylin Johnson,,QA,SOFTWARE TEST ENGINEERS,,EXPERIS,core,STUDIOS QUALITY TEAM/EXTERNAL TEAMS#1149
halo-infinite,782,Scott Johnson,,QA,SOFTWARE TEST ENGINEERS,,EXPERIS,core,STUDIOS QUALITY TEAM/EXTERNAL TEAMS#1150
halo-infinite,783,Joseph Keigher,,QA,SOFTWARE TEST ENGINEERS,,EXPERIS,core,STUDIOS QUALITY TEAM/EXTERNAL TEAMS#1151
halo-infinite,784,Nathan Kellams,,QA,SOFTWARE TEST ENGINEERS,,EXPERIS,core,STUDIOS QUALITY TEAM/EXTERNAL TEAMS#1152
halo-infinite,785,Kylor Kersavage,,QA,SOFTWARE TEST ENGINEERS,,EXPERIS,core,STUDIOS QUALITY TEAM/EXTERNAL TEAMS#1153
halo-infinite,786,Daniel Koons,,QA,SOFTWARE TEST ENGINEERS,,EXPERIS,core,STUDIOS QUALITY TEAM/EXTERNAL TEAMS#1154
halo-infinite,787,Jonathan Lee,,QA,SOFTWARE TEST ENGINEERS,,EXPERIS,core,STUDIOS QUALITY TEAM/EXTERNAL TEAMS#1155
halo-infinite,788,Jared Lesczynski,,QA,SOFTWARE TEST ENGINEERS,,EXPERIS,core,STUDIOS QUALITY TEAM/EXTERNAL TEAMS#1156
halo-infinite,789,Murphy Lucas,,QA,SOFTWARE TEST ENGINEERS,,EXPERIS,core,STUDIOS QUALITY TEAM/EXTERNAL TEAMS#1157
halo-infinite,790,Matt Lyons,,QA,SOFTWARE TEST ENGINEERS,,EXPERIS,core,STUDIOS QUALITY TEAM/EXTERNAL TEAMS#1158
halo-infinite,791,Shaun Martin,,QA,SOFTWARE TEST ENGINEERS,,EXPERIS,core,STUDIOS QUALITY TEAM/EXTERNAL TEAMS#1159
halo-infinite,792,Liam Makowski,,QA,SOFTWARE TEST ENGINEERS,,INSIGHT GLOBAL,core,STUDIOS QUALITY TEAM/EXTERNAL TEAMS#1160
halo-infinite,793,Daniel Maret III,,QA,SOFTWARE TEST ENGINEERS,,EXPERIS,core,STUDIOS QUALITY TEAM/EXTERNAL TEAMS#1161
halo-infinite,794,Don McKenzie,,QA,SOFTWARE TEST ENGINEERS,,INSIGHT GLOBAL,core,STUDIOS QUALITY TEAM/EXTERNAL TEAMS#1162
halo-infinite,795,Thomas McMahon,,QA,SOFTWARE TEST ENGINEERS,,EXPERIS,core,STUDIOS QUALITY TEAM/EXTERNAL TEAMS#1163
halo-infinite,796,Aaron Medina,,QA,SOFTWARE TEST ENGINEERS,,EXPERIS,core,STUDIOS QUALITY TEAM/EXTERNAL TEAMS#1164
halo-infinite,797,Jessie Medlin,,QA,SOFTWARE TEST ENGINEERS,,EXPERIS,core,STUDIOS QUALITY TEAM/EXTERNAL TEAMS#1165
halo-infinite,798,Reed Mosby,,QA,SOFTWARE TEST ENGINEERS,,EXPERIS,core,STUDIOS QUALITY TEAM/EXTERNAL TEAMS#1166
halo-infinite,799,Jesse Moser,,QA,SOFTWARE TEST ENGINEERS,,EXPERIS,core,STUDIOS QUALITY TEAM/EXTERNAL TEAMS#1167
halo-infinite,800,Kyle O'Dell,,QA,SOFTWARE TEST ENGINEERS,,EXPERIS,core,STUDIOS QUALITY TEAM/EXTERNAL TEAMS#1168
halo-infinite,801,Mikaela Reed,,QA,SOFTWARE TEST ENGINEERS,,EXPERIS,core,STUDIOS QUALITY TEAM/EXTERNAL TEAMS#1169
halo-infinite,802,Rob Reidburn,,QA,SOFTWARE TEST ENGINEERS,,INSIGHT GLOBAL,core,STUDIOS QUALITY TEAM/EXTERNAL TEAMS#1170
halo-infinite,803,Jose Rivera-Zambrano,,QA,SOFTWARE TEST ENGINEERS,,EXPERIS,core,STUDIOS QUALITY TEAM/EXTERNAL TEAMS#1171
halo-infinite,804,David Rodriguez,,QA,SOFTWARE TEST ENGINEERS,,EXPERIS,core,STUDIOS QUALITY TEAM/EXTERNAL TEAMS#1172
halo-infinite,805,Deven Roshala,,QA,SOFTWARE TEST ENGINEERS,,EXPERIS,core,STUDIOS QUALITY TEAM/EXTERNAL TEAMS#1173
halo-infinite,806,Dalton Ross,,QA,SOFTWARE TEST ENGINEERS,,EXPERIS,core,STUDIOS QUALITY TEAM/EXTERNAL TEAMS#1174
halo-infinite,807,Eric Saxon,,QA,SOFTWARE TEST ENGINEERS,,EXPERIS,core,STUDIOS QUALITY TEAM/EXTERNAL TEAMS#1175
halo-infinite,808,Jacob Shadwick,,QA,SOFTWARE TEST ENGINEERS,,EXPERIS,core,STUDIOS QUALITY TEAM/EXTERNAL TEAMS#1176
halo-infinite,809,Jared Smith,,QA,SOFTWARE TEST ENGINEERS,,INSIGHT GLOBAL,core,STUDIOS QUALITY TEAM/EXTERNAL TEAMS#1177
halo-infinite,810,Nicholas Starner,,QA,SOFTWARE TEST ENGINEERS,,EXPERIS,core,STUDIOS QUALITY TEAM/EXTERNAL TEAMS#1178
halo-infinite,811,Russell Swinhart,,QA,SOFTWARE TEST ENGINEERS,,EXPERIS,core,STUDIOS QUALITY TEAM/EXTERNAL TEAMS#1179
halo-infinite,812,Gunner Tutokey,,QA,SOFTWARE TEST ENGINEERS,,EXPERIS,core,STUDIOS QUALITY TEAM/EXTERNAL TEAMS#1180
halo-infinite,813,Arklan Uth Oslin,,QA,SOFTWARE TEST ENGINEERS,,EXPERIS,core,STUDIOS QUALITY TEAM/EXTERNAL TEAMS#1181
halo-infinite,814,Drewes Van Der Bleek,,QA,SOFTWARE TEST ENGINEERS,,EXPERIS,core,STUDIOS QUALITY TEAM/EXTERNAL TEAMS#1182
halo-infinite,815,Kevin Vander Horn,,QA,SOFTWARE TEST ENGINEERS,,EXPERIS,core,STUDIOS QUALITY TEAM/EXTERNAL TEAMS#1183
halo-infinite,816,Christian Vaughn,,QA,SOFTWARE TEST ENGINEERS,,INSIGHT GLOBAL,core,STUDIOS QUALITY TEAM/EXTERNAL TEAMS#1184
halo-infinite,817,Matthew Waldner,,QA,SOFTWARE TEST ENGINEERS,,EXPERIS,core,STUDIOS QUALITY TEAM/EXTERNAL TEAMS#1185
halo-infinite,818,Robert Wampner,,QA,SOFTWARE TEST ENGINEERS,,EXPERIS,core,STUDIOS QUALITY TEAM/EXTERNAL TEAMS#1186
halo-infinite,819,David Wilbur,,QA,SOFTWARE TEST ENGINEERS,,EXPERIS,core,STUDIOS QUALITY TEAM/EXTERNAL TEAMS#1187
halo-infinite,820,Richard Withrow,,QA,SOFTWARE TEST ENGINEERS,,EXPERIS,core,STUDIOS QUALITY TEAM/EXTERNAL TEAMS#1188
halo-infinite,821,Calvin Yoon,,QA,SOFTWARE TEST ENGINEERS,,EXPERIS,core,STUDIOS QUALITY TEAM/EXTERNAL TEAMS#1189
halo-infinite,822,John Adams,,QA,DATA ANALYSTS,,EXPERIS,core,STUDIOS QUALITY TEAM/EXTERNAL TEAMS#1191
halo-infinite,823,Elizabeth Yskes,,QA,DATA ANALYSTS,,EXPERIS,core,STUDIOS QUALITY TEAM/EXTERNAL TEAMS#1192
halo-infinite,824,Alexander Vue,,QA,DATA ANALYSTS,,EXPERIS,core,STUDIOS QUALITY TEAM/EXTERNAL TEAMS#1193
halo-infinite,825,Jessica Aaron,,QA,TEST ASSOCIATES,,EXPERIS,core,STUDIOS QUALITY TEAM/EXTERNAL TEAMS#1195
halo-infinite,826,Salvatore Abbott,,QA,TEST ASSOCIATES,,EXPERIS,core,STUDIOS QUALITY TEAM/EXTERNAL TEAMS#1196
halo-infinite,827,Chaz Acuna,,QA,TEST ASSOCIATES,,EXPERIS,core,STUDIOS QUALITY TEAM/EXTERNAL TEAMS#1197
halo-infinite,828,Jim Alvarez,,QA,TEST ASSOCIATES,,EXPERIS,core,STUDIOS QUALITY TEAM/EXTERNAL TEAMS#1198
halo-infinite,829,Derrick Ambri,,QA,TEST ASSOCIATES,,EXPERIS,core,STUDIOS QUALITY TEAM/EXTERNAL TEAMS#1199
halo-infinite,830,Matthew Ambrosecchio,,QA,TEST ASSOCIATES,,EXPERIS,core,STUDIOS QUALITY TEAM/EXTERNAL TEAMS#1200
halo-infinite,831,Evan Armstrong,,QA,TEST ASSOCIATES,,EXPERIS,core,STUDIOS QUALITY TEAM/EXTERNAL TEAMS#1201
halo-infinite,832,Ian Atherton,,QA,TEST ASSOCIATES,,EXPERIS,core,STUDIOS QUALITY TEAM/EXTERNAL TEAMS#1202
halo-infinite,833,Miguel Ayala,,QA,TEST ASSOCIATES,,EXPERIS,core,STUDIOS QUALITY TEAM/EXTERNAL TEAMS#1203
halo-infinite,834,Joseph Baca,,QA,TEST ASSOCIATES,,EXPERIS,core,STUDIOS QUALITY TEAM/EXTERNAL TEAMS#1204
halo-infinite,835,Sebastian Baeza Zamora,,QA,TEST ASSOCIATES,,EXPERIS,core,STUDIOS QUALITY TEAM/EXTERNAL TEAMS#1205
halo-infinite,836,Adam Barnette,,QA,TEST ASSOCIATES,,EXPERIS,core,STUDIOS QUALITY TEAM/EXTERNAL TEAMS#1206
halo-infinite,837,Jacob Barr,,QA,TEST ASSOCIATES,,EXPERIS,core,STUDIOS QUALITY TEAM/EXTERNAL TEAMS#1207
halo-infinite,838,James Beauchamp,,QA,TEST ASSOCIATES,,EXPERIS,core,STUDIOS QUALITY TEAM/EXTERNAL TEAMS#1208
halo-infinite,839,Nicholas Bird,,QA,TEST ASSOCIATES,,EXPERIS,core,STUDIOS QUALITY TEAM/EXTERNAL TEAMS#1209
halo-infinite,840,Matthew Birmingham,,QA,TEST ASSOCIATES,,EXPERIS,core,STUDIOS QUALITY TEAM/EXTERNAL TEAMS#1210
halo-infinite,841,Ty Black,,QA,TEST ASSOCIATES,,EXPERIS,core,STUDIOS QUALITY TEAM/EXTERNAL TEAMS#1211
halo-infinite,842,Pali Bobby,,QA,TEST ASSOCIATES,,EXPERIS,core,STUDIOS QUALITY TEAM/EXTERNAL TEAMS#1212
halo-infinite,843,Marcus Bourland,,QA,TEST ASSOCIATES,,EXPERIS,core,STUDIOS QUALITY TEAM/EXTERNAL TEAMS#1213
halo-infinite,844,Mitchell Bouwens,,QA,TEST ASSOCIATES,,EXPERIS,core,STUDIOS QUALITY TEAM/EXTERNAL TEAMS#1214
halo-infinite,845,Jordan Brown,,QA,TEST ASSOCIATES,,EXPERIS,core,STUDIOS QUALITY TEAM/EXTERNAL TEAMS#1215
halo-infinite,846,Larry Brown Jr,,QA,TEST ASSOCIATES,,EXPERIS,core,STUDIOS QUALITY TEAM/EXTERNAL TEAMS#1216
halo-infinite,847,Kyle Brunson,,QA,TEST ASSOCIATES,,EXPERIS,core,STUDIOS QUALITY TEAM/EXTERNAL TEAMS#1217
halo-infinite,848,Donovan Burks,,QA,TEST ASSOCIATES,,EXPERIS,core,STUDIOS QUALITY TEAM/EXTERNAL TEAMS#1218
halo-infinite,849,Kyle Bussoli,,QA,TEST ASSOCIATES,,EXPERIS,core,STUDIOS QUALITY TEAM/EXTERNAL TEAMS#1219
halo-infinite,850,Carlos Bustelo Diaz,,QA,TEST ASSOCIATES,,EXPERIS,core,STUDIOS QUALITY TEAM/EXTERNAL TEAMS#1220
halo-infinite,851,Cyrus Bustos,,QA,TEST ASSOCIATES,,EXPERIS,core,STUDIOS QUALITY TEAM/EXTERNAL TEAMS#1221
halo-infinite,852,Daniel Byers,,QA,TEST ASSOCIATES,,EXPERIS,core,STUDIOS QUALITY TEAM/EXTERNAL TEAMS#1222
halo-infinite,853,Dominic Cabezzas,,QA,TEST ASSOCIATES,,EXPERIS,core,STUDIOS QUALITY TEAM/EXTERNAL TEAMS#1223
halo-infinite,854,Tingjun Cai,,QA,TEST ASSOCIATES,,EXPERIS,core,STUDIOS QUALITY TEAM/EXTERNAL TEAMS#1224
halo-infinite,855,Brendan Calpin,,QA,TEST ASSOCIATES,,EXPERIS,core,STUDIOS QUALITY TEAM/EXTERNAL TEAMS#1225
halo-infinite,856,Tristian Campbell,,QA,TEST ASSOCIATES,,EXPERIS,core,STUDIOS QUALITY TEAM/EXTERNAL TEAMS#1226
halo-infinite,857,Sebastian Carraway-Rhodes,,QA,TEST ASSOCIATES,,EXPERIS,core,STUDIOS QUALITY TEAM/EXTERNAL TEAMS#1227
halo-infinite,858,Kiplan Case,,QA,TEST ASSOCIATES,,EXPERIS,core,STUDIOS QUALITY TEAM/EXTERNAL TEAMS#1228
halo-infinite,859,Cody Castona,,QA,TEST ASSOCIATES,,EXPERIS,core,STUDIOS QUALITY TEAM/EXTERNAL TEAMS#1229
halo-infinite,860,Jonathan Castro Chico,,QA,TEST ASSOCIATES,,INSIGHT GLOBAL,core,STUDIOS QUALITY TEAM/EXTERNAL TEAMS#1230
halo-infinite,861,Gabriel Castro Jr,,QA,TEST ASSOCIATES,,EXPERIS,core,STUDIOS QUALITY TEAM/EXTERNAL TEAMS#1231
halo-infinite,862,Shukari Cato,,QA,TEST ASSOCIATES,,EXPERIS,core,STUDIOS QUALITY TEAM/EXTERNAL TEAMS#1232
halo-infinite,863,Kade Cenatiempo,,QA,TEST ASSOCIATES,,EXPERIS,core,STUDIOS QUALITY TEAM/EXTERNAL TEAMS#1233
halo-infinite,864,Andrew Chacon,,QA,TEST ASSOCIATES,,EXPERIS,core,STUDIOS QUALITY TEAM/EXTERNAL TEAMS#1234
halo-infinite,865,Jonathon Chavez,,QA,TEST ASSOCIATES,,EXPERIS,core,STUDIOS QUALITY TEAM/EXTERNAL TEAMS#1235
halo-infinite,866,Tekisha Chee,,QA,TEST ASSOCIATES,,EXPERIS,core,STUDIOS QUALITY TEAM/EXTERNAL TEAMS#1236
halo-infinite,867,Kayla Cherry,,QA,TEST ASSOCIATES,,EXPERIS,core,STUDIOS QUALITY TEAM/EXTERNAL TEAMS#1237
halo-infinite,868,Rachel Clark,,QA,TEST ASSOCIATES,,EXPERIS,core,STUDIOS QUALITY TEAM/EXTERNAL TEAMS#1238
halo-infinite,869,Andrew Clarke,,QA,TEST ASSOCIATES,,EXPERIS,core,STUDIOS QUALITY TEAM/EXTERNAL TEAMS#1239
halo-infinite,870,Tristan Coleman,,QA,TEST ASSOCIATES,,EXPERIS,core,STUDIOS QUALITY TEAM/EXTERNAL TEAMS#1240
halo-infinite,871,Seamus Connolly,,QA,TEST ASSOCIATES,,EXPERIS,core,STUDIOS QUALITY TEAM/EXTERNAL TEAMS#1241
halo-infinite,872,Jeffrey Cook,,QA,TEST ASSOCIATES,,EXPERIS,core,STUDIOS QUALITY TEAM/EXTERNAL TEAMS#1242
halo-infinite,873,Josh Corn,,QA,TEST ASSOCIATES,,EXPERIS,core,STUDIOS QUALITY TEAM/EXTERNAL TEAMS#1243
halo-infinite,874,Ceres Coronado,,QA,TEST ASSOCIATES,,EXPERIS,core,STUDIOS QUALITY TEAM/EXTERNAL TEAMS#1244
halo-infinite,875,Hector Correa,,QA,TEST ASSOCIATES,,EXPERIS,core,STUDIOS QUALITY TEAM/EXTERNAL TEAMS#1245
halo-infinite,876,Jared Coulston,,QA,TEST ASSOCIATES,,EXPERIS,core,STUDIOS QUALITY TEAM/EXTERNAL TEAMS#1246
halo-infinite,877,Jacob Daher,,QA,TEST ASSOCIATES,,EXPERIS,core,STUDIOS QUALITY TEAM/EXTERNAL TEAMS#1247
halo-infinite,878,Justin Darrington,,QA,TEST ASSOCIATES,,EXPERIS,core,STUDIOS QUALITY TEAM/EXTERNAL TEAMS#1248
halo-infinite,879,Vincent Darrington,,QA,TEST ASSOCIATES,,EXPERIS,core,STUDIOS QUALITY TEAM/EXTERNAL TEAMS#1249
halo-infinite,880,Christopher Davis,,QA,TEST ASSOCIATES,,EXPERIS,core,STUDIOS QUALITY TEAM/EXTERNAL TEAMS#1250
halo-infinite,881,Dalrek Davis,,QA,TEST ASSOCIATES,,EXPERIS,core,STUDIOS QUALITY TEAM/EXTERNAL TEAMS#1251
halo-infinite,882,Jeff Davis,,QA,TEST ASSOCIATES,,EXPERIS,core,STUDIOS QUALITY TEAM/EXTERNAL TEAMS#1252
halo-infinite,883,Jeffrey Davis,,QA,TEST ASSOCIATES,,EXPERIS,core,STUDIOS QUALITY TEAM/EXTERNAL TEAMS#1253
halo-infinite,884,Kelsey Davis,,QA,TEST ASSOCIATES,,EXPERIS,core,STUDIOS QUALITY TEAM/EXTERNAL TEAMS#1254
halo-infinite,885,Gerardo De La Cruz Rivera,,QA,TEST ASSOCIATES,,EXPERIS,core,STUDIOS QUALITY TEAM/EXTERNAL TEAMS#1255
halo-infinite,886,Derek DeHoogh,,QA,TEST ASSOCIATES,,EXPERIS,core,STUDIOS QUALITY TEAM/EXTERNAL TEAMS#1256
halo-infinite,887,Hunter Derrick,,QA,TEST ASSOCIATES,,EXPERIS,core,STUDIOS QUALITY TEAM/EXTERNAL TEAMS#1257
halo-infinite,888,Anthony Do,,QA,TEST ASSOCIATES,,EXPERIS,core,STUDIOS QUALITY TEAM/EXTERNAL TEAMS#1258
halo-infinite,889,Wyatt Dooley,,QA,TEST ASSOCIATES,,EXPERIS,core,STUDIOS QUALITY TEAM/EXTERNAL TEAMS#1259
halo-infinite,890,Calvin Downer-Miller,,QA,TEST ASSOCIATES,,EXPERIS,core,STUDIOS QUALITY TEAM/EXTERNAL TEAMS#1260
halo-infinite,891,Kathleen Dugan,,QA,TEST ASSOCIATES,,EXPERIS,core,STUDIOS QUALITY TEAM/EXTERNAL TEAMS#1261
halo-infinite,892,Jerrod Dutcher,,QA,TEST ASSOCIATES,,EXPERIS,core,STUDIOS QUALITY TEAM/EXTERNAL TEAMS#1262
halo-infinite,893,Taylor Edwards,,QA,TEST ASSOCIATES,,EXPERIS,core,STUDIOS QUALITY TEAM/EXTERNAL TEAMS#1263
halo-infinite,894,Jack Ehrler,,QA,TEST ASSOCIATES,,EXPERIS,core,STUDIOS QUALITY TEAM/EXTERNAL TEAMS#1264
halo-infinite,895,Nicholas Ekimoto,,QA,TEST ASSOCIATES,,EXPERIS,core,STUDIOS QUALITY TEAM/EXTERNAL TEAMS#1265
halo-infinite,896,Jarrod Evans,,QA,TEST ASSOCIATES,,EXPERIS,core,STUDIOS QUALITY TEAM/EXTERNAL TEAMS#1266
halo-infinite,897,Dakota Falk,,QA,TEST ASSOCIATES,,EXPERIS,core,STUDIOS QUALITY TEAM/EXTERNAL TEAMS#1267
halo-infinite,898,Jodi Feaster,,QA,TEST ASSOCIATES,,EXPERIS,core,STUDIOS QUALITY TEAM/EXTERNAL TEAMS#1268
halo-infinite,899,Terry Fedder,,QA,TEST ASSOCIATES,,EXPERIS,core,STUDIOS QUALITY TEAM/EXTERNAL TEAMS#1269
halo-infinite,900,Maria Felix Vega,,QA,TEST ASSOCIATES,,EXPERIS,core,STUDIOS QUALITY TEAM/EXTERNAL TEAMS#1270
halo-infinite,901,Presley Felker,,QA,TEST ASSOCIATES,,EXPERIS,core,STUDIOS QUALITY TEAM/EXTERNAL TEAMS#1271
halo-infinite,902,Jason Fernandez,,QA,TEST ASSOCIATES,,EXPERIS,core,STUDIOS QUALITY TEAM/EXTERNAL TEAMS#1272
halo-infinite,903,Tim Ferrin,,QA,TEST ASSOCIATES,,EXPERIS,core,STUDIOS QUALITY TEAM/EXTERNAL TEAMS#1273
halo-infinite,904,Tevya Fowler,,QA,TEST ASSOCIATES,,EXPERIS,core,STUDIOS QUALITY TEAM/EXTERNAL TEAMS#1274
halo-infinite,905,Skyler Foxx,,QA,TEST ASSOCIATES,,EXPERIS,core,STUDIOS QUALITY TEAM/EXTERNAL TEAMS#1275
halo-infinite,906,Tylar Frater,,QA,TEST ASSOCIATES,,EXPERIS,core,STUDIOS QUALITY TEAM/EXTERNAL TEAMS#1276
halo-infinite,907,Kenneth Frueh,,QA,TEST ASSOCIATES,,EXPERIS,core,STUDIOS QUALITY TEAM/EXTERNAL TEAMS#1277
halo-infinite,908,Jake Fusco,,QA,TEST ASSOCIATES,,EXPERIS,core,STUDIOS QUALITY TEAM/EXTERNAL TEAMS#1278
halo-infinite,909,Alyse Galor,,QA,TEST ASSOCIATES,,EXPERIS,core,STUDIOS QUALITY TEAM/EXTERNAL TEAMS#1279
halo-infinite,910,Christopher Garcia,,QA,TEST ASSOCIATES,,EXPERIS,core,STUDIOS QUALITY TEAM/EXTERNAL TEAMS#1280
halo-infinite,911,Jordan Garvey,,QA,TEST ASSOCIATES,,EXPERIS,core,STUDIOS QUALITY TEAM/EXTERNAL TEAMS#1281
halo-infinite,912,Tori Gasca,,QA,TEST ASSOCIATES,,EXPERIS,core,STUDIOS QUALITY TEAM/EXTERNAL TEAMS#1282
halo-infinite,913,Kyle Gedemer,,QA,TEST ASSOCIATES,,EXPERIS,core,STUDIOS QUALITY TEAM/EXTERNAL TEAMS#1283
halo-infinite,914,Hayden Gibson,,QA,TEST ASSOCIATES,,EXPERIS,core,STUDIOS QUALITY TEAM/EXTERNAL TEAMS#1284
halo-infinite,915,Jacob Giles,,QA,TEST ASSOCIATES,,EXPERIS,core,STUDIOS QUALITY TEAM/EXTERNAL TEAMS#1285
halo-infinite,916,Zachary Girgenti,,QA,TEST ASSOCIATES,,EXPERIS,core,STUDIOS QUALITY TEAM/EXTERNAL TEAMS#1286
halo-infinite,917,Christopher Glock,,QA,TEST ASSOCIATES,,EXPERIS,core,STUDIOS QUALITY TEAM/EXTERNAL TEAMS#1287
halo-infinite,918,Kayla Godard,,QA,TEST ASSOCIATES,,EXPERIS,core,STUDIOS QUALITY TEAM/EXTERNAL TEAMS#1288
halo-infinite,919,James Goddard,,QA,TEST ASSOCIATES,,EXPERIS,core,STUDIOS QUALITY TEAM/EXTERNAL TEAMS#1289
halo-infinite,920,Ian Goldsmith,,QA,TEST ASSOCIATES,,EXPERIS,core,STUDIOS QUALITY TEAM/EXTERNAL TEAMS#1290
halo-infinite,921,Anthony Golovin,,QA,TEST ASSOCIATES,,EXPERIS,core,STUDIOS QUALITY TEAM/EXTERNAL TEAMS#1291
halo-infinite,922,Jose Gonzalez,,QA,TEST ASSOCIATES,,EXPERIS,core,STUDIOS QUALITY TEAM/EXTERNAL TEAMS#1292
halo-infinite,923,Xavier Gonzalez,,QA,TEST ASSOCIATES,,EXPERIS,core,STUDIOS QUALITY TEAM/EXTERNAL TEAMS#1293
halo-infinite,924,Cameron Goodrow,,QA,TEST ASSOCIATES,,EXPERIS,core,STUDIOS QUALITY TEAM/EXTERNAL TEAMS#1294
halo-infinite,925,Jennifer Green,,QA,TEST ASSOCIATES,,EXPERIS,core,STUDIOS QUALITY TEAM/EXTERNAL TEAMS#1295
halo-infinite,926,Landon Greene,,QA,TEST ASSOCIATES,,EXPERIS,core,STUDIOS QUALITY TEAM/EXTERNAL TEAMS#1296
halo-infinite,927,Patrick Gresko,,QA,TEST ASSOCIATES,,EXPERIS,core,STUDIOS QUALITY TEAM/EXTERNAL TEAMS#1297
halo-infinite,928,Jesse Griefenberg,,QA,TEST ASSOCIATES,,EXPERIS,core,STUDIOS QUALITY TEAM/EXTERNAL TEAMS#1298
halo-infinite,929,Jimmy Griffin,,QA,TEST ASSOCIATES,,EXPERIS,core,STUDIOS QUALITY TEAM/EXTERNAL TEAMS#1299
halo-infinite,930,Gunnar Grismore,,QA,TEST ASSOCIATES,,EXPERIS,core,STUDIOS QUALITY TEAM/EXTERNAL TEAMS#1300
halo-infinite,931,Derek Gruber,,QA,TEST ASSOCIATES,,INSIGHT GLOBAL,core,STUDIOS QUALITY TEAM/EXTERNAL TEAMS#1301
halo-infinite,932,David Guilland,,QA,TEST ASSOCIATES,,EXPERIS,core,STUDIOS QUALITY TEAM/EXTERNAL TEAMS#1302
halo-infinite,933,Brady Hagan,,QA,TEST ASSOCIATES,,EXPERIS,core,STUDIOS QUALITY TEAM/EXTERNAL TEAMS#1303
halo-infinite,934,Iris Hager,,QA,TEST ASSOCIATES,,EXPERIS,core,STUDIOS QUALITY TEAM/EXTERNAL TEAMS#1304
halo-infinite,935,Trevor Hale,,QA,TEST ASSOCIATES,,LIONBRIDGE TECHNOLOGIES,core,STUDIOS QUALITY TEAM/EXTERNAL TEAMS#1305
halo-infinite,936,Brooke Hamel,,QA,TEST ASSOCIATES,,EXPERIS,core,STUDIOS QUALITY TEAM/EXTERNAL TEAMS#1306
halo-infinite,937,Jared Hargiss,,QA,TEST ASSOCIATES,,EXPERIS,core,STUDIOS QUALITY TEAM/EXTERNAL TEAMS#1307
halo-infinite,938,Tyler Harper,,QA,TEST ASSOCIATES,,EXPERIS,core,STUDIOS QUALITY TEAM/EXTERNAL TEAMS#1308
halo-infinite,939,Spencer Hayes,,QA,TEST ASSOCIATES,,EXPERIS,core,STUDIOS QUALITY TEAM/EXTERNAL TEAMS#1309
halo-infinite,940,Zakery Haynes,,QA,TEST ASSOCIATES,,EXPERIS,core,STUDIOS QUALITY TEAM/EXTERNAL TEAMS#1310
halo-infinite,941,Stefan Heinsen,,QA,TEST ASSOCIATES,,INSIGHT GLOBAL,core,STUDIOS QUALITY TEAM/EXTERNAL TEAMS#1311
halo-infinite,942,Adrian Helling,,QA,TEST ASSOCIATES,,EXPERIS,core,STUDIOS QUALITY TEAM/EXTERNAL TEAMS#1312
halo-infinite,943,Lillian Hellning,,QA,TEST ASSOCIATES,,EXPERIS,core,STUDIOS QUALITY TEAM/EXTERNAL TEAMS#1313
halo-infinite,944,Michael Hensley,,QA,TEST ASSOCIATES,,EXPERIS,core,STUDIOS QUALITY TEAM/EXTERNAL TEAMS#1314
halo-infinite,945,Jordan Heredia,,QA,TEST ASSOCIATES,,EXPERIS,core,STUDIOS QUALITY TEAM/EXTERNAL TEAMS#1315
halo-infinite,946,Stefany Hernandez,,QA,TEST ASSOCIATES,,EXPERIS,core,STUDIOS QUALITY TEAM/EXTERNAL TEAMS#1316
halo-infinite,947,Chad Hernandez-Cole,,QA,TEST ASSOCIATES,,EXPERIS,core,STUDIOS QUALITY TEAM/EXTERNAL TEAMS#1317
halo-infinite,948,Austin Herrington,,QA,TEST ASSOCIATES,,EXPERIS,core,STUDIOS QUALITY TEAM/EXTERNAL TEAMS#1318
halo-infinite,949,Arik Higbee,,QA,TEST ASSOCIATES,,EXPERIS,core,STUDIOS QUALITY TEAM/EXTERNAL TEAMS#1319
halo-infinite,950,Jordan Higgins,,QA,TEST ASSOCIATES,,EXPERIS,core,STUDIOS QUALITY TEAM/EXTERNAL TEAMS#1320
halo-infinite,951,Andrew Hodge,,QA,TEST ASSOCIATES,,EXPERIS,core,STUDIOS QUALITY TEAM/EXTERNAL TEAMS#1321
halo-infinite,952,Brett Hoffmann,,QA,TEST ASSOCIATES,,EXPERIS,core,STUDIOS QUALITY TEAM/EXTERNAL TEAMS#1322
halo-infinite,953,Lucas Houchin-Miller,,QA,TEST ASSOCIATES,,EXPERIS,core,STUDIOS QUALITY TEAM/EXTERNAL TEAMS#1323
halo-infinite,954,Taim Howard,,QA,TEST ASSOCIATES,,EXPERIS,core,STUDIOS QUALITY TEAM/EXTERNAL TEAMS#1324
halo-infinite,955,Ariel Hoyos,,QA,TEST ASSOCIATES,,EXPERIS,core,STUDIOS QUALITY TEAM/EXTERNAL TEAMS#1325
halo-infinite,956,Eric Hsu,,QA,TEST ASSOCIATES,,EXPERIS,core,STUDIOS QUALITY TEAM/EXTERNAL TEAMS#1326
halo-infinite,957,Andreas Istrate,,QA,TEST ASSOCIATES,,EXPERIS,core,STUDIOS QUALITY TEAM/EXTERNAL TEAMS#1327
halo-infinite,958,Kyle Izu,,QA,TEST ASSOCIATES,,EXPERIS,core,STUDIOS QUALITY TEAM/EXTERNAL TEAMS#1328
halo-infinite,959,Bradley Jakubek,,QA,TEST ASSOCIATES,,EXPERIS,core,STUDIOS QUALITY TEAM/EXTERNAL TEAMS#1329
halo-infinite,960,Tristan James,,QA,TEST ASSOCIATES,,EXPERIS,core,STUDIOS QUALITY TEAM/EXTERNAL TEAMS#1330
halo-infinite,961,Owen Jascoe,,QA,TEST ASSOCIATES,,EXPERIS,core,STUDIOS QUALITY TEAM/EXTERNAL TEAMS#1331
halo-infinite,962,Cole Jeffries,,QA,TEST ASSOCIATES,,EXPERIS,core,STUDIOS QUALITY TEAM/EXTERNAL TEAMS#1332
halo-infinite,963,Joshua Jenkins,,QA,TEST ASSOCIATES,,LIONBRIDGE TECHNOLOGIES,core,STUDIOS QUALITY TEAM/EXTERNAL TEAMS#1333
halo-infinite,964,Bob Jensen,,QA,TEST ASSOCIATES,,EXPERIS,core,STUDIOS QUALITY TEAM/EXTERNAL TEAMS#1334
halo-infinite,965,Erika L. Johnson,,QA,TEST ASSOCIATES,,EXPERIS,core,STUDIOS QUALITY TEAM/EXTERNAL TEAMS#1335
halo-infinite,966,Jeremy Johnson,,QA,TEST ASSOCIATES,,EXPERIS,core,STUDIOS QUALITY TEAM/EXTERNAL TEAMS#1336
halo-infinite,967,McKinley Johnson,,QA,TEST ASSOCIATES,,EXPERIS,core,STUDIOS QUALITY TEAM/EXTERNAL TEAMS#1337
halo-infinite,968,Sheila Johnson,,QA,TEST ASSOCIATES,,EXPERIS,core,STUDIOS QUALITY TEAM/EXTERNAL TEAMS#1338
halo-infinite,969,Michael Jolly,,QA,TEST ASSOCIATES,,EXPERIS,core,STUDIOS QUALITY TEAM/EXTERNAL TEAMS#1339
halo-infinite,970,Gabriela Juarez,,QA,TEST ASSOCIATES,,EXPERIS,core,STUDIOS QUALITY TEAM/EXTERNAL TEAMS#1340
halo-infinite,971,Kevin Kaneta,,QA,TEST ASSOCIATES,,EXPERIS,core,STUDIOS QUALITY TEAM/EXTERNAL TEAMS#1341
halo-infinite,972,Cody Keagle,,QA,TEST ASSOCIATES,,EXPERIS,core,STUDIOS QUALITY TEAM/EXTERNAL TEAMS#1342
halo-infinite,973,Austin Keeling,,QA,TEST ASSOCIATES,,EXPERIS,core,STUDIOS QUALITY TEAM/EXTERNAL TEAMS#1343
halo-infinite,974,Ashliegh Kimes,,QA,TEST ASSOCIATES,,EXPERIS,core,STUDIOS QUALITY TEAM/EXTERNAL TEAMS#1344
halo-infinite,975,Jonathan Kinsley,,QA,TEST ASSOCIATES,,EXPERIS,core,STUDIOS QUALITY TEAM/EXTERNAL TEAMS#1345
halo-infinite,976,John Kinzey,,QA,TEST ASSOCIATES,,EXPERIS,core,STUDIOS QUALITY TEAM/EXTERNAL TEAMS#1346
halo-infinite,977,Daniel Kohler,,QA,TEST ASSOCIATES,,INSIGHT GLOBAL,core,STUDIOS QUALITY TEAM/EXTERNAL TEAMS#1347
halo-infinite,978,Diddy M Kolodziej,,QA,TEST ASSOCIATES,,EXPERIS,core,STUDIOS QUALITY TEAM/EXTERNAL TEAMS#1348
halo-infinite,979,Amber Lamb,,QA,TEST ASSOCIATES,,EXPERIS,core,STUDIOS QUALITY TEAM/EXTERNAL TEAMS#1349
halo-infinite,980,Carlos Landabazo,,QA,TEST ASSOCIATES,,EXPERIS,core,STUDIOS QUALITY TEAM/EXTERNAL TEAMS#1350
halo-infinite,981,Adam Landry,,QA,TEST ASSOCIATES,,EXPERIS,core,STUDIOS QUALITY TEAM/EXTERNAL TEAMS#1351
halo-infinite,982,Naomi Lane,,QA,TEST ASSOCIATES,,EXPERIS,core,STUDIOS QUALITY TEAM/EXTERNAL TEAMS#1352
halo-infinite,983,Anton Lang,,QA,TEST ASSOCIATES,,EXPERIS,core,STUDIOS QUALITY TEAM/EXTERNAL TEAMS#1353
halo-infinite,984,Stephanie Lara,,QA,TEST ASSOCIATES,,EXPERIS,core,STUDIOS QUALITY TEAM/EXTERNAL TEAMS#1354
halo-infinite,985,Johnny Le,,QA,TEST ASSOCIATES,,INSIGHT GLOBAL,core,STUDIOS QUALITY TEAM/EXTERNAL TEAMS#1355
halo-infinite,986,Eddie Lipan,,QA,TEST ASSOCIATES,,EXPERIS,core,STUDIOS QUALITY TEAM/EXTERNAL TEAMS#1356
halo-infinite,987,Jessica Livengood,,QA,TEST ASSOCIATES,,EXPERIS,core,STUDIOS QUALITY TEAM/EXTERNAL TEAMS#1357
halo-infinite,988,Jason Lovett,,QA,TEST ASSOCIATES,,EXPERIS,core,STUDIOS QUALITY TEAM/EXTERNAL TEAMS#1358
halo-infinite,989,Matthew Low,,QA,TEST ASSOCIATES,,EXPERIS,core,STUDIOS QUALITY TEAM/EXTERNAL TEAMS#1359
halo-infinite,990,Nathan Lubetsky,,QA,TEST ASSOCIATES,,EXPERIS,core,STUDIOS QUALITY TEAM/EXTERNAL TEAMS#1360
halo-infinite,991,Ryan Lucas,,QA,TEST ASSOCIATES,,EXPERIS,core,STUDIOS QUALITY TEAM/EXTERNAL TEAMS#1361
halo-infinite,992,Liam Lutton,,QA,TEST ASSOCIATES,,EXPERIS,core,STUDIOS QUALITY TEAM/EXTERNAL TEAMS#1362
halo-infinite,993,Tony Ma,,QA,TEST ASSOCIATES,,EXPERIS,core,STUDIOS QUALITY TEAM/EXTERNAL TEAMS#1363
halo-infinite,994,Timothy Mansfield,,QA,TEST ASSOCIATES,,EXPERIS,core,STUDIOS QUALITY TEAM/EXTERNAL TEAMS#1364
halo-infinite,995,Matthew Maas,,QA,TEST ASSOCIATES,,EXPERIS,core,STUDIOS QUALITY TEAM/EXTERNAL TEAMS#1365
halo-infinite,996,Nicholas Marcantel,,QA,TEST ASSOCIATES,,EXPERIS,core,STUDIOS QUALITY TEAM/EXTERNAL TEAMS#1366
halo-infinite,997,Dimitri Marroquin,,QA,TEST ASSOCIATES,,EXPERIS,core,STUDIOS QUALITY TEAM/EXTERNAL TEAMS#1367
halo-infinite,998,Logan Marshall-Medlock,,QA,TEST ASSOCIATES,,EXPERIS,core,STUDIOS QUALITY TEAM/EXTERNAL TEAMS#1368
halo-infinite,999,Zackery Maser,,QA,TEST ASSOCIATES,,EXPERIS,core,STUDIOS QUALITY TEAM/EXTERNAL TEAMS#1369
halo-infinite,1000,James Mathieu Jr,,QA,TEST ASSOCIATES,,EXPERIS,core,STUDIOS QUALITY TEAM/EXTERNAL TEAMS#1370
halo-infinite,1001,Cole Mattfeldt,,QA,TEST ASSOCIATES,,EXPERIS,core,STUDIOS QUALITY TEAM/EXTERNAL TEAMS#1371
halo-infinite,1002,Jacob McAlear,,QA,TEST ASSOCIATES,,EXPERIS,core,STUDIOS QUALITY TEAM/EXTERNAL TEAMS#1372
halo-infinite,1003,Seth McAllister,,QA,TEST ASSOCIATES,,EXPERIS,core,STUDIOS QUALITY TEAM/EXTERNAL TEAMS#1373
halo-infinite,1004,Keegan McCoy,,QA,TEST ASSOCIATES,,EXPERIS,core,STUDIOS QUALITY TEAM/EXTERNAL TEAMS#1374
halo-infinite,1005,Devon McGuigan,,QA,TEST ASSOCIATES,,EXPERIS,core,STUDIOS QUALITY TEAM/EXTERNAL TEAMS#1375
halo-infinite,1006,Ezequiel Medrano Corrales,,QA,TEST ASSOCIATES,,EXPERIS,core,STUDIOS QUALITY TEAM/EXTERNAL TEAMS#1376
halo-infinite,1007,James Medway,,QA,TEST ASSOCIATES,,EXPERIS,core,STUDIOS QUALITY TEAM/EXTERNAL TEAMS#1377
halo-infinite,1008,Jessie Mendoza,,QA,TEST ASSOCIATES,,EXPERIS,core,STUDIOS QUALITY TEAM/EXTERNAL TEAMS#1378
halo-infinite,1009,Adrian Merino-Ruperez,,QA,TEST ASSOCIATES,,LIONBRIDGE TECHNOLOGIES,core,STUDIOS QUALITY TEAM/EXTERNAL TEAMS#1379
halo-infinite,1010,Brennon Miller,,QA,TEST ASSOCIATES,,EXPERIS,core,STUDIOS QUALITY TEAM/EXTERNAL TEAMS#1380
halo-infinite,1011,Bri Mills,,QA,TEST ASSOCIATES,,EXPERIS,core,STUDIOS QUALITY TEAM/EXTERNAL TEAMS#1381
halo-infinite,1012,Millard Milsap,,QA,TEST ASSOCIATES,,EXPERIS,core,STUDIOS QUALITY TEAM/EXTERNAL TEAMS#1382
halo-infinite,1013,Cory Miltimore,,QA,TEST ASSOCIATES,,EXPERIS,core,STUDIOS QUALITY TEAM/EXTERNAL TEAMS#1383
halo-infinite,1014,Kyntrell Mitchell-Vaughn,,QA,TEST ASSOCIATES,,EXPERIS,core,STUDIOS QUALITY TEAM/EXTERNAL TEAMS#1384
halo-infinite,1015,Dashawn Moe,,QA,TEST ASSOCIATES,,EXPERIS,core,STUDIOS QUALITY TEAM/EXTERNAL TEAMS#1385
halo-infinite,1016,Dimitri Molzen,,QA,TEST ASSOCIATES,,EXPERIS,core,STUDIOS QUALITY TEAM/EXTERNAL TEAMS#1386
halo-infinite,1017,Reynaldo Montelongo,,QA,TEST ASSOCIATES,,EXPERIS,core,STUDIOS QUALITY TEAM/EXTERNAL TEAMS#1387
halo-infinite,1018,Raul Montes,,QA,TEST ASSOCIATES,,EXPERIS,core,STUDIOS QUALITY TEAM/EXTERNAL TEAMS#1388
halo-infinite,1019,Naomi Moone,,QA,TEST ASSOCIATES,,EXPERIS,core,STUDIOS QUALITY TEAM/EXTERNAL TEAMS#1389
halo-infinite,1020,Ryan Moore,,QA,TEST ASSOCIATES,,EXPERIS,core,STUDIOS QUALITY TEAM/EXTERNAL TEAMS#1390
halo-infinite,1021,Carlos Morales,,QA,TEST ASSOCIATES,,EXPERIS,core,STUDIOS QUALITY TEAM/EXTERNAL TEAMS#1391
halo-infinite,1022,Richard Moretti,,QA,TEST ASSOCIATES,,EXPERIS,core,STUDIOS QUALITY TEAM/EXTERNAL TEAMS#1392
halo-infinite,1023,Jeremy Morhaime,,QA,TEST ASSOCIATES,,EXPERIS,core,STUDIOS QUALITY TEAM/EXTERNAL TEAMS#1393
halo-infinite,1024,Rayce Mortensen,,QA,TEST ASSOCIATES,,EXPERIS,core,STUDIOS QUALITY TEAM/EXTERNAL TEAMS#1394
halo-infinite,1025,Scott Murphy,,QA,TEST ASSOCIATES,,EXPERIS,core,STUDIOS QUALITY TEAM/EXTERNAL TEAMS#1395
halo-infinite,1026,Carter Navarrete,,QA,TEST ASSOCIATES,,EXPERIS,core,STUDIOS QUALITY TEAM/EXTERNAL TEAMS#1396
halo-infinite,1027,Tevin Nicholson,,QA,TEST ASSOCIATES,,EXPERIS,core,STUDIOS QUALITY TEAM/EXTERNAL TEAMS#1397
halo-infinite,1028,Devin Nickelson,,QA,TEST ASSOCIATES,,EXPERIS,core,STUDIOS QUALITY TEAM/EXTERNAL TEAMS#1398
halo-infinite,1029,Zachary Nightingale,,QA,TEST ASSOCIATES,,EXPERIS,core,STUDIOS QUALITY TEAM/EXTERNAL TEAMS#1399
halo-infinite,1030,Ryan Nolan,,QA,TEST ASSOCIATES,,EXPERIS,core,STUDIOS QUALITY TEAM/EXTERNAL TEAMS#1400
halo-infinite,1031,Thomas Norman,,QA,TEST ASSOCIATES,,EXPERIS,core,STUDIOS QUALITY TEAM/EXTERNAL TEAMS#1401
halo-infinite,1032,Michael Northam,,QA,TEST ASSOCIATES,,EXPERIS,core,STUDIOS QUALITY TEAM/EXTERNAL TEAMS#1402
halo-infinite,1033,Brandon Nutt,,QA,TEST ASSOCIATES,,EXPERIS,core,STUDIOS QUALITY TEAM/EXTERNAL TEAMS#1403
halo-infinite,1034,Edel Ojeda,,QA,TEST ASSOCIATES,,EXPERIS,core,STUDIOS QUALITY TEAM/EXTERNAL TEAMS#1404
halo-infinite,1035,Jonathan Okleberry,,QA,TEST ASSOCIATES,,EXPERIS,core,STUDIOS QUALITY TEAM/EXTERNAL TEAMS#1405
halo-infinite,1036,Eric Olsen,,QA,TEST ASSOCIATES,,EXPERIS,core,STUDIOS QUALITY TEAM/EXTERNAL TEAMS#1406
halo-infinite,1037,Arianna Ordona,,QA,TEST ASSOCIATES,,EXPERIS,core,STUDIOS QUALITY TEAM/EXTERNAL TEAMS#1407
halo-infinite,1038,Keith Ottaway,,QA,TEST ASSOCIATES,,EXPERIS,core,STUDIOS QUALITY TEAM/EXTERNAL TEAMS#1408
halo-infinite,1039,Lilly Pankow,,QA,TEST ASSOCIATES,,EXPERIS,core,STUDIOS QUALITY TEAM/EXTERNAL TEAMS#1409
halo-infinite,1040,Marion Pascal,,QA,TEST ASSOCIATES,,EXPERIS,core,STUDIOS QUALITY TEAM/EXTERNAL TEAMS#1410
halo-infinite,1041,Ritik Patel,,QA,TEST ASSOCIATES,,EXPERIS,core,STUDIOS QUALITY TEAM/EXTERNAL TEAMS#1411
halo-infinite,1042,Vivek Patel,,QA,TEST ASSOCIATES,,EXPERIS,core,STUDIOS QUALITY TEAM/EXTERNAL TEAMS#1412
halo-infinite,1043,Darylle Pedrosa,,QA,TEST ASSOCIATES,,EXPERIS,core,STUDIOS QUALITY TEAM/EXTERNAL TEAMS#1413
halo-infinite,1044,George Persaud,,QA,TEST ASSOCIATES,,EXPERIS,core,STUDIOS QUALITY TEAM/EXTERNAL TEAMS#1414
halo-infinite,1045,John Pickens,,QA,TEST ASSOCIATES,,EXPERIS,core,STUDIOS QUALITY TEAM/EXTERNAL TEAMS#1415
halo-infinite,1046,Anthony Polenzani,,QA,TEST ASSOCIATES,,EXPERIS,core,STUDIOS QUALITY TEAM/EXTERNAL TEAMS#1416
halo-infinite,1047,Jacob Portugal,,QA,TEST ASSOCIATES,,EXPERIS,core,STUDIOS QUALITY TEAM/EXTERNAL TEAMS#1417
halo-infinite,1048,Andrea Pratt,,QA,TEST ASSOCIATES,,EXPERIS,core,STUDIOS QUALITY TEAM/EXTERNAL TEAMS#1418
halo-infinite,1049,David Pratt,,QA,TEST ASSOCIATES,,EXPERIS,core,STUDIOS QUALITY TEAM/EXTERNAL TEAMS#1419
halo-infinite,1050,Andrew Presley,,QA,TEST ASSOCIATES,,LIONBRIDGE TECHNOLOGIES,core,STUDIOS QUALITY TEAM/EXTERNAL TEAMS#1420
halo-infinite,1051,Charles Quinn,,QA,TEST ASSOCIATES,,EXPERIS,core,STUDIOS QUALITY TEAM/EXTERNAL TEAMS#1421
halo-infinite,1052,Matthew Ralston,,QA,TEST ASSOCIATES,,LIONBRIDGE TECHNOLOGIES,core,STUDIOS QUALITY TEAM/EXTERNAL TEAMS#1422
halo-infinite,1053,Santi Ramos-Cabanillas,,QA,TEST ASSOCIATES,,EXPERIS,core,STUDIOS QUALITY TEAM/EXTERNAL TEAMS#1423
halo-infinite,1054,Drake Ramsdall,,QA,TEST ASSOCIATES,,EXPERIS,core,STUDIOS QUALITY TEAM/EXTERNAL TEAMS#1424
halo-infinite,1055,Jordan Rathburn,,QA,TEST ASSOCIATES,,EXPERIS,core,STUDIOS QUALITY TEAM/EXTERNAL TEAMS#1425
halo-infinite,1056,Marquise Reaves,,QA,TEST ASSOCIATES,,EXPERIS,core,STUDIOS QUALITY TEAM/EXTERNAL TEAMS#1426
halo-infinite,1057,George Reed,,QA,TEST ASSOCIATES,,EXPERIS,core,STUDIOS QUALITY TEAM/EXTERNAL TEAMS#1427
halo-infinite,1058,Vincent Reilly,,QA,TEST ASSOCIATES,,EXPERIS,core,STUDIOS QUALITY TEAM/EXTERNAL TEAMS#1428
halo-infinite,1059,Dustin Rexroat,,QA,TEST ASSOCIATES,,EXPERIS,core,STUDIOS QUALITY TEAM/EXTERNAL TEAMS#1429
halo-infinite,1060,Geoffrey Riggs Jr,,QA,TEST ASSOCIATES,,EXPERIS,core,STUDIOS QUALITY TEAM/EXTERNAL TEAMS#1430
halo-infinite,1061,Jake Rigsby,,QA,TEST ASSOCIATES,,EXPERIS,core,STUDIOS QUALITY TEAM/EXTERNAL TEAMS#1431
halo-infinite,1062,Hector Rivera Jr,,QA,TEST ASSOCIATES,,EXPERIS,core,STUDIOS QUALITY TEAM/EXTERNAL TEAMS#1432
halo-infinite,1063,Jose Rivera,,QA,TEST ASSOCIATES,,EXPERIS,core,STUDIOS QUALITY TEAM/EXTERNAL TEAMS#1433
halo-infinite,1064,David Rizzo,,QA,TEST ASSOCIATES,,EXPERIS,core,STUDIOS QUALITY TEAM/EXTERNAL TEAMS#1434
halo-infinite,1065,Madeline Robins,,QA,TEST ASSOCIATES,,EXPERIS,core,STUDIOS QUALITY TEAM/EXTERNAL TEAMS#1435
halo-infinite,1066,Evan Rodabaugh,,QA,TEST ASSOCIATES,,EXPERIS,core,STUDIOS QUALITY TEAM/EXTERNAL TEAMS#1436
halo-infinite,1067,Jacob Rodriguez,,QA,TEST ASSOCIATES,,EXPERIS,core,STUDIOS QUALITY TEAM/EXTERNAL TEAMS#1437
halo-infinite,1068,Walter Rognrud,,QA,TEST ASSOCIATES,,EXPERIS,core,STUDIOS QUALITY TEAM/EXTERNAL TEAMS#1438
halo-infinite,1069,Jeffrey Rojas,,QA,TEST ASSOCIATES,,EXPERIS,core,STUDIOS QUALITY TEAM/EXTERNAL TEAMS#1439
halo-infinite,1070,Kendyl Romero,,QA,TEST ASSOCIATES,,EXPERIS,core,STUDIOS QUALITY TEAM/EXTERNAL TEAMS#1440
halo-infinite,1071,Kaytie Rose,,QA,TEST ASSOCIATES,,EXPERIS,core,STUDIOS QUALITY TEAM/EXTERNAL TEAMS#1441
halo-infinite,1072,Ashlyn J Rosefeld,,QA,TEST ASSOCIATES,,EXPERIS,core,STUDIOS QUALITY TEAM/EXTERNAL TEAMS#1442
halo-infinite,1073,Jacob Rosenow,,QA,TEST ASSOCIATES,,EXPERIS,core,STUDIOS QUALITY TEAM/EXTERNAL TEAMS#1443
halo-infinite,1074,Charles Rothgeb,,QA,TEST ASSOCIATES,,EXPERIS,core,STUDIOS QUALITY TEAM/EXTERNAL TEAMS#1444
halo-infinite,1075,Zachary Rubenstein,,QA,TEST ASSOCIATES,,EXPERIS,core,STUDIOS QUALITY TEAM/EXTERNAL TEAMS#1445
halo-infinite,1076,Tobi Ruiz,,QA,TEST ASSOCIATES,,EXPERIS,core,STUDIOS QUALITY TEAM/EXTERNAL TEAMS#1446
halo-infinite,1077,Hannah Russ,,QA,TEST ASSOCIATES,,EXPERIS,core,STUDIOS QUALITY TEAM/EXTERNAL TEAMS#1447
halo-infinite,1078,Michael Ryan,,QA,TEST ASSOCIATES,,EXPERIS,core,STUDIOS QUALITY TEAM/EXTERNAL TEAMS#1448
halo-infinite,1079,Lucy Sadowski,,QA,TEST ASSOCIATES,,LIONBRIDGE TECHNOLOGIES,core,STUDIOS QUALITY TEAM/EXTERNAL TEAMS#1449
halo-infinite,1080,Josh Sager,,QA,TEST ASSOCIATES,,EXPERIS,core,STUDIOS QUALITY TEAM/EXTERNAL TEAMS#1450
halo-infinite,1081,Isaiah Sanchez,,QA,TEST ASSOCIATES,,EXPERIS,core,STUDIOS QUALITY TEAM/EXTERNAL TEAMS#1451
halo-infinite,1082,Kurt Sandstrom,,QA,TEST ASSOCIATES,,EXPERIS,core,STUDIOS QUALITY TEAM/EXTERNAL TEAMS#1452
halo-infinite,1083,Trevor Sargent,,QA,TEST ASSOCIATES,,EXPERIS,core,STUDIOS QUALITY TEAM/EXTERNAL TEAMS#1453
halo-infinite,1084,Ian Schmidt,,QA,TEST ASSOCIATES,,EXPERIS,core,STUDIOS QUALITY TEAM/EXTERNAL TEAMS#1454
halo-infinite,1085,Simon J Schwartz,,QA,TEST ASSOCIATES,,EXPERIS,core,STUDIOS QUALITY TEAM/EXTERNAL TEAMS#1455
halo-infinite,1086,Dominic Sciortino,,QA,TEST ASSOCIATES,,EXPERIS,core,STUDIOS QUALITY TEAM/EXTERNAL TEAMS#1456
halo-infinite,1087,Erika Scott,,QA,TEST ASSOCIATES,,EXPERIS,core,STUDIOS QUALITY TEAM/EXTERNAL TEAMS#1457
halo-infinite,1088,Joshua Scott,,QA,TEST ASSOCIATES,,EXPERIS,core,STUDIOS QUALITY TEAM/EXTERNAL TEAMS#1458
halo-infinite,1089,Sidney Seidel,,QA,TEST ASSOCIATES,,EXPERIS,core,STUDIOS QUALITY TEAM/EXTERNAL TEAMS#1459
halo-infinite,1090,Remzey Sharif,,QA,TEST ASSOCIATES,,INSIGHT GLOBAL,core,STUDIOS QUALITY TEAM/EXTERNAL TEAMS#1460
halo-infinite,1091,Brian Sievers,,QA,TEST ASSOCIATES,,EXPERIS,core,STUDIOS QUALITY TEAM/EXTERNAL TEAMS#1461
halo-infinite,1092,Taylor Simmons,,QA,TEST ASSOCIATES,,EXPERIS,core,STUDIOS QUALITY TEAM/EXTERNAL TEAMS#1462
halo-infinite,1093,Chandler Simpson,,QA,TEST ASSOCIATES,,EXPERIS,core,STUDIOS QUALITY TEAM/EXTERNAL TEAMS#1463
halo-infinite,1094,Dillon Skiba,,QA,TEST ASSOCIATES,,EXPERIS,core,STUDIOS QUALITY TEAM/EXTERNAL TEAMS#1464
halo-infinite,1095,Ashley Smith,,QA,TEST ASSOCIATES,,EXPERIS,core,STUDIOS QUALITY TEAM/EXTERNAL TEAMS#1465
halo-infinite,1096,Joseph Smock,,QA,TEST ASSOCIATES,,EXPERIS,core,STUDIOS QUALITY TEAM/EXTERNAL TEAMS#1466
halo-infinite,1097,Lily Snyder,,QA,TEST ASSOCIATES,,EXPERIS,core,STUDIOS QUALITY TEAM/EXTERNAL TEAMS#1467
halo-infinite,1098,Kansas Spence,,QA,TEST ASSOCIATES,,EXPERIS,core,STUDIOS QUALITY TEAM/EXTERNAL TEAMS#1468
halo-infinite,1099,Jamaal Spencer,,QA,TEST ASSOCIATES,,EXPERIS,core,STUDIOS QUALITY TEAM/EXTERNAL TEAMS#1469
halo-infinite,1100,Jake Spiegel,,QA,TEST ASSOCIATES,,INSIGHT GLOBAL,core,STUDIOS QUALITY TEAM/EXTERNAL TEAMS#1470
halo-infinite,1101,Patrick Spranger,,QA,TEST ASSOCIATES,,EXPERIS,core,STUDIOS QUALITY TEAM/EXTERNAL TEAMS#1471
halo-infinite,1102,Maxwell Stalnaker,,QA,TEST ASSOCIATES,,EXPERIS,core,STUDIOS QUALITY TEAM/EXTERNAL TEAMS#1472
halo-infinite,1103,Noah Stavish,,QA,TEST ASSOCIATES,,EXPERIS,core,STUDIOS QUALITY TEAM/EXTERNAL TEAMS#1473
halo-infinite,1104,Max Stein,,QA,TEST ASSOCIATES,,EXPERIS,core,STUDIOS QUALITY TEAM/EXTERNAL TEAMS#1474
halo-infinite,1105,Emrys Stempien,,QA,TEST ASSOCIATES,,EXPERIS,core,STUDIOS QUALITY TEAM/EXTERNAL TEAMS#1475
halo-infinite,1106,Krist Stevens,,QA,TEST ASSOCIATES,,EXPERIS,core,STUDIOS QUALITY TEAM/EXTERNAL TEAMS#1476
halo-infinite,1107,Dakota Stoner,,QA,TEST ASSOCIATES,,EXPERIS,core,STUDIOS QUALITY TEAM/EXTERNAL TEAMS#1477
halo-infinite,1108,Christopher Storer,,QA,TEST ASSOCIATES,,EXPERIS,core,STUDIOS QUALITY TEAM/EXTERNAL TEAMS#1478
halo-infinite,1109,Jalee Strayhand,,QA,TEST ASSOCIATES,,EXPERIS,core,STUDIOS QUALITY TEAM/EXTERNAL TEAMS#1479
halo-infinite,1110,Daniel Strimel,,QA,TEST ASSOCIATES,,EXPERIS,core,STUDIOS QUALITY TEAM/EXTERNAL TEAMS#1480
halo-infinite,1111,Andrew Subject,,QA,TEST ASSOCIATES,,EXPERIS,core,STUDIOS QUALITY TEAM/EXTERNAL TEAMS#1481
halo-infinite,1112,Jacob Sweador,,QA,TEST ASSOCIATES,,EXPERIS,core,STUDIOS QUALITY TEAM/EXTERNAL TEAMS#1482
halo-infinite,1113,Phillip Tapia,,QA,TEST ASSOCIATES,,EXPERIS,core,STUDIOS QUALITY TEAM/EXTERNAL TEAMS#1483
halo-infinite,1114,Ian Taylor,,QA,TEST ASSOCIATES,,EXPERIS,core,STUDIOS QUALITY TEAM/EXTERNAL TEAMS#1484
halo-infinite,1115,Nic Taylor,,QA,TEST ASSOCIATES,,EXPERIS,core,STUDIOS QUALITY TEAM/EXTERNAL TEAMS#1485
halo-infinite,1116,James Thatcher,,QA,TEST ASSOCIATES,,EXPERIS,core,STUDIOS QUALITY TEAM/EXTERNAL TEAMS#1486
halo-infinite,1117,Brendan Thibodeau,,QA,TEST ASSOCIATES,,EXPERIS,core,STUDIOS QUALITY TEAM/EXTERNAL TEAMS#1487
halo-infinite,1118,James Thomas,,QA,TEST ASSOCIATES,,EXPERIS,core,STUDIOS QUALITY TEAM/EXTERNAL TEAMS#1488
halo-infinite,1119,Sandra Thomas,,QA,TEST ASSOCIATES,,EXPERIS,core,STUDIOS QUALITY TEAM/EXTERNAL TEAMS#1489
halo-infinite,1120,Freeman Thomason,,QA,TEST ASSOCIATES,,LIONBRIDGE TECHNOLOGIES,core,STUDIOS QUALITY TEAM/EXTERNAL TEAMS#1490
halo-infinite,1121,Joseph Thompson II,,QA,TEST ASSOCIATES,,EXPERIS,core,STUDIOS QUALITY TEAM/EXTERNAL TEAMS#1491
halo-infinite,1122,Kyle Tidrick,,QA,TEST ASSOCIATES,,EXPERIS,core,STUDIOS QUALITY TEAM/EXTERNAL TEAMS#1492
halo-infinite,1123,Ryan Tompkins,,QA,TEST ASSOCIATES,,INSIGHT GLOBAL,core,STUDIOS QUALITY TEAM/EXTERNAL TEAMS#1493
halo-infinite,1124,Marc Totaro,,QA,TEST ASSOCIATES,,EXPERIS,core,STUDIOS QUALITY TEAM/EXTERNAL TEAMS#1494
halo-infinite,1125,Austin Townley,,QA,TEST ASSOCIATES,,INSIGHT GLOBAL,core,STUDIOS QUALITY TEAM/EXTERNAL TEAMS#1495
halo-infinite,1126,Tyler Travaglio,,QA,TEST ASSOCIATES,,EXPERIS,core,STUDIOS QUALITY TEAM/EXTERNAL TEAMS#1496
halo-infinite,1127,Carlos Trejo-Juarez,,QA,TEST ASSOCIATES,,EXPERIS,core,STUDIOS QUALITY TEAM/EXTERNAL TEAMS#1497
halo-infinite,1128,Timothy Tsai,,QA,TEST ASSOCIATES,,EXPERIS,core,STUDIOS QUALITY TEAM/EXTERNAL TEAMS#1498
halo-infinite,1129,Michael Vargas,,QA,TEST ASSOCIATES,,EXPERIS,core,STUDIOS QUALITY TEAM/EXTERNAL TEAMS#1499
halo-infinite,1130,Christian Vazquez,,QA,TEST ASSOCIATES,,EXPERIS,core,STUDIOS QUALITY TEAM/EXTERNAL TEAMS#1500
halo-infinite,1131,Miguel Vega,,QA,TEST ASSOCIATES,,EXPERIS,core,STUDIOS QUALITY TEAM/EXTERNAL TEAMS#1501
halo-infinite,1132,Joshua Velasquez,,QA,TEST ASSOCIATES,,EXPERIS,core,STUDIOS QUALITY TEAM/EXTERNAL TEAMS#1502
halo-infinite,1133,Logan Waggener,,QA,TEST ASSOCIATES,,EXPERIS,core,STUDIOS QUALITY TEAM/EXTERNAL TEAMS#1503
halo-infinite,1134,Parker Waite,,QA,TEST ASSOCIATES,,INSIGHT GLOBAL,core,STUDIOS QUALITY TEAM/EXTERNAL TEAMS#1504
halo-infinite,1135,Dalton Watson,,QA,TEST ASSOCIATES,,EXPERIS,core,STUDIOS QUALITY TEAM/EXTERNAL TEAMS#1505
halo-infinite,1136,Coty Watts,,QA,TEST ASSOCIATES,,EXPERIS,core,STUDIOS QUALITY TEAM/EXTERNAL TEAMS#1506
halo-infinite,1137,Jesse Welch,,QA,TEST ASSOCIATES,,EXPERIS,core,STUDIOS QUALITY TEAM/EXTERNAL TEAMS#1507
halo-infinite,1138,Timothy Wells,,QA,TEST ASSOCIATES,,EXPERIS,core,STUDIOS QUALITY TEAM/EXTERNAL TEAMS#1508
halo-infinite,1139,Tori West,,QA,TEST ASSOCIATES,,EXPERIS,core,STUDIOS QUALITY TEAM/EXTERNAL TEAMS#1509
halo-infinite,1140,Ben Wetrich,,QA,TEST ASSOCIATES,,EXPERIS,core,STUDIOS QUALITY TEAM/EXTERNAL TEAMS#1510
halo-infinite,1141,Nathaniel White,,QA,TEST ASSOCIATES,,EXPERIS,core,STUDIOS QUALITY TEAM/EXTERNAL TEAMS#1511
halo-infinite,1142,Stefanie White,,QA,TEST ASSOCIATES,,EXPERIS,core,STUDIOS QUALITY TEAM/EXTERNAL TEAMS#1512
halo-infinite,1143,Marco Whittet,,QA,TEST ASSOCIATES,,EXPERIS,core,STUDIOS QUALITY TEAM/EXTERNAL TEAMS#1513
halo-infinite,1144,Kyle Willer,,QA,TEST ASSOCIATES,,EXPERIS,core,STUDIOS QUALITY TEAM/EXTERNAL TEAMS#1514
halo-infinite,1145,Aaron Wilson,,QA,TEST ASSOCIATES,,INSIGHT GLOBAL,core,STUDIOS QUALITY TEAM/EXTERNAL TEAMS#1515
halo-infinite,1146,Marissa Williams,,QA,TEST ASSOCIATES,,EXPERIS,core,STUDIOS QUALITY TEAM/EXTERNAL TEAMS#1516
halo-infinite,1147,Frank Winfield,,QA,TEST ASSOCIATES,,INSIGHT GLOBAL,core,STUDIOS QUALITY TEAM/EXTERNAL TEAMS#1517
halo-infinite,1148,Brady Winter,,QA,TEST ASSOCIATES,,INSIGHT GLOBAL,core,STUDIOS QUALITY TEAM/EXTERNAL TEAMS#1518
halo-infinite,1149,Franziska Wischmann,,QA,TEST ASSOCIATES,,EXPERIS,core,STUDIOS QUALITY TEAM/EXTERNAL TEAMS#1519
halo-infinite,1150,Nathan Wolf,,QA,TEST ASSOCIATES,,EXPERIS,core,STUDIOS QUALITY TEAM/EXTERNAL TEAMS#1520
halo-infinite,1151,Clint Wolff,,QA,TEST ASSOCIATES,,EXPERIS,core,STUDIOS QUALITY TEAM/EXTERNAL TEAMS#1521
halo-infinite,1152,Eric Woo,,QA,TEST ASSOCIATES,,EXPERIS,core,STUDIOS QUALITY TEAM/EXTERNAL TEAMS#1522
halo-infinite,1153,Chandler Wood,,QA,TEST ASSOCIATES,,EXPERIS,core,STUDIOS QUALITY TEAM/EXTERNAL TEAMS#1523
halo-infinite,1154,Andrew Wooldridge,,QA,TEST ASSOCIATES,,EXPERIS,core,STUDIOS QUALITY TEAM/EXTERNAL TEAMS#1524
halo-infinite,1155,David Wu,,QA,TEST ASSOCIATES,,EXPERIS,core,STUDIOS QUALITY TEAM/EXTERNAL TEAMS#1525
halo-infinite,1156,David Yoon,,QA,TEST ASSOCIATES,,EXPERIS,core,STUDIOS QUALITY TEAM/EXTERNAL TEAMS#1526
halo-infinite,1157,David Zamudio,,QA,TEST ASSOCIATES,,EXPERIS,core,STUDIOS QUALITY TEAM/EXTERNAL TEAMS#1527
halo-infinite,1158,Jaymi Zamudio,,QA,TEST ASSOCIATES,,EXPERIS,core,STUDIOS QUALITY TEAM/EXTERNAL TEAMS#1528
halo-infinite,1159,Santiago Zarate Jr,,QA,TEST ASSOCIATES,,EXPERIS,core,STUDIOS QUALITY TEAM/EXTERNAL TEAMS#1529
halo-infinite,1160,Joseph Harford,,Art,CEO,,Airship Images,core,OUTSOURCE PARTNERS/CHARACTER ART#1535
halo-infinite,1161,Declan Paul,,Art,COO,,Airship Images,core,OUTSOURCE PARTNERS/CHARACTER ART#1536
halo-infinite,1162,Craig Albeck,,Art,CHARACTER ARTISTS,,Airship Images,core,OUTSOURCE PARTNERS/CHARACTER ART#1538
halo-infinite,1163,Tomos Hywel Evans,,Art,CHARACTER ARTISTS,,Airship Images,core,OUTSOURCE PARTNERS/CHARACTER ART#1539
halo-infinite,1164,Drew Whitmore,,Art,CONCEPT ART LEAD,,Atomhawk,core,OUTSOURCE PARTNERS/CONCEPT ART#1544
halo-infinite,1165,Phil Booth,,Art,CONCEPT ARTSTS,,Atomhawk,core,OUTSOURCE PARTNERS/CONCEPT ART#1546
halo-infinite,1166,Mack Chater,,Art,CONCEPT ARTSTS,,Atomhawk,core,OUTSOURCE PARTNERS/CONCEPT ART#1547
halo-infinite,1167,Kenneth Doronin,,Art,CONCEPT ARTSTS,,Atomhawk,core,OUTSOURCE PARTNERS/CONCEPT ART#1548
halo-infinite,1168,Marco Gorlei,,Art,CONCEPT ARTSTS,,Atomhawk,core,OUTSOURCE PARTNERS/CONCEPT ART#1549
halo-infinite,1169,Matthias Kapuvari,,Art,CONCEPT ARTSTS,,Atomhawk,core,OUTSOURCE PARTNERS/CONCEPT ART#1550
halo-infinite,1170,Corlen Kruger,,Art,CONCEPT ARTSTS,,Atomhawk,core,OUTSOURCE PARTNERS/CONCEPT ART#1551
halo-infinite,1171,Yaroslav Odnorogov,,Art,CONCEPT ARTSTS,,Atomhawk,core,OUTSOURCE PARTNERS/CONCEPT ART#1552
halo-infinite,1172,Mathias Osland,,Art,CONCEPT ARTSTS,,Atomhawk,core,OUTSOURCE PARTNERS/CONCEPT ART#1553
halo-infinite,1173,Morten Solgaard Pedersen,,Art,CONCEPT ARTSTS,,Atomhawk,core,OUTSOURCE PARTNERS/CONCEPT ART#1554
halo-infinite,1174,Jourdan Tuffan,,Art,CONCEPT ARTSTS,,Atomhawk,core,OUTSOURCE PARTNERS/CONCEPT ART#1555
halo-infinite,1175,Danielle Fellows,,Production,PRODUCTION,,Atomhawk,core,OUTSOURCE PARTNERS/PRODUCTION#1558
halo-infinite,1176,Becky Jackson,,Production,PRODUCTION,,Atomhawk,core,OUTSOURCE PARTNERS/PRODUCTION#1559
halo-infinite,1177,Will Lake,,Production,PRODUCTION,,Atomhawk,core,OUTSOURCE PARTNERS/PRODUCTION#1560
halo-infinite,1178,Doris Lechner,,Production,PRODUCTION,,Atomhawk,core,OUTSOURCE PARTNERS/PRODUCTION#1561
halo-infinite,1179,Emma McKenna,,Production,PRODUCTION,,Atomhawk,core,OUTSOURCE PARTNERS/PRODUCTION#1562
halo-infinite,1180,Shannon McLaughlin,,Production,PRODUCTION,,Atomhawk,core,OUTSOURCE PARTNERS/PRODUCTION#1563
halo-infinite,1181,Ron Ashtiani,,Other,MANAGEMENT,,Atomhawk,core,OUTSOURCE PARTNERS/MANAGEMENT#1566
halo-infinite,1182,Tim Wilson,,Other,MANAGEMENT,,Atomhawk,core,OUTSOURCE PARTNERS/MANAGEMENT#1567
halo-infinite,1183,Darren Yeomans,,Other,MANAGEMENT,,Atomhawk,core,OUTSOURCE PARTNERS/MANAGEMENT#1568
halo-infinite,1184,Dan Gilmore,,Design,UI LEAD,,Atomhawk,core,OUTSOURCE PARTNERS/UI#1571
halo-infinite,1185,Louis Byrne,,Design,UI LEAD,,Atomhawk,core,OUTSOURCE PARTNERS/UI#1572
halo-infinite,1186,Mike Howie,,Design,UI LEAD,,Atomhawk,core,OUTSOURCE PARTNERS/UI#1573
halo-infinite,1187,Lewis Wagstaff,,Design,UI LEAD,,Atomhawk,core,OUTSOURCE PARTNERS/UI#1574
halo-infinite,1188,Friedl Jooste,,Art,HEAD OF ANIMATION,,Axis Studios,core,OUTSOURCE PARTNERS/ANIMATION#1579
halo-infinite,1189,Kevin McDade,,Art,LEAD ANIMATOR,,Axis Studios,core,OUTSOURCE PARTNERS/ANIMATION#1581
halo-infinite,1190,Ciaran Dempsey,,Art,LEAD ANIMATOR,,Axis Studios,core,OUTSOURCE PARTNERS/ANIMATION#1582
halo-infinite,1191,Dani Calleja,,Art,ANIMATORS,,Axis Studios,core,OUTSOURCE PARTNERS/ANIMATION#1584
halo-infinite,1192,Eddie Chew,,Art,ANIMATORS,,Axis Studios,core,OUTSOURCE PARTNERS/ANIMATION#1585
halo-infinite,1193,Liam Corrie,,Art,ANIMATORS,,Axis Studios,core,OUTSOURCE PARTNERS/ANIMATION#1586
halo-infinite,1194,Stephen Cunningham,,Art,ANIMATORS,,Axis Studios,core,OUTSOURCE PARTNERS/ANIMATION#1587
halo-infinite,1195,Jose Domato,,Art,ANIMATORS,,Axis Studios,core,OUTSOURCE PARTNERS/ANIMATION#1588
halo-infinite,1196,Murray Mackenzie,,Art,ANIMATORS,,Axis Studios,core,OUTSOURCE PARTNERS/ANIMATION#1589
halo-infinite,1197,Laura MacMahon,,Art,ANIMATORS,,Axis Studios,core,OUTSOURCE PARTNERS/ANIMATION#1590
halo-infinite,1198,Luke Smith,,Art,ANIMATORS,,Axis Studios,core,OUTSOURCE PARTNERS/ANIMATION#1591
halo-infinite,1199,Lerm Wattanawongtrakool,,Art,ANIMATORS,,Axis Studios,core,OUTSOURCE PARTNERS/ANIMATION#1592
halo-infinite,1200,Daria Rashevskaya,,Art,Character,,Axis Studios,core,OUTSOURCE PARTNERS/Character#1596
halo-infinite,1201,René Aigner,,Other,Colour Scripts,,Axis Studios,core,OUTSOURCE PARTNERS/Colour Scripts#1599
halo-infinite,1202,Leon Tukker,,Art,Environments,,Axis Studios,core,OUTSOURCE PARTNERS/Environments#1602
halo-infinite,1203,Marina Ortega Lorente,,Other,Vehicles,,Axis Studios,core,OUTSOURCE PARTNERS/Vehicles#1605
halo-infinite,1204,Hudson Martins,,Other,HEAD OF FX,,Axis Studios,core,OUTSOURCE PARTNERS/FX#1608
halo-infinite,1205,Benoit Fillippin,,Art,FX ARTISTS,,Axis Studios,core,OUTSOURCE PARTNERS/FX#1610
halo-infinite,1206,David Lewander,,Art,FX ARTISTS,,Axis Studios,core,OUTSOURCE PARTNERS/FX#1611
halo-infinite,1207,Gabriel Neville,,Art,FX ARTISTS,,Axis Studios,core,OUTSOURCE PARTNERS/FX#1612
halo-infinite,1208,Sarayut Thomard,,Art,FX ARTISTS,,Axis Studios,core,OUTSOURCE PARTNERS/FX#1613
halo-infinite,1209,Caleb Bouchard,,Production,EXECUTIVE PRODUCERS,,Axis Studios,core,OUTSOURCE PARTNERS/PRODUCTION#1616
halo-infinite,1210,Laura Yeo,,Production,EXECUTIVE PRODUCERS,,Axis Studios,core,OUTSOURCE PARTNERS/PRODUCTION#1617
halo-infinite,1211,Rhona Scott,,Production,PRODUCTION MANAGER,,Axis Studios,core,OUTSOURCE PARTNERS/PRODUCTION#1619
halo-infinite,1212,Claire Buswell,,Production,PRODUCERS,,Axis Studios,core,OUTSOURCE PARTNERS/PRODUCTION#1621
halo-infinite,1213,Calum Hart,,Production,PRODUCERS,,Axis Studios,core,OUTSOURCE PARTNERS/PRODUCTION#1622
halo-infinite,1214,Sunrise Ishimwe,,Production,PRODUCERS,,Axis Studios,core,OUTSOURCE PARTNERS/PRODUCTION#1623
halo-infinite,1215,Maggie McCabe,,Production,PRODUCERS,,Axis Studios,core,OUTSOURCE PARTNERS/PRODUCTION#1624
halo-infinite,1216,Omari McCarthy,,Production,PRODUCERS,,Axis Studios,core,OUTSOURCE PARTNERS/PRODUCTION#1625
halo-infinite,1217,Leslie Thomas,,Production,PRODUCERS,,Axis Studios,core,OUTSOURCE PARTNERS/PRODUCTION#1626
halo-infinite,1218,Amy Ash,,Art,HEAD OF CHARACTERS & GROOM,,Axis Studios,core,OUTSOURCE PARTNERS/Characters#1630
halo-infinite,1219,Alex Stratulat,,Art,LEAD CHARACTER ARTISTS,,Axis Studios,core,OUTSOURCE PARTNERS/Characters#1632
halo-infinite,1220,Omid Moradi,,Art,LEAD CHARACTER ARTISTS,,Axis Studios,core,OUTSOURCE PARTNERS/Characters#1633
halo-infinite,1221,Camille Fourniols,,Art,LEAD GROOM ARTIST,,Axis Studios,core,OUTSOURCE PARTNERS/Characters#1635
halo-infinite,1222,Peter Nowacki,,Art,LEAD CHARACTER ARTIST - LOOKDEV,,Axis Studios,core,OUTSOURCE PARTNERS/Characters#1637
halo-infinite,1223,Kirill Boutourlin,,Art,CHARACTER ARTISTS,,Axis Studios,core,OUTSOURCE PARTNERS/Characters#1639
halo-infinite,1224,Elena Distefano,,Art,CHARACTER ARTISTS,,Axis Studios,core,OUTSOURCE PARTNERS/Characters#1640
halo-infinite,1225,Carl Forsberg,,Art,CHARACTER ARTISTS,,Axis Studios,core,OUTSOURCE PARTNERS/Characters#1641
halo-infinite,1226,Ivan Lopez,,Art,CHARACTER ARTISTS,,Axis Studios,core,OUTSOURCE PARTNERS/Characters#1642
halo-infinite,1227,Hamish Mitchell,,Art,CHARACTER ARTISTS,,Axis Studios,core,OUTSOURCE PARTNERS/Characters#1643
halo-infinite,1228,Bojin Shi,,Art,CHARACTER ARTISTS,,Axis Studios,core,OUTSOURCE PARTNERS/Characters#1644
halo-infinite,1229,Julen Urrutia,,Art,CHARACTER ARTISTS,,Axis Studios,core,OUTSOURCE PARTNERS/Characters#1645
halo-infinite,1230,Chris Livesey,,Art,LEAD ENVIRONMENTS ARTIST,,Axis Studios,core,OUTSOURCE PARTNERS/Environments#1648
halo-infinite,1231,Josef Bsharah,,Art,ENVIRONMENTS ARTISTS,,Axis Studios,core,OUTSOURCE PARTNERS/Environments#1650
halo-infinite,1232,Rafael Chies,,Art,ENVIRONMENTS ARTISTS,,Axis Studios,core,OUTSOURCE PARTNERS/Environments#1651
halo-infinite,1233,Robert Filipowicz,,Art,ENVIRONMENTS ARTISTS,,Axis Studios,core,OUTSOURCE PARTNERS/Environments#1652
halo-infinite,1234,Adrien Mingot,,Art,ENVIRONMENTS ARTISTS,,Axis Studios,core,OUTSOURCE PARTNERS/Environments#1653
halo-infinite,1235,Kazuya Tachibana,,Art,ENVIRONMENTS ARTISTS,,Axis Studios,core,OUTSOURCE PARTNERS/Environments#1654
halo-infinite,1236,Jakub Vondra,,Art,ENVIRONMENTS ARTISTS,,Axis Studios,core,OUTSOURCE PARTNERS/Environments#1655
halo-infinite,1237,Floyd Billingy,,Art,LEAD ENVIRONMENT & VEHICLE ARTIST,,Axis Studios,core,OUTSOURCE PARTNERS/Environments & Vehicles#1658
halo-infinite,1238,Leonardo Braz,,Art,ENVIRONMENT & VEHICLE ARTISTS,,Axis Studios,core,OUTSOURCE PARTNERS/Environments & Vehicles#1660
halo-infinite,1239,Dima Kremiansky,,Art,ENVIRONMENT & VEHICLE ARTISTS,,Axis Studios,core,OUTSOURCE PARTNERS/Environments & Vehicles#1661
halo-infinite,1240,Andrew Averkin,,Art,VEHICLE ARTISTS,,Axis Studios,core,OUTSOURCE PARTNERS/Vehicles#1664
halo-infinite,1241,Djordje Jovanovic,,Art,VEHICLE ARTISTS,,Axis Studios,core,OUTSOURCE PARTNERS/Vehicles#1665
halo-infinite,1242,Paul Pislea,,Art,VEHICLE ARTISTS,,Axis Studios,core,OUTSOURCE PARTNERS/Vehicles#1666
halo-infinite,1243,Arkadiusz Piwiec,,Art,VEHICLE ARTISTS,,Axis Studios,core,OUTSOURCE PARTNERS/Vehicles#1667
halo-infinite,1244,Philipp Buschauer,,Art,CFX ARTISTS,,Axis Studios,core,OUTSOURCE PARTNERS/CFX#1670
halo-infinite,1245,Chole Paton,,Art,CFX ARTISTS,,Axis Studios,core,OUTSOURCE PARTNERS/CFX#1671
halo-infinite,1246,Coline Siega,,Art,CFX ARTISTS,,Axis Studios,core,OUTSOURCE PARTNERS/CFX#1672
halo-infinite,1247,David Svenvall,,Art,CFX ARTISTS,,Axis Studios,core,OUTSOURCE PARTNERS/CFX#1673
halo-infinite,1248,Kevin Decatoire,,Art,DMP ARTISTS,,Axis Studios,core,OUTSOURCE PARTNERS/DIGITAL MATTE PAINTING#1676
halo-infinite,1249,Valentin Petrov,,Art,DMP ARTISTS,,Axis Studios,core,OUTSOURCE PARTNERS/DIGITAL MATTE PAINTING#1677
halo-infinite,1250,Louise McGregor,,Other,HEAD OF EDITORIAL,,Axis Studios,core,OUTSOURCE PARTNERS/EDITORIAL#1680
halo-infinite,1251,Duncan Formosa,,Other,EDITORS,,Axis Studios,core,OUTSOURCE PARTNERS/EDITORIAL#1682
halo-infinite,1252,Glyn Robinson,,Other,EDITORS,,Axis Studios,core,OUTSOURCE PARTNERS/EDITORIAL#1683
halo-infinite,1253,Ewan Wright,,Art,HEAD OF ENVIRONMENTS & LIGHTING,,Axis Studios,core,OUTSOURCE PARTNERS/LIGHTING & COMPOSITING#1686
halo-infinite,1254,Marco Doerner,,Art,LEAD LIGHTING & COMPOSITING ARTIST,,Axis Studios,core,OUTSOURCE PARTNERS/LIGHTING & COMPOSITING#1688
halo-infinite,1255,John Barclay,,Art,LIGHTING & COMPOSITING ARTISTS,,Axis Studios,core,OUTSOURCE PARTNERS/LIGHTING & COMPOSITING#1690
halo-infinite,1256,Mateo Bernard,,Art,LIGHTING & COMPOSITING ARTISTS,,Axis Studios,core,OUTSOURCE PARTNERS/LIGHTING & COMPOSITING#1691
halo-infinite,1257,Pablo Bosch,,Art,LIGHTING & COMPOSITING ARTISTS,,Axis Studios,core,OUTSOURCE PARTNERS/LIGHTING & COMPOSITING#1692
halo-infinite,1258,Liam Cramb,,Art,LIGHTING & COMPOSITING ARTISTS,,Axis Studios,core,OUTSOURCE PARTNERS/LIGHTING & COMPOSITING#1693
halo-infinite,1259,Jose Martinez,,Art,LIGHTING & COMPOSITING ARTISTS,,Axis Studios,core,OUTSOURCE PARTNERS/LIGHTING & COMPOSITING#1694
halo-infinite,1260,Alejandro More,,Art,LIGHTING & COMPOSITING ARTISTS,,Axis Studios,core,OUTSOURCE PARTNERS/LIGHTING & COMPOSITING#1695
halo-infinite,1261,Pawel Szklarski,,Art,LIGHTING & COMPOSITING ARTISTS,,Axis Studios,core,OUTSOURCE PARTNERS/LIGHTING & COMPOSITING#1696
halo-infinite,1262,Jens Wisser,,Art,LIGHTING & COMPOSITING ARTISTS,,Axis Studios,core,OUTSOURCE PARTNERS/LIGHTING & COMPOSITING#1697
halo-infinite,1263,Scott Yorke,,Art,LIGHTING & COMPOSITING ARTISTS,,Axis Studios,core,OUTSOURCE PARTNERS/LIGHTING & COMPOSITING#1698
halo-infinite,1264,Aurelien Hulot,,Other,Look Development,,Axis Studios,core,OUTSOURCE PARTNERS/Look Development#1701
halo-infinite,1265,Andrew Van Der Walt,,Art,LEAD LAYOUT ARTIST,,Axis Studios,core,OUTSOURCE PARTNERS/PREVIS#1704
halo-infinite,1266,Tito Fernandes,,Art,LAYOUT ARTISTS,,Axis Studios,core,OUTSOURCE PARTNERS/PREVIS#1706
halo-infinite,1267,Sofia Guix,,Art,LAYOUT ARTISTS,,Axis Studios,core,OUTSOURCE PARTNERS/PREVIS#1707
halo-infinite,1268,Amz Rattan,,Art,LAYOUT ARTISTS,,Axis Studios,core,OUTSOURCE PARTNERS/PREVIS#1708
halo-infinite,1269,Christian Smith,,Art,LAYOUT ARTISTS,,Axis Studios,core,OUTSOURCE PARTNERS/PREVIS#1709
halo-infinite,1270,Audiomotion,,Voice,MOTION CAPTURE VENDOR,,Axis Studios,core,OUTSOURCE PARTNERS/Motion Capture#1712
halo-infinite,1271,Chloe Campbell,,Other,RENDERING,,Axis Studios,core,OUTSOURCE PARTNERS/RENDERING#1715
halo-infinite,1272,Andrew Clunes,,Other,RENDERING,,Axis Studios,core,OUTSOURCE PARTNERS/RENDERING#1716
halo-infinite,1273,Will Pryor,,Other,HEAD OF RIGGING,,Axis Studios,core,OUTSOURCE PARTNERS/RIGGING#1719
halo-infinite,1274,Brenainn Jordan,,Art,LEAD RIGGING ARTIST,,Axis Studios,core,OUTSOURCE PARTNERS/RIGGING#1721
halo-infinite,1275,Markus Hadinger,,Art,RIGGING ARTISTS,,Axis Studios,core,OUTSOURCE PARTNERS/RIGGING#1723
halo-infinite,1277,Fiona Lynch,,Art,RIGGING ARTISTS,,Axis Studios,core,OUTSOURCE PARTNERS/RIGGING#1725
halo-infinite,1278,Yuri Muzyria,,Art,RIGGING ARTISTS,,Axis Studios,core,OUTSOURCE PARTNERS/RIGGING#1726
halo-infinite,1279,Claudio Quarra Sacco,,Art,RIGGING ARTISTS,,Axis Studios,core,OUTSOURCE PARTNERS/RIGGING#1727
halo-infinite,1280,Daniel R'Kaloo,,Art,RIGGING ARTISTS,,Axis Studios,core,OUTSOURCE PARTNERS/RIGGING#1728
halo-infinite,1281,Giovanni Simonato,,Art,RIGGING ARTISTS,,Axis Studios,core,OUTSOURCE PARTNERS/RIGGING#1729
halo-infinite,1282,Tom Beattie,,Other,RND,,Axis Studios,core,OUTSOURCE PARTNERS/RND#1732
halo-infinite,1283,Pontsho Maseko,,Other,RND,,Axis Studios,core,OUTSOURCE PARTNERS/RND#1733
halo-infinite,1284,Jamie Murray,,Other,RND,,Axis Studios,core,OUTSOURCE PARTNERS/RND#1734
halo-infinite,1285,Jon Beeston,,Art,ART DIRECTORS,,Axis Studios,core,OUTSOURCE PARTNERS/Art#1738
halo-infinite,1286,Milan Nikolic,,Art,ART DIRECTORS,,Axis Studios,core,OUTSOURCE PARTNERS/Art#1739
halo-infinite,1287,Yannic Kawan,,Art,ASSISTANT ART DIRECTOR,,Axis Studios,core,OUTSOURCE PARTNERS/Art#1741
halo-infinite,1288,Dana Dorian,,Other,DIRECTORS,,Axis Studios,core,OUTSOURCE PARTNERS/Creative#1744
halo-infinite,1289,Jon Yeo,,Other,DIRECTORS,,Axis Studios,core,OUTSOURCE PARTNERS/Creative#1745
halo-infinite,1290,Georg-Sebastian Dresser,,Other,CG SUPERVISORS,,Axis Studios,core,OUTSOURCE PARTNERS/LRC#1748
halo-infinite,1291,Gareth Repton,,Other,CG SUPERVISORS,,Axis Studios,core,OUTSOURCE PARTNERS/LRC#1749
halo-infinite,1292,Michael Pedro,,Art,ART DIRECTOR,,"Certain Affinity, Inc.",core,OUTSOURCE PARTNERS/PROJECT DIRECTORS#1754
halo-infinite,1293,Bryan Moss,,Art,TECHNICAL ART DIRECTOR,,"Certain Affinity, Inc.",core,OUTSOURCE PARTNERS/PROJECT DIRECTORS#1755
halo-infinite,1294,Mike Clopper,,Design,DESIGN DIRECTOR,,"Certain Affinity, Inc.",core,OUTSOURCE PARTNERS/PROJECT DIRECTORS#1756
halo-infinite,1295,Samuel Inman,,Engineering,TECHNICAL DIRECTOR,,"Certain Affinity, Inc.",core,OUTSOURCE PARTNERS/PROJECT DIRECTORS#1757
halo-infinite,1296,Dan Sutton,,Production,PRODUCTION DIRECTOR,,"Certain Affinity, Inc.",core,OUTSOURCE PARTNERS/PROJECT DIRECTORS#1758
halo-infinite,1297,Jim Dunne,,QA,QA DIRECTOR,,"Certain Affinity, Inc.",core,OUTSOURCE PARTNERS/PROJECT DIRECTORS#1759
halo-infinite,1298,Dan Ayoub,,Production,EXECUTIVE PRODUCER,,"Certain Affinity, Inc.",core,OUTSOURCE PARTNERS/PROJECT DIRECTORS#1760
halo-infinite,1299,Dan Rubel,,Art,ANIMATION LEAD,,"Certain Affinity, Inc.",core,OUTSOURCE PARTNERS/PROJECT LEADS#1763
halo-infinite,1300,Erik Kangas,,Art,CHARACTER ART LEAD,,"Certain Affinity, Inc.",core,OUTSOURCE PARTNERS/PROJECT LEADS#1764
halo-infinite,1301,Ben Close,,Production,MATERIAL LEAD,,"Certain Affinity, Inc.",core,OUTSOURCE PARTNERS/PROJECT LEADS#1765
halo-infinite,1302,Sam Gage,,Production,VISUAL EFFECTS LEAD,,"Certain Affinity, Inc.",core,OUTSOURCE PARTNERS/PROJECT LEADS#1766
halo-infinite,1303,Martin Cable,,Art,ENVIRONMENT ART LEAD,,"Certain Affinity, Inc.",core,OUTSOURCE PARTNERS/PROJECT LEADS#1767
halo-infinite,1304,Steve Young,,Production,GAMEPLAY LEAD,,"Certain Affinity, Inc.",core,OUTSOURCE PARTNERS/PROJECT LEADS#1768
halo-infinite,1305,Ty Buser,,Design,LEVEL DESIGN LEAD,,"Certain Affinity, Inc.",core,OUTSOURCE PARTNERS/PROJECT LEADS#1769
halo-infinite,1306,Richard Smith,,Engineering,GAMEPLAY ENGINEERING LEAD,,"Certain Affinity, Inc.",core,OUTSOURCE PARTNERS/PROJECT LEADS#1770
halo-infinite,1307,Nathan Mates,,Engineering,TOOLS ENGINEERING LEAD,,"Certain Affinity, Inc.",core,OUTSOURCE PARTNERS/PROJECT LEADS#1771
halo-infinite,1308,Kyle Chittenden,,Art,ANIMATION,,"Certain Affinity, Inc.",core,OUTSOURCE PARTNERS/ANIMATION#1774
halo-infinite,1309,Tyler Johnston,,Art,ANIMATION,,"Certain Affinity, Inc.",core,OUTSOURCE PARTNERS/ANIMATION#1775
halo-infinite,1310,Evan Miles,,Art,ANIMATION,,"Certain Affinity, Inc.",core,OUTSOURCE PARTNERS/ANIMATION#1776
halo-infinite,1311,Gage Broussard,,Art,CHARACTER ART,,"Certain Affinity, Inc.",core,OUTSOURCE PARTNERS/CHARACTER ART#1779
halo-infinite,1312,Keenan Civiero,,Art,CHARACTER ART,,"Certain Affinity, Inc.",core,OUTSOURCE PARTNERS/CHARACTER ART#1780
halo-infinite,1313,Derek Edwards,,Art,CHARACTER ART,,"Certain Affinity, Inc.",core,OUTSOURCE PARTNERS/CHARACTER ART#1781
halo-infinite,1314,Christian Gallego,,Art,CHARACTER ART,,"Certain Affinity, Inc.",core,OUTSOURCE PARTNERS/CHARACTER ART#1782
halo-infinite,1315,Wallace Kirkwood,,Art,CHARACTER ART,,"Certain Affinity, Inc.",core,OUTSOURCE PARTNERS/CHARACTER ART#1783
halo-infinite,1316,Ryan Reid,,Art,CHARACTER ART,,"Certain Affinity, Inc.",core,OUTSOURCE PARTNERS/CHARACTER ART#1784
halo-infinite,1317,Keegan Sullivan,,Art,CHARACTER ART,,"Certain Affinity, Inc.",core,OUTSOURCE PARTNERS/CHARACTER ART#1785
halo-infinite,1318,Othon Tejada,,Art,CHARACTER ART,,"Certain Affinity, Inc.",core,OUTSOURCE PARTNERS/CHARACTER ART#1786
halo-infinite,1319,Jason Borne,,Art,CONCEPT ART,,"Certain Affinity, Inc.",core,OUTSOURCE PARTNERS/CONCEPT ART#1789
halo-infinite,1320,Seokin Chung,,Art,CONCEPT ART,,"Certain Affinity, Inc.",core,OUTSOURCE PARTNERS/CONCEPT ART#1790
halo-infinite,1321,Sarah Jones,,Art,CONCEPT ART,,"Certain Affinity, Inc.",core,OUTSOURCE PARTNERS/CONCEPT ART#1791
halo-infinite,1322,Dio Lee,,Art,CONCEPT ART,,"Certain Affinity, Inc.",core,OUTSOURCE PARTNERS/CONCEPT ART#1792
halo-infinite,1323,David Yingai Lo Pan,,Art,CONCEPT ART,,"Certain Affinity, Inc.",core,OUTSOURCE PARTNERS/CONCEPT ART#1793
halo-infinite,1324,Jon Malloy,,Design,DESIGN,,"Certain Affinity, Inc.",core,OUTSOURCE PARTNERS/DESIGN#1796
halo-infinite,1325,Matt Witter,,Design,DESIGN,,"Certain Affinity, Inc.",core,OUTSOURCE PARTNERS/DESIGN#1797
halo-infinite,1326,Paul Isaac,,Engineering,ENGINEERING,,"Certain Affinity, Inc.",core,OUTSOURCE PARTNERS/ENGINEERING#1800
halo-infinite,1327,Vincent Kocks,,Engineering,ENGINEERING,,"Certain Affinity, Inc.",core,OUTSOURCE PARTNERS/ENGINEERING#1801
halo-infinite,1328,Gavin Luo,,Engineering,ENGINEERING,,"Certain Affinity, Inc.",core,OUTSOURCE PARTNERS/ENGINEERING#1802
halo-infinite,1329,Ryan Mayne,,Engineering,ENGINEERING,,"Certain Affinity, Inc.",core,OUTSOURCE PARTNERS/ENGINEERING#1803
halo-infinite,1330,Ken Miller,,Engineering,ENGINEERING,,"Certain Affinity, Inc.",core,OUTSOURCE PARTNERS/ENGINEERING#1804
halo-infinite,1331,Elsio Perazzini Nieto,,Engineering,ENGINEERING,,"Certain Affinity, Inc.",core,OUTSOURCE PARTNERS/ENGINEERING#1805
halo-infinite,1332,Garin R K Richards,,Engineering,ENGINEERING,,"Certain Affinity, Inc.",core,OUTSOURCE PARTNERS/ENGINEERING#1806
halo-infinite,1333,Brian Shiau,,Engineering,ENGINEERING,,"Certain Affinity, Inc.",core,OUTSOURCE PARTNERS/ENGINEERING#1807
halo-infinite,1334,Chuck Winston,,Engineering,ENGINEERING,,"Certain Affinity, Inc.",core,OUTSOURCE PARTNERS/ENGINEERING#1808
halo-infinite,1335,Devanshu Bishnoi,,Art,ENVIRONMENT ART,,"Certain Affinity, Inc.",core,OUTSOURCE PARTNERS/ENVIRONMENT ART#1811
halo-infinite,1336,Alexander Burback,,Art,ENVIRONMENT ART,,"Certain Affinity, Inc.",core,OUTSOURCE PARTNERS/ENVIRONMENT ART#1812
halo-infinite,1337,Luis Castro,,Art,ENVIRONMENT ART,,"Certain Affinity, Inc.",core,OUTSOURCE PARTNERS/ENVIRONMENT ART#1813
halo-infinite,1338,Rosalie Cronin,,Art,ENVIRONMENT ART,,"Certain Affinity, Inc.",core,OUTSOURCE PARTNERS/ENVIRONMENT ART#1814
halo-infinite,1339,Scott Downey,,Art,ENVIRONMENT ART,,"Certain Affinity, Inc.",core,OUTSOURCE PARTNERS/ENVIRONMENT ART#1815
halo-infinite,1340,Marc-Antoine Joly,,Art,ENVIRONMENT ART,,"Certain Affinity, Inc.",core,OUTSOURCE PARTNERS/ENVIRONMENT ART#1816
halo-infinite,1341,Rick Knox,,Art,ENVIRONMENT ART,,"Certain Affinity, Inc.",core,OUTSOURCE PARTNERS/ENVIRONMENT ART#1817
halo-infinite,1342,Christopher Kurash,,Art,ENVIRONMENT ART,,"Certain Affinity, Inc.",core,OUTSOURCE PARTNERS/ENVIRONMENT ART#1818
halo-infinite,1343,Seokki Kwon,,Art,ENVIRONMENT ART,,"Certain Affinity, Inc.",core,OUTSOURCE PARTNERS/ENVIRONMENT ART#1819
halo-infinite,1344,Eric Lin,,Art,ENVIRONMENT ART,,"Certain Affinity, Inc.",core,OUTSOURCE PARTNERS/ENVIRONMENT ART#1820
halo-infinite,1345,Dean McCall,,Art,ENVIRONMENT ART,,"Certain Affinity, Inc.",core,OUTSOURCE PARTNERS/ENVIRONMENT ART#1821
halo-infinite,1346,Philip Purol,,Art,ENVIRONMENT ART,,"Certain Affinity, Inc.",core,OUTSOURCE PARTNERS/ENVIRONMENT ART#1822
halo-infinite,1347,Josh Russell,,Art,ENVIRONMENT ART,,"Certain Affinity, Inc.",core,OUTSOURCE PARTNERS/ENVIRONMENT ART#1823
halo-infinite,1348,Bryan Shannon,,Art,ENVIRONMENT ART,,"Certain Affinity, Inc.",core,OUTSOURCE PARTNERS/ENVIRONMENT ART#1824
halo-infinite,1349,Nikki Tangtiphongkul,,Art,ENVIRONMENT ART,,"Certain Affinity, Inc.",core,OUTSOURCE PARTNERS/ENVIRONMENT ART#1825
halo-infinite,1350,Josh Watson,,Art,ENVIRONMENT ART,,"Certain Affinity, Inc.",core,OUTSOURCE PARTNERS/ENVIRONMENT ART#1826
halo-infinite,1351,Eva Krzeminski,,Art,LIGHTING,,"Certain Affinity, Inc.",core,OUTSOURCE PARTNERS/LIGHTING#1829
halo-infinite,1352,Jason Bretz,,Other,MATERIALS / TERRAIN,,"Certain Affinity, Inc.",core,OUTSOURCE PARTNERS/MATERIALS / TERRAIN#1832
halo-infinite,1353,Andy Fraser,,Other,MATERIALS / TERRAIN,,"Certain Affinity, Inc.",core,OUTSOURCE PARTNERS/MATERIALS / TERRAIN#1833
halo-infinite,1354,Matthew Milobowski,,Other,MATERIALS / TERRAIN,,"Certain Affinity, Inc.",core,OUTSOURCE PARTNERS/MATERIALS / TERRAIN#1834
halo-infinite,1355,Chris Thompson,,Other,MATERIALS / TERRAIN,,"Certain Affinity, Inc.",core,OUTSOURCE PARTNERS/MATERIALS / TERRAIN#1835
halo-infinite,1356,Timothy A. Janowitz,,Production,PRODUCTION,,"Certain Affinity, Inc.",core,OUTSOURCE PARTNERS/PRODUCTION#1838
halo-infinite,1357,James Yu Da Lee,,Production,PRODUCTION,,"Certain Affinity, Inc.",core,OUTSOURCE PARTNERS/PRODUCTION#1839
halo-infinite,1358,Kala Ramachandran,,Production,PRODUCTION,,"Certain Affinity, Inc.",core,OUTSOURCE PARTNERS/PRODUCTION#1840
halo-infinite,1359,Olga Shalagina,,Production,PRODUCTION,,"Certain Affinity, Inc.",core,OUTSOURCE PARTNERS/PRODUCTION#1841
halo-infinite,1360,Gio Coutinho,,Art,TECHNICAL ANIMATION,,"Certain Affinity, Inc.",core,OUTSOURCE PARTNERS/TECHNICAL ANIMATION#1844
halo-infinite,1361,Adrian Veenje,,Art,TECHNICAL ANIMATION,,"Certain Affinity, Inc.",core,OUTSOURCE PARTNERS/TECHNICAL ANIMATION#1845
halo-infinite,1362,Tristan Moore,,Art,TECHNICAL ART,,"Certain Affinity, Inc.",core,OUTSOURCE PARTNERS/TECHNICAL ART#1848
halo-infinite,1363,Ian Reichert-Watts,,Art,TECHNICAL ART,,"Certain Affinity, Inc.",core,OUTSOURCE PARTNERS/TECHNICAL ART#1849
halo-infinite,1364,Eric Roberts,,Art,TECHNICAL ART,,"Certain Affinity, Inc.",core,OUTSOURCE PARTNERS/TECHNICAL ART#1850
halo-infinite,1365,Pina Visconti,,Art,TECHNICAL ART,,"Certain Affinity, Inc.",core,OUTSOURCE PARTNERS/TECHNICAL ART#1851
halo-infinite,1366,Alex Stodolnik,,Art,USER INTERFACE ART,,"Certain Affinity, Inc.",core,OUTSOURCE PARTNERS/USER INTERFACE ART#1854
halo-infinite,1367,John Grubner,,Other,VISUAL EFFECTS,,"Certain Affinity, Inc.",core,OUTSOURCE PARTNERS/VISUAL EFFECTS#1857
halo-infinite,1368,Jake Husted,,Other,VISUAL EFFECTS,,"Certain Affinity, Inc.",core,OUTSOURCE PARTNERS/VISUAL EFFECTS#1858
halo-infinite,1369,Hyung Kim,,Other,VISUAL EFFECTS,,"Certain Affinity, Inc.",core,OUTSOURCE PARTNERS/VISUAL EFFECTS#1859
halo-infinite,1370,Geoff Taylor,,Other,VISUAL EFFECTS,,"Certain Affinity, Inc.",core,OUTSOURCE PARTNERS/VISUAL EFFECTS#1860
halo-infinite,1371,Shannon Carr,,QA,QUALITY ASSURANCE,,"Certain Affinity, Inc.",core,OUTSOURCE PARTNERS/QUALITY ASSURANCE#1863
halo-infinite,1372,Matt Gant,,QA,QUALITY ASSURANCE,,"Certain Affinity, Inc.",core,OUTSOURCE PARTNERS/QUALITY ASSURANCE#1864
halo-infinite,1373,Kevin Gonzalez,,QA,QUALITY ASSURANCE,,"Certain Affinity, Inc.",core,OUTSOURCE PARTNERS/QUALITY ASSURANCE#1865
halo-infinite,1374,Pete Petraitis,,QA,QUALITY ASSURANCE,,"Certain Affinity, Inc.",core,OUTSOURCE PARTNERS/QUALITY ASSURANCE#1866
halo-infinite,1375,Max Hoberman,,Leadership,FOUNDER & CEO,,"Certain Affinity, Inc.",core,OUTSOURCE PARTNERS/STUDIO LEADERSHIP#1869
halo-infinite,1376,Mojdeh Gharbi,,Publishing,VP OF MARKETING AND OPERATIONS,,"Certain Affinity, Inc.",core,OUTSOURCE PARTNERS/STUDIO LEADERSHIP#1870
halo-infinite,1377,Rich Vogel,,Engineering,VP OF PRODUCTION & ONLINE SERVICES,,"Certain Affinity, Inc.",core,OUTSOURCE PARTNERS/STUDIO LEADERSHIP#1871
halo-infinite,1378,Stephanie Letendre,,Publishing,VP OF FINANCE & HR,,"Certain Affinity, Inc.",core,OUTSOURCE PARTNERS/STUDIO LEADERSHIP#1872
halo-infinite,1379,James Thoma,,Leadership,VP & GENERAL COUNSEL,,"Certain Affinity, Inc.",core,OUTSOURCE PARTNERS/STUDIO LEADERSHIP#1873
halo-infinite,1380,Patrick Bergman,,Leadership,SENIOR DIRECTOR OF BUSINESS DEVELOPMENT,,"Certain Affinity, Inc.",core,OUTSOURCE PARTNERS/BUSINESS TEAM#1876
halo-infinite,1381,Allison Alden,,Studio/Business,BUSINESS RELATIONSHIP MANAGER,,"Certain Affinity, Inc.",core,OUTSOURCE PARTNERS/BUSINESS TEAM#1877
halo-infinite,1382,Keith Thoma,,Studio/Business,ASSOCIATE GENERAL COUNSEL,,"Certain Affinity, Inc.",core,OUTSOURCE PARTNERS/BUSINESS TEAM#1878
halo-infinite,1383,Gretchen Spieler,,Studio/Business,SENIOR OFFICE OPERATIONS MANAGER,,"Certain Affinity, Inc.",core,OUTSOURCE PARTNERS/BUSINESS TEAM#1879
halo-infinite,1384,Liza McCann,,Studio/Business,OFFICE OPERATIONS MANAGER,,"Certain Affinity, Inc.",core,OUTSOURCE PARTNERS/BUSINESS TEAM#1880
halo-infinite,1385,J Goldberg,,Publishing,COMMUNICATIONS AND MARKETING LEAD,,"Certain Affinity, Inc.",core,OUTSOURCE PARTNERS/BUSINESS TEAM#1881
halo-infinite,1386,Adesina Akinleye,,Leadership,EXECUTIVE BUSINESS ADMINISTRATOR,,"Certain Affinity, Inc.",core,OUTSOURCE PARTNERS/BUSINESS TEAM#1882
halo-infinite,1387,Ciera Lagges,,Engineering,GRAPHICS DESIGNER,,"Certain Affinity, Inc.",core,OUTSOURCE PARTNERS/BUSINESS TEAM#1883
halo-infinite,1388,Brad Bussell,,Design,SENIOR LEAD A/V MEDIA DESIGNER,,"Certain Affinity, Inc.",core,OUTSOURCE PARTNERS/AV Media#1887
halo-infinite,1389,Corey Cudney,,Design,SENIOR LEAD A/V MEDIA DESIGNER,,"Certain Affinity, Inc.",core,OUTSOURCE PARTNERS/AV Media#1888
halo-infinite,1390,Mark Fletcher,,Leadership,SENIOR DIRECTOR OF TECHNICAL OPERATIONS,,"Certain Affinity, Inc.",core,OUTSOURCE PARTNERS/IT#1891
halo-infinite,1391,Aaron Hachenberg,,Other,IT MANAGER,,"Certain Affinity, Inc.",core,OUTSOURCE PARTNERS/IT#1892
halo-infinite,1392,James Wrench,,Studio/Business,SENIOR TECHNICAL OPERATIONS MANAGER,,"Certain Affinity, Inc.",core,OUTSOURCE PARTNERS/IT#1893
halo-infinite,1393,Matthew Bowman,,Other,IT CLOUD SYSTEMS ARCHITECT,,"Certain Affinity, Inc.",core,OUTSOURCE PARTNERS/IT#1894
halo-infinite,1394,Troy Carter,,Engineering,SENIOR NETWORK ENGINEER,,"Certain Affinity, Inc.",core,OUTSOURCE PARTNERS/IT#1895
halo-infinite,1395,Rachael Downing,,Engineering,IT ENGINEERS,,"Certain Affinity, Inc.",core,OUTSOURCE PARTNERS/IT#1897
halo-infinite,1396,Nathan Hair,,Engineering,IT ENGINEERS,,"Certain Affinity, Inc.",core,OUTSOURCE PARTNERS/IT#1898
halo-infinite,1397,Jason Lavender,,Engineering,IT ENGINEERS,,"Certain Affinity, Inc.",core,OUTSOURCE PARTNERS/IT#1899
halo-infinite,1398,Edward Lytton,,Engineering,IT ENGINEERS,,"Certain Affinity, Inc.",core,OUTSOURCE PARTNERS/IT#1900
halo-infinite,1399,Greg MacLean,,Engineering,IT ENGINEERS,,"Certain Affinity, Inc.",core,OUTSOURCE PARTNERS/IT#1901
halo-infinite,1400,Robert Madden,,Engineering,IT ENGINEERS,,"Certain Affinity, Inc.",core,OUTSOURCE PARTNERS/IT#1902
halo-infinite,1401,James Rynearson,,Engineering,IT ENGINEERS,,"Certain Affinity, Inc.",core,OUTSOURCE PARTNERS/IT#1903
halo-infinite,1402,Phillip Sheets,,Engineering,IT ENGINEERS,,"Certain Affinity, Inc.",core,OUTSOURCE PARTNERS/IT#1904
halo-infinite,1403,Ty Stabile,,Engineering,IT ENGINEERS,,"Certain Affinity, Inc.",core,OUTSOURCE PARTNERS/IT#1905
halo-infinite,1404,Thomas Whitlow,,Engineering,IT ENGINEERS,,"Certain Affinity, Inc.",core,OUTSOURCE PARTNERS/IT#1906
halo-infinite,1405,Marwan Ansari,,Other,ADDITIONAL SUPPORT,,"Certain Affinity, Inc.",core,OUTSOURCE PARTNERS/ADDITIONAL SUPPORT#1909
halo-infinite,1406,Kaleb Aylsworth,,Other,ADDITIONAL SUPPORT,,"Certain Affinity, Inc.",core,OUTSOURCE PARTNERS/ADDITIONAL SUPPORT#1910
halo-infinite,1407,Gary Bergeron,,Other,ADDITIONAL SUPPORT,,"Certain Affinity, Inc.",core,OUTSOURCE PARTNERS/ADDITIONAL SUPPORT#1911
halo-infinite,1408,Martin Chang,,Other,ADDITIONAL SUPPORT,,"Certain Affinity, Inc.",core,OUTSOURCE PARTNERS/ADDITIONAL SUPPORT#1912
halo-infinite,1409,Alex Chrisman,,Other,ADDITIONAL SUPPORT,,"Certain Affinity, Inc.",core,OUTSOURCE PARTNERS/ADDITIONAL SUPPORT#1913
halo-infinite,1410,Aaron Cook,,Other,ADDITIONAL SUPPORT,,"Certain Affinity, Inc.",core,OUTSOURCE PARTNERS/ADDITIONAL SUPPORT#1914
halo-infinite,1411,Brandon Dawson,,Other,ADDITIONAL SUPPORT,,"Certain Affinity, Inc.",core,OUTSOURCE PARTNERS/ADDITIONAL SUPPORT#1915
halo-infinite,1412,Devin Flora,,Other,ADDITIONAL SUPPORT,,"Certain Affinity, Inc.",core,OUTSOURCE PARTNERS/ADDITIONAL SUPPORT#1916
halo-infinite,1413,Zane Gholson,,Other,ADDITIONAL SUPPORT,,"Certain Affinity, Inc.",core,OUTSOURCE PARTNERS/ADDITIONAL SUPPORT#1917
halo-infinite,1414,Aaron Heth,,Other,ADDITIONAL SUPPORT,,"Certain Affinity, Inc.",core,OUTSOURCE PARTNERS/ADDITIONAL SUPPORT#1918
halo-infinite,1415,Sean Hewitt,,Other,ADDITIONAL SUPPORT,,"Certain Affinity, Inc.",core,OUTSOURCE PARTNERS/ADDITIONAL SUPPORT#1919
halo-infinite,1416,Layne Johnson,,Other,ADDITIONAL SUPPORT,,"Certain Affinity, Inc.",core,OUTSOURCE PARTNERS/ADDITIONAL SUPPORT#1920
halo-infinite,1417,Melissa Kay,,Other,ADDITIONAL SUPPORT,,"Certain Affinity, Inc.",core,OUTSOURCE PARTNERS/ADDITIONAL SUPPORT#1921
halo-infinite,1418,I-Shun Lo,,Other,ADDITIONAL SUPPORT,,"Certain Affinity, Inc.",core,OUTSOURCE PARTNERS/ADDITIONAL SUPPORT#1922
halo-infinite,1419,Robert Mastriano,,Other,ADDITIONAL SUPPORT,,"Certain Affinity, Inc.",core,OUTSOURCE PARTNERS/ADDITIONAL SUPPORT#1923
halo-infinite,1420,Andrew Morris,,Other,ADDITIONAL SUPPORT,,"Certain Affinity, Inc.",core,OUTSOURCE PARTNERS/ADDITIONAL SUPPORT#1924
halo-infinite,1421,Lars Olson,,Other,ADDITIONAL SUPPORT,,"Certain Affinity, Inc.",core,OUTSOURCE PARTNERS/ADDITIONAL SUPPORT#1925
halo-infinite,1422,Dane Petersen,,Other,ADDITIONAL SUPPORT,,"Certain Affinity, Inc.",core,OUTSOURCE PARTNERS/ADDITIONAL SUPPORT#1926
halo-infinite,1423,Buffy Rice,,Other,ADDITIONAL SUPPORT,,"Certain Affinity, Inc.",core,OUTSOURCE PARTNERS/ADDITIONAL SUPPORT#1927
halo-infinite,1424,Steven Ritchie,,Other,ADDITIONAL SUPPORT,,"Certain Affinity, Inc.",core,OUTSOURCE PARTNERS/ADDITIONAL SUPPORT#1928
halo-infinite,1425,Joe Romano,,Other,ADDITIONAL SUPPORT,,"Certain Affinity, Inc.",core,OUTSOURCE PARTNERS/ADDITIONAL SUPPORT#1929
halo-infinite,1426,Brooke Routh,,Other,ADDITIONAL SUPPORT,,"Certain Affinity, Inc.",core,OUTSOURCE PARTNERS/ADDITIONAL SUPPORT#1930
halo-infinite,1427,David Staats,,Other,ADDITIONAL SUPPORT,,"Certain Affinity, Inc.",core,OUTSOURCE PARTNERS/ADDITIONAL SUPPORT#1931
halo-infinite,1428,Scott Stevens,,Other,ADDITIONAL SUPPORT,,"Certain Affinity, Inc.",core,OUTSOURCE PARTNERS/ADDITIONAL SUPPORT#1932
halo-infinite,1429,Justin Terry,,Other,ADDITIONAL SUPPORT,,"Certain Affinity, Inc.",core,OUTSOURCE PARTNERS/ADDITIONAL SUPPORT#1933
halo-infinite,1430,Shalia Wynn,,Other,ADDITIONAL SUPPORT,,"Certain Affinity, Inc.",core,OUTSOURCE PARTNERS/ADDITIONAL SUPPORT#1934
halo-infinite,1432,Kyle Renteria,,Art,ANIMATION SUPERVISOR,,CounterPunch a Virtuos Studio,core,OUTSOURCE PARTNERS/ANIMATION#1940
halo-infinite,1433,Mason Gardner,,Art,LEAD ANIMATOR,,CounterPunch a Virtuos Studio,core,OUTSOURCE PARTNERS/ANIMATION#1942
halo-infinite,1434,Matthew Chelstrom,,Art,ANIMATORS,,CounterPunch a Virtuos Studio,core,OUTSOURCE PARTNERS/ANIMATION#1944
halo-infinite,1435,Kent Culotta,,Art,ANIMATORS,,CounterPunch a Virtuos Studio,core,OUTSOURCE PARTNERS/ANIMATION#1945
halo-infinite,1436,Joshua Kalinowski,,Art,ANIMATORS,,CounterPunch a Virtuos Studio,core,OUTSOURCE PARTNERS/ANIMATION#1946
halo-infinite,1437,Mark Levine,,Art,ANIMATORS,,CounterPunch a Virtuos Studio,core,OUTSOURCE PARTNERS/ANIMATION#1947
halo-infinite,1438,Matthew London,,Art,ANIMATORS,,CounterPunch a Virtuos Studio,core,OUTSOURCE PARTNERS/ANIMATION#1948
halo-infinite,1439,David Rodriguez,,Art,ANIMATORS,,CounterPunch a Virtuos Studio,core,OUTSOURCE PARTNERS/ANIMATION#1949
halo-infinite,1440,Rachael Schulz,,Art,ANIMATORS,,CounterPunch a Virtuos Studio,core,OUTSOURCE PARTNERS/ANIMATION#1950
halo-infinite,1441,Naveen Syed,,Art,ANIMATORS,,CounterPunch a Virtuos Studio,core,OUTSOURCE PARTNERS/ANIMATION#1951
halo-infinite,1442,Jessica Weiss,,Art,ANIMATORS,,CounterPunch a Virtuos Studio,core,OUTSOURCE PARTNERS/ANIMATION#1952
halo-infinite,1443,Kay Arutyunyan,,Leadership,GENERAL MANAGER,,CounterPunch a Virtuos Studio,core,OUTSOURCE PARTNERS/MANAGEMENT#1955
halo-infinite,1444,Anthony Garcia,,Other,ACCOUNTING,,CounterPunch a Virtuos Studio,core,OUTSOURCE PARTNERS/ACCOUNTING#1958
halo-infinite,1445,Manvendra Shukul,,Other,CEO,,Lakshya Digital Pvt Ltd,core,OUTSOURCE PARTNERS/Lakshya Digital Pvt Ltd#1962
halo-infinite,1446,Robert Olson,,Leadership,STUDIO HEAD & COO,,Lakshya Digital Pvt Ltd,core,OUTSOURCE PARTNERS/Lakshya Digital Pvt Ltd#1963
halo-infinite,1447,Anando Banerjee,,Production,PRODUCTION HEAD,,Lakshya Digital Pvt Ltd,core,OUTSOURCE PARTNERS/Lakshya Digital Pvt Ltd#1964
halo-infinite,1448,Arjun Agnihotri,,Leadership,DIRECTOR OF BUSINESS DEVELOPMENT,,Lakshya Digital Pvt Ltd,core,OUTSOURCE PARTNERS/Lakshya Digital Pvt Ltd#1965
halo-infinite,1449,Michelle Hull,,Other,STUDIO MANAGER - SEATTLE,,Lakshya Digital Pvt Ltd,core,OUTSOURCE PARTNERS/Lakshya Digital Pvt Ltd#1966
halo-infinite,1450,Chad Hoynacki,,Art,ART DIRECTORS,,Lakshya Digital Pvt Ltd,core,OUTSOURCE PARTNERS/ART#1969
halo-infinite,1451,Shaibal Dutta,,Art,ART DIRECTORS,,Lakshya Digital Pvt Ltd,core,OUTSOURCE PARTNERS/ART#1970
halo-infinite,1452,Abhinandan Gosh,,Art,ART DIRECTORS,,Lakshya Digital Pvt Ltd,core,OUTSOURCE PARTNERS/ART#1971
halo-infinite,1453,Pankaj Chauhan,,Art,ART DIRECTORS,,Lakshya Digital Pvt Ltd,core,OUTSOURCE PARTNERS/ART#1972
halo-infinite,1454,Sachin Gupta,,Art,ART LEADS,,Lakshya Digital Pvt Ltd,core,OUTSOURCE PARTNERS/ART#1974
halo-infinite,1455,Anil Singh,,Art,ART LEADS,,Lakshya Digital Pvt Ltd,core,OUTSOURCE PARTNERS/ART#1975
halo-infinite,1456,Puneet,,Art,ARTISTS,,Lakshya Digital Pvt Ltd,core,OUTSOURCE PARTNERS/ART#1977
halo-infinite,1457,Debjit Biswas,,Art,ARTISTS,,Lakshya Digital Pvt Ltd,core,OUTSOURCE PARTNERS/ART#1978
halo-infinite,1458,Laxminarayan Ghara,,Art,ARTISTS,,Lakshya Digital Pvt Ltd,core,OUTSOURCE PARTNERS/ART#1979
halo-infinite,1459,Anshul Khuswha,,Art,ARTISTS,,Lakshya Digital Pvt Ltd,core,OUTSOURCE PARTNERS/ART#1980
halo-infinite,1460,Gaurav Kumar,,Art,ARTISTS,,Lakshya Digital Pvt Ltd,core,OUTSOURCE PARTNERS/ART#1981
halo-infinite,1461,Akash Kumar,,Art,ARTISTS,,Lakshya Digital Pvt Ltd,core,OUTSOURCE PARTNERS/ART#1982
halo-infinite,1462,Sumit Kumar,,Art,ARTISTS,,Lakshya Digital Pvt Ltd,core,OUTSOURCE PARTNERS/ART#1983
halo-infinite,1463,Yogender Kumar,,Art,ARTISTS,,Lakshya Digital Pvt Ltd,core,OUTSOURCE PARTNERS/ART#1984
halo-infinite,1464,Vipin Kumar,,Art,ARTISTS,,Lakshya Digital Pvt Ltd,core,OUTSOURCE PARTNERS/ART#1985
halo-infinite,1465,Lalit Kumar Sharma,,Art,ARTISTS,,Lakshya Digital Pvt Ltd,core,OUTSOURCE PARTNERS/ART#1986
halo-infinite,1466,Pradeep Manocha,,Art,ARTISTS,,Lakshya Digital Pvt Ltd,core,OUTSOURCE PARTNERS/ART#1987
halo-infinite,1467,Gaurav Nonihal,,Art,ARTISTS,,Lakshya Digital Pvt Ltd,core,OUTSOURCE PARTNERS/ART#1988
halo-infinite,1468,Upinder Rooprai,,Art,ARTISTS,,Lakshya Digital Pvt Ltd,core,OUTSOURCE PARTNERS/ART#1989
halo-infinite,1469,Lipi Sharma,,Art,ARTISTS,,Lakshya Digital Pvt Ltd,core,OUTSOURCE PARTNERS/ART#1990
halo-infinite,1470,Saurabh Singh,,Art,ARTISTS,,Lakshya Digital Pvt Ltd,core,OUTSOURCE PARTNERS/ART#1991
halo-infinite,1471,Shakti Singh,,Art,ARTISTS,,Lakshya Digital Pvt Ltd,core,OUTSOURCE PARTNERS/ART#1992
halo-infinite,1472,Namrata Singh,,Art,ARTISTS,,Lakshya Digital Pvt Ltd,core,OUTSOURCE PARTNERS/ART#1993
halo-infinite,1473,Manish Bhandari,,Other,LEAD PROJECT MANAGER,,Lakshya Digital Pvt Ltd,core,OUTSOURCE PARTNERS/MANAGEMENT#1996
halo-infinite,1474,Dheeraj Chahal,,Other,PROJECT MANAGERS,,Lakshya Digital Pvt Ltd,core,OUTSOURCE PARTNERS/MANAGEMENT#1998
halo-infinite,1475,Uday Joshi,,Other,PROJECT MANAGERS,,Lakshya Digital Pvt Ltd,core,OUTSOURCE PARTNERS/MANAGEMENT#1999
halo-infinite,1476,Pradeep Sahai,,Other,PROJECT MANAGERS,,Lakshya Digital Pvt Ltd,core,OUTSOURCE PARTNERS/MANAGEMENT#2000
halo-infinite,1477,Mohit Bisht,,QA,QUALITY CONTROL,,Lakshya Digital Pvt Ltd,core,OUTSOURCE PARTNERS/QUALITY CONTROL#2003
halo-infinite,1478,Mohd Kafil Khan,,QA,QUALITY CONTROL,,Lakshya Digital Pvt Ltd,core,OUTSOURCE PARTNERS/QUALITY CONTROL#2004
halo-infinite,1479,Mohd Sarfraz,,QA,QUALITY CONTROL,,Lakshya Digital Pvt Ltd,core,OUTSOURCE PARTNERS/QUALITY CONTROL#2005
halo-infinite,1480,Ravjeet Singh,,QA,QUALITY CONTROL,,Lakshya Digital Pvt Ltd,core,OUTSOURCE PARTNERS/QUALITY CONTROL#2006
halo-infinite,1481,Darren Bartlett,,Other,STUDIO DIRECTOR,,Liquid Development LLC,core,OUTSOURCE PARTNERS/Liquid Development LLC#2010
halo-infinite,1482,Royal Sybrandt,,Other,CREATIVE DIRECTOR,,Liquid Development LLC,core,OUTSOURCE PARTNERS/Liquid Development LLC#2011
halo-infinite,1483,Heather Dyer,,Studio/Business,BUSINESS MANAGER,,Liquid Development LLC,core,OUTSOURCE PARTNERS/Liquid Development LLC#2012
halo-infinite,1484,Josh Sturgis,,Art,ART DIRECTOR,,Liquid Development LLC,core,OUTSOURCE PARTNERS/ART#2015
halo-infinite,1485,Elvina Antonova,,Art,LEAD ARTISTS,,Liquid Development LLC,core,OUTSOURCE PARTNERS/ART#2017
halo-infinite,1486,Justin Banke,,Art,LEAD ARTISTS,,Liquid Development LLC,core,OUTSOURCE PARTNERS/ART#2018
halo-infinite,1487,Tony Clark,,Art,LEAD ARTISTS,,Liquid Development LLC,core,OUTSOURCE PARTNERS/ART#2019
halo-infinite,1488,Josh Harvey,,Art,LEAD ARTISTS,,Liquid Development LLC,core,OUTSOURCE PARTNERS/ART#2020
halo-infinite,1489,Pavel Malakhov,,Art,LEAD ARTISTS,,Liquid Development LLC,core,OUTSOURCE PARTNERS/ART#2021
halo-infinite,1490,Alex Marcinowski,,Art,LEAD ARTISTS,,Liquid Development LLC,core,OUTSOURCE PARTNERS/ART#2022
halo-infinite,1491,Gabe Selinger,,Art,LEAD ARTISTS,,Liquid Development LLC,core,OUTSOURCE PARTNERS/ART#2023
halo-infinite,1492,Ben Allen,,Art,3D ARTISTS,,Liquid Development LLC,core,OUTSOURCE PARTNERS/3D Art#2026
halo-infinite,1493,Kevin Atkins,,Art,3D ARTISTS,,Liquid Development LLC,core,OUTSOURCE PARTNERS/3D Art#2027
halo-infinite,1494,Maxim Babkin-Taksar,,Art,3D ARTISTS,,Liquid Development LLC,core,OUTSOURCE PARTNERS/3D Art#2028
halo-infinite,1495,Woong Bae Byun,,Art,3D ARTISTS,,Liquid Development LLC,core,OUTSOURCE PARTNERS/3D Art#2029
halo-infinite,1496,Max Bennett,,Art,3D ARTISTS,,Liquid Development LLC,core,OUTSOURCE PARTNERS/3D Art#2030
halo-infinite,1497,Dan Bingham,,Art,3D ARTISTS,,Liquid Development LLC,core,OUTSOURCE PARTNERS/3D Art#2031
halo-infinite,1498,Alexander Boluzhenkov,,Art,3D ARTISTS,,Liquid Development LLC,core,OUTSOURCE PARTNERS/3D Art#2032
halo-infinite,1499,James Brady,,Art,3D ARTISTS,,Liquid Development LLC,core,OUTSOURCE PARTNERS/3D Art#2033
halo-infinite,1500,Nick Brown,,Art,3D ARTISTS,,Liquid Development LLC,core,OUTSOURCE PARTNERS/3D Art#2034
halo-infinite,1501,Vicente Castillo,,Art,3D ARTISTS,,Liquid Development LLC,core,OUTSOURCE PARTNERS/3D Art#2035
halo-infinite,1502,Esteban Chaidez,,Art,3D ARTISTS,,Liquid Development LLC,core,OUTSOURCE PARTNERS/3D Art#2036
halo-infinite,1503,Sankalp Chandra,,Art,3D ARTISTS,,Liquid Development LLC,core,OUTSOURCE PARTNERS/3D Art#2037
halo-infinite,1504,Mario Colindres,,Art,3D ARTISTS,,Liquid Development LLC,core,OUTSOURCE PARTNERS/3D Art#2038
halo-infinite,1505,Yaniv Dekel,,Art,3D ARTISTS,,Liquid Development LLC,core,OUTSOURCE PARTNERS/3D Art#2039
halo-infinite,1506,Vitaly Efremov,,Art,3D ARTISTS,,Liquid Development LLC,core,OUTSOURCE PARTNERS/3D Art#2040
halo-infinite,1507,John Gavin Fischer,,Art,3D ARTISTS,,Liquid Development LLC,core,OUTSOURCE PARTNERS/3D Art#2041
halo-infinite,1508,Petra Goodrich,,Art,3D ARTISTS,,Liquid Development LLC,core,OUTSOURCE PARTNERS/3D Art#2042
halo-infinite,1509,Nick Govacko,,Art,3D ARTISTS,,Liquid Development LLC,core,OUTSOURCE PARTNERS/3D Art#2043
halo-infinite,1510,Joshua Gregory,,Art,3D ARTISTS,,Liquid Development LLC,core,OUTSOURCE PARTNERS/3D Art#2044
halo-infinite,1511,Pasha Guba,,Art,3D ARTISTS,,Liquid Development LLC,core,OUTSOURCE PARTNERS/3D Art#2045
halo-infinite,1512,Grayson Hughbanks,,Art,3D ARTISTS,,Liquid Development LLC,core,OUTSOURCE PARTNERS/3D Art#2046
halo-infinite,1513,Vitaliy Ishkov,,Art,3D ARTISTS,,Liquid Development LLC,core,OUTSOURCE PARTNERS/3D Art#2047
halo-infinite,1514,Manish Jangid,,Art,3D ARTISTS,,Liquid Development LLC,core,OUTSOURCE PARTNERS/3D Art#2048
halo-infinite,1515,Ashley Kincannon,,Art,3D ARTISTS,,Liquid Development LLC,core,OUTSOURCE PARTNERS/3D Art#2049
halo-infinite,1516,Max Kogan,,Art,3D ARTISTS,,Liquid Development LLC,core,OUTSOURCE PARTNERS/3D Art#2050
halo-infinite,1517,Dmitry Nazimov,,Art,3D ARTISTS,,Liquid Development LLC,core,OUTSOURCE PARTNERS/3D Art#2051
halo-infinite,1518,Eugene Nesci,,Art,3D ARTISTS,,Liquid Development LLC,core,OUTSOURCE PARTNERS/3D Art#2052
halo-infinite,1519,Alexander Ponomarev,,Art,3D ARTISTS,,Liquid Development LLC,core,OUTSOURCE PARTNERS/3D Art#2053
halo-infinite,1520,Martin Punchev,,Art,3D ARTISTS,,Liquid Development LLC,core,OUTSOURCE PARTNERS/3D Art#2054
halo-infinite,1521,Malte Resenberger-Loosmann,,Art,3D ARTISTS,,Liquid Development LLC,core,OUTSOURCE PARTNERS/3D Art#2055
halo-infinite,1522,Richard Reyes,,Art,3D ARTISTS,,Liquid Development LLC,core,OUTSOURCE PARTNERS/3D Art#2056
halo-infinite,1523,Olga Sannikova,,Art,3D ARTISTS,,Liquid Development LLC,core,OUTSOURCE PARTNERS/3D Art#2057
halo-infinite,1524,Rio Stewart,,Art,3D ARTISTS,,Liquid Development LLC,core,OUTSOURCE PARTNERS/3D Art#2058
halo-infinite,1525,Mark Von Borstel,,Art,3D ARTISTS,,Liquid Development LLC,core,OUTSOURCE PARTNERS/3D Art#2059
halo-infinite,1526,Vladimir Voronov,,Art,3D ARTISTS,,Liquid Development LLC,core,OUTSOURCE PARTNERS/3D Art#2060
halo-infinite,1527,Colton Waggoner,,Art,3D ARTISTS,,Liquid Development LLC,core,OUTSOURCE PARTNERS/3D Art#2061
halo-infinite,1528,Keoki Welsh,,Art,3D ARTISTS,,Liquid Development LLC,core,OUTSOURCE PARTNERS/3D Art#2062
halo-infinite,1529,Jason Baskett,,Art,ANIMATION LEAD,,Liquid Development LLC,core,OUTSOURCE PARTNERS/Animation#2065
halo-infinite,1530,Russ Bernice,,Art,ANIMATOR,,Liquid Development LLC,core,OUTSOURCE PARTNERS/Animation#2067
halo-infinite,1531,Bryan Bothwell,,Other,ASSET COORDINATORS,,Liquid Development LLC,core,OUTSOURCE PARTNERS/Asset Coordination#2070
halo-infinite,1532,Laryssa Brown,,Other,ASSET COORDINATORS,,Liquid Development LLC,core,OUTSOURCE PARTNERS/Asset Coordination#2071
halo-infinite,1533,Bryan Samuelson,,Other,ASSET COORDINATORS,,Liquid Development LLC,core,OUTSOURCE PARTNERS/Asset Coordination#2072
halo-infinite,1534,Hannah Viera,,Other,ASSET COORDINATORS,,Liquid Development LLC,core,OUTSOURCE PARTNERS/Asset Coordination#2073
halo-infinite,1535,Jen Dang,,Art,LIGHTING ARTIST,,Liquid Development LLC,core,OUTSOURCE PARTNERS/Lighting#2076
halo-infinite,1536,Joe Thiel,,Art,LEAD TECHNICAL ARTIST,,Liquid Development LLC,core,OUTSOURCE PARTNERS/Technical Art#2079
halo-infinite,1537,Sean Parkin,,Art,TECHNICAL ARTIST,,Liquid Development LLC,core,OUTSOURCE PARTNERS/Technical Art#2081
halo-infinite,1538,Jordan Kulm,,Art,LEAD VFX ARTIST,,Liquid Development LLC,core,OUTSOURCE PARTNERS/VFX#2084
halo-infinite,1539,Rob Dunsmuir,,Art,VFX ARTISTS,,Liquid Development LLC,core,OUTSOURCE PARTNERS/VFX#2086
halo-infinite,1540,Michael Graham,,Art,VFX ARTISTS,,Liquid Development LLC,core,OUTSOURCE PARTNERS/VFX#2087
halo-infinite,1541,Jacob Kirkpatrick,,Art,VFX ARTISTS,,Liquid Development LLC,core,OUTSOURCE PARTNERS/VFX#2088
halo-infinite,1542,Alan Linssen,,Art,VFX ARTISTS,,Liquid Development LLC,core,OUTSOURCE PARTNERS/VFX#2089
halo-infinite,1543,Jef Johnstone,,Art,VFX ARTISTS,,Liquid Development LLC,core,OUTSOURCE PARTNERS/VFX#2090
halo-infinite,1544,Kevin Loza,,Art,VFX ARTISTS,,Liquid Development LLC,core,OUTSOURCE PARTNERS/VFX#2091
halo-infinite,1545,Marty Paterson,,Art,VFX ARTISTS,,Liquid Development LLC,core,OUTSOURCE PARTNERS/VFX#2092
halo-infinite,1546,Orlando Riscajche,,Art,VFX ARTISTS,,Liquid Development LLC,core,OUTSOURCE PARTNERS/VFX#2093
halo-infinite,1547,Rex Waters,,Art,VFX ARTISTS,,Liquid Development LLC,core,OUTSOURCE PARTNERS/VFX#2094
halo-infinite,1548,Tony Brinlee,,Other,IT MANAGER,,Liquid Development LLC,core,OUTSOURCE PARTNERS/IT#2097
halo-infinite,1549,Chuck Byas,,Production,PRODUCTION DIRECTOR,,Liquid Development LLC,core,OUTSOURCE PARTNERS/PRODUCTION#2100
halo-infinite,1550,Sean Manseau,,Production,PRODUCTION MANAGER,,Liquid Development LLC,core,OUTSOURCE PARTNERS/PRODUCTION#2102
halo-infinite,1551,Suzanne Atherly,,Production,PRODUCERS,,Liquid Development LLC,core,OUTSOURCE PARTNERS/PRODUCTION#2104
halo-infinite,1552,Sherry Kuchera,,Production,PRODUCERS,,Liquid Development LLC,core,OUTSOURCE PARTNERS/PRODUCTION#2105
halo-infinite,1553,Joe Saban,,Production,PRODUCERS,,Liquid Development LLC,core,OUTSOURCE PARTNERS/PRODUCTION#2106
halo-infinite,1554,Marshall Short,,Production,PRODUCERS,,Liquid Development LLC,core,OUTSOURCE PARTNERS/PRODUCTION#2107
halo-infinite,1555,Tien Tam,,Production,PRODUCERS,,Liquid Development LLC,core,OUTSOURCE PARTNERS/PRODUCTION#2108
halo-infinite,1556,Priyam Dutta,,Art,HEAD OF OPERATIONS,,Mandali Games,core,OUTSOURCE PARTNERS/ENVIRONMENT ART#2113
halo-infinite,1557,Vishal Jain,,Art,HEAD OF PRODUCTION,,Mandali Games,core,OUTSOURCE PARTNERS/ENVIRONMENT ART#2114
halo-infinite,1558,Dilip Khimraj,,Art,ART DIRECTOR,,Mandali Games,core,OUTSOURCE PARTNERS/ENVIRONMENT ART#2115
halo-infinite,1559,Bhanu Pratap,,Art,ART DIRECTOR,,Mandali Games,core,OUTSOURCE PARTNERS/ENVIRONMENT ART#2116
halo-infinite,1560,Isha Sharma,,Art,ASSOCIATE PROJECT MANAGER,,Mandali Games,core,OUTSOURCE PARTNERS/ENVIRONMENT ART#2117
halo-infinite,1561,Mridul Gupta,,Art,LEAD ARTIST,,Mandali Games,core,OUTSOURCE PARTNERS/ENVIRONMENT ART#2118
halo-infinite,1562,Hirak Banerjee,,Art,ARTISTS,,Mandali Games,core,OUTSOURCE PARTNERS/ENVIRONMENT ART#2120
halo-infinite,1563,Ankush Bisht,,Art,ARTISTS,,Mandali Games,core,OUTSOURCE PARTNERS/ENVIRONMENT ART#2121
halo-infinite,1564,Manoj Gusai,,Art,ARTISTS,,Mandali Games,core,OUTSOURCE PARTNERS/ENVIRONMENT ART#2122
halo-infinite,1565,Manish Jangid,,Art,ARTISTS,,Mandali Games,core,OUTSOURCE PARTNERS/ENVIRONMENT ART#2123
halo-infinite,1566,Rakesh Kapadiya,,Art,ARTISTS,,Mandali Games,core,OUTSOURCE PARTNERS/ENVIRONMENT ART#2124
halo-infinite,1567,Pawan Kumar Rawat,,Art,ARTISTS,,Mandali Games,core,OUTSOURCE PARTNERS/ENVIRONMENT ART#2125
halo-infinite,1568,Sumit Singh,,Art,ARTISTS,,Mandali Games,core,OUTSOURCE PARTNERS/ENVIRONMENT ART#2126
halo-infinite,1569,Namrata Singh,,Art,ARTISTS,,Mandali Games,core,OUTSOURCE PARTNERS/ENVIRONMENT ART#2127
halo-infinite,1570,Prabhjot Singh,,Art,ARTISTS,,Mandali Games,core,OUTSOURCE PARTNERS/ENVIRONMENT ART#2128
halo-infinite,1571,Ravinder Singh,,Art,ARTISTS,,Mandali Games,core,OUTSOURCE PARTNERS/ENVIRONMENT ART#2129
halo-infinite,1572,Manoj Singh Gusain,,Art,ARTISTS,,Mandali Games,core,OUTSOURCE PARTNERS/ENVIRONMENT ART#2130
halo-infinite,1573,Simrandeep Singh,,Art,ARTISTS,,Mandali Games,core,OUTSOURCE PARTNERS/ENVIRONMENT ART#2131
halo-infinite,1574,Abhishek Vijay,,Art,ARTISTS,,Mandali Games,core,OUTSOURCE PARTNERS/ENVIRONMENT ART#2132
halo-infinite,1575,Zhang Jie,,Other,STUDIO DIRECTOR,,Mindwalk,core,OUTSOURCE PARTNERS/Mindwalk#2136
halo-infinite,1576,Liu Dechen,,Art,STUDIO ANIMATION LEAD,,Mindwalk,core,OUTSOURCE PARTNERS/Mindwalk#2137
halo-infinite,1577,Chi Juan,,Art,ANIMATION LEAD,,Mindwalk,core,OUTSOURCE PARTNERS/ANIMATION#2140
halo-infinite,1578,Wang Chao,,Art,ANIMATORS,,Mindwalk,core,OUTSOURCE PARTNERS/ANIMATION#2142
halo-infinite,1579,Ru Dan,,Art,ANIMATORS,,Mindwalk,core,OUTSOURCE PARTNERS/ANIMATION#2143
halo-infinite,1580,Wan Jing,,Art,ANIMATORS,,Mindwalk,core,OUTSOURCE PARTNERS/ANIMATION#2144
halo-infinite,1581,Ji Lanting,,Art,ANIMATORS,,Mindwalk,core,OUTSOURCE PARTNERS/ANIMATION#2145
halo-infinite,1582,Wang Liqun,,Art,ANIMATORS,,Mindwalk,core,OUTSOURCE PARTNERS/ANIMATION#2146
halo-infinite,1583,Zhang Lixin,,Art,ANIMATORS,,Mindwalk,core,OUTSOURCE PARTNERS/ANIMATION#2147
halo-infinite,1584,Song Shihao,,Art,ANIMATORS,,Mindwalk,core,OUTSOURCE PARTNERS/ANIMATION#2148
halo-infinite,1585,Yue Suxin,,Art,ANIMATORS,,Mindwalk,core,OUTSOURCE PARTNERS/ANIMATION#2149
halo-infinite,1586,Chen Wang,,Art,ANIMATORS,,Mindwalk,core,OUTSOURCE PARTNERS/ANIMATION#2150
halo-infinite,1587,Li Xin,,Art,ANIMATORS,,Mindwalk,core,OUTSOURCE PARTNERS/ANIMATION#2151
halo-infinite,1588,Li Xinpeng,,Art,ANIMATORS,,Mindwalk,core,OUTSOURCE PARTNERS/ANIMATION#2152
halo-infinite,1589,Zhao Yao,,Art,ANIMATORS,,Mindwalk,core,OUTSOURCE PARTNERS/ANIMATION#2153
halo-infinite,1590,Tian Ye,,Art,ANIMATORS,,Mindwalk,core,OUTSOURCE PARTNERS/ANIMATION#2154
halo-infinite,1591,Bai Yuxue,,Art,ANIMATORS,,Mindwalk,core,OUTSOURCE PARTNERS/ANIMATION#2155
halo-infinite,1592,Yu Zhenyu,,Art,ANIMATORS,,Mindwalk,core,OUTSOURCE PARTNERS/ANIMATION#2156
halo-infinite,1593,He Zhiqiang,,Art,ANIMATORS,,Mindwalk,core,OUTSOURCE PARTNERS/ANIMATION#2157
halo-infinite,1594,Li Chenguang,,Art,LEAD ARTISTS,,Mindwalk,core,OUTSOURCE PARTNERS/ART#2160
halo-infinite,1595,Yang Dongrong,,Art,LEAD ARTISTS,,Mindwalk,core,OUTSOURCE PARTNERS/ART#2161
halo-infinite,1596,Wang Hao,,Art,LEAD ARTISTS,,Mindwalk,core,OUTSOURCE PARTNERS/ART#2162
halo-infinite,1597,Liu Changhai,,Art,ARTISTS,,Mindwalk,core,OUTSOURCE PARTNERS/ART#2164
halo-infinite,1598,Jiang Hong,,Art,ARTISTS,,Mindwalk,core,OUTSOURCE PARTNERS/ART#2165
halo-infinite,1599,Ma Meijun,,Art,ARTISTS,,Mindwalk,core,OUTSOURCE PARTNERS/ART#2166
halo-infinite,1600,Yang Shaoyu,,Art,ARTISTS,,Mindwalk,core,OUTSOURCE PARTNERS/ART#2167
halo-infinite,1601,Luo Wangjiao,,Art,ARTISTS,,Mindwalk,core,OUTSOURCE PARTNERS/ART#2168
halo-infinite,1602,Huang Wenmin,,Art,ARTISTS,,Mindwalk,core,OUTSOURCE PARTNERS/ART#2169
halo-infinite,1603,Li Xiaocheng,,Art,ARTISTS,,Mindwalk,core,OUTSOURCE PARTNERS/ART#2170
halo-infinite,1604,Jiang Xingqi,,Art,ARTISTS,,Mindwalk,core,OUTSOURCE PARTNERS/ART#2171
halo-infinite,1605,Fiona Chen,,Other,MANAGEMENT,,Mindwalk,core,OUTSOURCE PARTNERS/MANAGEMENT#2174
halo-infinite,1606,Finn Feng,,Other,MANAGEMENT,,Mindwalk,core,OUTSOURCE PARTNERS/MANAGEMENT#2175
halo-infinite,1607,Elfy Liu,,Other,MANAGEMENT,,Mindwalk,core,OUTSOURCE PARTNERS/MANAGEMENT#2176
halo-infinite,1608,Tara Phillips,,Other,MANAGEMENT,,Mindwalk,core,OUTSOURCE PARTNERS/MANAGEMENT#2177
halo-infinite,1609,Vivian Wei,,Other,MANAGEMENT,,Mindwalk,core,OUTSOURCE PARTNERS/MANAGEMENT#2178
halo-infinite,1610,Elle Yu,,Other,MANAGEMENT,,Mindwalk,core,OUTSOURCE PARTNERS/MANAGEMENT#2179
halo-infinite,1611,Geoffroy de Nanteuil,,Art,VP BUSINESS DEVELOPMENT,,OF3D,core,OUTSOURCE PARTNERS/ENVIRONMENT ART#2189
halo-infinite,1612,Lei Zhong,,Art,TEAM LEADER,,OF3D,core,OUTSOURCE PARTNERS/ENVIRONMENT ART#2190
halo-infinite,1613,Yanan Zhu,,Art,PROJECT LEADER,,OF3D,core,OUTSOURCE PARTNERS/ENVIRONMENT ART#2191
halo-infinite,1614,Pinzhi Chen,,Art,ENVIRONMENT ARTISTS,,OF3D,core,OUTSOURCE PARTNERS/ENVIRONMENT ART#2193
halo-infinite,1615,Kurt Li,,Art,ENVIRONMENT ARTISTS,,OF3D,core,OUTSOURCE PARTNERS/ENVIRONMENT ART#2194
halo-infinite,1616,Julia Wang,,Art,ENVIRONMENT ARTISTS,,OF3D,core,OUTSOURCE PARTNERS/ENVIRONMENT ART#2195
halo-infinite,1617,Mengting Wang,,Art,ENVIRONMENT ARTISTS,,OF3D,core,OUTSOURCE PARTNERS/ENVIRONMENT ART#2196
halo-infinite,1618,Ya Zhang,,Art,ENVIRONMENT ARTISTS,,OF3D,core,OUTSOURCE PARTNERS/ENVIRONMENT ART#2197
halo-infinite,1619,Zhen Zhang,,Art,ENVIRONMENT ARTISTS,,OF3D,core,OUTSOURCE PARTNERS/ENVIRONMENT ART#2198
halo-infinite,1620,Qian Zhang,,Art,ENVIRONMENT ARTISTS,,OF3D,core,OUTSOURCE PARTNERS/ENVIRONMENT ART#2199
halo-infinite,1621,Wenyan Zhou,,Art,ENVIRONMENT ARTISTS,,OF3D,core,OUTSOURCE PARTNERS/ENVIRONMENT ART#2200
halo-infinite,1622,Coby Chan,,Other,DIRECTOR,,Pixel Mafia,core,OUTSOURCE PARTNERS/Pixel Mafia#2204
halo-infinite,1623,Walter de Torres,,Other,DIRECTOR,,Pixel Mafia,core,OUTSOURCE PARTNERS/Pixel Mafia#2205
halo-infinite,1624,Melody Arellano,,Studio/Business,ADMINISTRATION,,Pixel Mafia,core,OUTSOURCE PARTNERS/ADMINISTRATION#2208
halo-infinite,1625,Ronald Lagata,,Studio/Business,ADMINISTRATION,,Pixel Mafia,core,OUTSOURCE PARTNERS/ADMINISTRATION#2209
halo-infinite,1626,Paul Dave Malla,,Art,LEAD 3D ARTIST,,Pixel Mafia,core,OUTSOURCE PARTNERS/3D Art#2213
halo-infinite,1627,Glenson Abao,,Art,3D ARTISTS,,Pixel Mafia,core,OUTSOURCE PARTNERS/3D Art#2215
halo-infinite,1628,Ralphie Agenar,,Art,3D ARTISTS,,Pixel Mafia,core,OUTSOURCE PARTNERS/3D Art#2216
halo-infinite,1629,Vincent Aguilar,,Art,3D ARTISTS,,Pixel Mafia,core,OUTSOURCE PARTNERS/3D Art#2217
halo-infinite,1630,Joram Jacob Cruz,,Art,3D ARTISTS,,Pixel Mafia,core,OUTSOURCE PARTNERS/3D Art#2218
halo-infinite,1631,Kristienne Micah de los Angeles,,Art,3D ARTISTS,,Pixel Mafia,core,OUTSOURCE PARTNERS/3D Art#2219
halo-infinite,1632,Jerome Irving Go,,Art,3D ARTISTS,,Pixel Mafia,core,OUTSOURCE PARTNERS/3D Art#2220
halo-infinite,1633,Kim Quiachon,,Art,3D ARTISTS,,Pixel Mafia,core,OUTSOURCE PARTNERS/3D Art#2221
halo-infinite,1634,Allen Sampaga,,Art,3D ARTISTS,,Pixel Mafia,core,OUTSOURCE PARTNERS/3D Art#2222
halo-infinite,1635,Bienvenido Santos,,Art,3D ARTISTS,,Pixel Mafia,core,OUTSOURCE PARTNERS/3D Art#2223
halo-infinite,1636,Romeo Buelva Jr.,,Art,3D ARTISTS,,Pixel Mafia,core,OUTSOURCE PARTNERS/Additional 3D Art#2226
halo-infinite,1637,Ian Dela Cruz,,Art,3D ARTISTS,,Pixel Mafia,core,OUTSOURCE PARTNERS/Additional 3D Art#2227
halo-infinite,1638,Keith Dela Cruz,,Art,3D ARTISTS,,Pixel Mafia,core,OUTSOURCE PARTNERS/Additional 3D Art#2228
halo-infinite,1639,Arjon Mendoza,,Art,3D ARTISTS,,Pixel Mafia,core,OUTSOURCE PARTNERS/Additional 3D Art#2229
halo-infinite,1640,Korina Olegario,,Art,3D ARTISTS,,Pixel Mafia,core,OUTSOURCE PARTNERS/Additional 3D Art#2230
halo-infinite,1641,Edward Reyes,,Art,3D ARTISTS,,Pixel Mafia,core,OUTSOURCE PARTNERS/Additional 3D Art#2231
halo-infinite,1642,Eunice Tamayo,,Art,3D ARTISTS,,Pixel Mafia,core,OUTSOURCE PARTNERS/Additional 3D Art#2232
halo-infinite,1643,Kenneth Camaro,,Art,LEAD CONCEPT ARTIST,,Pixel Mafia,core,OUTSOURCE PARTNERS/Concept Art#2235
halo-infinite,1644,Aimy Calilung,,Art,CONCEPT ARTISTS,,Pixel Mafia,core,OUTSOURCE PARTNERS/Concept Art#2237
halo-infinite,1645,Jaime Quiaño Jr.,,Art,CONCEPT ARTISTS,,Pixel Mafia,core,OUTSOURCE PARTNERS/Concept Art#2238
halo-infinite,1646,Gabriel Santos,,Art,CONCEPT ARTISTS,,Pixel Mafia,core,OUTSOURCE PARTNERS/Concept Art#2239
halo-infinite,1647,Bryan Vidal,,Art,CONCEPT ARTISTS,,Pixel Mafia,core,OUTSOURCE PARTNERS/Concept Art#2240
halo-infinite,1648,Maria Enriquez,,Publishing,HR,,Pixel Mafia,core,OUTSOURCE PARTNERS/HR#2243
halo-infinite,1649,Archie Plata,,Other,IT,,Pixel Mafia,core,OUTSOURCE PARTNERS/IT#2246
halo-infinite,1650,Nelson Ragandap,,Other,IT,,Pixel Mafia,core,OUTSOURCE PARTNERS/IT#2247
halo-infinite,1651,Donna Castillo,,Production,LEAD PRODUCER,,Pixel Mafia,core,OUTSOURCE PARTNERS/PRODUCTION#2250
halo-infinite,1652,Kevin Beato,,Production,PRODUCERS,,Pixel Mafia,core,OUTSOURCE PARTNERS/PRODUCTION#2252
halo-infinite,1653,Gale Evangelista,,Production,PRODUCERS,,Pixel Mafia,core,OUTSOURCE PARTNERS/PRODUCTION#2253
halo-infinite,1654,Jonny Severn,,Design,CEO,,Pixel Smash Ltd,core,OUTSOURCE PARTNERS/UI#2258
halo-infinite,1655,Daniel Staton,,Leadership,STUDIO HEAD,,Red Hot CG,core,OUTSOURCE PARTNERS/Red Hot CG#2262
halo-infinite,1656,Yang Heli,,Art,LEAD ARTISTS,,Red Hot CG,core,OUTSOURCE PARTNERS/ART#2265
halo-infinite,1657,Yu Liulin,,Art,LEAD ARTISTS,,Red Hot CG,core,OUTSOURCE PARTNERS/ART#2266
halo-infinite,1658,Ma Shiying,,Art,LEAD ARTISTS,,Red Hot CG,core,OUTSOURCE PARTNERS/ART#2267
halo-infinite,1659,Liu Yanxi,,Art,LEAD ARTISTS,,Red Hot CG,core,OUTSOURCE PARTNERS/ART#2268
halo-infinite,1660,Wu Hao,,Art,ARTISTS,,Red Hot CG,core,OUTSOURCE PARTNERS/ART#2270
halo-infinite,1661,Liu Haoqiang,,Art,ARTISTS,,Red Hot CG,core,OUTSOURCE PARTNERS/ART#2271
halo-infinite,1662,Wei Huimin,,Art,ARTISTS,,Red Hot CG,core,OUTSOURCE PARTNERS/ART#2272
halo-infinite,1663,Zhu Keyan,,Art,ARTISTS,,Red Hot CG,core,OUTSOURCE PARTNERS/ART#2273
halo-infinite,1664,Wang Mingxun,,Art,ARTISTS,,Red Hot CG,core,OUTSOURCE PARTNERS/ART#2274
halo-infinite,1665,Chao Ruiqing,,Art,ARTISTS,,Red Hot CG,core,OUTSOURCE PARTNERS/ART#2275
halo-infinite,1666,Yang Rujian,,Art,ARTISTS,,Red Hot CG,core,OUTSOURCE PARTNERS/ART#2276
halo-infinite,1667,Duan Sen,,Art,ARTISTS,,Red Hot CG,core,OUTSOURCE PARTNERS/ART#2277
halo-infinite,1668,Li Shanshan,,Art,ARTISTS,,Red Hot CG,core,OUTSOURCE PARTNERS/ART#2278
halo-infinite,1669,Li Shaoquan,,Art,ARTISTS,,Red Hot CG,core,OUTSOURCE PARTNERS/ART#2279
halo-infinite,1670,Li Tianyang,,Art,ARTISTS,,Red Hot CG,core,OUTSOURCE PARTNERS/ART#2280
halo-infinite,1671,Wang Xixi,,Art,ARTISTS,,Red Hot CG,core,OUTSOURCE PARTNERS/ART#2281
halo-infinite,1672,Zhang Yadi,,Art,ARTISTS,,Red Hot CG,core,OUTSOURCE PARTNERS/ART#2282
halo-infinite,1673,Li Yanjie,,Art,ARTISTS,,Red Hot CG,core,OUTSOURCE PARTNERS/ART#2283
halo-infinite,1674,Feng Yibo,,Art,ARTISTS,,Red Hot CG,core,OUTSOURCE PARTNERS/ART#2284
halo-infinite,1675,Liu Yongyuan,,Art,ARTISTS,,Red Hot CG,core,OUTSOURCE PARTNERS/ART#2285
halo-infinite,1676,Zhang Yuan,,Art,ARTISTS,,Red Hot CG,core,OUTSOURCE PARTNERS/ART#2286
halo-infinite,1677,Leo Lin,,Other,MANAGEMENT,,Red Hot CG,core,OUTSOURCE PARTNERS/MANAGEMENT#2289
halo-infinite,1678,Lina Niu,,Other,MANAGEMENT,,Red Hot CG,core,OUTSOURCE PARTNERS/MANAGEMENT#2290
halo-infinite,1679,Alex You,,Other,MANAGEMENT,,Red Hot CG,core,OUTSOURCE PARTNERS/MANAGEMENT#2291
halo-infinite,1680,Inna Pendyur,,Art,BUSINESS DEVELOPMENT MANAGER,,Room 8 Studios,core,OUTSOURCE PARTNERS/ENVIRONMENT ART#2296
halo-infinite,1681,Roman Grishaev,,Art,LEAD 3D ENVIRONMENT ARTIST,,Room 8 Studios,core,OUTSOURCE PARTNERS/ENVIRONMENT ART#2298
halo-infinite,1682,Georgiy Artemenko,,Art,3D ENVIRONMENT ARTISTS,,Room 8 Studios,core,OUTSOURCE PARTNERS/ENVIRONMENT ART#2300
halo-infinite,1683,Dmitrii Glukhov,,Art,3D ENVIRONMENT ARTISTS,,Room 8 Studios,core,OUTSOURCE PARTNERS/ENVIRONMENT ART#2301
halo-infinite,1684,Mariia Levitskaia,,Art,3D ENVIRONMENT ARTISTS,,Room 8 Studios,core,OUTSOURCE PARTNERS/ENVIRONMENT ART#2302
halo-infinite,1685,Mikhail Nasedkin,,Art,3D ENVIRONMENT ARTISTS,,Room 8 Studios,core,OUTSOURCE PARTNERS/ENVIRONMENT ART#2303
halo-infinite,1686,Evgeniya Sankova,,Art,3D ENVIRONMENT ARTISTS,,Room 8 Studios,core,OUTSOURCE PARTNERS/ENVIRONMENT ART#2304
halo-infinite,1687,Yuliya Shevchuk,,Art,3D ENVIRONMENT ARTISTS,,Room 8 Studios,core,OUTSOURCE PARTNERS/ENVIRONMENT ART#2305
halo-infinite,1688,Ruslan Svinoboi,,Art,3D ENVIRONMENT ARTISTS,,Room 8 Studios,core,OUTSOURCE PARTNERS/ENVIRONMENT ART#2306
halo-infinite,1689,Maksim Svinoboi,,Art,3D ENVIRONMENT ARTISTS,,Room 8 Studios,core,OUTSOURCE PARTNERS/ENVIRONMENT ART#2307
halo-infinite,1690,Bobby Bath,,Art,ART DIRECTOR,,"SkyBox Labs, Inc.",core,OUTSOURCE PARTNERS/PROJECT DIRECTORS#2312
halo-infinite,1691,Brendon Bauman,,Art,ART DIRECTOR,,"SkyBox Labs, Inc.",core,OUTSOURCE PARTNERS/PROJECT DIRECTORS#2313
halo-infinite,1692,David Hiscock,,Engineering,ENGINEERING DIRECTOR,,"SkyBox Labs, Inc.",core,OUTSOURCE PARTNERS/PROJECT DIRECTORS#2314
halo-infinite,1693,Jacob Krarup,,Production,PRODUCTION DIRECTOR,,"SkyBox Labs, Inc.",core,OUTSOURCE PARTNERS/PROJECT DIRECTORS#2315
halo-infinite,1694,Julio Alas,,Art,LEAD ANIMATOR,,"SkyBox Labs, Inc.",core,OUTSOURCE PARTNERS/Animation#2319
halo-infinite,1695,Candace DeBacker,,Art,ANIMATORS,,"SkyBox Labs, Inc.",core,OUTSOURCE PARTNERS/Animation#2321
halo-infinite,1696,Michael Jahnke,,Art,ANIMATORS,,"SkyBox Labs, Inc.",core,OUTSOURCE PARTNERS/Animation#2322
halo-infinite,1697,Jegark Oh,,Art,ANIMATORS,,"SkyBox Labs, Inc.",core,OUTSOURCE PARTNERS/Animation#2323
halo-infinite,1698,Richard Reyes,,Art,CHARACTER ARTIST,,"SkyBox Labs, Inc.",core,OUTSOURCE PARTNERS/Character Art#2326
halo-infinite,1699,Jon Berezan,,Art,ENVIRONMENT ARTISTS,,"SkyBox Labs, Inc.",core,OUTSOURCE PARTNERS/Environment Art#2329
halo-infinite,1700,Derek Carter,,Art,ENVIRONMENT ARTISTS,,"SkyBox Labs, Inc.",core,OUTSOURCE PARTNERS/Environment Art#2330
halo-infinite,1701,Kaiden Mae Hansen,,Art,ENVIRONMENT ARTISTS,,"SkyBox Labs, Inc.",core,OUTSOURCE PARTNERS/Environment Art#2331
halo-infinite,1702,Cynthia Jensen,,Art,ENVIRONMENT ARTISTS,,"SkyBox Labs, Inc.",core,OUTSOURCE PARTNERS/Environment Art#2332
halo-infinite,1703,Joy Kim,,Art,ENVIRONMENT ARTISTS,,"SkyBox Labs, Inc.",core,OUTSOURCE PARTNERS/Environment Art#2333
halo-infinite,1704,Bryan Pickett,,Art,ENVIRONMENT ARTISTS,,"SkyBox Labs, Inc.",core,OUTSOURCE PARTNERS/Environment Art#2334
halo-infinite,1705,Gabriel Rudner,,Art,ENVIRONMENT ARTISTS,,"SkyBox Labs, Inc.",core,OUTSOURCE PARTNERS/Environment Art#2335
halo-infinite,1706,Sim Sahin,,Art,ENVIRONMENT ARTISTS,,"SkyBox Labs, Inc.",core,OUTSOURCE PARTNERS/Environment Art#2336
halo-infinite,1707,Julian Yip,,Art,ENVIRONMENT ARTISTS,,"SkyBox Labs, Inc.",core,OUTSOURCE PARTNERS/Environment Art#2337
halo-infinite,1708,Adrian Bell,,Art,LIGHTING ARTIST,,"SkyBox Labs, Inc.",core,OUTSOURCE PARTNERS/Lighting#2340
halo-infinite,1709,Soeren Hesse,,Art,TECHNICAL ARTISTS,,"SkyBox Labs, Inc.",core,OUTSOURCE PARTNERS/Tech Art#2343
halo-infinite,1710,Dan Kim,,Art,TECHNICAL ARTISTS,,"SkyBox Labs, Inc.",core,OUTSOURCE PARTNERS/Tech Art#2344
halo-infinite,1711,Gavin Bird,,Design,LEAD DESIGNER,,"SkyBox Labs, Inc.",core,OUTSOURCE PARTNERS/UXUI#2347
halo-infinite,1712,Mitch Armstrong,,Design,DESIGNERS,,"SkyBox Labs, Inc.",core,OUTSOURCE PARTNERS/UXUI#2349
halo-infinite,1713,Adrian Cheung,,Design,DESIGNERS,,"SkyBox Labs, Inc.",core,OUTSOURCE PARTNERS/UXUI#2350
halo-infinite,1714,Serge Khomutovskiy,,Design,DESIGNERS,,"SkyBox Labs, Inc.",core,OUTSOURCE PARTNERS/UXUI#2351
halo-infinite,1715,Piotr Rybacki,,Design,DESIGNERS,,"SkyBox Labs, Inc.",core,OUTSOURCE PARTNERS/UXUI#2352
halo-infinite,1716,Stephen Cleland,,Design,LEAD DESIGNERS,,"SkyBox Labs, Inc.",core,OUTSOURCE PARTNERS/DESIGN#2355
halo-infinite,1717,Dana Fortier,,Design,LEAD DESIGNERS,,"SkyBox Labs, Inc.",core,OUTSOURCE PARTNERS/DESIGN#2356
halo-infinite,1718,Errol Hanham,,Design,LEAD DESIGNERS,,"SkyBox Labs, Inc.",core,OUTSOURCE PARTNERS/DESIGN#2357
halo-infinite,1719,Enrique Ventura,,Design,LEAD DESIGNERS,,"SkyBox Labs, Inc.",core,OUTSOURCE PARTNERS/DESIGN#2358
halo-infinite,1720,Pedro D'Andrea,,Design,DESIGNERS,,"SkyBox Labs, Inc.",core,OUTSOURCE PARTNERS/DESIGN#2360
halo-infinite,1721,Aaron Groening,,Design,DESIGNERS,,"SkyBox Labs, Inc.",core,OUTSOURCE PARTNERS/DESIGN#2361
halo-infinite,1722,Jeremy Katsumata,,Design,DESIGNERS,,"SkyBox Labs, Inc.",core,OUTSOURCE PARTNERS/DESIGN#2362
halo-infinite,1723,Willie Loh,,Design,DESIGNERS,,"SkyBox Labs, Inc.",core,OUTSOURCE PARTNERS/DESIGN#2363
halo-infinite,1724,Andres Molina,,Design,DESIGNERS,,"SkyBox Labs, Inc.",core,OUTSOURCE PARTNERS/DESIGN#2364
halo-infinite,1725,Byron Munsie,,Design,DESIGNERS,,"SkyBox Labs, Inc.",core,OUTSOURCE PARTNERS/DESIGN#2365
halo-infinite,1726,Cody Rossi,,Design,DESIGNERS,,"SkyBox Labs, Inc.",core,OUTSOURCE PARTNERS/DESIGN#2366
halo-infinite,1727,Quinton Prince,,Design,DESIGNERS,,"SkyBox Labs, Inc.",core,OUTSOURCE PARTNERS/DESIGN#2367
halo-infinite,1728,Nick Taylor,,Design,DESIGNERS,,"SkyBox Labs, Inc.",core,OUTSOURCE PARTNERS/DESIGN#2368
halo-infinite,1729,Jonathan Tittley,,Design,DESIGNERS,,"SkyBox Labs, Inc.",core,OUTSOURCE PARTNERS/DESIGN#2369
halo-infinite,1730,Michael Ventura,,Design,DESIGNERS,,"SkyBox Labs, Inc.",core,OUTSOURCE PARTNERS/DESIGN#2370
halo-infinite,1731,Ryan Alban,,Engineering,LEAD ENGINEERS,,"SkyBox Labs, Inc.",core,OUTSOURCE PARTNERS/ENGINEERING#2373
halo-infinite,1732,Scott Andrews,,Engineering,LEAD ENGINEERS,,"SkyBox Labs, Inc.",core,OUTSOURCE PARTNERS/ENGINEERING#2374
halo-infinite,1733,Vinicius Barbosa,,Engineering,LEAD ENGINEERS,,"SkyBox Labs, Inc.",core,OUTSOURCE PARTNERS/ENGINEERING#2375
halo-infinite,1734,Marcel Barker,,Engineering,LEAD ENGINEERS,,"SkyBox Labs, Inc.",core,OUTSOURCE PARTNERS/ENGINEERING#2376
halo-infinite,1735,Thierry Bouchard,,Engineering,LEAD ENGINEERS,,"SkyBox Labs, Inc.",core,OUTSOURCE PARTNERS/ENGINEERING#2377
halo-infinite,1736,Colin Cove,,Engineering,LEAD ENGINEERS,,"SkyBox Labs, Inc.",core,OUTSOURCE PARTNERS/ENGINEERING#2378
halo-infinite,1737,Cory Fisher,,Engineering,LEAD ENGINEERS,,"SkyBox Labs, Inc.",core,OUTSOURCE PARTNERS/ENGINEERING#2379
halo-infinite,1738,Amelia Graham,,Engineering,LEAD ENGINEERS,,"SkyBox Labs, Inc.",core,OUTSOURCE PARTNERS/ENGINEERING#2380
halo-infinite,1739,Gijs Kaerts,,Engineering,LEAD ENGINEERS,,"SkyBox Labs, Inc.",core,OUTSOURCE PARTNERS/ENGINEERING#2381
halo-infinite,1740,Stas Kalashnikov,,Engineering,LEAD ENGINEERS,,"SkyBox Labs, Inc.",core,OUTSOURCE PARTNERS/ENGINEERING#2382
halo-infinite,1741,Bronson Lysy,,Engineering,LEAD ENGINEERS,,"SkyBox Labs, Inc.",core,OUTSOURCE PARTNERS/ENGINEERING#2383
halo-infinite,1742,Mark McKellar,,Engineering,LEAD ENGINEERS,,"SkyBox Labs, Inc.",core,OUTSOURCE PARTNERS/ENGINEERING#2384
halo-infinite,1743,Mirena McLean,,Engineering,LEAD ENGINEERS,,"SkyBox Labs, Inc.",core,OUTSOURCE PARTNERS/ENGINEERING#2385
halo-infinite,1744,Andrew Osborne,,Engineering,LEAD ENGINEERS,,"SkyBox Labs, Inc.",core,OUTSOURCE PARTNERS/ENGINEERING#2386
halo-infinite,1745,Marija Petkova,,Engineering,LEAD ENGINEERS,,"SkyBox Labs, Inc.",core,OUTSOURCE PARTNERS/ENGINEERING#2387
halo-infinite,1746,Luis Placid,,Engineering,LEAD ENGINEERS,,"SkyBox Labs, Inc.",core,OUTSOURCE PARTNERS/ENGINEERING#2388
halo-infinite,1747,Pete Quickert,,Engineering,LEAD ENGINEERS,,"SkyBox Labs, Inc.",core,OUTSOURCE PARTNERS/ENGINEERING#2389
halo-infinite,1748,Dee Jay Randall,,Engineering,LEAD ENGINEERS,,"SkyBox Labs, Inc.",core,OUTSOURCE PARTNERS/ENGINEERING#2390
halo-infinite,1749,Nigel Rankin,,Engineering,LEAD ENGINEERS,,"SkyBox Labs, Inc.",core,OUTSOURCE PARTNERS/ENGINEERING#2391
halo-infinite,1750,Jonathan Ray,,Engineering,LEAD ENGINEERS,,"SkyBox Labs, Inc.",core,OUTSOURCE PARTNERS/ENGINEERING#2392
halo-infinite,1751,Ali Talhouni,,Engineering,LEAD ENGINEERS,,"SkyBox Labs, Inc.",core,OUTSOURCE PARTNERS/ENGINEERING#2393
halo-infinite,1752,Troy Taylor,,Engineering,LEAD ENGINEERS,,"SkyBox Labs, Inc.",core,OUTSOURCE PARTNERS/ENGINEERING#2394
halo-infinite,1753,Kamyar Allahverdi,,Engineering,ENGINEERS,,"SkyBox Labs, Inc.",core,OUTSOURCE PARTNERS/ENGINEERING#2396
halo-infinite,1754,Corey Asbreuk,,Engineering,ENGINEERS,,"SkyBox Labs, Inc.",core,OUTSOURCE PARTNERS/ENGINEERING#2397
halo-infinite,1755,Mifan Bang,,Engineering,ENGINEERS,,"SkyBox Labs, Inc.",core,OUTSOURCE PARTNERS/ENGINEERING#2398
halo-infinite,1756,Tom Baird,,Engineering,ENGINEERS,,"SkyBox Labs, Inc.",core,OUTSOURCE PARTNERS/ENGINEERING#2399
halo-infinite,1757,Jorge Javan Monsivais Bernal,,Engineering,ENGINEERS,,"SkyBox Labs, Inc.",core,OUTSOURCE PARTNERS/ENGINEERING#2400
halo-infinite,1758,Wanda Boyer,,Engineering,ENGINEERS,,"SkyBox Labs, Inc.",core,OUTSOURCE PARTNERS/ENGINEERING#2401
halo-infinite,1759,Rey Brassard,,Engineering,ENGINEERS,,"SkyBox Labs, Inc.",core,OUTSOURCE PARTNERS/ENGINEERING#2402
halo-infinite,1760,Adam Bryant,,Engineering,ENGINEERS,,"SkyBox Labs, Inc.",core,OUTSOURCE PARTNERS/ENGINEERING#2403
halo-infinite,1761,Brandon Chan,,Engineering,ENGINEERS,,"SkyBox Labs, Inc.",core,OUTSOURCE PARTNERS/ENGINEERING#2404
halo-infinite,1762,Shu-Yu (Olive) Chou,,Engineering,ENGINEERS,,"SkyBox Labs, Inc.",core,OUTSOURCE PARTNERS/ENGINEERING#2405
halo-infinite,1763,Tyler Da Costa,,Engineering,ENGINEERS,,"SkyBox Labs, Inc.",core,OUTSOURCE PARTNERS/ENGINEERING#2406
halo-infinite,1764,Daniel Dmytriw,,Engineering,ENGINEERS,,"SkyBox Labs, Inc.",core,OUTSOURCE PARTNERS/ENGINEERING#2407
halo-infinite,1765,Aran Dolatabadi,,Engineering,ENGINEERS,,"SkyBox Labs, Inc.",core,OUTSOURCE PARTNERS/ENGINEERING#2408
halo-infinite,1766,Juan Escobar,,Engineering,ENGINEERS,,"SkyBox Labs, Inc.",core,OUTSOURCE PARTNERS/ENGINEERING#2409
halo-infinite,1767,Jonathan Falomir,,Engineering,ENGINEERS,,"SkyBox Labs, Inc.",core,OUTSOURCE PARTNERS/ENGINEERING#2410
halo-infinite,1768,Arthur Firmino,,Engineering,ENGINEERS,,"SkyBox Labs, Inc.",core,OUTSOURCE PARTNERS/ENGINEERING#2411
halo-infinite,1769,Geoffrey Fisher,,Engineering,ENGINEERS,,"SkyBox Labs, Inc.",core,OUTSOURCE PARTNERS/ENGINEERING#2412
halo-infinite,1770,Jason Fleming,,Engineering,ENGINEERS,,"SkyBox Labs, Inc.",core,OUTSOURCE PARTNERS/ENGINEERING#2413
halo-infinite,1771,Jackie Fromme,,Engineering,ENGINEERS,,"SkyBox Labs, Inc.",core,OUTSOURCE PARTNERS/ENGINEERING#2414
halo-infinite,1772,Jun Fu,,Engineering,ENGINEERS,,"SkyBox Labs, Inc.",core,OUTSOURCE PARTNERS/ENGINEERING#2415
halo-infinite,1773,Russell Gillette,,Engineering,ENGINEERS,,"SkyBox Labs, Inc.",core,OUTSOURCE PARTNERS/ENGINEERING#2416
halo-infinite,1774,Matheus Depra Gudergues,,Engineering,ENGINEERS,,"SkyBox Labs, Inc.",core,OUTSOURCE PARTNERS/ENGINEERING#2417
halo-infinite,1775,Thomas Hill,,Engineering,ENGINEERS,,"SkyBox Labs, Inc.",core,OUTSOURCE PARTNERS/ENGINEERING#2418
halo-infinite,1776,Tim Hinds,,Engineering,ENGINEERS,,"SkyBox Labs, Inc.",core,OUTSOURCE PARTNERS/ENGINEERING#2419
halo-infinite,1777,Erica Ho,,Engineering,ENGINEERS,,"SkyBox Labs, Inc.",core,OUTSOURCE PARTNERS/ENGINEERING#2420
halo-infinite,1778,Kevin Hsu,,Engineering,ENGINEERS,,"SkyBox Labs, Inc.",core,OUTSOURCE PARTNERS/ENGINEERING#2421
halo-infinite,1779,Jerry Jia,,Engineering,ENGINEERS,,"SkyBox Labs, Inc.",core,OUTSOURCE PARTNERS/ENGINEERING#2422
halo-infinite,1780,Scott Johnston,,Engineering,ENGINEERS,,"SkyBox Labs, Inc.",core,OUTSOURCE PARTNERS/ENGINEERING#2423
halo-infinite,1781,Hironobu Kikuchi,,Engineering,ENGINEERS,,"SkyBox Labs, Inc.",core,OUTSOURCE PARTNERS/ENGINEERING#2424
halo-infinite,1782,Tae Kyung Kim,,Engineering,ENGINEERS,,"SkyBox Labs, Inc.",core,OUTSOURCE PARTNERS/ENGINEERING#2425
halo-infinite,1783,Dongseop Kim,,Engineering,ENGINEERS,,"SkyBox Labs, Inc.",core,OUTSOURCE PARTNERS/ENGINEERING#2426
halo-infinite,1784,Sergii Kudlai,,Engineering,ENGINEERS,,"SkyBox Labs, Inc.",core,OUTSOURCE PARTNERS/ENGINEERING#2427
halo-infinite,1785,Serge Lansiquot,,Engineering,ENGINEERS,,"SkyBox Labs, Inc.",core,OUTSOURCE PARTNERS/ENGINEERING#2428
halo-infinite,1786,George Li,,Engineering,ENGINEERS,,"SkyBox Labs, Inc.",core,OUTSOURCE PARTNERS/ENGINEERING#2429
halo-infinite,1787,Sardeep Longiye,,Engineering,ENGINEERS,,"SkyBox Labs, Inc.",core,OUTSOURCE PARTNERS/ENGINEERING#2430
halo-infinite,1788,Sergio Gonzalez Lopez,,Engineering,ENGINEERS,,"SkyBox Labs, Inc.",core,OUTSOURCE PARTNERS/ENGINEERING#2431
halo-infinite,1789,Jarrod MacKay,,Engineering,ENGINEERS,,"SkyBox Labs, Inc.",core,OUTSOURCE PARTNERS/ENGINEERING#2432
halo-infinite,1790,Cate MacKenzie,,Engineering,ENGINEERS,,"SkyBox Labs, Inc.",core,OUTSOURCE PARTNERS/ENGINEERING#2433
halo-infinite,1791,Ian McCall,,Engineering,ENGINEERS,,"SkyBox Labs, Inc.",core,OUTSOURCE PARTNERS/ENGINEERING#2434
halo-infinite,1792,Callum McRae,,Engineering,ENGINEERS,,"SkyBox Labs, Inc.",core,OUTSOURCE PARTNERS/ENGINEERING#2435
halo-infinite,1793,Bradley Miller,,Engineering,ENGINEERS,,"SkyBox Labs, Inc.",core,OUTSOURCE PARTNERS/ENGINEERING#2436
halo-infinite,1794,Harrison Mulder,,Engineering,ENGINEERS,,"SkyBox Labs, Inc.",core,OUTSOURCE PARTNERS/ENGINEERING#2437
halo-infinite,1795,Sardana Nikolaeva,,Engineering,ENGINEERS,,"SkyBox Labs, Inc.",core,OUTSOURCE PARTNERS/ENGINEERING#2438
halo-infinite,1796,Wysley Ng,,Engineering,ENGINEERS,,"SkyBox Labs, Inc.",core,OUTSOURCE PARTNERS/ENGINEERING#2439
halo-infinite,1797,Amit Ofer,,Engineering,ENGINEERS,,"SkyBox Labs, Inc.",core,OUTSOURCE PARTNERS/ENGINEERING#2440
halo-infinite,1798,Jagdeep Rana,,Engineering,ENGINEERS,,"SkyBox Labs, Inc.",core,OUTSOURCE PARTNERS/ENGINEERING#2441
halo-infinite,1799,Rodrigo Reis,,Engineering,ENGINEERS,,"SkyBox Labs, Inc.",core,OUTSOURCE PARTNERS/ENGINEERING#2442
halo-infinite,1800,Gil Reis Da Costa,,Engineering,ENGINEERS,,"SkyBox Labs, Inc.",core,OUTSOURCE PARTNERS/ENGINEERING#2443
halo-infinite,1801,Sakib Saikia,,Engineering,ENGINEERS,,"SkyBox Labs, Inc.",core,OUTSOURCE PARTNERS/ENGINEERING#2444
halo-infinite,1802,Jordan Saunders,,Engineering,ENGINEERS,,"SkyBox Labs, Inc.",core,OUTSOURCE PARTNERS/ENGINEERING#2445
halo-infinite,1803,Harry Shen,,Engineering,ENGINEERS,,"SkyBox Labs, Inc.",core,OUTSOURCE PARTNERS/ENGINEERING#2446
halo-infinite,1804,Tyler Staples,,Engineering,ENGINEERS,,"SkyBox Labs, Inc.",core,OUTSOURCE PARTNERS/ENGINEERING#2447
halo-infinite,1805,Michael Stickland,,Engineering,ENGINEERS,,"SkyBox Labs, Inc.",core,OUTSOURCE PARTNERS/ENGINEERING#2448
halo-infinite,1806,Adam Sturge,,Engineering,ENGINEERS,,"SkyBox Labs, Inc.",core,OUTSOURCE PARTNERS/ENGINEERING#2449
halo-infinite,1807,Christopher Tan,,Engineering,ENGINEERS,,"SkyBox Labs, Inc.",core,OUTSOURCE PARTNERS/ENGINEERING#2450
halo-infinite,1808,Gary Texmo,,Engineering,ENGINEERS,,"SkyBox Labs, Inc.",core,OUTSOURCE PARTNERS/ENGINEERING#2451
halo-infinite,1809,Greg Tinga,,Engineering,ENGINEERS,,"SkyBox Labs, Inc.",core,OUTSOURCE PARTNERS/ENGINEERING#2452
halo-infinite,1810,Rodrigo Vicencio-Moreira,,Engineering,ENGINEERS,,"SkyBox Labs, Inc.",core,OUTSOURCE PARTNERS/ENGINEERING#2453
halo-infinite,1811,Jarred Ward,,Engineering,ENGINEERS,,"SkyBox Labs, Inc.",core,OUTSOURCE PARTNERS/ENGINEERING#2454
halo-infinite,1812,Mike Werner,,Engineering,ENGINEERS,,"SkyBox Labs, Inc.",core,OUTSOURCE PARTNERS/ENGINEERING#2455
halo-infinite,1813,David Wong,,Engineering,ENGINEERS,,"SkyBox Labs, Inc.",core,OUTSOURCE PARTNERS/ENGINEERING#2456
halo-infinite,1814,Lawrence Wu,,Engineering,ENGINEERS,,"SkyBox Labs, Inc.",core,OUTSOURCE PARTNERS/ENGINEERING#2457
halo-infinite,1815,Frank Xu,,Engineering,ENGINEERS,,"SkyBox Labs, Inc.",core,OUTSOURCE PARTNERS/ENGINEERING#2458
halo-infinite,1816,Annie Chang,,Engineering,ENGINEERS,,"SkyBox Labs, Inc.",core,OUTSOURCE PARTNERS/IT#2461
halo-infinite,1817,Matthew Crew,,Engineering,ENGINEERS,,"SkyBox Labs, Inc.",core,OUTSOURCE PARTNERS/IT#2462
halo-infinite,1818,Neil Hogan,,Engineering,ENGINEERS,,"SkyBox Labs, Inc.",core,OUTSOURCE PARTNERS/IT#2463
halo-infinite,1819,George Ivanov,,Engineering,ENGINEERS,,"SkyBox Labs, Inc.",core,OUTSOURCE PARTNERS/IT#2464
halo-infinite,1820,Ahmad Qutob,,Engineering,ENGINEERS,,"SkyBox Labs, Inc.",core,OUTSOURCE PARTNERS/IT#2465
halo-infinite,1821,Robert Reid,,Engineering,ENGINEERS,,"SkyBox Labs, Inc.",core,OUTSOURCE PARTNERS/IT#2466
halo-infinite,1822,Gavin Russell,,Engineering,ENGINEERS,,"SkyBox Labs, Inc.",core,OUTSOURCE PARTNERS/IT#2467
halo-infinite,1823,Marc Speed,,Engineering,ENGINEERS,,"SkyBox Labs, Inc.",core,OUTSOURCE PARTNERS/IT#2468
halo-infinite,1824,Norman Wong,,Engineering,ENGINEERS,,"SkyBox Labs, Inc.",core,OUTSOURCE PARTNERS/IT#2469
halo-infinite,1825,Chris Aduna,,Production,LEAD PRODUCERS,,"SkyBox Labs, Inc.",core,OUTSOURCE PARTNERS/PRODUCTION#2472
halo-infinite,1826,Russell Kentish,,Production,LEAD PRODUCERS,,"SkyBox Labs, Inc.",core,OUTSOURCE PARTNERS/PRODUCTION#2473
halo-infinite,1827,Mike Torillo,,Production,LEAD PRODUCERS,,"SkyBox Labs, Inc.",core,OUTSOURCE PARTNERS/PRODUCTION#2474
halo-infinite,1828,Veronica Ng,,Production,LEAD PRODUCERS,,"SkyBox Labs, Inc.",core,OUTSOURCE PARTNERS/PRODUCTION#2475
halo-infinite,1829,Matt Wiggins,,Production,LEAD PRODUCERS,,"SkyBox Labs, Inc.",core,OUTSOURCE PARTNERS/PRODUCTION#2476
halo-infinite,1830,Damian Zerr,,Production,LEAD PRODUCERS,,"SkyBox Labs, Inc.",core,OUTSOURCE PARTNERS/PRODUCTION#2477
halo-infinite,1831,Taro Racanelli,,Production,PRODUCERS,,"SkyBox Labs, Inc.",core,OUTSOURCE PARTNERS/PRODUCTION#2479
halo-infinite,1832,Michael Tolkamp,,Production,PRODUCERS,,"SkyBox Labs, Inc.",core,OUTSOURCE PARTNERS/PRODUCTION#2480
halo-infinite,1833,Ace Cheung,,QA,LEAD QA,,"SkyBox Labs, Inc.",core,OUTSOURCE PARTNERS/QA & DEVELOPMENT SUPPORT#2483
halo-infinite,1834,Nicholas Burry,,QA,QA,,"SkyBox Labs, Inc.",core,OUTSOURCE PARTNERS/QA & DEVELOPMENT SUPPORT#2485
halo-infinite,1835,Eric Chan,,QA,QA,,"SkyBox Labs, Inc.",core,OUTSOURCE PARTNERS/QA & DEVELOPMENT SUPPORT#2486
halo-infinite,1836,Jimmy Chen,,QA,QA,,"SkyBox Labs, Inc.",core,OUTSOURCE PARTNERS/QA & DEVELOPMENT SUPPORT#2487
halo-infinite,1837,Evan Freitas,,QA,QA,,"SkyBox Labs, Inc.",core,OUTSOURCE PARTNERS/QA & DEVELOPMENT SUPPORT#2488
halo-infinite,1838,William Redmond,,QA,QA,,"SkyBox Labs, Inc.",core,OUTSOURCE PARTNERS/QA & DEVELOPMENT SUPPORT#2489
halo-infinite,1839,Shyang Kong,,Other,STUDIO MANAGERS,,"SkyBox Labs, Inc.",core,OUTSOURCE PARTNERS/STUDIO MANAGEMENT#2492
halo-infinite,1840,Derek MacNeil,,Other,STUDIO MANAGERS,,"SkyBox Labs, Inc.",core,OUTSOURCE PARTNERS/STUDIO MANAGEMENT#2493
halo-infinite,1841,Steve Silvester,,Other,STUDIO MANAGERS,,"SkyBox Labs, Inc.",core,OUTSOURCE PARTNERS/STUDIO MANAGEMENT#2494
halo-infinite,1842,Adam Hansen,,Art,Art,,"SkyBox Labs, Inc.",core,OUTSOURCE PARTNERS/Art#2498
halo-infinite,1843,Jose Simbulan,,Art,Art,,"SkyBox Labs, Inc.",core,OUTSOURCE PARTNERS/Art#2499
halo-infinite,1844,Filip Foksowicz,,Design,Design,,"SkyBox Labs, Inc.",core,OUTSOURCE PARTNERS/Design#2502
halo-infinite,1845,Zabed Akbar,,Engineering,Engineering,,"SkyBox Labs, Inc.",core,OUTSOURCE PARTNERS/Engineering#2505
halo-infinite,1846,Paul Baker,,Engineering,Engineering,,"SkyBox Labs, Inc.",core,OUTSOURCE PARTNERS/Engineering#2506
halo-infinite,1847,Ayush Chaudhary,,Engineering,Engineering,,"SkyBox Labs, Inc.",core,OUTSOURCE PARTNERS/Engineering#2507
halo-infinite,1848,Robyn Choi,,Engineering,Engineering,,"SkyBox Labs, Inc.",core,OUTSOURCE PARTNERS/Engineering#2508
halo-infinite,1849,Marcus Couto,,Engineering,Engineering,,"SkyBox Labs, Inc.",core,OUTSOURCE PARTNERS/Engineering#2509
halo-infinite,1850,Seamus Epp,,Engineering,Engineering,,"SkyBox Labs, Inc.",core,OUTSOURCE PARTNERS/Engineering#2510
halo-infinite,1851,Marc Faulise,,Engineering,Engineering,,"SkyBox Labs, Inc.",core,OUTSOURCE PARTNERS/Engineering#2511
halo-infinite,1852,Shaun Foley,,Engineering,Engineering,,"SkyBox Labs, Inc.",core,OUTSOURCE PARTNERS/Engineering#2512
halo-infinite,1853,Gael Giraudeau,,Engineering,Engineering,,"SkyBox Labs, Inc.",core,OUTSOURCE PARTNERS/Engineering#2513
halo-infinite,1854,Shadman Hassan,,Engineering,Engineering,,"SkyBox Labs, Inc.",core,OUTSOURCE PARTNERS/Engineering#2514
halo-infinite,1855,James Hatheway,,Engineering,Engineering,,"SkyBox Labs, Inc.",core,OUTSOURCE PARTNERS/Engineering#2515
halo-infinite,1856,Richard Hawkes,,Engineering,Engineering,,"SkyBox Labs, Inc.",core,OUTSOURCE PARTNERS/Engineering#2516
halo-infinite,1857,Jon Head,,Engineering,Engineering,,"SkyBox Labs, Inc.",core,OUTSOURCE PARTNERS/Engineering#2517
halo-infinite,1858,Lena Klassen,,Engineering,Engineering,,"SkyBox Labs, Inc.",core,OUTSOURCE PARTNERS/Engineering#2518
halo-infinite,1859,Don Liu,,Engineering,Engineering,,"SkyBox Labs, Inc.",core,OUTSOURCE PARTNERS/Engineering#2519
halo-infinite,1860,Sam Martens,,Engineering,Engineering,,"SkyBox Labs, Inc.",core,OUTSOURCE PARTNERS/Engineering#2520
halo-infinite,1861,Sergio Nunes Jr,,Engineering,Engineering,,"SkyBox Labs, Inc.",core,OUTSOURCE PARTNERS/Engineering#2521
halo-infinite,1862,Saloua Ouassil,,Engineering,Engineering,,"SkyBox Labs, Inc.",core,OUTSOURCE PARTNERS/Engineering#2522
halo-infinite,1863,Ryan Samlalsingh,,Engineering,Engineering,,"SkyBox Labs, Inc.",core,OUTSOURCE PARTNERS/Engineering#2523
halo-infinite,1864,Stefan Sarnev,,Engineering,Engineering,,"SkyBox Labs, Inc.",core,OUTSOURCE PARTNERS/Engineering#2524
halo-infinite,1865,Kai Sawamoto,,Engineering,Engineering,,"SkyBox Labs, Inc.",core,OUTSOURCE PARTNERS/Engineering#2525
halo-infinite,1866,Wilson Sun,,Engineering,Engineering,,"SkyBox Labs, Inc.",core,OUTSOURCE PARTNERS/Engineering#2526
halo-infinite,1867,Max Wei,,Engineering,Engineering,,"SkyBox Labs, Inc.",core,OUTSOURCE PARTNERS/Engineering#2527
halo-infinite,1868,Jing Hao Yao,,Engineering,Engineering,,"SkyBox Labs, Inc.",core,OUTSOURCE PARTNERS/Engineering#2528
halo-infinite,1869,Yang Zhao,,Engineering,Engineering,,"SkyBox Labs, Inc.",core,OUTSOURCE PARTNERS/Engineering#2529
halo-infinite,1870,Carina Kom,,Production,PRODUCTION,,"SkyBox Labs, Inc.",core,OUTSOURCE PARTNERS/PRODUCTION#2532
halo-infinite,1871,Gregor Hofer,,Engineering,CEO,,Speech Graphics,core,OUTSOURCE PARTNERS/Speech Graphics#2536
halo-infinite,1872,Michael Berger,,Engineering,CTO,,Speech Graphics,core,OUTSOURCE PARTNERS/Speech Graphics#2537
halo-infinite,1873,Jason Gholston,,Engineering,VP OF CREATIVE TOOLS & SERVICES,,Speech Graphics,core,OUTSOURCE PARTNERS/Speech Graphics#2538
halo-infinite,1874,Gabor Toro,,Engineering,LEAD ANIMATOR,,Speech Graphics,core,OUTSOURCE PARTNERS/Speech Graphics#2539
halo-infinite,1875,Pauline Lecomte,,Other,LINGUIST,,Speech Graphics,core,OUTSOURCE PARTNERS/LINGUIST#2542
halo-infinite,1876,Emily Peterson,,Art,TECHNICAL ART,,Speech Graphics,core,OUTSOURCE PARTNERS/TECHNICAL ART#2545
halo-infinite,1877,Elizabeth Walkey,,Production,PRODUCTION,,Speech Graphics,core,OUTSOURCE PARTNERS/PRODUCTION#2548
halo-infinite,1878,Alexander Alexandrov,,Production,LEAD PRODUCER,,"Sperasoft, Inc.",core,"OUTSOURCE PARTNERS/Sperasoft, Inc.#2552"
halo-infinite,1879,Sergey Chabrov,,Art,ART DIRECTOR,,"Sperasoft, Inc.",core,"OUTSOURCE PARTNERS/Sperasoft, Inc.#2553"
halo-infinite,1880,Alexander Ivanov,,Art,ANIMATION DIRECTOR,,"Sperasoft, Inc.",core,"OUTSOURCE PARTNERS/Sperasoft, Inc.#2554"
halo-infinite,1881,Brent Houston,,Design,LEAD LEVEL DESIGNER,,"Sperasoft, Inc.",core,"OUTSOURCE PARTNERS/Sperasoft, Inc.#2555"
halo-infinite,1882,Igor Kolyshkin,,Engineering,TECHNICAL DIRECTOR,,"Sperasoft, Inc.",core,"OUTSOURCE PARTNERS/Sperasoft, Inc.#2556"
halo-infinite,1883,Sergey Snegirev,,Art,ASSOCIATE ART DIRECTORS,,"Sperasoft, Inc.",core,"OUTSOURCE PARTNERS/Sperasoft, Inc.#2557"
halo-infinite,1884,Vadim Starodubov,,Art,ASSOCIATE ART DIRECTORS,,"Sperasoft, Inc.",core,"OUTSOURCE PARTNERS/Sperasoft, Inc.#2558"
halo-infinite,1885,Svetlana Kirillova,,Art,LEAD ANIMATOR,,"Sperasoft, Inc.",core,OUTSOURCE PARTNERS/Animation#2562
halo-infinite,1886,Vladimir Hakobyan,,Art,SENIOR ANIMATOR,,"Sperasoft, Inc.",core,OUTSOURCE PARTNERS/Animation#2564
halo-infinite,1887,Andrey Ignatov,,Art,ANIMATORS,,"Sperasoft, Inc.",core,OUTSOURCE PARTNERS/Animation#2566
halo-infinite,1888,Aleksander Kuznetsov,,Art,ANIMATORS,,"Sperasoft, Inc.",core,OUTSOURCE PARTNERS/Animation#2567
halo-infinite,1889,Alexandra Limina,,Art,ANIMATORS,,"Sperasoft, Inc.",core,OUTSOURCE PARTNERS/Animation#2568
halo-infinite,1890,Irina Pak,,Art,ANIMATORS,,"Sperasoft, Inc.",core,OUTSOURCE PARTNERS/Animation#2569
halo-infinite,1891,Alexandra Petrovskova,,Art,ANIMATORS,,"Sperasoft, Inc.",core,OUTSOURCE PARTNERS/Animation#2570
halo-infinite,1892,Roman Semenenko,,Art,PRINCIPAL CONCEPT ARTIST,,"Sperasoft, Inc.",core,OUTSOURCE PARTNERS/Concept Art#2573
halo-infinite,1893,Natalia Lesiv,,Art,SENIOR CONCEPT ARTIST,,"Sperasoft, Inc.",core,OUTSOURCE PARTNERS/Concept Art#2575
halo-infinite,1894,Polina Alimpieva,,Art,CONCEPT ARTIST,,"Sperasoft, Inc.",core,OUTSOURCE PARTNERS/Concept Art#2577
halo-infinite,1895,Julia Balyshkova,,Art,CONCEPT ARTIST,,"Sperasoft, Inc.",core,OUTSOURCE PARTNERS/Concept Art#2578
halo-infinite,1896,Ekaterina Dremalina,,Art,CONCEPT ARTIST,,"Sperasoft, Inc.",core,OUTSOURCE PARTNERS/Concept Art#2579
halo-infinite,1897,Evgeny Kashin,,Art,CONCEPT ARTIST,,"Sperasoft, Inc.",core,OUTSOURCE PARTNERS/Concept Art#2580
halo-infinite,1898,Ivan Yakushev,,Art,CONCEPT ARTIST,,"Sperasoft, Inc.",core,OUTSOURCE PARTNERS/Concept Art#2581
halo-infinite,1899,Bakhromzhon Chakkanbaev,,Art,LEAD LEVEL ARTISTS,,"Sperasoft, Inc.",core,OUTSOURCE PARTNERS/Levels#2584
halo-infinite,1900,Sergey Gaida,,Art,LEAD LEVEL ARTISTS,,"Sperasoft, Inc.",core,OUTSOURCE PARTNERS/Levels#2585
halo-infinite,1901,Alexey Kulakov,,Art,LEAD LEVEL ARTISTS,,"Sperasoft, Inc.",core,OUTSOURCE PARTNERS/Levels#2586
halo-infinite,1902,Quetzal Aguilar,,Art,SENIOR LEVEL ARTISTS,,"Sperasoft, Inc.",core,OUTSOURCE PARTNERS/Levels#2588
halo-infinite,1903,Sergey Evseev,,Art,SENIOR LEVEL ARTISTS,,"Sperasoft, Inc.",core,OUTSOURCE PARTNERS/Levels#2589
halo-infinite,1904,Aleksandr Mikutskii,,Art,SENIOR LEVEL ARTISTS,,"Sperasoft, Inc.",core,OUTSOURCE PARTNERS/Levels#2590
halo-infinite,1905,Ilya Pavlov,,Art,SENIOR LEVEL ARTISTS,,"Sperasoft, Inc.",core,OUTSOURCE PARTNERS/Levels#2591
halo-infinite,1906,Eldar Shkolnikov,,Art,SENIOR LEVEL ARTISTS,,"Sperasoft, Inc.",core,OUTSOURCE PARTNERS/Levels#2592
halo-infinite,1907,Igor Sokolov,,Art,SENIOR LEVEL ARTISTS,,"Sperasoft, Inc.",core,OUTSOURCE PARTNERS/Levels#2593
halo-infinite,1908,Oleksii Havrysh,,Art,LEVEL ARTISTS,,"Sperasoft, Inc.",core,OUTSOURCE PARTNERS/Levels#2595
halo-infinite,1909,Oleksii Ivanov,,Art,LEVEL ARTISTS,,"Sperasoft, Inc.",core,OUTSOURCE PARTNERS/Levels#2596
halo-infinite,1910,Polina Khachenkova,,Art,LEVEL ARTISTS,,"Sperasoft, Inc.",core,OUTSOURCE PARTNERS/Levels#2597
halo-infinite,1911,Leonid Kletnov,,Art,LEVEL ARTISTS,,"Sperasoft, Inc.",core,OUTSOURCE PARTNERS/Levels#2598
halo-infinite,1912,Vladislav Kudrya,,Art,LEVEL ARTISTS,,"Sperasoft, Inc.",core,OUTSOURCE PARTNERS/Levels#2599
halo-infinite,1913,Denis Laktionov,,Art,LEVEL ARTISTS,,"Sperasoft, Inc.",core,OUTSOURCE PARTNERS/Levels#2600
halo-infinite,1914,Dzmitry Lipnevich,,Art,LEVEL ARTISTS,,"Sperasoft, Inc.",core,OUTSOURCE PARTNERS/Levels#2601
halo-infinite,1915,Dmytro Mediukho,,Art,LEVEL ARTISTS,,"Sperasoft, Inc.",core,OUTSOURCE PARTNERS/Levels#2602
halo-infinite,1916,Mikhail Mefodev,,Art,LEVEL ARTISTS,,"Sperasoft, Inc.",core,OUTSOURCE PARTNERS/Levels#2603
halo-infinite,1917,Radu Moraru,,Art,LEVEL ARTISTS,,"Sperasoft, Inc.",core,OUTSOURCE PARTNERS/Levels#2604
halo-infinite,1918,Vladislav Terebov,,Art,LEVEL ARTISTS,,"Sperasoft, Inc.",core,OUTSOURCE PARTNERS/Levels#2605
halo-infinite,1919,Andrey Vysotskiy,,Art,LEVEL ARTISTS,,"Sperasoft, Inc.",core,OUTSOURCE PARTNERS/Levels#2606
halo-infinite,1920,Evgeniy Zaporozhets,,Art,LEVEL ARTISTS,,"Sperasoft, Inc.",core,OUTSOURCE PARTNERS/Levels#2607
halo-infinite,1921,Susan De Venero,,Art,LEAD LIGHTING ARTIST,,"Sperasoft, Inc.",core,OUTSOURCE PARTNERS/Lighting#2610
halo-infinite,1922,Yuri Vorobiev,,Art,LEAD LIGHTING ARTIST,,"Sperasoft, Inc.",core,OUTSOURCE PARTNERS/Lighting#2611
halo-infinite,1923,Valery Barabash,,Art,LIGHTING ARTISTS,,"Sperasoft, Inc.",core,OUTSOURCE PARTNERS/Lighting#2614
halo-infinite,1924,Alexandra Batalova,,Art,LIGHTING ARTISTS,,"Sperasoft, Inc.",core,OUTSOURCE PARTNERS/Lighting#2615
halo-infinite,1925,Denis Blinov,,Art,LIGHTING ARTISTS,,"Sperasoft, Inc.",core,OUTSOURCE PARTNERS/Lighting#2616
halo-infinite,1926,Vladislav Karagodin,,Art,LIGHTING ARTISTS,,"Sperasoft, Inc.",core,OUTSOURCE PARTNERS/Lighting#2617
halo-infinite,1927,Victor Kozlovskiy,,Art,LIGHTING ARTISTS,,"Sperasoft, Inc.",core,OUTSOURCE PARTNERS/Lighting#2618
halo-infinite,1928,Aslan Shigapov,,Art,LIGHTING ARTISTS,,"Sperasoft, Inc.",core,OUTSOURCE PARTNERS/Lighting#2619
halo-infinite,1929,Roman Voronin,,Art,LIGHTING ARTISTS,,"Sperasoft, Inc.",core,OUTSOURCE PARTNERS/Lighting#2620
halo-infinite,1930,Alexander Peschanskiy,,Art,LEAD PROPS ARTISTS,,"Sperasoft, Inc.",core,OUTSOURCE PARTNERS/Props#2623
halo-infinite,1931,Igor Gorkovenko,,Art,LEAD PROPS ARTISTS,,"Sperasoft, Inc.",core,OUTSOURCE PARTNERS/Props#2624
halo-infinite,1932,Maxim Bogachov,,Art,SENIOR PROPS ARTISTS,,"Sperasoft, Inc.",core,OUTSOURCE PARTNERS/Props#2626
halo-infinite,1933,Maxim Bolotin,,Art,SENIOR PROPS ARTISTS,,"Sperasoft, Inc.",core,OUTSOURCE PARTNERS/Props#2627
halo-infinite,1934,Alexei Dmitriev,,Art,SENIOR PROPS ARTISTS,,"Sperasoft, Inc.",core,OUTSOURCE PARTNERS/Props#2628
halo-infinite,1935,Ilya Makarov,,Art,SENIOR PROPS ARTISTS,,"Sperasoft, Inc.",core,OUTSOURCE PARTNERS/Props#2629
halo-infinite,1936,Vitaliy Zhdanov,,Art,SENIOR PROPS ARTISTS,,"Sperasoft, Inc.",core,OUTSOURCE PARTNERS/Props#2630
halo-infinite,1937,Alexander Chuyko,,Art,PROPS ARTISTS,,"Sperasoft, Inc.",core,OUTSOURCE PARTNERS/Props#2632
halo-infinite,1938,Roman Deryabin,,Art,PROPS ARTISTS,,"Sperasoft, Inc.",core,OUTSOURCE PARTNERS/Props#2633
halo-infinite,1939,Dmitry Gamov,,Art,PROPS ARTISTS,,"Sperasoft, Inc.",core,OUTSOURCE PARTNERS/Props#2634
halo-infinite,1940,Valeria Kalinina,,Art,PROPS ARTISTS,,"Sperasoft, Inc.",core,OUTSOURCE PARTNERS/Props#2635
halo-infinite,1941,Alexander Komendant,,Art,PROPS ARTISTS,,"Sperasoft, Inc.",core,OUTSOURCE PARTNERS/Props#2636
halo-infinite,1942,Artem Komonov,,Art,PROPS ARTISTS,,"Sperasoft, Inc.",core,OUTSOURCE PARTNERS/Props#2637
halo-infinite,1943,Filipp Kryuchkovskiy,,Art,PROPS ARTISTS,,"Sperasoft, Inc.",core,OUTSOURCE PARTNERS/Props#2638
halo-infinite,1944,Svetlana Meshcheryakova,,Art,PROPS ARTISTS,,"Sperasoft, Inc.",core,OUTSOURCE PARTNERS/Props#2639
halo-infinite,1945,Ekaterina Mikhaltsova,,Art,PROPS ARTISTS,,"Sperasoft, Inc.",core,OUTSOURCE PARTNERS/Props#2640
halo-infinite,1946,Denis Morozov,,Art,PROPS ARTISTS,,"Sperasoft, Inc.",core,OUTSOURCE PARTNERS/Props#2641
halo-infinite,1947,Aleksey Novorodonov,,Art,PROPS ARTISTS,,"Sperasoft, Inc.",core,OUTSOURCE PARTNERS/Props#2642
halo-infinite,1948,Igor Reshetnikov,,Art,PROPS ARTISTS,,"Sperasoft, Inc.",core,OUTSOURCE PARTNERS/Props#2643
halo-infinite,1949,Alexey Ryabtsev,,Art,PROPS ARTISTS,,"Sperasoft, Inc.",core,OUTSOURCE PARTNERS/Props#2644
halo-infinite,1950,Anna Sokolova,,Art,PROPS ARTISTS,,"Sperasoft, Inc.",core,OUTSOURCE PARTNERS/Props#2645
halo-infinite,1951,Ilya Vasilev,,Art,PROPS ARTISTS,,"Sperasoft, Inc.",core,OUTSOURCE PARTNERS/Props#2646
halo-infinite,1952,Maksim Zasimuk,,Art,PROPS ARTISTS,,"Sperasoft, Inc.",core,OUTSOURCE PARTNERS/Props#2647
halo-infinite,1953,Mariya Poshina,,Art,TECHNICAL ANIMATOR,,"Sperasoft, Inc.",core,OUTSOURCE PARTNERS/Technical Animation#2650
halo-infinite,1954,Danila Baranov,,Art,LEAD TECHNICAL ARTIST,,"Sperasoft, Inc.",core,OUTSOURCE PARTNERS/Technical Art#2653
halo-infinite,1955,Leonid Dudakov,,Art,TECHNICAL ARTISTS,,"Sperasoft, Inc.",core,OUTSOURCE PARTNERS/Technical Art#2655
halo-infinite,1956,Fedor Matveev,,Art,TECHNICAL ARTISTS,,"Sperasoft, Inc.",core,OUTSOURCE PARTNERS/Technical Art#2656
halo-infinite,1957,Mikhail Novikov,,Art,TECHNICAL ARTISTS,,"Sperasoft, Inc.",core,OUTSOURCE PARTNERS/Technical Art#2657
halo-infinite,1958,Sergey Rumyantsev,,Art,TECHNICAL ARTISTS,,"Sperasoft, Inc.",core,OUTSOURCE PARTNERS/Technical Art#2658
halo-infinite,1959,Dmitriy Temchenko,,Art,LEAD UI ARTIST,,"Sperasoft, Inc.",core,OUTSOURCE PARTNERS/UI/UX#2661
halo-infinite,1960,Arseny Efimtsev,,Art,UI ARTIST,,"Sperasoft, Inc.",core,OUTSOURCE PARTNERS/UI/UX#2663
halo-infinite,1961,Evgeniy Karanov,,Art,LEAD VFX ARTIST,,"Sperasoft, Inc.",core,OUTSOURCE PARTNERS/VFX#2666
halo-infinite,1962,Tatiana Bolotnikova,,Art,VFX ARTISTS,,"Sperasoft, Inc.",core,OUTSOURCE PARTNERS/VFX#2668
halo-infinite,1963,Dmitry Emelyanov,,Art,VFX ARTISTS,,"Sperasoft, Inc.",core,OUTSOURCE PARTNERS/VFX#2669
halo-infinite,1964,Ivan Remez,,Art,VFX ARTISTS,,"Sperasoft, Inc.",core,OUTSOURCE PARTNERS/VFX#2670
halo-infinite,1965,Steven Thornton,,Design,LEAD GAME DESIGNER,,"Sperasoft, Inc.",core,OUTSOURCE PARTNERS/Game Design#2674
halo-infinite,1966,Farhod Naimov,,Design,SENIOR LEVEL DESIGNER,,"Sperasoft, Inc.",core,OUTSOURCE PARTNERS/Levels#2677
halo-infinite,1967,Dmitriy Kazhura,,Design,LEVEL DESIGNERS,,"Sperasoft, Inc.",core,OUTSOURCE PARTNERS/Levels#2679
halo-infinite,1968,Aleksei Novorodonov,,Design,LEVEL DESIGNERS,,"Sperasoft, Inc.",core,OUTSOURCE PARTNERS/Levels#2680
halo-infinite,1969,Alexandra Soboleva,,Design,LEVEL DESIGNERS,,"Sperasoft, Inc.",core,OUTSOURCE PARTNERS/Levels#2681
halo-infinite,1970,Tommy Turner,,Design,LEVEL DESIGNERS,,"Sperasoft, Inc.",core,OUTSOURCE PARTNERS/Levels#2682
halo-infinite,1971,Ben Sharples,,Design,LEAD TECHNICAL DESIGNER,,"Sperasoft, Inc.",core,OUTSOURCE PARTNERS/Technical Design#2685
halo-infinite,1972,Vyacheslav Adadurov,,Design,LEAD TECHNICAL DESIGNER,,"Sperasoft, Inc.",core,OUTSOURCE PARTNERS/Technical Design#2686
halo-infinite,1973,Ilya Babichev,,Design,LEAD TECHNICAL DESIGNER,,"Sperasoft, Inc.",core,OUTSOURCE PARTNERS/Technical Design#2687
halo-infinite,1974,Timofey Shudegov,,Design,LEAD TECHNICAL DESIGNER,,"Sperasoft, Inc.",core,OUTSOURCE PARTNERS/Technical Design#2688
halo-infinite,1975,Radosław Klasa,,Design,TECHNICAL DESIGNERS,,"Sperasoft, Inc.",core,OUTSOURCE PARTNERS/Technical Design#2690
halo-infinite,1976,Alexey Kondakov,,Design,UI/UX DESIGNER,,"Sperasoft, Inc.",core,OUTSOURCE PARTNERS/UI/UX#2693
halo-infinite,1977,Vladislav Mikhailov,,Engineering,LEAD ENGINEER,,"Sperasoft, Inc.",core,OUTSOURCE PARTNERS/ENGINEERING#2696
halo-infinite,1978,Konstantin Akulin,,Engineering,SENIOR ENGINEERS,,"Sperasoft, Inc.",core,OUTSOURCE PARTNERS/ENGINEERING#2698
halo-infinite,1979,Alexey Galashin,,Engineering,SENIOR ENGINEERS,,"Sperasoft, Inc.",core,OUTSOURCE PARTNERS/ENGINEERING#2699
halo-infinite,1980,Maxim Kozlov,,Engineering,SENIOR ENGINEERS,,"Sperasoft, Inc.",core,OUTSOURCE PARTNERS/ENGINEERING#2700
halo-infinite,1981,Sergey Malchenko,,Engineering,SENIOR ENGINEERS,,"Sperasoft, Inc.",core,OUTSOURCE PARTNERS/ENGINEERING#2701
halo-infinite,1982,Dmitry Terentyev,,Engineering,SENIOR ENGINEERS,,"Sperasoft, Inc.",core,OUTSOURCE PARTNERS/ENGINEERING#2702
halo-infinite,1983,Rustam Akhtyamov,,Engineering,ENGINEERS,,"Sperasoft, Inc.",core,OUTSOURCE PARTNERS/ENGINEERING#2704
halo-infinite,1984,Yulia Asanbaeva,,Engineering,ENGINEERS,,"Sperasoft, Inc.",core,OUTSOURCE PARTNERS/ENGINEERING#2705
halo-infinite,1985,Ludmila Avdushkina,,Engineering,ENGINEERS,,"Sperasoft, Inc.",core,OUTSOURCE PARTNERS/ENGINEERING#2706
halo-infinite,1986,Manuk Avetian,,Engineering,ENGINEERS,,"Sperasoft, Inc.",core,OUTSOURCE PARTNERS/ENGINEERING#2707
halo-infinite,1987,Iliya Babayan,,Engineering,ENGINEERS,,"Sperasoft, Inc.",core,OUTSOURCE PARTNERS/ENGINEERING#2708
halo-infinite,1988,Alexander Barilko,,Engineering,ENGINEERS,,"Sperasoft, Inc.",core,OUTSOURCE PARTNERS/ENGINEERING#2709
halo-infinite,1989,Maxim Belousov,,Engineering,ENGINEERS,,"Sperasoft, Inc.",core,OUTSOURCE PARTNERS/ENGINEERING#2710
halo-infinite,1990,Ilnar Bikmaev,,Engineering,ENGINEERS,,"Sperasoft, Inc.",core,OUTSOURCE PARTNERS/ENGINEERING#2711
halo-infinite,1991,Valentin Dontsov,,Engineering,ENGINEERS,,"Sperasoft, Inc.",core,OUTSOURCE PARTNERS/ENGINEERING#2712
halo-infinite,1992,Georgiy Efremov,,Engineering,ENGINEERS,,"Sperasoft, Inc.",core,OUTSOURCE PARTNERS/ENGINEERING#2713
halo-infinite,1993,Alexandr Farafonov,,Engineering,ENGINEERS,,"Sperasoft, Inc.",core,OUTSOURCE PARTNERS/ENGINEERING#2714
halo-infinite,1994,Olga Gasanova,,Engineering,ENGINEERS,,"Sperasoft, Inc.",core,OUTSOURCE PARTNERS/ENGINEERING#2715
halo-infinite,1995,Ilya Glushchenko,,Engineering,ENGINEERS,,"Sperasoft, Inc.",core,OUTSOURCE PARTNERS/ENGINEERING#2716
halo-infinite,1996,Nikita Kakorin,,Engineering,ENGINEERS,,"Sperasoft, Inc.",core,OUTSOURCE PARTNERS/ENGINEERING#2717
halo-infinite,1997,Anastasia Karpova,,Engineering,ENGINEERS,,"Sperasoft, Inc.",core,OUTSOURCE PARTNERS/ENGINEERING#2718
halo-infinite,1998,Pavel Kozhevnikov,,Engineering,ENGINEERS,,"Sperasoft, Inc.",core,OUTSOURCE PARTNERS/ENGINEERING#2719
halo-infinite,1999,Timofey Minin,,Engineering,ENGINEERS,,"Sperasoft, Inc.",core,OUTSOURCE PARTNERS/ENGINEERING#2720
halo-infinite,2000,Anton Novoselov,,Engineering,ENGINEERS,,"Sperasoft, Inc.",core,OUTSOURCE PARTNERS/ENGINEERING#2721
halo-infinite,2001,Igor Ostanin,,Engineering,ENGINEERS,,"Sperasoft, Inc.",core,OUTSOURCE PARTNERS/ENGINEERING#2722
halo-infinite,2002,Alexey Pushkarev,,Engineering,ENGINEERS,,"Sperasoft, Inc.",core,OUTSOURCE PARTNERS/ENGINEERING#2723
halo-infinite,2003,Nikolay Rapotkin,,Engineering,ENGINEERS,,"Sperasoft, Inc.",core,OUTSOURCE PARTNERS/ENGINEERING#2724
halo-infinite,2004,Yury Sapozhkov,,Engineering,ENGINEERS,,"Sperasoft, Inc.",core,OUTSOURCE PARTNERS/ENGINEERING#2725
halo-infinite,2005,Mikhail Trub,,Engineering,ENGINEERS,,"Sperasoft, Inc.",core,OUTSOURCE PARTNERS/ENGINEERING#2726
halo-infinite,2006,Evgeniya Vlazneva,,Engineering,ENGINEERS,,"Sperasoft, Inc.",core,OUTSOURCE PARTNERS/ENGINEERING#2727
halo-infinite,2007,Denis Kroshkin,,Engineering,ENGINEERS,,"Sperasoft, Inc.",core,OUTSOURCE PARTNERS/Tool Support#2730
halo-infinite,2008,Igor Kushvid,,Engineering,ENGINEERS,,"Sperasoft, Inc.",core,OUTSOURCE PARTNERS/Tool Support#2731
halo-infinite,2009,Ivan Vasiliev,,Engineering,ENGINEERS,,"Sperasoft, Inc.",core,OUTSOURCE PARTNERS/Tool Support#2732
halo-infinite,2010,Oksana Kraeva,,Engineering,ENGINEERS,,"Sperasoft, Inc.",core,OUTSOURCE PARTNERS/Tool Support#2733
halo-infinite,2011,Grishin Palem,,Production,LEAD PRODUCER,,"Sperasoft, Inc.",core,OUTSOURCE PARTNERS/PRODUCTION#2736
halo-infinite,2012,Ksenia Borisova,,Production,PRODUCERS,,"Sperasoft, Inc.",core,OUTSOURCE PARTNERS/PRODUCTION#2738
halo-infinite,2013,Evgenia Cherkasova,,Production,PRODUCERS,,"Sperasoft, Inc.",core,OUTSOURCE PARTNERS/PRODUCTION#2739
halo-infinite,2014,Ruslan Ibragimov,,Production,PRODUCERS,,"Sperasoft, Inc.",core,OUTSOURCE PARTNERS/PRODUCTION#2740
halo-infinite,2015,Kirill Kornilov,,Production,PRODUCERS,,"Sperasoft, Inc.",core,OUTSOURCE PARTNERS/PRODUCTION#2741
halo-infinite,2016,Mariia Matashchuk,,Production,PRODUCERS,,"Sperasoft, Inc.",core,OUTSOURCE PARTNERS/PRODUCTION#2742
halo-infinite,2017,Maria Svezhentseva,,Production,PRODUCERS,,"Sperasoft, Inc.",core,OUTSOURCE PARTNERS/PRODUCTION#2743
halo-infinite,2018,Danil Kolobaev,,QA,LEAD QA,,"Sperasoft, Inc.",core,OUTSOURCE PARTNERS/QA#2746
halo-infinite,2019,Dmitriy Baev,,QA,QA,,"Sperasoft, Inc.",core,OUTSOURCE PARTNERS/QA#2748
halo-infinite,2020,Maria Belova,,QA,QA,,"Sperasoft, Inc.",core,OUTSOURCE PARTNERS/QA#2749
halo-infinite,2021,Nikolay Elev,,QA,QA,,"Sperasoft, Inc.",core,OUTSOURCE PARTNERS/QA#2750
halo-infinite,2022,Denis Gaponov,,QA,QA,,"Sperasoft, Inc.",core,OUTSOURCE PARTNERS/QA#2751
halo-infinite,2023,Larisa Ilyasova,,QA,QA,,"Sperasoft, Inc.",core,OUTSOURCE PARTNERS/QA#2752
halo-infinite,2024,Natalia Kondrat,,QA,QA,,"Sperasoft, Inc.",core,OUTSOURCE PARTNERS/QA#2753
halo-infinite,2025,Anatoliy Kunym,,QA,QA,,"Sperasoft, Inc.",core,OUTSOURCE PARTNERS/QA#2754
halo-infinite,2026,Daniil Loktyukhov,,QA,QA,,"Sperasoft, Inc.",core,OUTSOURCE PARTNERS/QA#2755
halo-infinite,2027,Alexey Makarov,,QA,QA,,"Sperasoft, Inc.",core,OUTSOURCE PARTNERS/QA#2756
halo-infinite,2028,Irina Sergeeva,,QA,QA,,"Sperasoft, Inc.",core,OUTSOURCE PARTNERS/QA#2757
halo-infinite,2029,Olga Zawalak,,QA,QA,,"Sperasoft, Inc.",core,OUTSOURCE PARTNERS/QA#2758
halo-infinite,2030,Oleg Afanasiev,,Special Thanks,"SPERASOFT, INC. SPECIAL THANKS",,"Sperasoft, Inc.",special-thanks,"OUTSOURCE PARTNERS/SPERASOFT, INC. SPECIAL THANKS#2761"
halo-infinite,2031,Narek Aghavelyan,,Special Thanks,"SPERASOFT, INC. SPECIAL THANKS",,"Sperasoft, Inc.",special-thanks,"OUTSOURCE PARTNERS/SPERASOFT, INC. SPECIAL THANKS#2762"
halo-infinite,2032,Dmitry Aleshko,,Special Thanks,"SPERASOFT, INC. SPECIAL THANKS",,"Sperasoft, Inc.",special-thanks,"OUTSOURCE PARTNERS/SPERASOFT, INC. SPECIAL THANKS#2763"
halo-infinite,2033,Yuriy Andreev,,Special Thanks,"SPERASOFT, INC. SPECIAL THANKS",,"Sperasoft, Inc.",special-thanks,"OUTSOURCE PARTNERS/SPERASOFT, INC. SPECIAL THANKS#2764"
halo-infinite,2034,Alexander Balakshin,,Special Thanks,"SPERASOFT, INC. SPECIAL THANKS",,"Sperasoft, Inc.",special-thanks,"OUTSOURCE PARTNERS/SPERASOFT, INC. SPECIAL THANKS#2765"
halo-infinite,2035,Dean Bert,,Special Thanks,"SPERASOFT, INC. SPECIAL THANKS",,"Sperasoft, Inc.",special-thanks,"OUTSOURCE PARTNERS/SPERASOFT, INC. SPECIAL THANKS#2766"
halo-infinite,2036,Richard Beresh,,Special Thanks,"SPERASOFT, INC. SPECIAL THANKS",,"Sperasoft, Inc.",special-thanks,"OUTSOURCE PARTNERS/SPERASOFT, INC. SPECIAL THANKS#2767"
halo-infinite,2037,Evgeny Chernov,,Special Thanks,"SPERASOFT, INC. SPECIAL THANKS",,"Sperasoft, Inc.",special-thanks,"OUTSOURCE PARTNERS/SPERASOFT, INC. SPECIAL THANKS#2768"
halo-infinite,2038,Valeriy Dutchak,,Special Thanks,"SPERASOFT, INC. SPECIAL THANKS",,"Sperasoft, Inc.",special-thanks,"OUTSOURCE PARTNERS/SPERASOFT, INC. SPECIAL THANKS#2769"
halo-infinite,2039,Alexey Dvornik,,Special Thanks,"SPERASOFT, INC. SPECIAL THANKS",,"Sperasoft, Inc.",special-thanks,"OUTSOURCE PARTNERS/SPERASOFT, INC. SPECIAL THANKS#2770"
halo-infinite,2040,Sergey Egorov,,Special Thanks,"SPERASOFT, INC. SPECIAL THANKS",,"Sperasoft, Inc.",special-thanks,"OUTSOURCE PARTNERS/SPERASOFT, INC. SPECIAL THANKS#2771"
halo-infinite,2041,Pavel Elchaninov,,Special Thanks,"SPERASOFT, INC. SPECIAL THANKS",,"Sperasoft, Inc.",special-thanks,"OUTSOURCE PARTNERS/SPERASOFT, INC. SPECIAL THANKS#2772"
halo-infinite,2042,Alexey Gertsev,,Special Thanks,"SPERASOFT, INC. SPECIAL THANKS",,"Sperasoft, Inc.",special-thanks,"OUTSOURCE PARTNERS/SPERASOFT, INC. SPECIAL THANKS#2773"
halo-infinite,2043,Roman Gotov,,Special Thanks,"SPERASOFT, INC. SPECIAL THANKS",,"Sperasoft, Inc.",special-thanks,"OUTSOURCE PARTNERS/SPERASOFT, INC. SPECIAL THANKS#2774"
halo-infinite,2044,Yuriy Gvardyubrov,,Special Thanks,"SPERASOFT, INC. SPECIAL THANKS",,"Sperasoft, Inc.",special-thanks,"OUTSOURCE PARTNERS/SPERASOFT, INC. SPECIAL THANKS#2775"
halo-infinite,2045,Paul Houlders,,Special Thanks,"SPERASOFT, INC. SPECIAL THANKS",,"Sperasoft, Inc.",special-thanks,"OUTSOURCE PARTNERS/SPERASOFT, INC. SPECIAL THANKS#2776"
halo-infinite,2046,Sergey Kapushchak,,Special Thanks,"SPERASOFT, INC. SPECIAL THANKS",,"Sperasoft, Inc.",special-thanks,"OUTSOURCE PARTNERS/SPERASOFT, INC. SPECIAL THANKS#2777"
halo-infinite,2047,Dmitry Karibyants,,Special Thanks,"SPERASOFT, INC. SPECIAL THANKS",,"Sperasoft, Inc.",special-thanks,"OUTSOURCE PARTNERS/SPERASOFT, INC. SPECIAL THANKS#2778"
halo-infinite,2048,Alexey Khamtsov,,Special Thanks,"SPERASOFT, INC. SPECIAL THANKS",,"Sperasoft, Inc.",special-thanks,"OUTSOURCE PARTNERS/SPERASOFT, INC. SPECIAL THANKS#2779"
halo-infinite,2049,Denis Khlebnikov,,Special Thanks,"SPERASOFT, INC. SPECIAL THANKS",,"Sperasoft, Inc.",special-thanks,"OUTSOURCE PARTNERS/SPERASOFT, INC. SPECIAL THANKS#2780"
halo-infinite,2050,Wojtek Kołaciński,,Special Thanks,"SPERASOFT, INC. SPECIAL THANKS",,"Sperasoft, Inc.",special-thanks,"OUTSOURCE PARTNERS/SPERASOFT, INC. SPECIAL THANKS#2781"
halo-infinite,2051,Eduard Lamuge,,Special Thanks,"SPERASOFT, INC. SPECIAL THANKS",,"Sperasoft, Inc.",special-thanks,"OUTSOURCE PARTNERS/SPERASOFT, INC. SPECIAL THANKS#2782"
halo-infinite,2052,Denis Larkin,,Special Thanks,"SPERASOFT, INC. SPECIAL THANKS",,"Sperasoft, Inc.",special-thanks,"OUTSOURCE PARTNERS/SPERASOFT, INC. SPECIAL THANKS#2783"
halo-infinite,2053,Anna Melamed,,Special Thanks,"SPERASOFT, INC. SPECIAL THANKS",,"Sperasoft, Inc.",special-thanks,"OUTSOURCE PARTNERS/SPERASOFT, INC. SPECIAL THANKS#2784"
halo-infinite,2054,Radu Moraru,,Special Thanks,"SPERASOFT, INC. SPECIAL THANKS",,"Sperasoft, Inc.",special-thanks,"OUTSOURCE PARTNERS/SPERASOFT, INC. SPECIAL THANKS#2785"
halo-infinite,2055,Sabyrzhan Mukhamedaliyev,,Special Thanks,"SPERASOFT, INC. SPECIAL THANKS",,"Sperasoft, Inc.",special-thanks,"OUTSOURCE PARTNERS/SPERASOFT, INC. SPECIAL THANKS#2786"
halo-infinite,2056,Vladimir Negodin,,Special Thanks,"SPERASOFT, INC. SPECIAL THANKS",,"Sperasoft, Inc.",special-thanks,"OUTSOURCE PARTNERS/SPERASOFT, INC. SPECIAL THANKS#2787"
halo-infinite,2057,Nadezhda Negodina,,Special Thanks,"SPERASOFT, INC. SPECIAL THANKS",,"Sperasoft, Inc.",special-thanks,"OUTSOURCE PARTNERS/SPERASOFT, INC. SPECIAL THANKS#2788"
halo-infinite,2058,Andy Nelson,,Special Thanks,"SPERASOFT, INC. SPECIAL THANKS",,"Sperasoft, Inc.",special-thanks,"OUTSOURCE PARTNERS/SPERASOFT, INC. SPECIAL THANKS#2789"
halo-infinite,2059,Craig Rundels,,Special Thanks,"SPERASOFT, INC. SPECIAL THANKS",,"Sperasoft, Inc.",special-thanks,"OUTSOURCE PARTNERS/SPERASOFT, INC. SPECIAL THANKS#2790"
halo-infinite,2060,Margarita Sargsyan,,Special Thanks,"SPERASOFT, INC. SPECIAL THANKS",,"Sperasoft, Inc.",special-thanks,"OUTSOURCE PARTNERS/SPERASOFT, INC. SPECIAL THANKS#2791"
halo-infinite,2061,Alexander Sharov,,Special Thanks,"SPERASOFT, INC. SPECIAL THANKS",,"Sperasoft, Inc.",special-thanks,"OUTSOURCE PARTNERS/SPERASOFT, INC. SPECIAL THANKS#2792"
halo-infinite,2062,Dmitry Shteiner,,Special Thanks,"SPERASOFT, INC. SPECIAL THANKS",,"Sperasoft, Inc.",special-thanks,"OUTSOURCE PARTNERS/SPERASOFT, INC. SPECIAL THANKS#2793"
halo-infinite,2063,Alexander Shtonda,,Special Thanks,"SPERASOFT, INC. SPECIAL THANKS",,"Sperasoft, Inc.",special-thanks,"OUTSOURCE PARTNERS/SPERASOFT, INC. SPECIAL THANKS#2794"
halo-infinite,2064,Anna Shulgina,,Special Thanks,"SPERASOFT, INC. SPECIAL THANKS",,"Sperasoft, Inc.",special-thanks,"OUTSOURCE PARTNERS/SPERASOFT, INC. SPECIAL THANKS#2795"
halo-infinite,2065,Alexander Smirnov,,Special Thanks,"SPERASOFT, INC. SPECIAL THANKS",,"Sperasoft, Inc.",special-thanks,"OUTSOURCE PARTNERS/SPERASOFT, INC. SPECIAL THANKS#2796"
halo-infinite,2066,Nikita Smirnov,,Special Thanks,"SPERASOFT, INC. SPECIAL THANKS",,"Sperasoft, Inc.",special-thanks,"OUTSOURCE PARTNERS/SPERASOFT, INC. SPECIAL THANKS#2797"
halo-infinite,2067,Igor Smirnov,,Special Thanks,"SPERASOFT, INC. SPECIAL THANKS",,"Sperasoft, Inc.",special-thanks,"OUTSOURCE PARTNERS/SPERASOFT, INC. SPECIAL THANKS#2798"
halo-infinite,2068,Svietlana Smirnova,,Special Thanks,"SPERASOFT, INC. SPECIAL THANKS",,"Sperasoft, Inc.",special-thanks,"OUTSOURCE PARTNERS/SPERASOFT, INC. SPECIAL THANKS#2799"
halo-infinite,2069,Ivan Tagirov,,Special Thanks,"SPERASOFT, INC. SPECIAL THANKS",,"Sperasoft, Inc.",special-thanks,"OUTSOURCE PARTNERS/SPERASOFT, INC. SPECIAL THANKS#2800"
halo-infinite,2070,Lyubov Tcimbalyuk,,Special Thanks,"SPERASOFT, INC. SPECIAL THANKS",,"Sperasoft, Inc.",special-thanks,"OUTSOURCE PARTNERS/SPERASOFT, INC. SPECIAL THANKS#2801"
halo-infinite,2071,Alan Van Slyke,,Special Thanks,"SPERASOFT, INC. SPECIAL THANKS",,"Sperasoft, Inc.",special-thanks,"OUTSOURCE PARTNERS/SPERASOFT, INC. SPECIAL THANKS#2802"
halo-infinite,2072,Vitaly Vasiliev,,Special Thanks,"SPERASOFT, INC. SPECIAL THANKS",,"Sperasoft, Inc.",special-thanks,"OUTSOURCE PARTNERS/SPERASOFT, INC. SPECIAL THANKS#2803"
halo-infinite,2073,Vladimir Veremei,,Special Thanks,"SPERASOFT, INC. SPECIAL THANKS",,"Sperasoft, Inc.",special-thanks,"OUTSOURCE PARTNERS/SPERASOFT, INC. SPECIAL THANKS#2804"
halo-infinite,2074,Tatiana Vetrova,,Special Thanks,"SPERASOFT, INC. SPECIAL THANKS",,"Sperasoft, Inc.",special-thanks,"OUTSOURCE PARTNERS/SPERASOFT, INC. SPECIAL THANKS#2805"
halo-infinite,2075,Mariya Vikhreva,,Special Thanks,"SPERASOFT, INC. SPECIAL THANKS",,"Sperasoft, Inc.",special-thanks,"OUTSOURCE PARTNERS/SPERASOFT, INC. SPECIAL THANKS#2806"
halo-infinite,2076,Dmitriy Volkovskiy,,Special Thanks,"SPERASOFT, INC. SPECIAL THANKS",,"Sperasoft, Inc.",special-thanks,"OUTSOURCE PARTNERS/SPERASOFT, INC. SPECIAL THANKS#2807"
halo-infinite,2077,Ekaterina Yakovleva,,Special Thanks,"SPERASOFT, INC. SPECIAL THANKS",,"Sperasoft, Inc.",special-thanks,"OUTSOURCE PARTNERS/SPERASOFT, INC. SPECIAL THANKS#2808"
halo-infinite,2078,Devin Young,,Special Thanks,"SPERASOFT, INC. SPECIAL THANKS",,"Sperasoft, Inc.",special-thanks,"OUTSOURCE PARTNERS/SPERASOFT, INC. SPECIAL THANKS#2809"
halo-infinite,2079,Yury Zadorozhniy,,Special Thanks,"SPERASOFT, INC. SPECIAL THANKS",,"Sperasoft, Inc.",special-thanks,"OUTSOURCE PARTNERS/SPERASOFT, INC. SPECIAL THANKS#2810"
halo-infinite,2080,Vsevolod Zavatskiy,,Special Thanks,"SPERASOFT, INC. SPECIAL THANKS",,"Sperasoft, Inc.",special-thanks,"OUTSOURCE PARTNERS/SPERASOFT, INC. SPECIAL THANKS#2811"
halo-infinite,2081,Anton Zhikharskiy,,Special Thanks,"SPERASOFT, INC. SPECIAL THANKS",,"Sperasoft, Inc.",special-thanks,"OUTSOURCE PARTNERS/SPERASOFT, INC. SPECIAL THANKS#2812"
halo-infinite,2082,James Chaytor,,Other,CEO,,"Sprung Studios, Ltd.",core,OUTSOURCE PARTNERS/STUDIO MANAGEMENT#2817
halo-infinite,2083,Ben Adams,,Other,STUDIO DIRECTOR,,"Sprung Studios, Ltd.",core,OUTSOURCE PARTNERS/STUDIO MANAGEMENT#2818
halo-infinite,2084,Brooke Allison,,Leadership,DIRECTOR OF GLOBAL BUSINESS DEVELOPMENT,,"Sprung Studios, Ltd.",core,OUTSOURCE PARTNERS/STUDIO MANAGEMENT#2819
halo-infinite,2085,Steph Marcus,,Design,HEAD OF UX/UI,,"Sprung Studios, Ltd.",core,OUTSOURCE PARTNERS/UX/UI DESIGN TEAM#2822
halo-infinite,2086,Keyan Mynhardt,,Design,HEAD OF UX/UI,,"Sprung Studios, Ltd.",core,OUTSOURCE PARTNERS/UX/UI DESIGN TEAM#2823
halo-infinite,2087,Jack Hodgkinson,,Design,SENIOR UX/UI DESIGNERS,,"Sprung Studios, Ltd.",core,OUTSOURCE PARTNERS/UX/UI DESIGN TEAM#2825
halo-infinite,2088,Aniva Leung,,Design,SENIOR UX/UI DESIGNERS,,"Sprung Studios, Ltd.",core,OUTSOURCE PARTNERS/UX/UI DESIGN TEAM#2826
halo-infinite,2089,Ella McNally,,Design,UX/UI DESIGNERS,,"Sprung Studios, Ltd.",core,OUTSOURCE PARTNERS/UX/UI DESIGN TEAM#2828
halo-infinite,2090,Rogene Guinto,,Design,UX/UI DESIGNERS,,"Sprung Studios, Ltd.",core,OUTSOURCE PARTNERS/UX/UI DESIGN TEAM#2829
halo-infinite,2091,Leticia Dornel,,Design,UX/UI DESIGNERS,,"Sprung Studios, Ltd.",core,OUTSOURCE PARTNERS/UX/UI DESIGN TEAM#2830
halo-infinite,2092,Matthew Jarvis,,Engineering,HEAD OF ENGINEERING,,"Sprung Studios, Ltd.",core,OUTSOURCE PARTNERS/UI ENGINEERING TEAM#2833
halo-infinite,2093,Rohit Mukherjee,,Engineering,SENIOR UI ENGINEER,,"Sprung Studios, Ltd.",core,OUTSOURCE PARTNERS/UI ENGINEERING TEAM#2834
halo-infinite,2094,Guillermo Garduño,,Engineering,UI ENGINEERS,,"Sprung Studios, Ltd.",core,OUTSOURCE PARTNERS/UI ENGINEERING TEAM#2835
halo-infinite,2095,Omar Pino,,Engineering,UI ENGINEERS,,"Sprung Studios, Ltd.",core,OUTSOURCE PARTNERS/UI ENGINEERING TEAM#2836
halo-infinite,2096,Ben Spencer,,Engineering,UI ENGINEERS,,"Sprung Studios, Ltd.",core,OUTSOURCE PARTNERS/UI ENGINEERING TEAM#2837
halo-infinite,2097,Matt Merrett,,Design,SENIOR MOTION DESIGNER,,"Sprung Studios, Ltd.",core,OUTSOURCE PARTNERS/MOTION DESIGN TEAM#2840
halo-infinite,2098,Itzel Martinez,,Design,MOTION DESIGNERS,,"Sprung Studios, Ltd.",core,OUTSOURCE PARTNERS/MOTION DESIGN TEAM#2841
halo-infinite,2099,Mike Newton,,Design,MOTION DESIGNERS,,"Sprung Studios, Ltd.",core,OUTSOURCE PARTNERS/MOTION DESIGN TEAM#2842
halo-infinite,2100,Adam Auzins,,Design,MOTION DESIGNERS,,"Sprung Studios, Ltd.",core,OUTSOURCE PARTNERS/MOTION DESIGN TEAM#2843
halo-infinite,2101,Eleanor Forrest,,Production,PRODUCERS,,"Sprung Studios, Ltd.",core,OUTSOURCE PARTNERS/PRODUCTION#2846
halo-infinite,2102,Garrett May,,Production,PRODUCERS,,"Sprung Studios, Ltd.",core,OUTSOURCE PARTNERS/PRODUCTION#2847
halo-infinite,2103,Michael Sandrin,,Art,SENIOR TECHNICAL ARTIST,,"Sprung Studios, Ltd.",core,OUTSOURCE PARTNERS/TECHNICAL ART#2850
halo-infinite,2104,Eduardo Berron,,Art,TECHNICAL ARTISTS,,"Sprung Studios, Ltd.",core,OUTSOURCE PARTNERS/TECHNICAL ART#2851
halo-infinite,2105,Maahi Likhari,,Art,TECHNICAL ARTISTS,,"Sprung Studios, Ltd.",core,OUTSOURCE PARTNERS/TECHNICAL ART#2852
halo-infinite,2106,Guy De Woolfson,,Art,GAMEPLAY ANIMATORS,,The Coalition,core,OUTSOURCE PARTNERS/Gameplay#2858
halo-infinite,2107,Adarsh Girish,,Art,GAMEPLAY ANIMATORS,,YOH OF CANADA CORP.,core,OUTSOURCE PARTNERS/Gameplay#2859
halo-infinite,2108,Chris Cairns,,Art,NARRATIVE ANIMATORS,,The Coalition,core,OUTSOURCE PARTNERS/Narrative#2862
halo-infinite,2109,Kelly Starke,,Art,NARRATIVE ANIMATORS,,The Coalition,core,OUTSOURCE PARTNERS/Narrative#2863
halo-infinite,2110,Scott Xiong,,Art,RIGGING ANIMATOR,,"COLLABERA CANADA, INC",core,OUTSOURCE PARTNERS/Rigging#2866
halo-infinite,2111,Jeff King,,Art,TECHNICAL ANIMATOR,,The Coalition,core,OUTSOURCE PARTNERS/Technical Animation#2869
halo-infinite,2112,Adam Bodden,,Art,ENVIRONMENT ARTISTS,,AQUENT LLC - CANADA,core,OUTSOURCE PARTNERS/Environment#2873
halo-infinite,2113,Jono Lee,,Art,ENVIRONMENT ARTISTS,,The Coalition,core,OUTSOURCE PARTNERS/Environment#2874
halo-infinite,2114,Mike Marraffa,,Art,ENVIRONMENT ARTISTS,,The Coalition,core,OUTSOURCE PARTNERS/Environment#2875
halo-infinite,2115,Stef Velzeboer,,Art,ENVIRONMENT ARTISTS,,The Coalition,core,OUTSOURCE PARTNERS/Environment#2876
halo-infinite,2116,Sarah Mai,,Art,VFX ARTISTS,,The Coalition,core,OUTSOURCE PARTNERS/VFX#2879
halo-infinite,2117,Hugo Mares,,Art,VFX ARTISTS,,The Coalition,core,OUTSOURCE PARTNERS/VFX#2880
halo-infinite,2118,Daniel Callejas,,Art,LIGHTING ARTISTS,,The Coalition,core,OUTSOURCE PARTNERS/Lighting#2883
halo-infinite,2119,Harrison Garvin,,Art,LIGHTING ARTISTS,,The Coalition,core,OUTSOURCE PARTNERS/Lighting#2884
halo-infinite,2120,Anne Hall,,Art,LIGHTING ARTISTS,,The Coalition,core,OUTSOURCE PARTNERS/Lighting#2885
halo-infinite,2121,Robert Go,,Other,Skybox,,MIGHTY CANVAS CONCEPT STUDIO INC.,core,OUTSOURCE PARTNERS/Skybox#2888
halo-infinite,2122,Colin Penty,,Art,TECHNICAL ART DIRECTOR,,The Coalition,core,OUTSOURCE PARTNERS/Technical Art#2891
halo-infinite,2123,David Coleman,,Art,TECHNICAL ANIMATION DIRECTOR,,The Coalition,core,OUTSOURCE PARTNERS/Technical Art#2893
halo-infinite,2124,Arvind Deol,,Art,TECHNICAL ARTISTS,,APEX SYSTEMS,core,OUTSOURCE PARTNERS/Technical Art#2895
halo-infinite,2125,Anthony Marraffa,,Art,TECHNICAL ARTISTS,,The Coalition,core,OUTSOURCE PARTNERS/Technical Art#2896
halo-infinite,2126,Tony Wang,,Art,TECHNICAL ARTISTS,,The Coalition,core,OUTSOURCE PARTNERS/Technical Art#2897
halo-infinite,2127,Ian Savage,,Audio,AUDIO DESIGNER,,LIONSHEAD ENTERTAINMENT,core,OUTSOURCE PARTNERS/Design#2901
halo-infinite,2128,Carla Rylance,,Production,EXTERNAL DEVELOPMENT MANAGER,,The Coalition,core,OUTSOURCE PARTNERS/PRODUCTION#2904
halo-infinite,2129,Keswick Allen,,Special Thanks,THE COALITION SPECIAL THANKS,,The Coalition,special-thanks,OUTSOURCE PARTNERS/THE COALITION SPECIAL THANKS#2907
halo-infinite,2130,Mike Crump,,Special Thanks,THE COALITION SPECIAL THANKS,,The Coalition,special-thanks,OUTSOURCE PARTNERS/THE COALITION SPECIAL THANKS#2908
halo-infinite,2131,Kate Rayner,,Special Thanks,THE COALITION SPECIAL THANKS,,The Coalition,special-thanks,OUTSOURCE PARTNERS/THE COALITION SPECIAL THANKS#2909
halo-infinite,2132,Scott Dickey,,Art,PRINCIPAL ANIMATOR,,Undead Labs,core,OUTSOURCE PARTNERS/ANIMATION#2914
halo-infinite,2133,Reid Johnson,,Art,PRINCIPAL ANIMATOR,,Undead Labs,core,OUTSOURCE PARTNERS/ANIMATION#2915
halo-infinite,2134,Daniel Floyd,,Art,SENIOR NARRATIVE ANIMATOR,,Undead Labs,core,OUTSOURCE PARTNERS/ANIMATION#2916
halo-infinite,2135,Ryan Chan,,Art,TECHNIAL ARTISTS,,AQUENT LLC,core,OUTSOURCE PARTNERS/Technical Art#2919
halo-infinite,2136,Seth Salts,,Art,TECHNIAL ARTISTS,,Undead Labs,core,OUTSOURCE PARTNERS/Technical Art#2920
halo-infinite,2137,Philip Holt,,Special Thanks,UNDEAD LABS SPECIAL THANKS,,Undead Labs,special-thanks,OUTSOURCE PARTNERS/UNDEAD LABS SPECIAL THANKS#2923
halo-infinite,2138,Bonnie Ross,,Leadership,"CORPORATE VICE PRESIDENT, HEAD OF 343 INDUSTRIES",,,core,343 INDUSTRIES/343 INDUSTRIES LEADERSHIP#2928
halo-infinite,2139,Pierre Hintze,,Leadership,"VICE PRESIDENT, HEAD OF 343 INDUSTRIES",,,core,343 INDUSTRIES/343 INDUSTRIES LEADERSHIP#2929
halo-infinite,2140,Melissa Boone,,Leadership,CHIEF OF STAFF,,,core,343 INDUSTRIES/343 INDUSTRIES LEADERSHIP#2930
halo-infinite,2141,Elizabeth Van Wyck,,Leadership,"GENERAL MANAGER / CHIEF OPERATING OFFICER, HALO FRANCHISE",,,core,343 INDUSTRIES/343 INDUSTRIES LEADERSHIP#2931
halo-infinite,2142,Bryan Koski,,Leadership,"GENERAL MANAGER, HALO FRANCHISE",,,core,343 INDUSTRIES/343 INDUSTRIES LEADERSHIP#2932
halo-infinite,2143,Joseph Staten,,Leadership,"HEAD OF CREATIVE, HALO INFINITE",,,core,343 INDUSTRIES/343 INDUSTRIES LEADERSHIP#2933
halo-infinite,2144,David Berger,,Engineering,"HEAD OF ENGINEERING, HALO INFINITE",,,core,343 INDUSTRIES/343 INDUSTRIES LEADERSHIP#2934
halo-infinite,2145,Michael Fahrny,,Production,"HEAD OF PRODUCTION, HALO INFINITE",,,core,343 INDUSTRIES/343 INDUSTRIES LEADERSHIP#2935
halo-infinite,2146,Kiki Wolfkill,,Leadership,HEAD OF TRANSMEDIA AND ENTERTAINMENT,,,core,343 INDUSTRIES/343 INDUSTRIES LEADERSHIP#2936
halo-infinite,2147,Chris Lee,,Leadership,HEAD OF HALO SHOOTER TEAM,,,core,343 INDUSTRIES/343 INDUSTRIES LEADERSHIP#2937
halo-infinite,2148,Frank O'Connor,,Narrative,FRANCHISE CREATIVE DIRECTOR,,,core,343 INDUSTRIES/343 INDUSTRIES LEADERSHIP#2938
halo-infinite,2149,Sean Baron,,Leadership,HEAD OF HALO INFINITE LIVE PERFORMANCE,,,core,343 INDUSTRIES/343 INDUSTRIES LEADERSHIP#2939
halo-infinite,2150,Brian Jarrard,,Leadership,COMMUNITY DIRECTOR,,,core,343 INDUSTRIES/343 INDUSTRIES LEADERSHIP#2940
halo-infinite,2151,Autumn Whitehead,,Leadership,EXECUTIVE BUSINESS ADMINISTRATOR,,,core,343 INDUSTRIES/343 INDUSTRIES LEADERSHIP#2941
halo-infinite,2152,McKenzie Halgren,,Leadership,EXECUTIVE BUSINESS ADMINISTRATOR,,,core,343 INDUSTRIES/343 INDUSTRIES LEADERSHIP#2942
halo-infinite,2153,Claude Marais,,Engineering,PRINCIPAL SOFTWARE ENGINEERING LEAD,,,core,343 INDUSTRIES/ADVANCED TECHNOLOGY GROUP#2945
halo-infinite,2154,David Cook,,Engineering,PRINCIPAL SOFTWARE ENGINEER,,,core,343 INDUSTRIES/ADVANCED TECHNOLOGY GROUP#2946
halo-infinite,2155,James Rogers,,Art,PRINCIPAL TECHNICAL ART DIRECTOR,,,core,343 INDUSTRIES/ADVANCED TECHNOLOGY GROUP#2947
halo-infinite,2156,Troels Gram,,Engineering,SENIOR SOFTWARE ENGINEER,,,core,343 INDUSTRIES/ADVANCED TECHNOLOGY GROUP#2948
halo-infinite,2157,Matt Osbond,,Art,SENIOR TECHNICAL ART DIRECTOR,,,core,343 INDUSTRIES/ADVANCED TECHNOLOGY GROUP#2949
halo-infinite,2158,Andrew Farrier,,Engineering,ENGINEERS,,,core,343 INDUSTRIES/ADVANCED TECHNOLOGY GROUP#2951
halo-infinite,2159,Martin Fuller,,Engineering,ENGINEERS,,,core,343 INDUSTRIES/ADVANCED TECHNOLOGY GROUP#2952
halo-infinite,2160,Matt Hurliman,,Engineering,ENGINEERS,,,core,343 INDUSTRIES/ADVANCED TECHNOLOGY GROUP#2953
halo-infinite,2161,Pavel Martishevsky,,Engineering,ENGINEERS,,,core,343 INDUSTRIES/ADVANCED TECHNOLOGY GROUP#2954
halo-infinite,2162,Adam Miles,,Engineering,ENGINEERS,,,core,343 INDUSTRIES/ADVANCED TECHNOLOGY GROUP#2955
halo-infinite,2163,Ivan Nevraev,,Engineering,ENGINEERS,,,core,343 INDUSTRIES/ADVANCED TECHNOLOGY GROUP#2956
halo-infinite,2164,Sean Baron,,Other,HEAD OF HALO INFINITE LIVE PERFORMANCE,,,core,"343 INDUSTRIES/ANALYTICS, INSIGHTS, & CUSTOMER SERVICES#2959"
halo-infinite,2165,Chris Herrman,,Other,PRINCIPAL ANALYTICS MANAGER,,,core,343 INDUSTRIES/ANALYTICS#2962
halo-infinite,2166,Mike Gasser,,Engineering,SENIOR SOFTWARE ENGINEERS,,,core,343 INDUSTRIES/Data Engineering#2965
halo-infinite,2167,Michael Wetzel,,Engineering,SENIOR SOFTWARE ENGINEERS,,,core,343 INDUSTRIES/Data Engineering#2966
halo-infinite,2168,Arjun Gupta,,Engineering,SOFTWARE ENGINEERS,,KFORCE INC,core,343 INDUSTRIES/Data Engineering#2968
halo-infinite,2169,Garrett Skelton,,Engineering,SOFTWARE ENGINEERS,,CYPRESS HCM,core,343 INDUSTRIES/Data Engineering#2969
halo-infinite,2170,Ming Huang,,Other,SENIOR DATA & APPLIED SCIENTISTS,,,core,343 INDUSTRIES/Data Science#2972
halo-infinite,2171,Amity Mathews,,Other,SENIOR DATA & APPLIED SCIENTISTS,,,core,343 INDUSTRIES/Data Science#2973
halo-infinite,2172,Brett Peck,,Other,SENIOR DATA & APPLIED SCIENTISTS,,,core,343 INDUSTRIES/Data Science#2974
halo-infinite,2173,Nikolai Narma,,Other,DATA & APPLIED SCIENTIST,,,core,343 INDUSTRIES/Data Science#2976
halo-infinite,2174,Sean Michael,,Other,PRINCIPAL PERFORMANCE MANAGER,,,core,343 INDUSTRIES/Insights Management#2980
halo-infinite,2175,Victor Barros,,Other,INSIGHTS MANAGERS,,,core,343 INDUSTRIES/Insights Management#2982
halo-infinite,2176,Ben Frazier,,Other,INSIGHTS MANAGERS,,,core,343 INDUSTRIES/Insights Management#2983
halo-infinite,2177,Melinda Reeb,,Other,INSIGHTS MANAGERS,,H10 CAPITAL,core,343 INDUSTRIES/Insights Management#2984
halo-infinite,2178,David Sohn,,Other,INSIGHTS MANAGERS,,,core,343 INDUSTRIES/Insights Management#2985
halo-infinite,2179,Justin Robey,,Other,SENIOR INSIGHTS PROJECT MANAGER,,,core,343 INDUSTRIES/STUDIO INSIGHTS#2988
halo-infinite,2180,Roger Westmoreland Price II,,Other,PRO TEAM LEAD,,EXPERIS,core,343 INDUSTRIES/Pro Team#2991
halo-infinite,2181,Jim Atkins,,Other,PRO TEAM,,EXPERIS,core,343 INDUSTRIES/Pro Team#2993
halo-infinite,2182,Gregory Hass,,Other,PRO TEAM,,EXPERIS,core,343 INDUSTRIES/Pro Team#2994
halo-infinite,2183,Richie Heinz Jr.,,Other,PRO TEAM,,EXPERIS,core,343 INDUSTRIES/Pro Team#2995
halo-infinite,2184,Vartan Karakashyan,,Other,PRO TEAM,,EXPERIS,core,343 INDUSTRIES/Pro Team#2996
halo-infinite,2185,Clete LoRusso,,Other,PRO TEAM,,EXPERIS,core,343 INDUSTRIES/Pro Team#2997
halo-infinite,2186,Austin McCleary,,Other,PRO TEAM,,EXPERIS,core,343 INDUSTRIES/Pro Team#2998
halo-infinite,2187,Anthony Mejias,,Other,PRO TEAM,,EXPERIS,core,343 INDUSTRIES/Pro Team#2999
halo-infinite,2188,Mason Miller,,Other,PRO TEAM,,EXPERIS,core,343 INDUSTRIES/Pro Team#3000
halo-infinite,2189,Visal Mohanan,,Other,PRO TEAM,,EXPERIS,core,343 INDUSTRIES/Pro Team#3001
halo-infinite,2190,Hunter Schline,,Other,PRO TEAM,,EXPERIS,core,343 INDUSTRIES/Pro Team#3002
halo-infinite,2191,Tobias Osterhaug,,Other,PLAYTEST LEAD,,AQUENT GAMES,core,343 INDUSTRIES/Playtest#3005
halo-infinite,2192,Carly Crowder,,Other,PLAYTEST,,RANDSTAD,core,343 INDUSTRIES/Playtest#3007
halo-infinite,2193,Nolan Dost,,Other,PLAYTEST,,KFORCE,core,343 INDUSTRIES/Playtest#3008
halo-infinite,2194,Tomas Selin,,Other,PLAYTEST,,RANDSTAD,core,343 INDUSTRIES/Playtest#3009
halo-infinite,2195,Jacqueline O'Brien,,Production,PROGRAM MANAGER,,,core,343 INDUSTRIES/ANALYTICS & INSIGHTS PRODUCTION#3013
halo-infinite,2196,Susan Loreli Bunch,,Other,SENIOR TEAM MANAGER,,,core,343 INDUSTRIES/HALO SUPPORT & SAFETY TEAM#3017
halo-infinite,2197,Conor Makowski,,Production,HALO SUPPORT PROGRAM MANAGER,,,core,343 INDUSTRIES/HALO SUPPORT & SAFETY TEAM#3018
halo-infinite,2198,Taylor Mann,,Production,HALO SAFETY PROGRAM MANAGER,,,core,343 INDUSTRIES/HALO SUPPORT & SAFETY TEAM#3019
halo-infinite,2199,Liz Argall,,Other,HALO SUPPORT,,"24 SEVEN TOPCO, LLC",core,343 INDUSTRIES/HALO SUPPORT#3022
halo-infinite,2200,John Baunsgard,,Other,HALO SUPPORT,,COLLABERA INC,core,343 INDUSTRIES/HALO SUPPORT#3023
halo-infinite,2201,Craig Cainkar,,Other,HALO SUPPORT,,RANDSTAD,core,343 INDUSTRIES/HALO SUPPORT#3024
halo-infinite,2202,Justin Cross,,Other,HALO SUPPORT,,Bluehawk LLC,core,343 INDUSTRIES/HALO SUPPORT#3025
halo-infinite,2203,Sarah Emerson,,Other,HALO SUPPORT,,AQUENT LLC,core,343 INDUSTRIES/HALO SUPPORT#3026
halo-infinite,2204,Sam Gross,,Other,HALO SUPPORT,,HARVEY NASH INC,core,343 INDUSTRIES/HALO SUPPORT#3027
halo-infinite,2205,Toby Lawhon,,Other,HALO SUPPORT,,"24 SEVEN TOPCO, LLC",core,343 INDUSTRIES/HALO SUPPORT#3028
halo-infinite,2206,Kaleb Martin,,Other,HALO SUPPORT,,DISYS,core,343 INDUSTRIES/HALO SUPPORT#3029
halo-infinite,2207,Glory Robinson,,Other,HALO SUPPORT,,"DIGITAL INTELLIGENCE SYSTEMS,",core,343 INDUSTRIES/HALO SUPPORT#3030
halo-infinite,2208,Kiera Schroeder,,Other,HALO SUPPORT,,"24 SEVEN TOPCO, LLC",core,343 INDUSTRIES/HALO SUPPORT#3031
halo-infinite,2209,Lynn Taylor,,Other,HALO SUPPORT,,EXPERIS,core,343 INDUSTRIES/HALO SUPPORT#3032
halo-infinite,2210,Honey Vela Wiltse,,Other,HALO SUPPORT,,"ASCENDION, INC",core,343 INDUSTRIES/HALO SUPPORT#3033
halo-infinite,2211,Trent Wood,,Other,HALO SUPPORT,,Insight Global LLC,core,343 INDUSTRIES/HALO SUPPORT#3034
halo-infinite,2212,Fabian Cruz,,Other,SUPPORT & SAFETY MANAGEMENT,,KEYWORDS,core,343 INDUSTRIES/SUPPORT & SAFETY MANAGEMENT#3037
halo-infinite,2213,Marco Tulio Jiménez,,Other,SUPPORT & SAFETY MANAGEMENT,,KEYWORDS,core,343 INDUSTRIES/SUPPORT & SAFETY MANAGEMENT#3038
halo-infinite,2214,Oswaldo Hernández González,,Other,SUPPORT & SAFETY MANAGEMENT,,KEYWORDS,core,343 INDUSTRIES/SUPPORT & SAFETY MANAGEMENT#3039
halo-infinite,2215,Saïd Zouaghi,,Other,SUPPORT & SAFETY MANAGEMENT,,KEYWORDS,core,343 INDUSTRIES/SUPPORT & SAFETY MANAGEMENT#3040
halo-infinite,2216,Michelle Ponce,,Other,SUPPORT TECHS TEAM LEAD,,KEYWORDS,core,343 INDUSTRIES/SUPPORT & SAFETY MANAGEMENT#3041
halo-infinite,2217,Ray Jactthar,,Engineering,SUPPORT ENGINEER,,KEYWORDS,core,343 INDUSTRIES/SUPPORT & SAFETY MANAGEMENT#3042
halo-infinite,2218,Ali Abraham,,Other,SUPPORT TECHS,,KEYWORDS,core,343 INDUSTRIES/SUPPORT TECHS#3044
halo-infinite,2219,Alexander Armenta,,Other,SUPPORT TECHS,,KEYWORDS,core,343 INDUSTRIES/SUPPORT TECHS#3045
halo-infinite,2220,Alvaro Calvario,,Other,SUPPORT TECHS,,KEYWORDS,core,343 INDUSTRIES/SUPPORT TECHS#3046
halo-infinite,2221,Yolteotl Camacho,,Other,SUPPORT TECHS,,KEYWORDS,core,343 INDUSTRIES/SUPPORT TECHS#3047
halo-infinite,2222,Gabriel Esquivel,,Other,SUPPORT TECHS,,KEYWORDS,core,343 INDUSTRIES/SUPPORT TECHS#3048
halo-infinite,2223,Mariana Gomez,,Other,SUPPORT TECHS,,KEYWORDS,core,343 INDUSTRIES/SUPPORT TECHS#3049
halo-infinite,2224,Romina Gomez,,Other,SUPPORT TECHS,,KEYWORDS,core,343 INDUSTRIES/SUPPORT TECHS#3050
halo-infinite,2225,Edwin Jactthar,,Other,SUPPORT TECHS,,KEYWORDS,core,343 INDUSTRIES/SUPPORT TECHS#3051
halo-infinite,2226,Miriam Lopez,,Other,SUPPORT TECHS,,KEYWORDS,core,343 INDUSTRIES/SUPPORT TECHS#3052
halo-infinite,2227,Ernesto Martinez,,Other,SUPPORT TECHS,,KEYWORDS,core,343 INDUSTRIES/SUPPORT TECHS#3053
halo-infinite,2228,Alejandro Palos,,Other,SUPPORT TECHS,,KEYWORDS,core,343 INDUSTRIES/SUPPORT TECHS#3054
halo-infinite,2229,Gonzalo Suárez,,Other,SUPPORT TECHS,,KEYWORDS,core,343 INDUSTRIES/SUPPORT TECHS#3055
halo-infinite,2230,Midori Yamamoto,,Other,SUPPORT TECHS,,KEYWORDS,core,343 INDUSTRIES/SUPPORT TECHS#3056
halo-infinite,2231,Luis Alcacer,,Other,SAFETY TECHS,,KEYWORDS,core,343 INDUSTRIES/SAFETY TECHS#3058
halo-infinite,2232,Eduardo Chávez,,Other,SAFETY TECHS,,KEYWORDS,core,343 INDUSTRIES/SAFETY TECHS#3059
halo-infinite,2233,Atzin Millan,,Other,SAFETY TECHS,,KEYWORDS,core,343 INDUSTRIES/SAFETY TECHS#3060
halo-infinite,2234,Diego Monroy,,Other,SAFETY TECHS TEAM LEAD,,KEYWORDS,core,343 INDUSTRIES/SAFETY TECHS TEAM LEAD#3062
halo-infinite,2235,Jonathan Borrayo,,Other,SUPPORT & SAFETY AGENTS,,KEYWORDS,core,343 INDUSTRIES/SUPPORT & SAFETY AGENTS#3064
halo-infinite,2236,Lili Monroy,,Other,SUPPORT & SAFETY AGENTS,,KEYWORDS,core,343 INDUSTRIES/SUPPORT & SAFETY AGENTS#3065
halo-infinite,2237,Mario Rodríguez,,Other,SUPPORT & SAFETY AGENTS,,KEYWORDS,core,343 INDUSTRIES/SUPPORT & SAFETY AGENTS#3066
halo-infinite,2238,Katia Romero,,Other,SUPPORT & SAFETY AGENTS,,KEYWORDS,core,343 INDUSTRIES/SUPPORT & SAFETY AGENTS#3067
halo-infinite,2239,Jorge Sánchez,,Other,SUPPORT & SAFETY AGENTS,,KEYWORDS,core,343 INDUSTRIES/SUPPORT & SAFETY AGENTS#3068
halo-infinite,2240,Alan Vázquez,,Other,SUPPORT & SAFETY AGENTS,,KEYWORDS,core,343 INDUSTRIES/SUPPORT & SAFETY AGENTS#3069
halo-infinite,2241,Victor Vega,,Other,SUPPORT & SAFETY AGENTS,,KEYWORDS,core,343 INDUSTRIES/SUPPORT & SAFETY AGENTS#3070
halo-infinite,2242,Christina Parker,,Production,SENIOR PROGRAM MANAGER,,,core,343 INDUSTRIES/Customer Relationship Management#3073
halo-infinite,2243,Phantasia Jendro,,Production,PROGRAM MANAGER,,,core,343 INDUSTRIES/Customer Relationship Management#3075
halo-infinite,2244,Vinod Birla,,Other,CUSTOMER RELATIONS,,VIRTUOSITY,core,343 INDUSTRIES/Customer Relationship Management#3077
halo-infinite,2245,Gayatri Goda,,Other,CUSTOMER RELATIONS,,VIRTUOSITY,core,343 INDUSTRIES/Customer Relationship Management#3078
halo-infinite,2246,Nithin Shetty,,Other,CUSTOMER RELATIONS,,VIRTUOSITY,core,343 INDUSTRIES/Customer Relationship Management#3079
halo-infinite,2247,Sarita Singh,,Other,CUSTOMER RELATIONS,,VIRTUOSITY,core,343 INDUSTRIES/Customer Relationship Management#3080
halo-infinite,2248,Autumn Whitehead,,Leadership,EXECUTIVE BUSINESS ADMINISTRATORS,,,core,343 INDUSTRIES/ADMINISTRATION#3084
halo-infinite,2249,McKenzie Halgren,,Leadership,EXECUTIVE BUSINESS ADMINISTRATORS,,,core,343 INDUSTRIES/ADMINISTRATION#3085
halo-infinite,2250,Chantelle Miller,,Leadership,EXECUTIVE BUSINESS ADMINISTRATORS,,,core,343 INDUSTRIES/ADMINISTRATION#3086
halo-infinite,2251,Gena Souchek,,Leadership,EXECUTIVE BUSINESS ADMINISTRATORS,,,core,343 INDUSTRIES/ADMINISTRATION#3087
halo-infinite,2252,Danielle Carter,,Studio/Business,BUSINESS ADMINISTRATORS,,INSIGHT GLOBAL,core,343 INDUSTRIES/ADMINISTRATION#3089
halo-infinite,2253,Sara Cha,,Studio/Business,BUSINESS ADMINISTRATORS,,INSIGHT GLOBAL,core,343 INDUSTRIES/ADMINISTRATION#3090
halo-infinite,2254,Katie Fajardo,,Studio/Business,BUSINESS ADMINISTRATORS,,,core,343 INDUSTRIES/ADMINISTRATION#3091
halo-infinite,2255,Challis Felton,,Studio/Business,BUSINESS ADMINISTRATORS,,,core,343 INDUSTRIES/ADMINISTRATION#3092
halo-infinite,2256,Shelby Gremel,,Studio/Business,BUSINESS ADMINISTRATORS,,"RANDSTAD NORTH AMERICA, INC",core,343 INDUSTRIES/ADMINISTRATION#3093
halo-infinite,2257,Keli Smith,,Studio/Business,BUSINESS ADMINISTRATORS,,INSIGHT GLOBAL,core,343 INDUSTRIES/ADMINISTRATION#3094
halo-infinite,2258,Krista Warnock,,Studio/Business,BUSINESS ADMINISTRATORS,,,core,343 INDUSTRIES/ADMINISTRATION#3095
halo-infinite,2259,Lace Yamamoto,,Studio/Business,BUSINESS ADMINISTRATORS,,,core,343 INDUSTRIES/ADMINISTRATION#3096
halo-infinite,2260,Terra Zarter,,Studio/Business,BUSINESS ADMINISTRATORS,,"24 SEVEN TOPCO, LLC",core,343 INDUSTRIES/ADMINISTRATION#3097
halo-infinite,2261,Ed Kalletta,,Studio/Business,"SENIOR DIRECTOR, BUSINESS DEVELOPMENT",,,core,343 INDUSTRIES/BUSINESS DEVELOPMENT#3100
halo-infinite,2262,Noah Musler,,Studio/Business,"SENIOR DIRECTOR, BUSINESS DEVELOPMENT",,,core,343 INDUSTRIES/BUSINESS DEVELOPMENT#3101
halo-infinite,2263,Tarek Elbanhawy,,Studio/Business,SENIOR FRANCHISE BUSINESS MANAGERS,,,core,343 INDUSTRIES/BUSINESS MANAGEMENT#3104
halo-infinite,2264,Jay Snow,,Studio/Business,SENIOR FRANCHISE BUSINESS MANAGERS,,,core,343 INDUSTRIES/BUSINESS MANAGEMENT#3105
halo-infinite,2265,Mark Yelverton,,Studio/Business,SENIOR FRANCHISE BUSINESS MANAGERS,,,core,343 INDUSTRIES/BUSINESS MANAGEMENT#3106
halo-infinite,2266,Megan Sanders,,Studio/Business,FRANCHISE BUSINESS MANAGERS,,,core,343 INDUSTRIES/BUSINESS MANAGEMENT#3108
halo-infinite,2267,Amy Cobb,,Studio/Business,Business Operations,,,core,343 INDUSTRIES/Business Operations#3111
halo-infinite,2268,Stephen Heil,,Studio/Business,Business Operations,,INSIGHT GLOBAL,core,343 INDUSTRIES/Business Operations#3112
halo-infinite,2269,Amanda McCormick,,Studio/Business,Business Operations,,HARVEY NASH,core,343 INDUSTRIES/Business Operations#3113
halo-infinite,2270,Sarah Stanley,,Studio/Business,Business Operations,,INSIGHT GLOBAL,core,343 INDUSTRIES/Business Operations#3114
halo-infinite,2271,Jess Yu,,Studio/Business,Business Operations,,,core,343 INDUSTRIES/Business Operations#3115
halo-infinite,2272,Brian Jarrard,,Studio/Business,COMMUNITY DIRECTOR,,,core,343 INDUSTRIES/COMMUNITY#3118
halo-infinite,2273,John Junyszek,,Studio/Business,COMMUNITY TEAM,,,core,343 INDUSTRIES/COMMUNITY#3120
halo-infinite,2274,Jacqueline Kalisch,,Studio/Business,COMMUNITY TEAM,,,core,343 INDUSTRIES/COMMUNITY#3121
halo-infinite,2275,Nina Marien,,Studio/Business,COMMUNITY TEAM,,,core,343 INDUSTRIES/COMMUNITY#3122
halo-infinite,2276,Andy Salisbury,,Studio/Business,COMMUNITY TEAM,,,core,343 INDUSTRIES/COMMUNITY#3123
halo-infinite,2277,Tyler Davis,,Studio/Business,COMMUNITY TEAM,,INSIGHT GLOBAL,core,343 INDUSTRIES/COMMUNITY#3124
halo-infinite,2278,Sam Nylen,,Studio/Business,COMMUNITY TEAM,,INSIGHT GLOBAL,core,343 INDUSTRIES/COMMUNITY#3125
halo-infinite,2279,Duncan Shaffer,,Studio/Business,COMMUNITY TEAM,,AQUENT LLC,core,343 INDUSTRIES/COMMUNITY#3126
halo-infinite,2280,Tahir Hasandjekic,,Studio/Business,SENIOR ESPORTS LEAD,,,core,343 INDUSTRIES/ESPORTS#3129
halo-infinite,2281,Riley Hastings,,Studio/Business,ESPORTS TEAM,,AQUENT GAMES,core,343 INDUSTRIES/ESPORTS#3131
halo-infinite,2282,Matt Kline,,Studio/Business,ESPORTS TEAM,,,core,343 INDUSTRIES/ESPORTS#3132
halo-infinite,2283,Diviyan Matheendran,,Studio/Business,ESPORTS TEAM,,BLUEHAWK LLC,core,343 INDUSTRIES/ESPORTS#3133
halo-infinite,2284,Lalo Torres,,Studio/Business,ESPORTS TEAM,,,core,343 INDUSTRIES/ESPORTS#3134
halo-infinite,2285,Zak Belisle,,Publishing,SENIOR FINANCE MANAGER,,,core,343 INDUSTRIES/FINANCE#3137
halo-infinite,2286,Jona Akelipa,,Publishing,FINANCE MANAGER,,,core,343 INDUSTRIES/FINANCE#3139
halo-infinite,2287,Cathy De Lisle,,Studio/Business,SENIOR HUMAN RESOURCES BUSINESS PARTNERS,,,core,343 INDUSTRIES/HUMAN RESOURCES#3142
halo-infinite,2288,Alex Pumpian,,Studio/Business,SENIOR HUMAN RESOURCES BUSINESS PARTNERS,,,core,343 INDUSTRIES/HUMAN RESOURCES#3143
halo-infinite,2289,Jill Miller,,Other,SENIOR HUMAN RESOURCES CONSULTING MANAGER,,,core,343 INDUSTRIES/HUMAN RESOURCES#3144
halo-infinite,2290,Conor O'Flaherty,,Publishing,SENIOR CORPORATE COUNSEL,,,core,343 INDUSTRIES/LEGAL#3147
halo-infinite,2291,Tricia Geyer,,Publishing,SENIOR CORPORATE COUNSEL,,,core,343 INDUSTRIES/LEGAL#3148
halo-infinite,2292,Tolu Adesina,,Other,RECRUITERS,,,core,343 INDUSTRIES/RECRUITMENT#3151
halo-infinite,2293,Miguel Calderon,,Other,RECRUITERS,,LAUNCH CONSULTING,core,343 INDUSTRIES/RECRUITMENT#3152
halo-infinite,2294,Jamie Collyer,,Other,RECRUITERS,,NEAL ANALYTICS,core,343 INDUSTRIES/RECRUITMENT#3153
halo-infinite,2295,Kevin De Leon,,Other,RECRUITERS,,,core,343 INDUSTRIES/RECRUITMENT#3154
halo-infinite,2296,Andrew Glover,,Other,RECRUITERS,,,core,343 INDUSTRIES/RECRUITMENT#3155
halo-infinite,2297,Debra Graves,,Other,RECRUITERS,,,core,343 INDUSTRIES/RECRUITMENT#3156
halo-infinite,2298,Adam Johnson,,Other,RECRUITERS,,,core,343 INDUSTRIES/RECRUITMENT#3157
halo-infinite,2299,Allison Nagy,,Other,RECRUITERS,,,core,343 INDUSTRIES/RECRUITMENT#3158
halo-infinite,2300,Ron Brown,,Other,EMPLOYEE EXPERIENCE TEAM,,,core,343 INDUSTRIES/EMPLOYEE EXPERIENCE TEAM#3161
halo-infinite,2301,Sofia Lillo,,Other,EMPLOYEE EXPERIENCE TEAM,,INSIGHT GLOBAL,core,343 INDUSTRIES/EMPLOYEE EXPERIENCE TEAM#3162
halo-infinite,2302,Iva Lindstrom,,Other,EMPLOYEE EXPERIENCE TEAM,,RANDSTAD,core,343 INDUSTRIES/EMPLOYEE EXPERIENCE TEAM#3163
halo-infinite,2303,Cam Moeller,,Other,EMPLOYEE EXPERIENCE TEAM,,INSIGHT GLOBAL,core,343 INDUSTRIES/EMPLOYEE EXPERIENCE TEAM#3164
halo-infinite,2304,Frank O'Connor,,Narrative,FRANCHISE CREATIVE DIRECTOR,,,core,343 INDUSTRIES/FRANCHISE TEAM#3167
halo-infinite,2305,Corrinne Robinson,,Other,HALO FRANCHISE DEVELOPMENT DIRECTOR,,,core,343 INDUSTRIES/FRANCHISE TEAM#3168
halo-infinite,2306,Tyler Jeffers,,Narrative,FRANCHISE CREATIVE PRODUCER,,,core,343 INDUSTRIES/FRANCHISE TEAM#3169
halo-infinite,2307,Carlos Naranjo,,Production,SENIOR HALO FRANCHISE PRODUCER,,,core,343 INDUSTRIES/FRANCHISE TEAM#3170
halo-infinite,2308,Becca Waters,,Production,HALO FRANCHISE PRODUCER,,,core,343 INDUSTRIES/FRANCHISE TEAM#3171
halo-infinite,2309,Jeremy Patenaude,,Other,HALO FRANCHISE LEAD EDITOR,,,core,343 INDUSTRIES/FRANCHISE TEAM#3172
halo-infinite,2310,Jeff Easterling,,Narrative,SENIOR HALO FRANCHISE WRITER,,,core,343 INDUSTRIES/FRANCHISE TEAM#3173
halo-infinite,2311,Kenneth Peters,,Narrative,SENIOR HALO FRANCHISE WRITER,,,core,343 INDUSTRIES/FRANCHISE TEAM#3174
halo-infinite,2312,Amanda Morton,,Other,FRANCHISE TEAM,,,core,343 INDUSTRIES/FRANCHISE TEAM#3176
halo-infinite,2313,Quinn Spence,,Other,FRANCHISE TEAM,,RANDSTAD,core,343 INDUSTRIES/FRANCHISE TEAM#3177
halo-infinite,2314,Neil Tuazon,,Other,FRANCHISE TEAM,,MYRIAD CONSULTING INC,core,343 INDUSTRIES/FRANCHISE TEAM#3178
halo-infinite,2315,Jason Shirley,,Audio,"LOCALIZATION SENIOR PRODUCER, AUDIO DIRECTOR",,,core,343 INDUSTRIES/PRODUCTION#3182
halo-infinite,2316,Veronica Sievers,,Production,LOCALIZATION SENIOR PRODUCT MANAGER,,,core,343 INDUSTRIES/PRODUCTION#3183
halo-infinite,2317,Sarah Huschle,,Production,PRODUCERS,,LIONBRIDGE TECHNOLOGIES,core,343 INDUSTRIES/PRODUCTION#3185
halo-infinite,2318,Camille Janinet,,Production,PRODUCERS,,LIONBRIDGE TECHNOLOGIES,core,343 INDUSTRIES/PRODUCTION#3186
halo-infinite,2319,Chris Merritt,,Production,PRODUCERS,,EXPERIS,core,343 INDUSTRIES/PRODUCTION#3187
halo-infinite,2320,Richard Myers,,Production,PRODUCERS,,EXPERIS,core,343 INDUSTRIES/PRODUCTION#3188
halo-infinite,2321,Kathy Le,,Production,ASSOCIATE PRODUCER,,,core,343 INDUSTRIES/PRODUCTION#3190
halo-infinite,2322,Gabriel Gliwic,,QA,LOCALIZATION TEST LEAD,,LIONBRIDGE TECHNOLOGIES,core,343 INDUSTRIES/TEST#3193
halo-infinite,2323,Chiara Albarello,,QA,(ITALIAN),,LIONBRIDGE TECHNOLOGIES,publishing,343 INDUSTRIES/LOCALIZATION TEST ASSOCIATES#3196
halo-infinite,2324,Miguel Barragán Castro,,QA,(SPANISH MEXICAN),,LIONBRIDGE TECHNOLOGIES,publishing,343 INDUSTRIES/LOCALIZATION TEST ASSOCIATES#3197
halo-infinite,2325,Hyesung Cho,,QA,(KOREAN),,LIONBRIDGE TECHNOLOGIES,publishing,343 INDUSTRIES/LOCALIZATION TEST ASSOCIATES#3198
halo-infinite,2326,Johnatas Pinto,,QA,(PORTUGUESE BRAZILIAN),,LIONBRIDGE TECHNOLOGIES,publishing,343 INDUSTRIES/LOCALIZATION TEST ASSOCIATES#3199
halo-infinite,2327,Amaury Félix,,QA,(FRENCH),,LIONBRIDGE TECHNOLOGIES,publishing,343 INDUSTRIES/LOCALIZATION TEST ASSOCIATES#3200
halo-infinite,2328,Pieter Frankefort,,QA,(DUTCH),,LIONBRIDGE TECHNOLOGIES,publishing,343 INDUSTRIES/LOCALIZATION TEST ASSOCIATES#3201
halo-infinite,2329,Evgeniya Ivleva,,QA,(RUSSIAN),,LIONBRIDGE TECHNOLOGIES,publishing,343 INDUSTRIES/LOCALIZATION TEST ASSOCIATES#3202
halo-infinite,2330,Qiao Liu,,QA,(CHINESE SIMPLIFIED),,LIONBRIDGE TECHNOLOGIES,publishing,343 INDUSTRIES/LOCALIZATION TEST ASSOCIATES#3203
halo-infinite,2331,Sakura Maruyama,,QA,(JAPANESE),,LIONBRIDGE TECHNOLOGIES,publishing,343 INDUSTRIES/LOCALIZATION TEST ASSOCIATES#3204
halo-infinite,2332,Zofia Mück,,QA,(POLISH),,LIONBRIDGE TECHNOLOGIES,publishing,343 INDUSTRIES/LOCALIZATION TEST ASSOCIATES#3205
halo-infinite,2333,Ekaterini Ntouska,,QA,(GERMAN),,LIONBRIDGE TECHNOLOGIES,publishing,343 INDUSTRIES/LOCALIZATION TEST ASSOCIATES#3206
halo-infinite,2334,Diego Fernández Rodríguez,,QA,(SPANISH SPAIN),,LIONBRIDGE TECHNOLOGIES,publishing,343 INDUSTRIES/LOCALIZATION TEST ASSOCIATES#3207
halo-infinite,2335,Chen Wen-Yu,,QA,(CHINESE TRADITIONAL),,LIONBRIDGE TECHNOLOGIES,publishing,343 INDUSTRIES/LOCALIZATION TEST ASSOCIATES#3208
halo-infinite,2336,Richard Saadat,,Audio,LOCALIZATION AUDIO LEAD,,LIONBRIDGE TECHNOLOGIES,core,343 INDUSTRIES/AUDIO#3211
halo-infinite,2337,Michael Wolf,,Publishing,HALO INFINITE MARKETING LEAD,,,core,343 INDUSTRIES/343 INDUSTRIES#3215
halo-infinite,2338,Christopher Clarke,,Publishing,COMMUNITY MARKETING LEAD,,,core,343 INDUSTRIES/343 INDUSTRIES#3217
halo-infinite,2339,Noah Benesch,,Production,SENIOR PRODUCT MARKETING MANAGER,,,core,343 INDUSTRIES/343 INDUSTRIES#3219
halo-infinite,2340,Katie Jerauld,,Publishing,MARKETING TEAM,,JEFFERYM CONSULTING LLC,core,343 INDUSTRIES/343 INDUSTRIES#3220
halo-infinite,2341,Jonathan Segall,,Publishing,SENIOR MARKETING COMMUNICATIONS MANAGER,,,core,343 INDUSTRIES/Communications#3223
halo-infinite,2342,Ryan Merritt,,Publishing,SENIOR MARKETING COMMUNICATIONS MANAGER,,,core,343 INDUSTRIES/Communications#3224
halo-infinite,2343,Julianna Alo,,Publishing,MARKETING COMMUNICATIONS TEAM,,,core,343 INDUSTRIES/Communications#3226
halo-infinite,2344,Aaron Travis,,Publishing,MARKETING COMMUNICATIONS TEAM,,,core,343 INDUSTRIES/Communications#3227
halo-infinite,2345,William Cameron,,Design,Design,,DAHER ACQUISITIONS INC,core,343 INDUSTRIES/Design#3230
halo-infinite,2346,Rob Semsey,,Publishing,COMMUNICATIONS DIRECTOR,,,publishing,343 INDUSTRIES/PUBLIC RELATIONS#3233
halo-infinite,2347,Brad Hilderbrand,,Publishing,SENIOR PUBLIC RELATIONS MANAGER,,,publishing,343 INDUSTRIES/PUBLIC RELATIONS#3234
halo-infinite,2348,Richard Chen,,Publishing,PUBLIC RELATIONS TEAM,,"ASSEMBLY MEDIA, INC",publishing,343 INDUSTRIES/PUBLIC RELATIONS#3236
halo-infinite,2349,Stephen Ludlow,,Publishing,PUBLIC RELATIONS TEAM,,"ASSEMBLY MEDIA, INC",publishing,343 INDUSTRIES/PUBLIC RELATIONS#3237
halo-infinite,2350,Natalie McNeal,,Publishing,PUBLIC RELATIONS TEAM,,"ASSEMBLY MEDIA, INC",publishing,343 INDUSTRIES/PUBLIC RELATIONS#3238
halo-infinite,2351,Susan Ng,,Publishing,PUBLIC RELATIONS TEAM,,"ASSEMBLY MEDIA, INC",publishing,343 INDUSTRIES/PUBLIC RELATIONS#3239
halo-infinite,2352,Jesse Steinberg,,Publishing,PUBLIC RELATIONS TEAM,,"ASSEMBLY MEDIA, INC",publishing,343 INDUSTRIES/PUBLIC RELATIONS#3240
halo-infinite,2353,Brett Williams,,Publishing,PUBLIC RELATIONS TEAM,,"ASSEMBLY MEDIA, INC",publishing,343 INDUSTRIES/PUBLIC RELATIONS#3241
halo-infinite,2354,Cameron Anicich,,Production,PRODUCERS,,,core,343 INDUSTRIES/PRODUCTION#3246
halo-infinite,2355,Chris Case,,Production,PRODUCERS,,,core,343 INDUSTRIES/PRODUCTION#3247
halo-infinite,2356,Lola Shiraishi,,Production,PRODUCERS,,,core,343 INDUSTRIES/PRODUCTION#3248
halo-infinite,2357,Chase Patton,,Production,ASSOCIATE PRODUCERS,,,core,343 INDUSTRIES/PRODUCTION#3250
halo-infinite,2358,Greg Hermann,,Engineering,DIRECTOR OF TECHNOLOGY,,,core,343 INDUSTRIES/ENGINEERING#3253
halo-infinite,2359,Andrew Schnickel,,Engineering,TECH DIRECTOR,,,core,343 INDUSTRIES/ENGINEERING#3255
halo-infinite,2360,Sean Cooper,,Engineering,SENIOR SOFTWARE ENGINEERS,,,core,343 INDUSTRIES/ENGINEERING#3257
halo-infinite,2361,Eric Jarvi,,Engineering,SENIOR SOFTWARE ENGINEERS,,,core,343 INDUSTRIES/ENGINEERING#3258
halo-infinite,2362,Kevin Szkudlapski,,Engineering,SENIOR SOFTWARE ENGINEERS,,,core,343 INDUSTRIES/ENGINEERING#3259
halo-infinite,2363,Zack Fannon,,Engineering,SOFTWARE ENGINEERS,,AQUENT GAMES,core,343 INDUSTRIES/ENGINEERING#3261
halo-infinite,2364,Dana Jerpbak,,Engineering,SOFTWARE ENGINEERS,,,core,343 INDUSTRIES/ENGINEERING#3262
halo-infinite,2365,Mike Loscocco,,Engineering,SOFTWARE ENGINEERS,,,core,343 INDUSTRIES/ENGINEERING#3263
halo-infinite,2366,Bradley Grey,,Design,DESIGNERS,,,core,343 INDUSTRIES/DESIGN#3266
halo-infinite,2367,Matthew Jordan,,Design,DESIGNERS,,,core,343 INDUSTRIES/DESIGN#3267
halo-infinite,2368,Jessica Ruselowski,,Art,ARTIST,,,core,343 INDUSTRIES/ART#3270
halo-infinite,2369,Josh Eash,,Other,RELEASE MANAGEMENT,,EXPERIS,core,343 INDUSTRIES/RELEASE MANAGEMENT#3273
halo-infinite,2370,Eric Helbig,,QA,SENIOR QUALITY LEAD,,,core,343 INDUSTRIES/STUDIOS QUALITY#3276
halo-infinite,2371,Eric Ferdinand,,QA,QUALITY TEAM,,,core,343 INDUSTRIES/STUDIOS QUALITY#3278
halo-infinite,2372,Blake Hodges,,QA,QUALITY TEAM,,,core,343 INDUSTRIES/STUDIOS QUALITY#3279
halo-infinite,2373,Christina Tran,,QA,QUALITY TEAM,,,core,343 INDUSTRIES/STUDIOS QUALITY#3280
halo-infinite,2374,Matt Dowling,,QA,QUALITY TEAM,,INSIGHT GLOBAL,core,343 INDUSTRIES/STUDIOS QUALITY#3281
halo-infinite,2375,Colin Garttmeier,,QA,QUALITY TEAM,,EXPERIS,core,343 INDUSTRIES/STUDIOS QUALITY#3282
halo-infinite,2376,Gina Kirkland,,QA,QUALITY TEAM,,EXPERIS,core,343 INDUSTRIES/STUDIOS QUALITY#3283
halo-infinite,2377,Mike Matsel,,Engineering,PRINCIPAL SOFTWARE ENGINEERING LEAD,,,core,343 INDUSTRIES/SIGMA#3286
halo-infinite,2378,Jack Elliott,,Engineering,SENIOR SOFTWARE ENGINEER LEAD,,,core,343 INDUSTRIES/SIGMA#3288
halo-infinite,2379,Cole Brooking,,Engineering,PRINCIPAL SOFTWARE ENGINEERS,,,core,343 INDUSTRIES/SIGMA#3290
halo-infinite,2380,Kishore Kotteri,,Engineering,PRINCIPAL SOFTWARE ENGINEERS,,,core,343 INDUSTRIES/SIGMA#3291
halo-infinite,2381,Dani Roman,,Engineering,SENIOR SOFTWARE ENGINEER,,,core,343 INDUSTRIES/SIGMA#3293
halo-infinite,2382,Deepali Bhaqvat,,Engineering,ENGINEERS,,,core,343 INDUSTRIES/SIGMA#3295
halo-infinite,2383,Matt Bronder,,Engineering,ENGINEERS,,,core,343 INDUSTRIES/SIGMA#3296
halo-infinite,2384,David Cook,,Engineering,ENGINEERS,,,core,343 INDUSTRIES/SIGMA#3297
halo-infinite,2385,Michael Dougherty,,Engineering,ENGINEERS,,,core,343 INDUSTRIES/SIGMA#3298
halo-infinite,2386,Andrew Goosen,,Engineering,ENGINEERS,,,core,343 INDUSTRIES/SIGMA#3299
halo-infinite,2387,Anna Hwang,,Engineering,ENGINEERS,,,core,343 INDUSTRIES/SIGMA#3300
halo-infinite,2388,Matt Lee,,Engineering,ENGINEERS,,,core,343 INDUSTRIES/SIGMA#3301
halo-infinite,2389,Cody Pritchard,,Engineering,ENGINEERS,,,core,343 INDUSTRIES/SIGMA#3302
halo-infinite,2390,James Stanard,,Engineering,ENGINEERS,,,core,343 INDUSTRIES/SIGMA#3303
halo-infinite,2391,Jerry Zhou,,Engineering,ENGINEERS,,,core,343 INDUSTRIES/SIGMA#3304
halo-infinite,2392,Alex Grenier,,Production,SENIOR PROGRAM MANAGER,,,core,343 INDUSTRIES/SIGMA#3306
halo-infinite,2393,Chris Julius,,Production,PRODUCT LIFECYCLE MANAGER,,,core,343 INDUSTRIES/SUPPLY CHAIN / OPERATIONS#3309
halo-infinite,2394,Denise Boles,,Production,PACKAGING AND CONTENT PROGRAM MANAGERS,,,core,343 INDUSTRIES/SUPPLY CHAIN / OPERATIONS#3311
halo-infinite,2395,Kelsey Larson,,Production,PACKAGING AND CONTENT PROGRAM MANAGERS,,,core,343 INDUSTRIES/SUPPLY CHAIN / OPERATIONS#3312
halo-infinite,2396,Barry Killen,,Studio/Business,CONFIG SPECIALIST,,,core,343 INDUSTRIES/SUPPLY CHAIN / OPERATIONS#3314
halo-infinite,2397,Jeremy Fuller,,Studio/Business,MANUFACTURING MANAGERS,,ARVATO SCM IRELAND LIMITED,core,343 INDUSTRIES/SUPPLY CHAIN / OPERATIONS#3316
halo-infinite,2398,Joleen Lundberg,,Studio/Business,MANUFACTURING MANAGERS,,MEYERS SUPPLY CHAIN SERVICES,core,343 INDUSTRIES/SUPPLY CHAIN / OPERATIONS#3317
halo-infinite,2399,John Coyle,,Studio/Business,MANUFACTURING MANAGERS,,,core,343 INDUSTRIES/SUPPLY CHAIN / OPERATIONS#3318
halo-infinite,2400,Monica Gracia-Ortega,,Studio/Business,MANUFACTURING MANAGERS,,,core,343 INDUSTRIES/SUPPLY CHAIN / OPERATIONS#3319
halo-infinite,2401,John Walsh,,Studio/Business,MANUFACTURING MANAGERS,,ARVATO SERVICES IRELAND LTD,core,343 INDUSTRIES/SUPPLY CHAIN / OPERATIONS#3320
halo-infinite,2402,Paul Sliwowicz,,Engineering,PRINCIPAL SOFTWARE ENGINEER LEAD,,,publishing,343 INDUSTRIES/TEAM XBOX#3323
halo-infinite,2403,Danny Chen,,Engineering,PRINCIPAL SOFTWARE ENGINEERS,,,publishing,343 INDUSTRIES/TEAM XBOX#3325
halo-infinite,2404,Brian Pepin,,Engineering,PRINCIPAL SOFTWARE ENGINEERS,,,publishing,343 INDUSTRIES/TEAM XBOX#3326
halo-infinite,2405,Aaron Stebner,,Engineering,SENIOR SOFTWARE ENGINEER,,,publishing,343 INDUSTRIES/TEAM XBOX#3328
halo-infinite,2406,Jeremy Gup,,Production,PRINCIPAL PROGRAM MANAGER,,,publishing,343 INDUSTRIES/TEAM XBOX#3330
halo-infinite,2407,Kiki Wolfkill,,Other,HEAD OF HALO TRANSMEDIA AND ENTERTAINMENT,,,core,343 INDUSTRIES/TRANSMEDIA#3333
halo-infinite,2408,Cheryl Nebelsieck,,Production,TRANSMEDIA PRODUCER,,,core,343 INDUSTRIES/TRANSMEDIA#3334
halo-infinite,2409,John Friend,,Production,"SENIOR DIRECTOR, CONSUMER PRODUCTS",,,core,343 INDUSTRIES/CONSUMER PRODUCTS#3337
halo-infinite,2410,James Monosmith,,Production,SENIOR SALES & MARKETING MANAGER,,,core,343 INDUSTRIES/CONSUMER PRODUCTS#3338
halo-infinite,2411,Chelsea Faso,,Production,SENIOR LICENSING MANAGER,,,core,343 INDUSTRIES/CONSUMER PRODUCTS#3339
halo-infinite,2412,Rick Achberger,,Design,"DESIGN MANAGER, HARDLINES",,,core,343 INDUSTRIES/CONSUMER PRODUCTS#3340
halo-infinite,2413,Ryan Davison,,Production,"CATEGORY MANAGER, HARDLINES",,,core,343 INDUSTRIES/CONSUMER PRODUCTS#3341
halo-infinite,2414,Joe Ferstl,,Production,CONSUMER PRODUCTS CATEGORY MANAGER,,,core,343 INDUSTRIES/CONSUMER PRODUCTS#3342
halo-infinite,2415,Tiffany O'Brien,,Production,"PRODUCTION & CATEGORY MANAGER, MEDIA",,,core,343 INDUSTRIES/CONSUMER PRODUCTS#3343
halo-infinite,2416,Dan Beard,,Production,CONSUMER PRODUCTS TEAM,,NEIN COMPANY LTD.,core,343 INDUSTRIES/CONSUMER PRODUCTS#3345
halo-infinite,2417,Rick Blanco,,Production,CONSUMER PRODUCTS TEAM,,WIMMER SOLUTIONS,core,343 INDUSTRIES/CONSUMER PRODUCTS#3346
halo-infinite,2418,Megan Castro,,Production,CONSUMER PRODUCTS TEAM,,INSIGHT GLOBAL,core,343 INDUSTRIES/CONSUMER PRODUCTS#3347
halo-infinite,2419,Nick Gallagher,,Production,CONSUMER PRODUCTS TEAM,,YOH SERVICES LLC,core,343 INDUSTRIES/CONSUMER PRODUCTS#3348
halo-infinite,2420,Anne Gipple,,Production,CONSUMER PRODUCTS TEAM,,RANDSTAD,core,343 INDUSTRIES/CONSUMER PRODUCTS#3349
halo-infinite,2421,Scott Jobe,,Production,CONSUMER PRODUCTS TEAM,,YOH SERVICES LLC,core,343 INDUSTRIES/CONSUMER PRODUCTS#3350
halo-infinite,2422,Ed Masiello,,Production,CONSUMER PRODUCTS TEAM,,AQUENT GAMES,core,343 INDUSTRIES/CONSUMER PRODUCTS#3351
halo-infinite,2423,Tiffany Patterson,,Production,CONSUMER PRODUCTS TEAM,,INSIGHT GLOBAL,core,343 INDUSTRIES/CONSUMER PRODUCTS#3352
halo-infinite,2424,Andi Riordan-Scott,,Production,CONSUMER PRODUCTS TEAM,,CREATIVE MINX MARKETING,core,343 INDUSTRIES/CONSUMER PRODUCTS#3353
halo-infinite,2425,Brian Sunter,,Production,CONSUMER PRODUCTS TEAM,,INSIGHT GLOBAL,core,343 INDUSTRIES/CONSUMER PRODUCTS#3354
halo-infinite,2426,Andry Tague,,Production,CONSUMER PRODUCTS TEAM,,BLUEHAWK LLC,core,343 INDUSTRIES/CONSUMER PRODUCTS#3355
halo-infinite,2427,Zara Varin,,Production,CONSUMER PRODUCTS TEAM,,INSIGHT GLOBAL,core,343 INDUSTRIES/CONSUMER PRODUCTS#3356
halo-infinite,2428,Claire Zhao,,Production,CONSUMER PRODUCTS TEAM,,YOH SERVICES LLC,core,343 INDUSTRIES/CONSUMER PRODUCTS#3357
halo-infinite,2429,Drew Benz,,Production,CONTENT DIRECTOR,,,core,343 INDUSTRIES/CONTENT PRODUCTION#3360
halo-infinite,2430,Eric Dies,,Production,REALIZATION LEAD,,,core,343 INDUSTRIES/CONTENT PRODUCTION#3361
halo-infinite,2431,Jesse Stipek,,Production,PROGRAM MANAGER,,,core,343 INDUSTRIES/CONTENT PRODUCTION#3362
halo-infinite,2432,Tiana Los,,Design,SENIOR EXPERIENCE DESIGNER,,,core,343 INDUSTRIES/CONTENT PRODUCTION#3363
halo-infinite,2433,Eddie Arriesgado,,Production,CONTENT PRODUCTION TEAM,,INSIGHT GLOBAL,core,343 INDUSTRIES/CONTENT PRODUCTION#3365
halo-infinite,2434,Marisa Fulmer,,Production,CONTENT PRODUCTION TEAM,,YOH SERVICES LLC,core,343 INDUSTRIES/CONTENT PRODUCTION#3366
halo-infinite,2435,Phillip Harvey,,Production,CONTENT PRODUCTION TEAM,,LINCOLN BAY COMPANY LLC,core,343 INDUSTRIES/CONTENT PRODUCTION#3367
halo-infinite,2436,Josh Hnosko,,Production,CONTENT PRODUCTION TEAM,,BIBLIOSO CORPORATION,core,343 INDUSTRIES/CONTENT PRODUCTION#3368
halo-infinite,2437,Mohammed Ismail,,Production,CONTENT PRODUCTION TEAM,,INSIGHT GLOBAL,core,343 INDUSTRIES/CONTENT PRODUCTION#3369
halo-infinite,2438,Daniel Macadangdang,,Production,CONTENT PRODUCTION TEAM,,INSIGHT GLOBAL,core,343 INDUSTRIES/CONTENT PRODUCTION#3370
halo-infinite,2439,Patrick Marko,,Production,CONTENT PRODUCTION TEAM,,"24 SEVEN TOPCO, LLC",core,343 INDUSTRIES/CONTENT PRODUCTION#3371
halo-infinite,2440,CJ Ramos,,Production,CONTENT PRODUCTION TEAM,,,core,343 INDUSTRIES/CONTENT PRODUCTION#3372
halo-infinite,2441,Zach Splan,,Production,CONTENT PRODUCTION TEAM,,"24 SEVEN TOPCO, LLC",core,343 INDUSTRIES/CONTENT PRODUCTION#3373
halo-infinite,2442,Jason Unck,,Production,CONTENT PRODUCTION TEAM,,INSIGHT GLOBAL,core,343 INDUSTRIES/CONTENT PRODUCTION#3374
halo-infinite,2443,Rob Johnson,,Other,ECOSYSTEM DIRECTOR,,,core,343 INDUSTRIES/WAYPOINT AND ECOSYSTEM#3377
halo-infinite,2444,Kevin Paul,,Production,SENIOR PROGRAM MANAGER,,,core,343 INDUSTRIES/WAYPOINT AND ECOSYSTEM#3378
halo-infinite,2445,Mark Harrington,,Production,PROGRAM MANAGER,,DISYS,core,343 INDUSTRIES/WAYPOINT AND ECOSYSTEM#3379
halo-infinite,2446,David Ruttka,,Engineering,SENIOR SOFTWARE ENGINEER,,,core,343 INDUSTRIES/WAYPOINT AND ECOSYSTEM#3380
halo-infinite,2447,Kaite Kelly,,Engineering,SOFTWARE ENGINEER,,,core,343 INDUSTRIES/WAYPOINT AND ECOSYSTEM#3381
halo-infinite,2448,Veronika Nisevych,,Engineering,SOFTWARE ENGINEER,,,core,343 INDUSTRIES/WAYPOINT AND ECOSYSTEM#3382
halo-infinite,2449,Brandon Blanchard,,Other,WAYPOINT AND ECOSYSTEM TEAM,,HARVEY NASH,core,343 INDUSTRIES/WAYPOINT AND ECOSYSTEM#3384
halo-infinite,2450,Daniel Jackson,,Other,WAYPOINT AND ECOSYSTEM TEAM,,ARTECH,core,343 INDUSTRIES/WAYPOINT AND ECOSYSTEM#3385
halo-infinite,2451,Zachary Christian Mason,,Other,WAYPOINT AND ECOSYSTEM TEAM,,CYPRESS HCM,core,343 INDUSTRIES/WAYPOINT AND ECOSYSTEM#3386
halo-infinite,2452,Tyson Matanich,,Other,WAYPOINT AND ECOSYSTEM TEAM,,,core,343 INDUSTRIES/WAYPOINT AND ECOSYSTEM#3387
halo-infinite,2453,Jim Skerritt,,Other,WAYPOINT AND ECOSYSTEM TEAM,,RANDSTAD,core,343 INDUSTRIES/WAYPOINT AND ECOSYSTEM#3388
halo-infinite,2454,Jonathan Wilhite,,Other,WAYPOINT AND ECOSYSTEM TEAM,,RANDSTAD,core,343 INDUSTRIES/WAYPOINT AND ECOSYSTEM#3389
halo-infinite,2455,Dan Price,,Engineering,DIRECTOR OF DIGITAL ENGINEERING/OPERATIONS,,,core,343 INDUSTRIES/DIGITAL COMMAND CENTER#3392
halo-infinite,2456,Mike Staten,,Studio/Business,IT OPERATIONS MANAGER,,,core,343 INDUSTRIES/DIGITAL COMMAND CENTER#3394
halo-infinite,2457,Aubra Moore,,Engineering,IT ENGINEERING MANAGER,,,core,343 INDUSTRIES/DIGITAL COMMAND CENTER#3396
halo-infinite,2458,Darren Little,,Other,IT SYSTEMS ARCHITECT,,,core,343 INDUSTRIES/DIGITAL COMMAND CENTER#3398
halo-infinite,2459,Paul Bleisch,,Other,PRINCIPAL TOOLS ARCHITECT,,,core,343 INDUSTRIES/DIGITAL COMMAND CENTER#3400
halo-infinite,2460,Penny Ferreiras,,Other,ECHO SECURITY LEAD,,,core,343 INDUSTRIES/DIGITAL COMMAND CENTER#3402
halo-infinite,2461,Robert Hinshaw,,Studio/Business,OPERATIONS MANAGER,,,core,343 INDUSTRIES/DIGITAL COMMAND CENTER#3404
halo-infinite,2462,Kiran Adcock,,Production,SENIOR PROGRAM MANAGER,,,core,343 INDUSTRIES/DIGITAL COMMAND CENTER#3406
halo-infinite,2463,Debra Crowley,,Engineering,SENIOR SERVICE ENGINEERS,,,core,343 INDUSTRIES/DIGITAL COMMAND CENTER#3408
halo-infinite,2464,Stanley Paul,,Engineering,SENIOR SERVICE ENGINEERS,,,core,343 INDUSTRIES/DIGITAL COMMAND CENTER#3409
halo-infinite,2465,Dustin Ward,,Engineering,SENIOR SERVICE ENGINEERS,,,core,343 INDUSTRIES/DIGITAL COMMAND CENTER#3410
halo-infinite,2466,Roosevelt Hubbard,,Engineering,SERVICE ENGINEER,,,core,343 INDUSTRIES/DIGITAL COMMAND CENTER#3412
halo-infinite,2467,Marco Fernandez,,Engineering,SITE RELIABILITY ENGINEERS,,,core,343 INDUSTRIES/DIGITAL COMMAND CENTER#3414
halo-infinite,2468,Brendan Hansen,,Engineering,SITE RELIABILITY ENGINEERS,,,core,343 INDUSTRIES/DIGITAL COMMAND CENTER#3415
halo-infinite,2469,Simon Craddick,,Engineering,PRINCIPAL SOFTWARE ENGINEER,,,core,343 INDUSTRIES/DIGITAL COMMAND CENTER#3417
halo-infinite,2470,Josh Bell,,Engineering,SENIOR SOFTWARE ENGINEERS,,,core,343 INDUSTRIES/DIGITAL COMMAND CENTER#3418
halo-infinite,2471,Ethan Criss,,Engineering,SENIOR SOFTWARE ENGINEERS,,,core,343 INDUSTRIES/DIGITAL COMMAND CENTER#3419
halo-infinite,2472,Bereket Kifle,,Engineering,SOFTWARE ENGINEERS,,,core,343 INDUSTRIES/DIGITAL COMMAND CENTER#3421
halo-infinite,2473,Rebecca Guertin,,Engineering,SOFTWARE ENGINEERS,,,core,343 INDUSTRIES/DIGITAL COMMAND CENTER#3422
halo-infinite,2474,Sara Leroy,,Engineering,SOFTWARE ENGINEERS,,,core,343 INDUSTRIES/DIGITAL COMMAND CENTER#3423
halo-infinite,2475,Ahmed Ahmed,,Other,DCC TEAM MEMBERS,,YEAR UP INC,core,343 INDUSTRIES/DIGITAL COMMAND CENTER#3425
halo-infinite,2476,Mark Adkins,,Other,DCC TEAM MEMBERS,,HARVEY NASH,core,343 INDUSTRIES/DIGITAL COMMAND CENTER#3426
halo-infinite,2477,Paul Alexander,,Other,DCC TEAM MEMBERS,,INSIGHT GLOBAL,core,343 INDUSTRIES/DIGITAL COMMAND CENTER#3427
halo-infinite,2478,Michael Amos,,Other,DCC TEAM MEMBERS,,TEKSYSTEMS INC,core,343 INDUSTRIES/DIGITAL COMMAND CENTER#3428
halo-infinite,2479,Zachary Barron,,Other,DCC TEAM MEMBERS,,YEAR UP INC,core,343 INDUSTRIES/DIGITAL COMMAND CENTER#3429
halo-infinite,2480,Victor Blaiotta,,Other,DCC TEAM MEMBERS,,BLUEPRINT TECHNOLOGIES,core,343 INDUSTRIES/DIGITAL COMMAND CENTER#3430
halo-infinite,2481,Antonio Bobbitt,,Other,DCC TEAM MEMBERS,,INSIGHT GLOBAL,core,343 INDUSTRIES/DIGITAL COMMAND CENTER#3431
halo-infinite,2482,Adam Braa,,Other,DCC TEAM MEMBERS,,INSIGHT GLOBAL,core,343 INDUSTRIES/DIGITAL COMMAND CENTER#3432
halo-infinite,2483,Domain Brown,,Other,DCC TEAM MEMBERS,,YEAR UP INC,core,343 INDUSTRIES/DIGITAL COMMAND CENTER#3433
halo-infinite,2484,Andre Caesar,,Other,DCC TEAM MEMBERS,,CYPRESS HCM,core,343 INDUSTRIES/DIGITAL COMMAND CENTER#3434
halo-infinite,2485,Nico Caro,,Other,DCC TEAM MEMBERS,,,core,343 INDUSTRIES/DIGITAL COMMAND CENTER#3435
halo-infinite,2486,Keltn Cartwright,,Other,DCC TEAM MEMBERS,,YEAR UP INC,core,343 INDUSTRIES/DIGITAL COMMAND CENTER#3436
halo-infinite,2487,Nico Cueto Cargo,,Other,DCC TEAM MEMBERS,,YEAR UP INC,core,343 INDUSTRIES/DIGITAL COMMAND CENTER#3437
halo-infinite,2488,Al Carrington,,Other,DCC TEAM MEMBERS,,MYRIAD CONSULTING INC,core,343 INDUSTRIES/DIGITAL COMMAND CENTER#3438
halo-infinite,2489,Mark Cason,,Other,DCC TEAM MEMBERS,,CYPRESS HCM,core,343 INDUSTRIES/DIGITAL COMMAND CENTER#3439
halo-infinite,2490,Bill Cernansky,,Other,DCC TEAM MEMBERS,,RANDSTAD,core,343 INDUSTRIES/DIGITAL COMMAND CENTER#3440
halo-infinite,2491,Nathan Cha,,Other,DCC TEAM MEMBERS,,YEAR UP INC,core,343 INDUSTRIES/DIGITAL COMMAND CENTER#3441
halo-infinite,2492,Jordan Crockett,,Other,DCC TEAM MEMBERS,,INSIGHT GLOBAL,core,343 INDUSTRIES/DIGITAL COMMAND CENTER#3442
halo-infinite,2493,Dulguun Dashlkhagva,,Other,DCC TEAM MEMBERS,,KFORCE,core,343 INDUSTRIES/DIGITAL COMMAND CENTER#3443
halo-infinite,2494,AK Deyassa,,Other,DCC TEAM MEMBERS,,YEAR UP INC,core,343 INDUSTRIES/DIGITAL COMMAND CENTER#3444
halo-infinite,2495,Robert Doss,,Other,DCC TEAM MEMBERS,,,core,343 INDUSTRIES/DIGITAL COMMAND CENTER#3445
halo-infinite,2496,Alexandra Elauria,,Other,DCC TEAM MEMBERS,,YEAR UP INC,core,343 INDUSTRIES/DIGITAL COMMAND CENTER#3446
halo-infinite,2497,Brady Estes,,Other,DCC TEAM MEMBERS,,DESIGNIT,core,343 INDUSTRIES/DIGITAL COMMAND CENTER#3447
halo-infinite,2498,Josh Fogle,,Other,DCC TEAM MEMBERS,,AQUENT LLC,core,343 INDUSTRIES/DIGITAL COMMAND CENTER#3448
halo-infinite,2499,Dakota Foster,,Other,DCC TEAM MEMBERS,,DISYS,core,343 INDUSTRIES/DIGITAL COMMAND CENTER#3449
halo-infinite,2500,Tony Galicia,,Other,DCC TEAM MEMBERS,,YEAR UP INC,core,343 INDUSTRIES/DIGITAL COMMAND CENTER#3450
halo-infinite,2501,Jim Garrity,,Other,DCC TEAM MEMBERS,,COLLABERA,core,343 INDUSTRIES/DIGITAL COMMAND CENTER#3451
halo-infinite,2502,Brian Gonzales,,Other,DCC TEAM MEMBERS,,YEAR UP INC,core,343 INDUSTRIES/DIGITAL COMMAND CENTER#3452
halo-infinite,2503,Ryan Gossage,,Other,DCC TEAM MEMBERS,,KFORCE,core,343 INDUSTRIES/DIGITAL COMMAND CENTER#3453
halo-infinite,2504,Mint Gould,,Other,DCC TEAM MEMBERS,,LINCOLN BAY COMPANY LLC,core,343 INDUSTRIES/DIGITAL COMMAND CENTER#3454
halo-infinite,2505,Daniel Grade,,Other,DCC TEAM MEMBERS,,INSIGHT GLOBAL,core,343 INDUSTRIES/DIGITAL COMMAND CENTER#3455
halo-infinite,2506,Mark Harrington,,Other,DCC TEAM MEMBERS,,DISYS,core,343 INDUSTRIES/DIGITAL COMMAND CENTER#3456
halo-infinite,2507,Cody Jones,,Other,DCC TEAM MEMBERS,,INSIGHT GLOBAL,core,343 INDUSTRIES/DIGITAL COMMAND CENTER#3457
halo-infinite,2508,Roman Khamitov,,Other,DCC TEAM MEMBERS,,TEKSYSTEMS INC,core,343 INDUSTRIES/DIGITAL COMMAND CENTER#3458
halo-infinite,2509,Austin Knott,,Other,DCC TEAM MEMBERS,,RANDSTAD,core,343 INDUSTRIES/DIGITAL COMMAND CENTER#3459
halo-infinite,2510,Prasad Kondaveeti,,Other,DCC TEAM MEMBERS,,MYRIAD CONSULTING INC,core,343 INDUSTRIES/DIGITAL COMMAND CENTER#3460
halo-infinite,2511,Jesse Kosalka,,Other,DCC TEAM MEMBERS,,RYLEM,core,343 INDUSTRIES/DIGITAL COMMAND CENTER#3461
halo-infinite,2512,Rick Labadie,,Other,DCC TEAM MEMBERS,,AQUENT GAMES,core,343 INDUSTRIES/DIGITAL COMMAND CENTER#3462
halo-infinite,2513,Richard Lamb,,Other,DCC TEAM MEMBERS,,EXPERIS,core,343 INDUSTRIES/DIGITAL COMMAND CENTER#3463
halo-infinite,2514,Travis Le,,Other,DCC TEAM MEMBERS,,YEAR UP INC,core,343 INDUSTRIES/DIGITAL COMMAND CENTER#3464
halo-infinite,2515,Ember Leaf,,Other,DCC TEAM MEMBERS,,RANDSTAD,core,343 INDUSTRIES/DIGITAL COMMAND CENTER#3465
halo-infinite,2516,Sartaj Mann,,Other,DCC TEAM MEMBERS,,COLLABERA,core,343 INDUSTRIES/DIGITAL COMMAND CENTER#3466
halo-infinite,2517,Anthony May,,Other,DCC TEAM MEMBERS,,YEAR UP INC,core,343 INDUSTRIES/DIGITAL COMMAND CENTER#3467
halo-infinite,2518,Benjamin Mehanovic,,Other,DCC TEAM MEMBERS,,DYSIS,core,343 INDUSTRIES/DIGITAL COMMAND CENTER#3468
halo-infinite,2519,Christian Melendez,,Other,DCC TEAM MEMBERS,,DISYS,core,343 INDUSTRIES/DIGITAL COMMAND CENTER#3469
halo-infinite,2520,Fred Merritt,,Other,DCC TEAM MEMBERS,,YEAR UP PRO,core,343 INDUSTRIES/DIGITAL COMMAND CENTER#3470
halo-infinite,2521,Shaf Mohamedali,,Other,DCC TEAM MEMBERS,,COLLABERA,core,343 INDUSTRIES/DIGITAL COMMAND CENTER#3471
halo-infinite,2522,Ali Mohammed,,Other,DCC TEAM MEMBERS,,RANDSTAD,core,343 INDUSTRIES/DIGITAL COMMAND CENTER#3472
halo-infinite,2523,Raymond Nham,,Other,DCC TEAM MEMBERS,,YEAR UP PRO,core,343 INDUSTRIES/DIGITAL COMMAND CENTER#3473
halo-infinite,2524,Elias Nirea,,Other,DCC TEAM MEMBERS,,YEAR UP INC,core,343 INDUSTRIES/DIGITAL COMMAND CENTER#3474
halo-infinite,2525,John Numata,,Other,DCC TEAM MEMBERS,,TEKSYSTEMS INC,core,343 INDUSTRIES/DIGITAL COMMAND CENTER#3475
halo-infinite,2526,Maya Osbourne,,Other,DCC TEAM MEMBERS,,HI-TECH TALENTS LLC,core,343 INDUSTRIES/DIGITAL COMMAND CENTER#3476
halo-infinite,2527,Jordan Parker,,Other,DCC TEAM MEMBERS,,DIGITAL INTELLIGENCE SYSTEMS,core,343 INDUSTRIES/DIGITAL COMMAND CENTER#3477
halo-infinite,2528,George Pelletier,,Other,DCC TEAM MEMBERS,,INSIGHT GLOBAL,core,343 INDUSTRIES/DIGITAL COMMAND CENTER#3478
halo-infinite,2529,Sergio Perez,,Other,DCC TEAM MEMBERS,,YEAR UP INC,core,343 INDUSTRIES/DIGITAL COMMAND CENTER#3479
halo-infinite,2530,Jonathan Poiana,,Other,DCC TEAM MEMBERS,,RANDSTAD,core,343 INDUSTRIES/DIGITAL COMMAND CENTER#3480
halo-infinite,2531,Sean Quitania,,Other,DCC TEAM MEMBERS,,YEAR UP INC,core,343 INDUSTRIES/DIGITAL COMMAND CENTER#3481
halo-infinite,2532,Eric Ramirez,,Other,DCC TEAM MEMBERS,,YEAR UP INC,core,343 INDUSTRIES/DIGITAL COMMAND CENTER#3482
halo-infinite,2533,Dana Lynné Rice,,Other,DCC TEAM MEMBERS,,DISYS,core,343 INDUSTRIES/DIGITAL COMMAND CENTER#3483
halo-infinite,2534,Michael Rice,,Other,DCC TEAM MEMBERS,,ALLEGIS GROUP SERVICES,core,343 INDUSTRIES/DIGITAL COMMAND CENTER#3484
halo-infinite,2535,Coleman Riddle,,Other,DCC TEAM MEMBERS,,YEAR UP INC,core,343 INDUSTRIES/DIGITAL COMMAND CENTER#3485
halo-infinite,2536,Andi Rowley,,Other,DCC TEAM MEMBERS,,ARTECH,core,343 INDUSTRIES/DIGITAL COMMAND CENTER#3486
halo-infinite,2537,Stephanie Orellana Sanabria,,Other,DCC TEAM MEMBERS,,YEAR UP INC,core,343 INDUSTRIES/DIGITAL COMMAND CENTER#3487
halo-infinite,2538,Stephen Schuckenbrock,,Other,DCC TEAM MEMBERS,,INSIGHT GLOBAL,core,343 INDUSTRIES/DIGITAL COMMAND CENTER#3488
halo-infinite,2539,Zaid Shopeju,,Other,DCC TEAM MEMBERS,,DISYS,core,343 INDUSTRIES/DIGITAL COMMAND CENTER#3489
halo-infinite,2540,Hark Singh,,Other,DCC TEAM MEMBERS,,YEAR UP INC,core,343 INDUSTRIES/DIGITAL COMMAND CENTER#3490
halo-infinite,2541,Brian Skurski,,Other,DCC TEAM MEMBERS,,CYPRESS HCM,core,343 INDUSTRIES/DIGITAL COMMAND CENTER#3491
halo-infinite,2542,Tanner Sullivan-Thompson,,Other,DCC TEAM MEMBERS,,INSIGHT GLOBAL,core,343 INDUSTRIES/DIGITAL COMMAND CENTER#3492
halo-infinite,2543,Justin Sutch,,Other,DCC TEAM MEMBERS,,YEAR UP INC,core,343 INDUSTRIES/DIGITAL COMMAND CENTER#3493
halo-infinite,2544,Billy Ta,,Other,DCC TEAM MEMBERS,,INSIGHT GLOBAL,core,343 INDUSTRIES/DIGITAL COMMAND CENTER#3494
halo-infinite,2545,Michael Towler,,Other,DCC TEAM MEMBERS,,CYPRESS HCM,core,343 INDUSTRIES/DIGITAL COMMAND CENTER#3495
halo-infinite,2546,Phuong Tran,,Other,DCC TEAM MEMBERS,,YEAR UP INC,core,343 INDUSTRIES/DIGITAL COMMAND CENTER#3496
halo-infinite,2547,Azzad Underwood,,Other,DCC TEAM MEMBERS,,YOH SERVICES LLC,core,343 INDUSTRIES/DIGITAL COMMAND CENTER#3497
halo-infinite,2548,Jalaysia Vasser,,Other,DCC TEAM MEMBERS,,YEAR UP INC,core,343 INDUSTRIES/DIGITAL COMMAND CENTER#3498
halo-infinite,2549,Jonathan Vega,,Other,DCC TEAM MEMBERS,,YEAR UP INC,core,343 INDUSTRIES/DIGITAL COMMAND CENTER#3499
halo-infinite,2550,Michael Vu,,Other,DCC TEAM MEMBERS,,COLLABERA,core,343 INDUSTRIES/DIGITAL COMMAND CENTER#3500
halo-infinite,2551,Damien Warren,,Other,DCC TEAM MEMBERS,,AQUENT GAMES,core,343 INDUSTRIES/DIGITAL COMMAND CENTER#3501
halo-infinite,2552,Evon Forrest Waters,,Other,DCC TEAM MEMBERS,,DISYS,core,343 INDUSTRIES/DIGITAL COMMAND CENTER#3502
halo-infinite,2553,Sidney Weiss,,Other,DCC TEAM MEMBERS,,BIBLIOSO CORPORATION,core,343 INDUSTRIES/DIGITAL COMMAND CENTER#3503
halo-infinite,2554,Randy Wells,,Other,DCC TEAM MEMBERS,,HI-TECH TALENTS LLC,core,343 INDUSTRIES/DIGITAL COMMAND CENTER#3504
halo-infinite,2555,Zahria Williams,,Other,DCC TEAM MEMBERS,,YEAR UP INC,core,343 INDUSTRIES/DIGITAL COMMAND CENTER#3505
halo-infinite,2556,Robert M. Wilson,,Other,DCC TEAM MEMBERS,,DISYS,core,343 INDUSTRIES/DIGITAL COMMAND CENTER#3506
halo-infinite,2557,Damian Jevon Yates,,Other,DCC TEAM MEMBERS,,DISYS,core,343 INDUSTRIES/DIGITAL COMMAND CENTER#3507
halo-infinite,2558,Salvador Zuniga Alvizo,,Other,DCC TEAM MEMBERS,,INSIGHT GLOBAL,core,343 INDUSTRIES/DIGITAL COMMAND CENTER#3508
halo-infinite,2559,Reza Elghazi,,Production,SENIOR PROGRAM MANAGER,,,core,343 INDUSTRIES/STUDIOS DAM#3512
halo-infinite,2560,Alexandre Fernandes Costa,,Engineering,PRINCIPAL SECURITY ENGINEERING LEAD,,,core,343 INDUSTRIES/EDG SECURITY#3515
halo-infinite,2561,Eric Marinho,,Engineering,SENIOR SECURITY ENGINEERING LEAD,,,core,343 INDUSTRIES/EDG SECURITY#3516
halo-infinite,2562,Reid Borsuk,,Engineering,PRINCIPAL SECURITY SOFTWARE ENGINEER,,,core,343 INDUSTRIES/EDG SECURITY#3517
halo-infinite,2563,Guilherme Carnevale,,Engineering,SENIOR SECURITY SOFTWARE ENGINEER,,,core,343 INDUSTRIES/EDG SECURITY#3518
halo-infinite,2564,Jason Mock,,Engineering,SENIOR SECURITY SERVICE ENGINEER,,,core,343 INDUSTRIES/EDG SECURITY#3519
halo-infinite,2565,James “The Godfather” Brown,,Production,SENIOR SECURITY PROGRAM MANAGER,,,core,343 INDUSTRIES/EDG SECURITY#3520
halo-infinite,2566,Elias Bachaalany,,Engineering,SENIOR SOFTWARE ENGINEER,,,core,343 INDUSTRIES/XGS DEVELOPMENT SERVICES SECURITY#3523
halo-infinite,2567,Randy Pagulayan,,Publishing,"GENERAL MANAGER, XBOX RESEARCH",,,publishing,343 INDUSTRIES/Xbox Research#3527
halo-infinite,2568,Daniel Gunn,,Publishing,"DIRECTOR, XBOX RESEARCH",,,publishing,343 INDUSTRIES/Xbox Research#3529
halo-infinite,2569,JJ Guajardo,,Publishing,PRINCIPAL XBOX RESEARCH MANAGER,,,publishing,343 INDUSTRIES/Xbox Research#3531
halo-infinite,2570,Eric Schuh,,Publishing,PRINCIPAL XBOX RESEARCHER LEAD,,,publishing,343 INDUSTRIES/Xbox Research#3533
halo-infinite,2571,Jessie Thomas,,Publishing,SENIOR XBOX RESEARCHER,,,publishing,343 INDUSTRIES/Xbox Research#3535
halo-infinite,2572,Joseph Chisholm,,Publishing,SENIOR XBOX RESEARCHER,,,publishing,343 INDUSTRIES/Xbox Research#3536
halo-infinite,2573,Nate Bonham,,Publishing,XBOX RESEARCHERS,,HARMAN CONNECTED SERVICES,publishing,343 INDUSTRIES/Xbox Research#3538
halo-infinite,2574,Phantasia Mayner,,Publishing,XBOX RESEARCHERS,,EXPERIS,publishing,343 INDUSTRIES/Xbox Research#3539
halo-infinite,2575,Bill Miller,,Publishing,XBOX RESEARCHERS,,HARMAN CONNECTED SERVICES,publishing,343 INDUSTRIES/Xbox Research#3540
halo-infinite,2576,Pablo Morales,,Publishing,XBOX RESEARCHERS,,,publishing,343 INDUSTRIES/Xbox Research#3541
halo-infinite,2577,Will Richey,,Publishing,XBOX RESEARCHERS,,HARMAN CONNECTED SERVICES,publishing,343 INDUSTRIES/Xbox Research#3542
halo-infinite,2578,Jonathan Winkle,,Publishing,XBOX RESEARCHERS,,,publishing,343 INDUSTRIES/Xbox Research#3543
halo-infinite,2579,Yordan Zaykov,,Publishing,SENIOR PRINCIPAL RSDE MANAGER,,,core,343 INDUSTRIES/Microsoft Research#3546
halo-infinite,2580,Tom Minka,,Publishing,SENIOR PRINCIPAL RESEARCHER,,,core,343 INDUSTRIES/Microsoft Research#3547
halo-infinite,2581,Jonathan Tims,,Publishing,SENIOR SDE,,,core,343 INDUSTRIES/Microsoft Research#3548
halo-infinite,2582,Steve Downes,,Voice,Voice Actor,The Master Chief / John-117,,core,PERFORMANCE CAST & CREW/MAIN VOICE & PERFORMANCE CAST#3552
halo-infinite,2583,Jen Taylor,,Voice,Voice Actor,"The Weapon, Cortana, Dr. Halsey",,core,PERFORMANCE CAST & CREW/MAIN VOICE & PERFORMANCE CAST#3553
halo-infinite,2584,Nicolas Roye,,Voice,Voice Actor,Echo-216,,core,PERFORMANCE CAST & CREW/MAIN VOICE & PERFORMANCE CAST#3554
halo-infinite,2585,Bruce Thomas,,Voice,Voice Actor,Master Chief (Performance),,core,PERFORMANCE CAST & CREW/MAIN VOICE & PERFORMANCE CAST#3555
halo-infinite,2586,Darin De Paul,,Voice,Voice Actor,War Chief Escharum,,core,PERFORMANCE CAST & CREW/MAIN VOICE & PERFORMANCE CAST#3556
halo-infinite,2587,Ike Amadi,,Voice,Voice Actor,Atriox,,core,PERFORMANCE CAST & CREW/MAIN VOICE & PERFORMANCE CAST#3557
halo-infinite,2588,Debra Wilson,,Voice,Voice Actor,Harbinger,,core,PERFORMANCE CAST & CREW/MAIN VOICE & PERFORMANCE CAST#3558
halo-infinite,2589,Noshir Dalal,,Voice,Voice Actor,Jega 'Rdomnai,,core,PERFORMANCE CAST & CREW/MAIN VOICE & PERFORMANCE CAST#3559
halo-infinite,2590,Brian Sommer,,Voice,Voice Actor,Tremonius,,core,PERFORMANCE CAST & CREW/MAIN VOICE & PERFORMANCE CAST#3560
halo-infinite,2591,Chris Swindle,,Voice,Voice Actor,Bassus,,core,PERFORMANCE CAST & CREW/MAIN VOICE & PERFORMANCE CAST#3561
halo-infinite,2592,Fred Tatasciore,,Voice,Voice Actor,"Chak 'Lok, Spartan Horvath",,core,PERFORMANCE CAST & CREW/MAIN VOICE & PERFORMANCE CAST#3562
halo-infinite,2593,Keith Szarabajka,,Voice,Voice Actor,Tovarus,,core,PERFORMANCE CAST & CREW/MAIN VOICE & PERFORMANCE CAST#3563
halo-infinite,2594,Imari Williams,,Voice,Voice Actor,"Hyperius, Spartan Sorel",,core,PERFORMANCE CAST & CREW/MAIN VOICE & PERFORMANCE CAST#3564
halo-infinite,2595,Sarah Elmaleh,,Voice,Voice Actor,Despondent Pyre,,core,PERFORMANCE CAST & CREW/MAIN VOICE & PERFORMANCE CAST#3565
halo-infinite,2596,Ray Chase,,Voice,Voice Actor,Adjutant Resolution,,core,PERFORMANCE CAST & CREW/MAIN VOICE & PERFORMANCE CAST#3566
halo-infinite,2597,Julie McNiven,,Voice,Voice Actor,Mother,,core,PERFORMANCE CAST & CREW/MAIN VOICE & PERFORMANCE CAST#3567
halo-infinite,2598,Aria Towner,,Voice,Voice Actor,Child,,core,PERFORMANCE CAST & CREW/MAIN VOICE & PERFORMANCE CAST#3568
halo-infinite,2599,Krizia Bajos,,Voice,Voice Actor,Spartan Stone,,core,PERFORMANCE CAST & CREW/MAIN VOICE & PERFORMANCE CAST#3569
halo-infinite,2600,Zehra Fazal,,Voice,Voice Actor,Spartan Makovich,,core,PERFORMANCE CAST & CREW/MAIN VOICE & PERFORMANCE CAST#3570
halo-infinite,2601,Andrew Kishino,,Voice,Voice Actor,Spartan Griffin,,core,PERFORMANCE CAST & CREW/MAIN VOICE & PERFORMANCE CAST#3571
halo-infinite,2602,Darren O’Hare,,Voice,Voice Actor,Captain Thomas Lasky,,core,PERFORMANCE CAST & CREW/MAIN VOICE & PERFORMANCE CAST#3572
halo-infinite,2603,Pete Stacker,,Voice,Voice Actor,Keyes,,core,PERFORMANCE CAST & CREW/MAIN VOICE & PERFORMANCE CAST#3573
halo-infinite,2604,Scott Whyte,,Voice,Voice Actor,Spartan Vettel,,core,PERFORMANCE CAST & CREW/MAIN VOICE & PERFORMANCE CAST#3574
halo-infinite,2605,Jeff Steitzer,,Voice,Voice Actor,Multiplayer Announcer,,core,PERFORMANCE CAST & CREW/MAIN VOICE & PERFORMANCE CAST#3575
halo-infinite,2606,Suzie McGrath,,Voice,Voice Actor,Commander Laurette,,core,PERFORMANCE CAST & CREW/MAIN VOICE & PERFORMANCE CAST#3576
halo-infinite,2607,Joseph Staten,,Voice,Voice Actor,"Glibnub, Superintendent",,core,PERFORMANCE CAST & CREW/MAIN VOICE & PERFORMANCE CAST#3577
halo-infinite,2608,Aidan Bristow,,Voice,Voice Actor,,,core,PERFORMANCE CAST & CREW/ADDITIONAL VOICES#3580
halo-infinite,2609,Ray Chase,,Voice,Voice Actor,,,core,PERFORMANCE CAST & CREW/ADDITIONAL VOICES#3581
halo-infinite,2610,Sean Chiplock,,Voice,Voice Actor,,,core,PERFORMANCE CAST & CREW/ADDITIONAL VOICES#3582
halo-infinite,2611,Jacob Craner,,Voice,Voice Actor,,,core,PERFORMANCE CAST & CREW/ADDITIONAL VOICES#3583
halo-infinite,2612,Robbie Daymond,,Voice,Voice Actor,,,core,PERFORMANCE CAST & CREW/ADDITIONAL VOICES#3584
halo-infinite,2613,Lucien Dodge,,Voice,Voice Actor,,,core,PERFORMANCE CAST & CREW/ADDITIONAL VOICES#3585
halo-infinite,2614,Andromeda Dunker,,Voice,Voice Actor,,,core,PERFORMANCE CAST & CREW/ADDITIONAL VOICES#3586
halo-infinite,2615,Sarah Elmaleh,,Voice,Voice Actor,,,core,PERFORMANCE CAST & CREW/ADDITIONAL VOICES#3587
halo-infinite,2616,David Forseth,,Voice,Voice Actor,,,core,PERFORMANCE CAST & CREW/ADDITIONAL VOICES#3588
halo-infinite,2617,Erika Ishii,,Voice,Voice Actor,,,core,PERFORMANCE CAST & CREW/ADDITIONAL VOICES#3589
halo-infinite,2618,Mara Junot,,Voice,Voice Actor,,,core,PERFORMANCE CAST & CREW/ADDITIONAL VOICES#3590
halo-infinite,2619,Matt Kaminsky,,Voice,Voice Actor,,,core,PERFORMANCE CAST & CREW/ADDITIONAL VOICES#3591
halo-infinite,2620,JP Kariliak,,Voice,Voice Actor,,,core,PERFORMANCE CAST & CREW/ADDITIONAL VOICES#3592
halo-infinite,2621,Mikey Kelly,,Voice,Voice Actor,,,core,PERFORMANCE CAST & CREW/ADDITIONAL VOICES#3593
halo-infinite,2622,Kelsey Lansdowne,,Voice,Voice Actor,,,core,PERFORMANCE CAST & CREW/ADDITIONAL VOICES#3594
halo-infinite,2623,Alec Lawless,,Voice,Voice Actor,,,core,PERFORMANCE CAST & CREW/ADDITIONAL VOICES#3595
halo-infinite,2624,Cherami Leigh,,Voice,Voice Actor,,,core,PERFORMANCE CAST & CREW/ADDITIONAL VOICES#3596
halo-infinite,2625,Austin Lee Matthews,,Voice,Voice Actor,,,core,PERFORMANCE CAST & CREW/ADDITIONAL VOICES#3597
halo-infinite,2626,Jason Charles Miller,,Voice,Voice Actor,,,core,PERFORMANCE CAST & CREW/ADDITIONAL VOICES#3598
halo-infinite,2627,Melanie Minichino,,Voice,Voice Actor,,,core,PERFORMANCE CAST & CREW/ADDITIONAL VOICES#3599
halo-infinite,2628,Dave Mitchell,,Voice,Voice Actor,,,core,PERFORMANCE CAST & CREW/ADDITIONAL VOICES#3600
halo-infinite,2629,Andrew Morgado,,Voice,Voice Actor,,,core,PERFORMANCE CAST & CREW/ADDITIONAL VOICES#3601
halo-infinite,2630,Julie Nathanson,,Voice,Voice Actor,,,core,PERFORMANCE CAST & CREW/ADDITIONAL VOICES#3602
halo-infinite,2631,Roxana Ortega,,Voice,Voice Actor,,,core,PERFORMANCE CAST & CREW/ADDITIONAL VOICES#3603
halo-infinite,2632,Donovan Patton,,Voice,Voice Actor,,,core,PERFORMANCE CAST & CREW/ADDITIONAL VOICES#3604
halo-infinite,2633,Zeno Robinson,,Voice,Voice Actor,,,core,PERFORMANCE CAST & CREW/ADDITIONAL VOICES#3605
halo-infinite,2634,Rachel Rosenbloom,,Voice,Voice Actor,,,core,PERFORMANCE CAST & CREW/ADDITIONAL VOICES#3606
halo-infinite,2635,Isaac Singleton,,Voice,Voice Actor,,,core,PERFORMANCE CAST & CREW/ADDITIONAL VOICES#3607
halo-infinite,2636,Julian Stone,,Voice,Voice Actor,,,core,PERFORMANCE CAST & CREW/ADDITIONAL VOICES#3608
halo-infinite,2637,Patrick Steitz,,Voice,Voice Actor,,,core,PERFORMANCE CAST & CREW/ADDITIONAL VOICES#3609
halo-infinite,2638,Aria Towner,,Voice,Voice Actor,,,core,PERFORMANCE CAST & CREW/ADDITIONAL VOICES#3610
halo-infinite,2639,Kari Wahlgren,,Voice,Voice Actor,,,core,PERFORMANCE CAST & CREW/ADDITIONAL VOICES#3611
halo-infinite,2640,Rick Wasserman,,Voice,Voice Actor,,,core,PERFORMANCE CAST & CREW/ADDITIONAL VOICES#3612
halo-infinite,2641,Matthew Waterson,,Voice,Voice Actor,,,core,PERFORMANCE CAST & CREW/ADDITIONAL VOICES#3613
halo-infinite,2642,Kjell Anderson,,Voice,MOTION CAPTURE ACTORS,,,core,PERFORMANCE CAST & CREW/MOTION CAPTURE ACTORS#3616
halo-infinite,2643,Becky Bird,,Voice,MOTION CAPTURE ACTORS,,,core,PERFORMANCE CAST & CREW/MOTION CAPTURE ACTORS#3617
halo-infinite,2644,Adam Citterbart,,Voice,MOTION CAPTURE ACTORS,,,core,PERFORMANCE CAST & CREW/MOTION CAPTURE ACTORS#3618
halo-infinite,2645,Michael DeCamp,,Voice,MOTION CAPTURE ACTORS,,,core,PERFORMANCE CAST & CREW/MOTION CAPTURE ACTORS#3619
halo-infinite,2646,Cade Morrison,,Voice,MOTION CAPTURE ACTORS,,,core,PERFORMANCE CAST & CREW/MOTION CAPTURE ACTORS#3620
halo-infinite,2647,Verlon Roberts,,Voice,MOTION CAPTURE ACTORS,,,core,PERFORMANCE CAST & CREW/MOTION CAPTURE ACTORS#3621
halo-infinite,2648,TJ Storm,,Voice,MOTION CAPTURE ACTORS,,,core,PERFORMANCE CAST & CREW/MOTION CAPTURE ACTORS#3622
halo-infinite,2649,Joshua Wilson,,Voice,MOTION CAPTURE ACTORS,,,core,PERFORMANCE CAST & CREW/MOTION CAPTURE ACTORS#3623
halo-infinite,2650,Karen Sadow,,Other,CASTING DIRECTOR,,I HEAR YOU PRODUCTIONS,core,PERFORMANCE CAST & CREW/CASTING#3626
halo-infinite,2655,Rob King,,Audio,Sound Engineering,,GREEN STREET STUDIOS,core,PERFORMANCE CAST & CREW/Sound Engineering#3638
halo-infinite,2656,Paul Miller,,Audio,Sound Engineering,,VOSSLER MEDIA GROUP,core,PERFORMANCE CAST & CREW/Sound Engineering#3639
halo-infinite,2657,Jesus Murillo,,Audio,Sound Engineering,,SIDE LA,core,PERFORMANCE CAST & CREW/Sound Engineering#3640
halo-infinite,2658,Michael Vossler,,Audio,Sound Engineering,,VOSSLER MEDIA GROUP,core,PERFORMANCE CAST & CREW/Sound Engineering#3641
halo-infinite,2659,Pierce O’Toole,,Voice,Voice Over Direction,,,core,PERFORMANCE CAST & CREW/Voice Over Direction#3644
halo-infinite,2660,Cheryl Cowan,,Other,Session Assistance,,VOSSLER MEDIA GROUP,core,PERFORMANCE CAST & CREW/Session Assistance#3647
halo-infinite,2661,Andrew Kindred,,Other,Session Assistance,,VOSSLER MEDIA GROUP,core,PERFORMANCE CAST & CREW/Session Assistance#3648
halo-infinite,2662,Liz Klumper,,Other,Session Assistance,,VOSSLER MEDIA GROUP,core,PERFORMANCE CAST & CREW/Session Assistance#3649
halo-infinite,2663,Craig Stevens,,Production,Agency Production,,VOSSLER MEDIA GROUP,core,PERFORMANCE CAST & CREW/Agency Production#3652
halo-infinite,2664,Jonathan Vossler,,Production,Agency Production,,VOSSLER MEDIA GROUP,core,PERFORMANCE CAST & CREW/Agency Production#3653
halo-infinite,2665,Sarah Mendelsohn,,Special Thanks,Special Thanks,,,special-thanks,PERFORMANCE CAST & CREW/Special Thanks#3656
halo-infinite,2666,Jacquie Shriver Sladeck,,Special Thanks,Special Thanks,,,special-thanks,PERFORMANCE CAST & CREW/Special Thanks#3657
halo-infinite,2669,Samuel Justice,,Audio,Supervising Sound Editors and Mixers for Cinematic Sound Design,,SWEET JUSTICE,core,PERFORMANCE CAST & CREW/Supervising Sound Editors and Mixers for Cinematic Sound Design#3664
halo-infinite,2670,Csaba Wagner,,Audio,Supervising Sound Editors and Mixers for Cinematic Sound Design,,SWEET JUSTICE,core,PERFORMANCE CAST & CREW/Supervising Sound Editors and Mixers for Cinematic Sound Design#3665
halo-infinite,2671,Graham Donnelly,,Audio,Sound Designers/Editors,,SWEET JUSTICE,core,PERFORMANCE CAST & CREW/Sound Designers/Editors#3668
halo-infinite,2672,Myron Nettinga,,Other,Re-recording Mixer,,SWEET JUSTICE,core,PERFORMANCE CAST & CREW/Re-recording Mixer#3671
halo-infinite,2673,Rustam Gimadiyev,,Audio,Foley Recordist,,SWEET JUSTICE,core,PERFORMANCE CAST & CREW/Foley Recordist#3674
halo-infinite,2674,Bogdan Zavarzin,,Audio,Foley Artist,,SWEET JUSTICE,core,PERFORMANCE CAST & CREW/Foley Artist#3677
halo-infinite,2675,Michael Leaning,,Audio,Lead Sound Designers (Game Audio),,SWEET JUSTICE,core,PERFORMANCE CAST & CREW/Lead Sound Designers (Game Audio)#3680
halo-infinite,2676,Stefan Rutherford,,Audio,Lead Sound Designers (Game Audio),,SWEET JUSTICE,core,PERFORMANCE CAST & CREW/Lead Sound Designers (Game Audio)#3681
halo-infinite,2677,Robert Blake,,Audio,Sound Designers (Game Audio),,SWEET JUSTICE,core,PERFORMANCE CAST & CREW/Sound Designers (Game Audio)#3684
halo-infinite,2678,Adam Boyd,,Audio,Sound Designers (Game Audio),,SWEET JUSTICE,core,PERFORMANCE CAST & CREW/Sound Designers (Game Audio)#3685
halo-infinite,2679,Graham Donnelly,,Audio,Sound Designers (Game Audio),,SWEET JUSTICE,core,PERFORMANCE CAST & CREW/Sound Designers (Game Audio)#3686
halo-infinite,2680,Paul Hackner,,Audio,Sound Designers (Game Audio),,SWEET JUSTICE,core,PERFORMANCE CAST & CREW/Sound Designers (Game Audio)#3687
halo-infinite,2681,Samuel Justice,,Audio,Sound Designers (Game Audio),,SWEET JUSTICE,core,PERFORMANCE CAST & CREW/Sound Designers (Game Audio)#3688
halo-infinite,2682,John Loranger,,Audio,Sound Designers (Game Audio),,SWEET JUSTICE,core,PERFORMANCE CAST & CREW/Sound Designers (Game Audio)#3689
halo-infinite,2683,Barney Oram,,Audio,Sound Designers (Game Audio),,SWEET JUSTICE,core,PERFORMANCE CAST & CREW/Sound Designers (Game Audio)#3690
halo-infinite,2684,Frank Petreikis,,Audio,Sound Designers (Game Audio),,SWEET JUSTICE,core,PERFORMANCE CAST & CREW/Sound Designers (Game Audio)#3691
halo-infinite,2685,Austin Shannon,,Audio,Sound Designers (Game Audio),,SWEET JUSTICE,core,PERFORMANCE CAST & CREW/Sound Designers (Game Audio)#3692
halo-infinite,2686,Chris Sweetman,,Audio,Sound Designers (Game Audio),,SWEET JUSTICE,core,PERFORMANCE CAST & CREW/Sound Designers (Game Audio)#3693
halo-infinite,2687,Csaba Wagner,,Audio,Sound Designers (Game Audio),,SWEET JUSTICE,core,PERFORMANCE CAST & CREW/Sound Designers (Game Audio)#3694
halo-infinite,2688,Peret Von Sturmer,,Design,VO Designers,,KPOW AUDIO,core,PERFORMANCE CAST & CREW/VO Designers#3698
halo-infinite,2689,Alyson Dee More,,Audio,Foley Artists,,WARNER BROTHERS,core,PERFORMANCE CAST & CREW/Foley Artists#3702
halo-infinite,2690,Christopher Moriana,,Audio,Foley Artists,,WARNER BROTHERS,core,PERFORMANCE CAST & CREW/Foley Artists#3703
halo-infinite,2691,Darrin Mann,,Audio,Foley Mixer,,WARNER BROTHERS,core,PERFORMANCE CAST & CREW/Foley Mixer#3706
halo-infinite,2692,Emma Emrich,,Audio,Dialogue Editorial Supervisor,,WARNER BROTHERS,core,PERFORMANCE CAST & CREW/Dialogue Editorial Supervisor#3709
halo-infinite,2693,Garrett Montgomery MPSE,,Voice,Voice Over Editorial,,WARNER BROTHERS,core,PERFORMANCE CAST & CREW/Voice Over Editorial#3712
halo-infinite,2694,Daniel P. Francis MPSE,,Voice,Voice Over Editorial,,WARNER BROTHERS,core,PERFORMANCE CAST & CREW/Voice Over Editorial#3713
halo-infinite,2695,Carlon Assells,,Voice,Voice Over Editorial,,WARNER BROTHERS,core,PERFORMANCE CAST & CREW/Voice Over Editorial#3714
halo-infinite,2696,Matt Klimek,,Voice,Voice Over Editorial,,WARNER BROTHERS,core,PERFORMANCE CAST & CREW/Voice Over Editorial#3715
halo-infinite,2697,Mitchell Osias,,Audio,Additional Sound Design,,WARNER BROTHERS,core,PERFORMANCE CAST & CREW/Additional Sound Design#3718
halo-infinite,2698,John Fasal,,Other,Field Recordists,,WARNER BROTHERS,core,PERFORMANCE CAST & CREW/Field Recordists#3721
halo-infinite,2699,Bryan O. Watkins,,Other,Field Recordists,,WARNER BROTHERS,core,PERFORMANCE CAST & CREW/Field Recordists#3722
halo-infinite,2700,Andrew Lackey,,Audio,Additional Sound Design,,WABI SABI,core,PERFORMANCE CAST & CREW/Additional Sound Design#3726
halo-infinite,2701,Laura Taylor,,Audio,Additional Sound Design,,WABI SABI,core,PERFORMANCE CAST & CREW/Additional Sound Design#3727
halo-infinite,2702,Matthew Wesdock,,Audio,Additional Sound Design,,WABI SABI,core,PERFORMANCE CAST & CREW/Additional Sound Design#3728
halo-infinite,2703,John Roesch MPSE,,Audio,Foley Artist,,SKYWALKER SOUND,core,PERFORMANCE CAST & CREW/Foley Artist#3732
halo-infinite,2704,Scott Curtis,,Audio,Foley Mixer,,SKYWALKER SOUND,core,PERFORMANCE CAST & CREW/Foley Mixer#3735
halo-infinite,2705,David Farmer,,Audio,Additional Sound Design,,SKYWALKER SOUND,core,PERFORMANCE CAST & CREW/Additional Sound Design#3738
halo-infinite,2706,Gareth Coker,,Other,Score Composed By,,,core,PERFORMANCE CAST & CREW/Score Composed By#3742
halo-infinite,2707,Joel Corelitz,,Other,Score Composed By,,,core,PERFORMANCE CAST & CREW/Score Composed By#3743
halo-infinite,2708,Curtis Schweitzer,,Other,Score Composed By,,,core,PERFORMANCE CAST & CREW/Score Composed By#3744
halo-infinite,2709,Joel Yarger,,Production,Score Produced By,,,core,PERFORMANCE CAST & CREW/Score Produced By#3747
halo-infinite,2710,Steve Kaplan,,Other,Score Mixed By,,,core,PERFORMANCE CAST & CREW/Score Mixed By#3750
halo-infinite,2711,Steve Kaplan,,Engineering,Recording Engineers,,,core,PERFORMANCE CAST & CREW/Recording Engineers#3753
halo-infinite,2712,Nick Spezia,,Engineering,Recording Engineers,,,core,PERFORMANCE CAST & CREW/Recording Engineers#3754
halo-infinite,2713,Nick Wollage,,Engineering,Recording Engineers,,,core,PERFORMANCE CAST & CREW/Recording Engineers#3755
halo-infinite,2714,Laurence Anslow,,Other,Pro Tools Operators,,,core,PERFORMANCE CAST & CREW/Pro Tools Operators#3758
halo-infinite,2715,Jasper LeMaster,,Other,Pro Tools Operators,,,core,PERFORMANCE CAST & CREW/Pro Tools Operators#3759
halo-infinite,2716,Jack Mills,,Other,Pro Tools Operators,,,core,PERFORMANCE CAST & CREW/Pro Tools Operators#3760
halo-infinite,2717,Ashley Andrew-Jones,,Engineering,Assistant Engineers,,,core,PERFORMANCE CAST & CREW/Assistant Engineers#3763
halo-infinite,2718,Alex Ferguson,,Engineering,Assistant Engineers,,,core,PERFORMANCE CAST & CREW/Assistant Engineers#3764
halo-infinite,2719,Rebecca Hordern,,Engineering,Assistant Engineers,,,core,PERFORMANCE CAST & CREW/Assistant Engineers#3765
halo-infinite,2720,Tim Davies,,Other,Lead Orchestrator,,,core,PERFORMANCE CAST & CREW/Lead Orchestrator#3768
halo-infinite,2721,Lorenzo Carrano,,Other,Orchestrators,,,core,PERFORMANCE CAST & CREW/Orchestrators#3771
halo-infinite,2722,Ryan Humphrey,,Other,Orchestrators,,,core,PERFORMANCE CAST & CREW/Orchestrators#3772
halo-infinite,2723,Jeremy Levy,,Other,Orchestrators,,,core,PERFORMANCE CAST & CREW/Orchestrators#3773
halo-infinite,2724,Jordan Seigel,,Other,Orchestrators,,,core,PERFORMANCE CAST & CREW/Orchestrators#3774
halo-infinite,2725,Mark Cally,,Audio,Music Preparation,,,core,PERFORMANCE CAST & CREW/Music Preparation#3777
halo-infinite,2728,Thomas Bowes,,Other,Orchestra Leaders,,,core,PERFORMANCE CAST & CREW/Orchestra Leaders#3784
halo-infinite,2729,Alan Umstead,,Other,Orchestra Leaders,,,core,PERFORMANCE CAST & CREW/Orchestra Leaders#3785
halo-infinite,2730,Alfonso Casado Trigo,,Other,Orchestra Conductors,,,core,PERFORMANCE CAST & CREW/Orchestra Conductors#3788
halo-infinite,2731,Tim Davies,,Other,Orchestra Conductors,,,core,PERFORMANCE CAST & CREW/Orchestra Conductors#3789
halo-infinite,2732,David Shipps,,Other,Orchestra Conductors,,,core,PERFORMANCE CAST & CREW/Orchestra Conductors#3790
halo-infinite,2734,Ben Parry,,Other,London Choir Conductor,,,core,PERFORMANCE CAST & CREW/London Choir Conductor#3796
halo-infinite,2735,Terry Edwards,,Other,London Choirmasters,,,core,PERFORMANCE CAST & CREW/London Choirmasters#3799
halo-infinite,2736,Ben Parry,,Other,London Choirmasters,,,core,PERFORMANCE CAST & CREW/London Choirmasters#3800
halo-infinite,2737,David Hage,,Other,Librarians,,Dakota Music,core,PERFORMANCE CAST & CREW/Librarians#3803
halo-infinite,2738,Sammy Sanfillipo,,Other,Librarians,,,core,PERFORMANCE CAST & CREW/Librarians#3804
halo-infinite,2739,Vanya Moneva Choir,,Other,Bulgarian Choir,,,core,PERFORMANCE CAST & CREW/Bulgarian Choir#3807
halo-infinite,2740,Vanya Moneva,,Other,Bulgarian Choir Conductor,,,core,PERFORMANCE CAST & CREW/Bulgarian Choir Conductor#3810
halo-infinite,2741,Georgi Elenkov PhD,,Audio,Four For Music Recording & Contracting,,,core,PERFORMANCE CAST & CREW/Four For Music Recording & Contracting#3813
halo-infinite,2742,Ognyan Georgiev,,Audio,Four For Music Recording & Contracting,,,core,PERFORMANCE CAST & CREW/Four For Music Recording & Contracting#3814
halo-infinite,2743,Delyan Kolev,,Audio,Four For Music Recording & Contracting,,,core,PERFORMANCE CAST & CREW/Four For Music Recording & Contracting#3815
halo-infinite,2744,Boris Radilov,,Audio,Four For Music Recording & Contracting,,,core,PERFORMANCE CAST & CREW/Four For Music Recording & Contracting#3816
halo-infinite,2745,George Strezov,,Audio,Four For Music Recording & Contracting,,,core,PERFORMANCE CAST & CREW/Four For Music Recording & Contracting#3817
halo-infinite,2746,Tsvetan Topalov,,Audio,Four For Music Recording & Contracting,,,core,PERFORMANCE CAST & CREW/Four For Music Recording & Contracting#3818
halo-infinite,2747,George Strezov,,Production,Bulgarian Choir Recording Producer,,,core,PERFORMANCE CAST & CREW/Bulgarian Choir Recording Producer#3821
halo-infinite,2748,Vladislav Boyadzhiev,,Audio,Bulgarian Choir Sound Engineers,,,core,PERFORMANCE CAST & CREW/Bulgarian Choir Sound Engineers#3824
halo-infinite,2749,Plamen Penchev,,Audio,Bulgarian Choir Sound Engineers,,,core,PERFORMANCE CAST & CREW/Bulgarian Choir Sound Engineers#3825
halo-infinite,2750,Angeliya Vihrova,,Audio,Bulgarian Choir Sound Engineers,,,core,PERFORMANCE CAST & CREW/Bulgarian Choir Sound Engineers#3826
halo-infinite,2756,Eternal Time & Space,,Audio,Multiplayer Music Written and Performed By,,,core,PERFORMANCE CAST & CREW/Multiplayer Music Written and Performed By#3836
halo-infinite,2757,Alex Bhore,,Audio,Multiplayer Music Written and Performed By,,,core,PERFORMANCE CAST & CREW/Multiplayer Music Written and Performed By#3837
halo-infinite,2758,Joel Corelitz,,Other,Additional Multiplayer Themes By,,,core,PERFORMANCE CAST & CREW/Additional Multiplayer Themes By#3840
halo-infinite,2759,Eddie Jackson,,Audio,Multiplayer Music Mixed By,,,core,PERFORMANCE CAST & CREW/Multiplayer Music Mixed By#3843
halo-infinite,2761,Ina Almacen,,Art,ART,,AQUENT GAMES,special-thanks,SPECIAL THANKS/ART#3852
halo-infinite,2762,Don Arceta,,Art,ART,,,special-thanks,SPECIAL THANKS/ART#3853
halo-infinite,2763,Thomas Atchley,,Art,ART,,YOH SERVICES LLC,special-thanks,SPECIAL THANKS/ART#3854
halo-infinite,2764,Nicholas Bell,,Art,ART,,,special-thanks,SPECIAL THANKS/ART#3855
halo-infinite,2765,Katie Bonner,,Art,ART,,AQUENT GAMES,special-thanks,SPECIAL THANKS/ART#3856
halo-infinite,2766,Davison Carvalho,,Art,ART,,,special-thanks,SPECIAL THANKS/ART#3857
halo-infinite,2767,Mark D Champigny,,Art,ART,,,special-thanks,SPECIAL THANKS/ART#3858
halo-infinite,2768,Ryan Chan,,Art,ART,,AQUENT LLC,special-thanks,SPECIAL THANKS/ART#3859
halo-infinite,2769,William Chang,,Art,ART,,CYPRESS HCM,special-thanks,SPECIAL THANKS/ART#3860
halo-infinite,2770,Ying-Chih Chen,,Art,ART,,,special-thanks,SPECIAL THANKS/ART#3861
halo-infinite,2771,Zhi Min Chen,,Art,ART,,,special-thanks,SPECIAL THANKS/ART#3862
halo-infinite,2772,Tony Cheung,,Art,ART,,AQUENT GAMES,special-thanks,SPECIAL THANKS/ART#3863
halo-infinite,2773,BJ Christian,,Art,ART,,,special-thanks,SPECIAL THANKS/ART#3864
halo-infinite,2774,Anthony Clark,,Art,ART,,,special-thanks,SPECIAL THANKS/ART#3865
halo-infinite,2775,Matt Collins,,Art,ART,,,special-thanks,SPECIAL THANKS/ART#3866
halo-infinite,2776,Joshua Cook,,Art,ART,,,special-thanks,SPECIAL THANKS/ART#3867
halo-infinite,2777,Douglas D Creel,,Art,ART,,,special-thanks,SPECIAL THANKS/ART#3868
halo-infinite,2778,Carson Cuneo,,Art,ART,,AQUENT GAMES,special-thanks,SPECIAL THANKS/ART#3869
halo-infinite,2779,Tim Dean,,Art,ART,,,special-thanks,SPECIAL THANKS/ART#3870
halo-infinite,2780,Evangeline Doulens,,Art,ART,,AQUENT GAMES,special-thanks,SPECIAL THANKS/ART#3871
halo-infinite,2781,Stephen Falk,,Art,ART,,AQUENT GAMES,special-thanks,SPECIAL THANKS/ART#3872
halo-infinite,2782,Emmanuel Geberegeorgis,,Art,ART,,TEKSYSTEMS INC,special-thanks,SPECIAL THANKS/ART#3873
halo-infinite,2783,Ryan Geiger,,Art,ART,,APEX SYSTEMS,special-thanks,SPECIAL THANKS/ART#3874
halo-infinite,2784,Jacob Gonzales,,Art,ART,,AQUENT LLC,special-thanks,SPECIAL THANKS/ART#3875
halo-infinite,2785,Brien Goodrich,,Art,ART,,,special-thanks,SPECIAL THANKS/ART#3876
halo-infinite,2786,Robyn Haddow,,Art,ART,,,special-thanks,SPECIAL THANKS/ART#3877
halo-infinite,2787,Matt Han,,Art,ART,,AQUENT LLC,special-thanks,SPECIAL THANKS/ART#3878
halo-infinite,2788,Aryan Hanbeck,,Art,ART,,,special-thanks,SPECIAL THANKS/ART#3879
halo-infinite,2789,Gareth Harwood,,Art,ART,,,special-thanks,SPECIAL THANKS/ART#3880
halo-infinite,2790,Daniel Havens,,Art,ART,,AQUENT GAMES,special-thanks,SPECIAL THANKS/ART#3881
halo-infinite,2791,Kyle C Hefley,,Art,ART,,,special-thanks,SPECIAL THANKS/ART#3882
halo-infinite,2792,James Hill,,Art,ART,,RANDSTAD,special-thanks,SPECIAL THANKS/ART#3883
halo-infinite,2793,Justin Hrala,,Art,ART,,INSIGHT GLOBAL,special-thanks,SPECIAL THANKS/ART#3884
halo-infinite,2794,Ruan Jia,,Art,ART,,,special-thanks,SPECIAL THANKS/ART#3885
halo-infinite,2795,Kolby Jukes,,Art,ART,,,special-thanks,SPECIAL THANKS/ART#3886
halo-infinite,2796,Elizabeth Kachanova,,Art,ART,,AQUENT GAMES,special-thanks,SPECIAL THANKS/ART#3887
halo-infinite,2797,Josh Kao,,Art,ART,,,special-thanks,SPECIAL THANKS/ART#3888
halo-infinite,2798,Spencer Kopach,,Art,ART,,,special-thanks,SPECIAL THANKS/ART#3889
halo-infinite,2799,Mattias Kylen,,Art,ART,,,special-thanks,SPECIAL THANKS/ART#3890
halo-infinite,2800,Bryce Lander,,Art,ART,,YOH SERVICES LLC,special-thanks,SPECIAL THANKS/ART#3891
halo-infinite,2801,Rebecca Lau,,Art,ART,,AQUENT GAMES,special-thanks,SPECIAL THANKS/ART#3892
halo-infinite,2802,Noah Laudolff,,Art,ART,,AQUENT GAMES,special-thanks,SPECIAL THANKS/ART#3893
halo-infinite,2803,Scott Lee,,Art,ART,,,special-thanks,SPECIAL THANKS/ART#3894
halo-infinite,2804,Rosa Lee,,Art,ART,,,special-thanks,SPECIAL THANKS/ART#3895
halo-infinite,2805,Jonathan Lindblom,,Art,ART,,RANDSTAD,special-thanks,SPECIAL THANKS/ART#3896
halo-infinite,2806,Layla Lynn,,Art,ART,,AQUENT GAMES,special-thanks,SPECIAL THANKS/ART#3897
halo-infinite,2807,Kenny B Magnusson,,Art,ART,,,special-thanks,SPECIAL THANKS/ART#3898
halo-infinite,2808,Christopher Martin,,Art,ART,,RANDSTAD,special-thanks,SPECIAL THANKS/ART#3899
halo-infinite,2809,Roman Materna,,Art,ART,,AQUENT GAMES,special-thanks,SPECIAL THANKS/ART#3900
halo-infinite,2810,Chris Matthews,,Art,ART,,,special-thanks,SPECIAL THANKS/ART#3901
halo-infinite,2811,Ryan Maxwell,,Art,ART,,INSIGHT GLOBAL,special-thanks,SPECIAL THANKS/ART#3902
halo-infinite,2812,Michelle Mayer,,Art,ART,,AQUENT GAMES,special-thanks,SPECIAL THANKS/ART#3903
halo-infinite,2813,Madison McElfish,,Art,ART,,AQUENT GAMES,special-thanks,SPECIAL THANKS/ART#3904
halo-infinite,2814,Robert Theodore Miller,,Art,ART,,,special-thanks,SPECIAL THANKS/ART#3905
halo-infinite,2815,Cliff B Mitchell,,Art,ART,,,special-thanks,SPECIAL THANKS/ART#3906
halo-infinite,2816,Hidehisa Miyagawa,,Art,ART,,RYLEM,special-thanks,SPECIAL THANKS/ART#3907
halo-infinite,2817,Wade Mulhern,,Art,ART,,,special-thanks,SPECIAL THANKS/ART#3908
halo-infinite,2818,Andrew J. Nack,,Art,ART,,NEAL ANALYTICS LLC,special-thanks,SPECIAL THANKS/ART#3909
halo-infinite,2819,Tristan Nguyen,,Art,ART,,AQUENT GAMES,special-thanks,SPECIAL THANKS/ART#3910
halo-infinite,2820,Sean Nolan,,Art,ART,,,special-thanks,SPECIAL THANKS/ART#3911
halo-infinite,2821,Jeffery P Palmer,,Art,ART,,,special-thanks,SPECIAL THANKS/ART#3912
halo-infinite,2822,Danny Park,,Art,ART,,AQUENT GAMES,special-thanks,SPECIAL THANKS/ART#3913
halo-infinite,2823,Mackenzie Patrick,,Art,ART,,AQUENT GAMES,special-thanks,SPECIAL THANKS/ART#3914
halo-infinite,2824,Adam R Peterson,,Art,ART,,,special-thanks,SPECIAL THANKS/ART#3915
halo-infinite,2825,Daniel Riley,,Art,ART,,VALKYRIE ENTERTAINMENT,special-thanks,SPECIAL THANKS/ART#3916
halo-infinite,2826,Jason Robertson,,Art,ART,,INSIGHT GLOBAL,special-thanks,SPECIAL THANKS/ART#3917
halo-infinite,2827,Xavier Rodriguez,,Art,ART,,AQUENT GAMES,special-thanks,SPECIAL THANKS/ART#3918
halo-infinite,2828,Jonathan Sabella,,Art,ART,,,special-thanks,SPECIAL THANKS/ART#3919
halo-infinite,2829,Jonathan C Schwartz,,Art,ART,,,special-thanks,SPECIAL THANKS/ART#3920
halo-infinite,2830,Arthur Shek,,Art,ART,,,special-thanks,SPECIAL THANKS/ART#3921
halo-infinite,2831,Dong Eun Shin,,Art,ART,,,special-thanks,SPECIAL THANKS/ART#3922
halo-infinite,2832,Meadow Strauss,,Art,ART,,NEAL ANALYTICS LLC,special-thanks,SPECIAL THANKS/ART#3923
halo-infinite,2833,Jeff Simpson,,Art,ART,,,special-thanks,SPECIAL THANKS/ART#3924
halo-infinite,2834,Patrick Sutton,,Art,ART,,,special-thanks,SPECIAL THANKS/ART#3925
halo-infinite,2835,Laura W Teeples,,Art,ART,,,special-thanks,SPECIAL THANKS/ART#3926
halo-infinite,2836,Forest Telford,,Art,ART,,,special-thanks,SPECIAL THANKS/ART#3927
halo-infinite,2837,Chase Toole,,Art,ART,,,special-thanks,SPECIAL THANKS/ART#3928
halo-infinite,2838,Kate Vaillant,,Art,ART,,AQUENT GAMES,special-thanks,SPECIAL THANKS/ART#3929
halo-infinite,2839,John Wendl,,Art,ART,,,special-thanks,SPECIAL THANKS/ART#3930
halo-infinite,2840,Eric Will,,Art,ART,,,special-thanks,SPECIAL THANKS/ART#3931
halo-infinite,2841,Jamie Wood,,Art,ART,,,special-thanks,SPECIAL THANKS/ART#3932
halo-infinite,2842,Jon Wood,,Art,ART,,,special-thanks,SPECIAL THANKS/ART#3933
halo-infinite,2843,Lola Zhang,,Art,ART,,AQUENT GAMES,special-thanks,SPECIAL THANKS/ART#3934
halo-infinite,2844,Rey Zhong,,Art,ART,,AQUENT GAMES,special-thanks,SPECIAL THANKS/ART#3935
halo-infinite,2845,Daniel 'lazarus923' Johnson,,Studio/Business,COMMUNITY CONTRIBUTORS,,,special-thanks,SPECIAL THANKS/COMMUNITY CONTRIBUTORS#3938
halo-infinite,2846,Jared Harris,,Studio/Business,COMMUNITY CONTRIBUTORS,,,special-thanks,SPECIAL THANKS/COMMUNITY CONTRIBUTORS#3939
halo-infinite,2847,Peter Dekluyver,,Audio,AUDIO,,,special-thanks,SPECIAL THANKS/AUDIO#3942
halo-infinite,2848,Kazuma Jinnouchi,,Audio,AUDIO,,,special-thanks,SPECIAL THANKS/AUDIO#3943
halo-infinite,2849,Eric Lawrence,,Audio,AUDIO,,,special-thanks,SPECIAL THANKS/AUDIO#3944
halo-infinite,2850,Nate Marler,,Audio,AUDIO,,INSIGHT GLOBAL,special-thanks,SPECIAL THANKS/AUDIO#3945
halo-infinite,2851,Robert Ridihalgh,,Audio,AUDIO,,,special-thanks,SPECIAL THANKS/AUDIO#3946
halo-infinite,2852,John Scott,,Special Thanks,Dolby Laboratories,,,special-thanks,SPECIAL THANKS/Dolby Laboratories#3949
halo-infinite,2853,Chris Slocum,,Special Thanks,Dolby Laboratories,,,special-thanks,SPECIAL THANKS/Dolby Laboratories#3950
halo-infinite,2854,Lori Solomon,,Special Thanks,Dolby Laboratories,,,special-thanks,SPECIAL THANKS/Dolby Laboratories#3951
halo-infinite,2855,Dan Sperry,,Special Thanks,Dolby Laboratories,,,special-thanks,SPECIAL THANKS/Dolby Laboratories#3952
halo-infinite,2856,Nick Ardizzone,,Design,DESIGN,,,special-thanks,SPECIAL THANKS/DESIGN#3955
halo-infinite,2857,Leo Burke,,Design,DESIGN,,NEAL ANALYTICS LLC,special-thanks,SPECIAL THANKS/DESIGN#3956
halo-infinite,2858,BJ Cholewinski,,Design,DESIGN,,MYRIAD CONSULTING INC,special-thanks,SPECIAL THANKS/DESIGN#3957
halo-infinite,2859,Anh Do,,Design,DESIGN,,TEKSYSTEMS INC,special-thanks,SPECIAL THANKS/DESIGN#3958
halo-infinite,2860,Christopher B French,,Design,DESIGN,,,special-thanks,SPECIAL THANKS/DESIGN#3959
halo-infinite,2861,Kevin Grace,,Design,DESIGN,,,special-thanks,SPECIAL THANKS/DESIGN#3960
halo-infinite,2862,Ryan C Grant,,Design,DESIGN,,,special-thanks,SPECIAL THANKS/DESIGN#3961
halo-infinite,2863,Chris Klepac,,Design,DESIGN,,PROTINGENT,special-thanks,SPECIAL THANKS/DESIGN#3962
halo-infinite,2864,Lucas Kopec,,Design,DESIGN,,TEKSYSTEMS INC,special-thanks,SPECIAL THANKS/DESIGN#3963
halo-infinite,2865,Blaze Lightcap,,Design,DESIGN,,INSIGHT GLOBAL,special-thanks,SPECIAL THANKS/DESIGN#3964
halo-infinite,2866,Guy Lima Jr.,,Design,DESIGN,,,special-thanks,SPECIAL THANKS/DESIGN#3965
halo-infinite,2867,Tim Longo,,Design,DESIGN,,,special-thanks,SPECIAL THANKS/DESIGN#3966
halo-infinite,2868,Matthew Lotharius,,Design,DESIGN,,TEKSYSTEMS INC,special-thanks,SPECIAL THANKS/DESIGN#3967
halo-infinite,2869,Shannon McCoy,,Design,DESIGN,,RYLEM,special-thanks,SPECIAL THANKS/DESIGN#3968
halo-infinite,2870,Nathan McNamara,,Design,DESIGN,,YOH SERVICES LLC,special-thanks,SPECIAL THANKS/DESIGN#3969
halo-infinite,2871,Lawrence C Metten,,Design,DESIGN,,,special-thanks,SPECIAL THANKS/DESIGN#3970
halo-infinite,2872,Andrew Nguyen,,Design,DESIGN,,YOH SERVICES LLC,special-thanks,SPECIAL THANKS/DESIGN#3971
halo-infinite,2873,TJ Perillo,,Design,DESIGN,,,special-thanks,SPECIAL THANKS/DESIGN#3972
halo-infinite,2874,Chad L Pfarr,,Design,DESIGN,,,special-thanks,SPECIAL THANKS/DESIGN#3973
halo-infinite,2875,Chris Proctor,,Design,DESIGN,,,special-thanks,SPECIAL THANKS/DESIGN#3974
halo-infinite,2876,Albert A Robles,,Design,DESIGN,,,special-thanks,SPECIAL THANKS/DESIGN#3975
halo-infinite,2877,Tim Staton-Davis,,Design,DESIGN,,PROTINGENT,special-thanks,SPECIAL THANKS/DESIGN#3976
halo-infinite,2878,Nick Verducci,,Design,DESIGN,,NEAL ANALYTICS LLC,special-thanks,SPECIAL THANKS/DESIGN#3977
halo-infinite,2879,Helen G Addis,,Engineering,ENGINEERING,,,special-thanks,SPECIAL THANKS/ENGINEERING#3980
halo-infinite,2880,Amro Amro,,Engineering,ENGINEERING,,TEKSYSTEMS INC,special-thanks,SPECIAL THANKS/ENGINEERING#3981
halo-infinite,2881,Mark Andersen,,Engineering,ENGINEERING,,,special-thanks,SPECIAL THANKS/ENGINEERING#3982
halo-infinite,2882,Rob Austin,,Engineering,ENGINEERING,,,special-thanks,SPECIAL THANKS/ENGINEERING#3983
halo-infinite,2883,Adam Balk,,Engineering,ENGINEERING,,NEAL ANALYTICS LLC,special-thanks,SPECIAL THANKS/ENGINEERING#3984
halo-infinite,2884,Bruce Barrera,,Engineering,ENGINEERING,,INSIGHT GLOBAL,special-thanks,SPECIAL THANKS/ENGINEERING#3985
halo-infinite,2885,Oscar S Bazaldua Alfaro,,Engineering,ENGINEERING,,,special-thanks,SPECIAL THANKS/ENGINEERING#3986
halo-infinite,2886,Irwin Billing,,Engineering,ENGINEERING,,,special-thanks,SPECIAL THANKS/ENGINEERING#3987
halo-infinite,2887,Erich Blossey,,Engineering,ENGINEERING,,TEKSYSTEMS INC,special-thanks,SPECIAL THANKS/ENGINEERING#3988
halo-infinite,2888,Jake Bottelberghe,,Engineering,ENGINEERING,,TEKSYSTEMS INC,special-thanks,SPECIAL THANKS/ENGINEERING#3989
halo-infinite,2889,Zach Bowman,,Engineering,ENGINEERING,,TEKSYSTEMS INC,special-thanks,SPECIAL THANKS/ENGINEERING#3990
halo-infinite,2890,John Bradstreet,,Engineering,ENGINEERING,,CYPRESS HCM,special-thanks,SPECIAL THANKS/ENGINEERING#3991
halo-infinite,2891,Thomas D Burdak,,Engineering,ENGINEERING,,,special-thanks,SPECIAL THANKS/ENGINEERING#3992
halo-infinite,2892,Dylan Cockerham,,Engineering,ENGINEERING,,RANDSTAD,special-thanks,SPECIAL THANKS/ENGINEERING#3993
halo-infinite,2893,Thomas Conti,,Engineering,ENGINEERING,,COLLABERA,special-thanks,SPECIAL THANKS/ENGINEERING#3994
halo-infinite,2894,Joshua Davis,,Engineering,ENGINEERING,,,special-thanks,SPECIAL THANKS/ENGINEERING#3995
halo-infinite,2895,Ryan Durand,,Engineering,ENGINEERING,,,special-thanks,SPECIAL THANKS/ENGINEERING#3996
halo-infinite,2896,Joe Filomena,,Engineering,ENGINEERING,,REDLENS,special-thanks,SPECIAL THANKS/ENGINEERING#3997
halo-infinite,2897,Vivien Francis,,Engineering,ENGINEERING,,,special-thanks,SPECIAL THANKS/ENGINEERING#3998
halo-infinite,2898,Geoffrey M Haugan,,Engineering,ENGINEERING,,,special-thanks,SPECIAL THANKS/ENGINEERING#3999
halo-infinite,2899,Joseph Hayes,,Engineering,ENGINEERING,,NEAL ANALYTICS LLC,special-thanks,SPECIAL THANKS/ENGINEERING#4000
halo-infinite,2900,Thomas RD Hill,,Engineering,ENGINEERING,,,special-thanks,SPECIAL THANKS/ENGINEERING#4001
halo-infinite,2901,Gerrit Jamerson,,Engineering,ENGINEERING,,RANDSTAD,special-thanks,SPECIAL THANKS/ENGINEERING#4002
halo-infinite,2902,Jorge Antonio Jimenez,,Engineering,ENGINEERING,,TEKSYSTEMS INC,special-thanks,SPECIAL THANKS/ENGINEERING#4003
halo-infinite,2903,George Khandakerkokoris,,Engineering,ENGINEERING,,POPULUS GROUP,special-thanks,SPECIAL THANKS/ENGINEERING#4004
halo-infinite,2904,Dave Lawson,,Engineering,ENGINEERING,,CYPRESS HCM,special-thanks,SPECIAL THANKS/ENGINEERING#4005
halo-infinite,2905,Bruce Lee,,Engineering,ENGINEERING,,CYPRESS HCM,special-thanks,SPECIAL THANKS/ENGINEERING#4006
halo-infinite,2906,Natanael Lemos,,Engineering,ENGINEERING,,CYPRESS HCM,special-thanks,SPECIAL THANKS/ENGINEERING#4007
halo-infinite,2907,Nathan K Miller,,Engineering,ENGINEERING,,,special-thanks,SPECIAL THANKS/ENGINEERING#4008
halo-infinite,2908,Tyler Millican,,Engineering,ENGINEERING,,AIM CONSULTING,special-thanks,SPECIAL THANKS/ENGINEERING#4009
halo-infinite,2909,William S Morton,,Engineering,ENGINEERING,,,special-thanks,SPECIAL THANKS/ENGINEERING#4010
halo-infinite,2910,Garrett O'Malley,,Engineering,ENGINEERING,,RYLEM,special-thanks,SPECIAL THANKS/ENGINEERING#4011
halo-infinite,2911,Eduard Ostrovsky,,Engineering,ENGINEERING,,,special-thanks,SPECIAL THANKS/ENGINEERING#4012
halo-infinite,2912,Bradley E Pendleton,,Engineering,ENGINEERING,,,special-thanks,SPECIAL THANKS/ENGINEERING#4013
halo-infinite,2913,Tyler Perry,,Engineering,ENGINEERING,,RANDSTAD,special-thanks,SPECIAL THANKS/ENGINEERING#4014
halo-infinite,2914,Austin Petersen,,Engineering,ENGINEERING,,WIMMER SOLUTIONS,special-thanks,SPECIAL THANKS/ENGINEERING#4015
halo-infinite,2915,Matt Picioccio,,Engineering,ENGINEERING,,,special-thanks,SPECIAL THANKS/ENGINEERING#4016
halo-infinite,2916,Theodore Rivera,,Engineering,ENGINEERING,,RYLEM,special-thanks,SPECIAL THANKS/ENGINEERING#4017
halo-infinite,2917,Joshua Russell,,Engineering,ENGINEERING,,RYLEM,special-thanks,SPECIAL THANKS/ENGINEERING#4018
halo-infinite,2918,Devin A Rychetnik,,Engineering,ENGINEERING,,,special-thanks,SPECIAL THANKS/ENGINEERING#4019
halo-infinite,2919,Robert J Sanchez,,Engineering,ENGINEERING,,,special-thanks,SPECIAL THANKS/ENGINEERING#4020
halo-infinite,2920,Amanda Skibeness,,Engineering,ENGINEERING,,TEKSYSTEMS INC,special-thanks,SPECIAL THANKS/ENGINEERING#4021
halo-infinite,2921,Terry Suereth,,Engineering,ENGINEERING,,,special-thanks,SPECIAL THANKS/ENGINEERING#4022
halo-infinite,2922,Jason Swan,,Engineering,ENGINEERING,,INSIGHT GLOBAL,special-thanks,SPECIAL THANKS/ENGINEERING#4023
halo-infinite,2923,Kai Tagawa,,Engineering,ENGINEERING,,,special-thanks,SPECIAL THANKS/ENGINEERING#4024
halo-infinite,2924,David O Tuft,,Engineering,ENGINEERING,,,special-thanks,SPECIAL THANKS/ENGINEERING#4025
halo-infinite,2925,Akan Usoro,,Engineering,ENGINEERING,,RANDSTAD,special-thanks,SPECIAL THANKS/ENGINEERING#4026
halo-infinite,2926,Robert Walker,,Engineering,ENGINEERING,,COLLABERA,special-thanks,SPECIAL THANKS/ENGINEERING#4027
halo-infinite,2927,David Williams II,,Engineering,ENGINEERING,,RANDSTAD,special-thanks,SPECIAL THANKS/ENGINEERING#4028
halo-infinite,2928,Walter Wittel,,Engineering,ENGINEERING,,YOH SERVICES LLC,special-thanks,SPECIAL THANKS/ENGINEERING#4029
halo-infinite,2929,Andrew Wood,,Engineering,ENGINEERING,,,special-thanks,SPECIAL THANKS/ENGINEERING#4030
halo-infinite,2930,Ashley Arnold,,Special Thanks,Dolby Laboratories,,,special-thanks,SPECIAL THANKS/Dolby Laboratories#4033
halo-infinite,2931,Hariharan Ganapathy,,Special Thanks,Dolby Laboratories,,,special-thanks,SPECIAL THANKS/Dolby Laboratories#4034
halo-infinite,2932,Andrew Harpel,,Special Thanks,Dolby Laboratories,,,special-thanks,SPECIAL THANKS/Dolby Laboratories#4035
halo-infinite,2933,Alexander Mejia,,Special Thanks,Dolby Laboratories,,,special-thanks,SPECIAL THANKS/Dolby Laboratories#4036
halo-infinite,2934,Rafael Sabino,,Special Thanks,Dolby Laboratories,,,special-thanks,SPECIAL THANKS/Dolby Laboratories#4037
halo-infinite,2935,Max Abernethy,,Special Thanks,Havok,,,special-thanks,SPECIAL THANKS/Havok#4040
halo-infinite,2936,Ser-Geon Fu,,Special Thanks,Havok,,,special-thanks,SPECIAL THANKS/Havok#4041
halo-infinite,2937,HyungMin Kim,,Special Thanks,Havok,,,special-thanks,SPECIAL THANKS/Havok#4042
halo-infinite,2938,Chris Kondrick,,Special Thanks,Havok,,,special-thanks,SPECIAL THANKS/Havok#4043
halo-infinite,2939,Luke O'Reilly,,Special Thanks,Havok,,,special-thanks,SPECIAL THANKS/Havok#4044
halo-infinite,2940,Cairn Overturf,,Special Thanks,Havok,,,special-thanks,SPECIAL THANKS/Havok#4045
halo-infinite,2941,Tejas Shah,,Special Thanks,Havok,,,special-thanks,SPECIAL THANKS/Havok#4046
halo-infinite,2942,Ben Sunshine-Hill,,Special Thanks,Havok,,,special-thanks,SPECIAL THANKS/Havok#4047
halo-infinite,2943,George Tian,,Special Thanks,Havok,,,special-thanks,SPECIAL THANKS/Havok#4048
halo-infinite,2944,Torey Allen,,Production,PRODUCTION,,,special-thanks,SPECIAL THANKS/PRODUCTION#4051
halo-infinite,2945,Victoria Bruder,,Production,PRODUCTION,,MYRIAD CONSULTING INC,special-thanks,SPECIAL THANKS/PRODUCTION#4052
halo-infinite,2946,Logan Conn,,Production,PRODUCTION,,,special-thanks,SPECIAL THANKS/PRODUCTION#4053
halo-infinite,2947,James Patrick Davis,,Production,PRODUCTION,,DIVENSI,special-thanks,SPECIAL THANKS/PRODUCTION#4054
halo-infinite,2948,Michael Effenberger,,Production,PRODUCTION,,APEX SYSTEMS,special-thanks,SPECIAL THANKS/PRODUCTION#4055
halo-infinite,2949,Adrienne Fidelino,,Production,PRODUCTION,,NEAL ANALYTICS LLC,special-thanks,SPECIAL THANKS/PRODUCTION#4056
halo-infinite,2950,David M Fifield,,Production,PRODUCTION,,,special-thanks,SPECIAL THANKS/PRODUCTION#4057
halo-infinite,2951,Jordan Forbes,,Production,PRODUCTION,,INSIGHT GLOBAL,special-thanks,SPECIAL THANKS/PRODUCTION#4058
halo-infinite,2952,Jonathan W Hathaway,,Production,PRODUCTION,,,special-thanks,SPECIAL THANKS/PRODUCTION#4059
halo-infinite,2953,Jason Hewitt,,Production,PRODUCTION,,,special-thanks,SPECIAL THANKS/PRODUCTION#4060
halo-infinite,2954,Jaida Jenkins,,Production,PRODUCTION,,YOH SERVICES LLC,special-thanks,SPECIAL THANKS/PRODUCTION#4061
halo-infinite,2955,Andy Keener,,Production,PRODUCTION,,TEKSYSTEMS INC,special-thanks,SPECIAL THANKS/PRODUCTION#4062
halo-infinite,2956,Camille Leganza,,Production,PRODUCTION,,,special-thanks,SPECIAL THANKS/PRODUCTION#4063
halo-infinite,2957,Lani Lum,,Production,PRODUCTION,,,special-thanks,SPECIAL THANKS/PRODUCTION#4064
halo-infinite,2958,Patricia McIntosh,,Production,PRODUCTION,,RANDSTAD,special-thanks,SPECIAL THANKS/PRODUCTION#4065
halo-infinite,2959,Terra Montgomery,,Production,PRODUCTION,,DISYS,special-thanks,SPECIAL THANKS/PRODUCTION#4066
halo-infinite,2960,Jackie O'Brien,,Production,PRODUCTION,,PROTINGENT,special-thanks,SPECIAL THANKS/PRODUCTION#4067
halo-infinite,2961,Mary Olson,,Production,PRODUCTION,,,special-thanks,SPECIAL THANKS/PRODUCTION#4068
halo-infinite,2962,Kristina Rothe,,Production,PRODUCTION,,,special-thanks,SPECIAL THANKS/PRODUCTION#4069
halo-infinite,2963,Brannon J Zahand,,Production,PRODUCTION,,,special-thanks,SPECIAL THANKS/PRODUCTION#4070
halo-infinite,2964,Olga Zinoveva,,Production,PRODUCTION,,,special-thanks,SPECIAL THANKS/PRODUCTION#4071
halo-infinite,2965,Thanks to DART for keeping the ghosts away!,,Production,PRODUCTION,,,special-thanks,SPECIAL THANKS/PRODUCTION#4073
halo-infinite,2966,Logan Conn,,Special Thanks,PLAYTEST,,,special-thanks,SPECIAL THANKS/PLAYTEST#4076
halo-infinite,2967,Vivien Francis,,Special Thanks,PLAYTEST,,,special-thanks,SPECIAL THANKS/PLAYTEST#4077
halo-infinite,2968,Allison Kinzelman,,Special Thanks,PLAYTEST,,RYLEM,special-thanks,SPECIAL THANKS/PLAYTEST#4078
halo-infinite,2969,Caleb Metheny,,Special Thanks,PLAYTEST,,INSIGHT GLOBAL,special-thanks,SPECIAL THANKS/PLAYTEST#4079
halo-infinite,2970,Jeremia Sheehan,,Special Thanks,PLAYTEST,,,special-thanks,SPECIAL THANKS/PLAYTEST#4080
halo-infinite,2971,Tony Sherrill,,Special Thanks,PLAYTEST,,POPULUS GROUP,special-thanks,SPECIAL THANKS/PLAYTEST#4081
halo-infinite,2972,Ricky White,,Special Thanks,PLAYTEST,,AQUENT GAMES,special-thanks,SPECIAL THANKS/PLAYTEST#4082
halo-infinite,2973,Eric Will,,Special Thanks,PLAYTEST,,,special-thanks,SPECIAL THANKS/PLAYTEST#4083
halo-infinite,2974,Paul Chadeisson,,Special Thanks,LIQUID DEVELOPMENT LLC,,Liquid Development LLC,special-thanks,SPECIAL THANKS/LIQUID DEVELOPMENT LLC#4086
halo-infinite,2975,Frederic Daoust,,Special Thanks,LIQUID DEVELOPMENT LLC,,Liquid Development LLC,special-thanks,SPECIAL THANKS/LIQUID DEVELOPMENT LLC#4087
halo-infinite,2976,Isaac Hannaford,,Special Thanks,LIQUID DEVELOPMENT LLC,,Liquid Development LLC,special-thanks,SPECIAL THANKS/LIQUID DEVELOPMENT LLC#4088
halo-infinite,2977,Lipan Liu,,Special Thanks,LIQUID DEVELOPMENT LLC,,Liquid Development LLC,special-thanks,SPECIAL THANKS/LIQUID DEVELOPMENT LLC#4089
halo-infinite,2978,Ariel Perez,,Special Thanks,LIQUID DEVELOPMENT LLC,,Liquid Development LLC,special-thanks,SPECIAL THANKS/LIQUID DEVELOPMENT LLC#4090
halo-infinite,2979,Theo Stylianides,,Special Thanks,LIQUID DEVELOPMENT LLC,,Liquid Development LLC,special-thanks,SPECIAL THANKS/LIQUID DEVELOPMENT LLC#4091
halo-infinite,2980,Johnson Ting,,Special Thanks,LIQUID DEVELOPMENT LLC,,Liquid Development LLC,special-thanks,SPECIAL THANKS/LIQUID DEVELOPMENT LLC#4092
halo-infinite,2981,Fabricio Torres,,Special Thanks,LIQUID DEVELOPMENT LLC,,Liquid Development LLC,special-thanks,SPECIAL THANKS/LIQUID DEVELOPMENT LLC#4093
halo-infinite,2982,Janet Ung,,Special Thanks,LIQUID DEVELOPMENT LLC,,Liquid Development LLC,special-thanks,SPECIAL THANKS/LIQUID DEVELOPMENT LLC#4094
halo-infinite,2983,Steven Bell,,Special Thanks,AMD,,,special-thanks,SPECIAL THANKS/AMD#4097
halo-infinite,2984,Ronan Gallagher,,Special Thanks,AMD,,,special-thanks,SPECIAL THANKS/AMD#4098
halo-infinite,2985,Nadav Geva,,Special Thanks,AMD,,,special-thanks,SPECIAL THANKS/AMD#4099
halo-infinite,2986,John Hartwig,,Special Thanks,AMD,,,special-thanks,SPECIAL THANKS/AMD#4100
halo-infinite,2987,Jordan Logan,,Special Thanks,AMD,,,special-thanks,SPECIAL THANKS/AMD#4101
halo-infinite,2988,Mike Smith,,Special Thanks,AMD,,,special-thanks,SPECIAL THANKS/AMD#4102
halo-infinite,2989,Jon Caruana,,Publishing,TEAM XBOX,,,special-thanks,SPECIAL THANKS/TEAM XBOX#4105
halo-infinite,2990,Laura Dissinger,,Publishing,TEAM XBOX,,,special-thanks,SPECIAL THANKS/TEAM XBOX#4106
halo-infinite,2991,Xin Huang,,Publishing,TEAM XBOX,,,special-thanks,SPECIAL THANKS/TEAM XBOX#4107
halo-infinite,2992,Brian Hudson,,Publishing,TEAM XBOX,,,special-thanks,SPECIAL THANKS/TEAM XBOX#4108
halo-infinite,2993,Louis Kahn,,Publishing,TEAM XBOX,,,special-thanks,SPECIAL THANKS/TEAM XBOX#4109
halo-infinite,2994,Hamza Kalache,,Publishing,TEAM XBOX,,,special-thanks,SPECIAL THANKS/TEAM XBOX#4110
halo-infinite,2995,Jason Ronald,,Publishing,TEAM XBOX,,,special-thanks,SPECIAL THANKS/TEAM XBOX#4111
halo-infinite,2996,Bradley Rossetti,,Publishing,TEAM XBOX,,,special-thanks,SPECIAL THANKS/TEAM XBOX#4112
halo-infinite,2997,Jon Ward,,Publishing,TEAM XBOX,,,special-thanks,SPECIAL THANKS/TEAM XBOX#4113
halo-infinite,2998,Chris Tector,,Special Thanks,TURN 10,,TURN 10,special-thanks,SPECIAL THANKS/TURN 10#4116
halo-infinite,2999,Morgan Brown,,Studio/Business,Administration,,APEX SYSTEMS,special-thanks,SPECIAL THANKS/Administration#4121
halo-infinite,3000,Nicole Crevier,,Studio/Business,Administration,,POPULUS GROUP,special-thanks,SPECIAL THANKS/Administration#4122
halo-infinite,3001,Katie Ely,,Studio/Business,Administration,,INSIGHT GLOBAL,special-thanks,SPECIAL THANKS/Administration#4123
halo-infinite,3002,Wendy Hall,,Studio/Business,Administration,,COLLABERA,special-thanks,SPECIAL THANKS/Administration#4124
halo-infinite,3003,Kathy Le,,Studio/Business,Administration,,INSIGHT GLOBAL,special-thanks,SPECIAL THANKS/Administration#4125
halo-infinite,3004,Sandra Pearce,,Studio/Business,Administration,,RYLEM,special-thanks,SPECIAL THANKS/Administration#4126
halo-infinite,3005,April Stewart,,Studio/Business,Administration,,INSIGHT GLOBAL,special-thanks,SPECIAL THANKS/Administration#4127
halo-infinite,3006,Barry Feather,,Studio/Business,Business Operation & Program Management,,,special-thanks,SPECIAL THANKS/Business Operation & Program Management#4130
halo-infinite,3007,Linda Hayashikawa,,Studio/Business,Business Operation & Program Management,,,special-thanks,SPECIAL THANKS/Business Operation & Program Management#4131
halo-infinite,3008,Lillian Lehmann,,Studio/Business,Business Operation & Program Management,,,special-thanks,SPECIAL THANKS/Business Operation & Program Management#4132
halo-infinite,3009,Robert Williamson,,Studio/Business,Business Operation & Program Management,,WIMMER SOLUTIONS,special-thanks,SPECIAL THANKS/Business Operation & Program Management#4133
halo-infinite,3010,Marina Oldenburg,,Studio/Business,"24 SEVEN TOPCO, LLC",,,special-thanks,SPECIAL THANKS/Business Operation & Program Management#4135
halo-infinite,3011,Nabeel Chowdhury,,Studio/Business,"24 SEVEN TOPCO, LLC",,,special-thanks,SPECIAL THANKS/Business Operation & Program Management#4136
halo-infinite,3012,Jordan Valenti,,Studio/Business,AIM CONSULTING,,,special-thanks,SPECIAL THANKS/Business Operation & Program Management#4138
halo-infinite,3013,Steve Trester,,Studio/Business,AIM CONSULTING,,,special-thanks,SPECIAL THANKS/Business Operation & Program Management#4139
halo-infinite,3014,Sarah Bolds,,Studio/Business,AIM CONSULTING,,,special-thanks,SPECIAL THANKS/Business Operation & Program Management#4140
halo-infinite,3015,Arijana Ramic,,Studio/Business,AQUENT GAMES,,,special-thanks,SPECIAL THANKS/Business Operation & Program Management#4142
halo-infinite,3016,Kaitlin Lissandrello,,Studio/Business,AQUENT GAMES,,,special-thanks,SPECIAL THANKS/Business Operation & Program Management#4143
halo-infinite,3017,Lucas Manzaneres,,Studio/Business,AQUENT GAMES,,,special-thanks,SPECIAL THANKS/Business Operation & Program Management#4144
halo-infinite,3018,Neil Mendez,,Art,ARTECH,,,special-thanks,SPECIAL THANKS/Business Operation & Program Management#4146
halo-infinite,3019,Alex Hamdan,,Studio/Business,BIBLIOSO CORPORATION,,,special-thanks,SPECIAL THANKS/Business Operation & Program Management#4148
halo-infinite,3020,Laurie Boyd,,Studio/Business,BLUEHAWK LLC,,,special-thanks,SPECIAL THANKS/Business Operation & Program Management#4150
halo-infinite,3021,Vandana Ranchod,,Studio/Business,BLUEHAWK LLC,,,special-thanks,SPECIAL THANKS/Business Operation & Program Management#4151
halo-infinite,3022,Bill Sanders,,Studio/Business,BLUEPRINT TECHNOLOGIES,,,special-thanks,SPECIAL THANKS/Business Operation & Program Management#4153
halo-infinite,3023,Jenna Lange,,Studio/Business,CATAPULT SOLUTIONS GROUP,,,special-thanks,SPECIAL THANKS/Business Operation & Program Management#4155
halo-infinite,3024,Jordan Peterson,,Studio/Business,COLLABERA,,,special-thanks,SPECIAL THANKS/Business Operation & Program Management#4157
halo-infinite,3025,Dan Sullins,,Studio/Business,CYPRESS HCM,,,special-thanks,SPECIAL THANKS/Business Operation & Program Management#4159
halo-infinite,3026,Evan Zynkian,,Studio/Business,CYPRESS HCM,,,special-thanks,SPECIAL THANKS/Business Operation & Program Management#4160
halo-infinite,3027,William Stapleton,,Studio/Business,CYPRESS HCM,,,special-thanks,SPECIAL THANKS/Business Operation & Program Management#4161
halo-infinite,3028,Christy Van de Mark,,Design,DESIGNIT,,,special-thanks,SPECIAL THANKS/Business Operation & Program Management#4163
halo-infinite,3029,Naomi Morris,,Design,DESIGNIT,,,special-thanks,SPECIAL THANKS/Business Operation & Program Management#4164
halo-infinite,3030,Chris Nicholl,,Studio/Business,DISYS,,,special-thanks,SPECIAL THANKS/Business Operation & Program Management#4166
halo-infinite,3031,Gerald Datsko,,Studio/Business,DISYS,,,special-thanks,SPECIAL THANKS/Business Operation & Program Management#4167
halo-infinite,3032,Jay Spears,,Studio/Business,DISYS,,,special-thanks,SPECIAL THANKS/Business Operation & Program Management#4168
halo-infinite,3033,Chad Rankin,,Studio/Business,EXPERIS,,,special-thanks,SPECIAL THANKS/Business Operation & Program Management#4170
halo-infinite,3034,Mark Medlock,,Studio/Business,EXPERIS,,,special-thanks,SPECIAL THANKS/Business Operation & Program Management#4171
halo-infinite,3035,Dillon Ballard,,Studio/Business,H10 CAPITAL,,,special-thanks,SPECIAL THANKS/Business Operation & Program Management#4173
halo-infinite,3036,Quinn Smith,,Studio/Business,H10 CAPITAL,,,special-thanks,SPECIAL THANKS/Business Operation & Program Management#4174
halo-infinite,3037,Amy Hanson,,Studio/Business,HANSON CONSULTING GROUP,,,special-thanks,SPECIAL THANKS/Business Operation & Program Management#4176
halo-infinite,3038,Rachel Tapley,,Studio/Business,HARVEY NASH,,,special-thanks,SPECIAL THANKS/Business Operation & Program Management#4178
halo-infinite,3039,Hongyi Ren,,Studio/Business,HI-TECH TALENTS LLC,,,special-thanks,SPECIAL THANKS/Business Operation & Program Management#4180
halo-infinite,3040,Scott Macpherson,,Studio/Business,INSIGHT GLOBAL,,,special-thanks,SPECIAL THANKS/Business Operation & Program Management#4182
halo-infinite,3041,Stephanie Golden,,Studio/Business,INSIGHT GLOBAL,,,special-thanks,SPECIAL THANKS/Business Operation & Program Management#4183
halo-infinite,3042,Hailey Meyer,,Studio/Business,KELLY MITCHELL GROUP,,,special-thanks,SPECIAL THANKS/Business Operation & Program Management#4185
halo-infinite,3043,Ryan Haggart,,Studio/Business,KELLY MITCHELL GROUP,,,special-thanks,SPECIAL THANKS/Business Operation & Program Management#4186
halo-infinite,3044,Kate Landry,,Studio/Business,KFORCE,,,special-thanks,SPECIAL THANKS/Business Operation & Program Management#4188
halo-infinite,3045,Tanner Cockerill,,Studio/Business,KFORCE,,,special-thanks,SPECIAL THANKS/Business Operation & Program Management#4189
halo-infinite,3046,Daniela Nelson,,Studio/Business,LINCOLN BAY COMPANY LLC,,,special-thanks,SPECIAL THANKS/Business Operation & Program Management#4191
halo-infinite,3047,Neil Horan,,Studio/Business,LINCOLN BAY COMPANY LLC,,,special-thanks,SPECIAL THANKS/Business Operation & Program Management#4192
halo-infinite,3048,Bin Li,,Studio/Business,MYRIAD CONSULTING INC,,,special-thanks,SPECIAL THANKS/Business Operation & Program Management#4194
halo-infinite,3049,Shweta Kansal,,Studio/Business,MYRIAD CONSULTING INC,,,special-thanks,SPECIAL THANKS/Business Operation & Program Management#4195
halo-infinite,3050,Water Long,,Studio/Business,MYRIAD CONSULTING INC,,,special-thanks,SPECIAL THANKS/Business Operation & Program Management#4196
halo-infinite,3051,Herb Payton,,Studio/Business,NEAL ANALYTICS LLC,,,special-thanks,SPECIAL THANKS/Business Operation & Program Management#4198
halo-infinite,3052,Shashank Barnwal,,Studio/Business,NEAL ANALYTICS LLC,,,special-thanks,SPECIAL THANKS/Business Operation & Program Management#4199
halo-infinite,3053,Piper Kelly,,Studio/Business,POPULUS GROUP,,,special-thanks,SPECIAL THANKS/Business Operation & Program Management#4201
halo-infinite,3054,Seth Schubert,,Studio/Business,POPULUS GROUP,,,special-thanks,SPECIAL THANKS/Business Operation & Program Management#4202
halo-infinite,3055,Brandon Oswald,,Studio/Business,PROTINGENT,,,special-thanks,SPECIAL THANKS/Business Operation & Program Management#4204
halo-infinite,3056,Weston Harvey,,Studio/Business,PROTINGENT,,,special-thanks,SPECIAL THANKS/Business Operation & Program Management#4205
halo-infinite,3057,Angela Kim,,Studio/Business,RANDSTAD,,,special-thanks,SPECIAL THANKS/Business Operation & Program Management#4207
halo-infinite,3058,Juli Reynolds,,Studio/Business,RANDSTAD,,,special-thanks,SPECIAL THANKS/Business Operation & Program Management#4208
halo-infinite,3059,Thea Mundy,,Studio/Business,RANDSTAD,,,special-thanks,SPECIAL THANKS/Business Operation & Program Management#4209
halo-infinite,3060,Jared Noftle,,Studio/Business,RED LENS GAMES,,,special-thanks,SPECIAL THANKS/Business Operation & Program Management#4211
halo-infinite,3061,Dwight Stoddard,,Studio/Business,RED LENS GAMES,,,special-thanks,SPECIAL THANKS/Business Operation & Program Management#4212
halo-infinite,3062,Rey Boco,,Studio/Business,RED LENS GAMES,,,special-thanks,SPECIAL THANKS/Business Operation & Program Management#4213
halo-infinite,3063,Travis Bradshaw,,Studio/Business,TEKSYSTEMS INC,,,special-thanks,SPECIAL THANKS/Business Operation & Program Management#4215
halo-infinite,3064,Vicky Tran,,Studio/Business,TEKSYSTEMS INC,,,special-thanks,SPECIAL THANKS/Business Operation & Program Management#4216
halo-infinite,3065,Corey Hansen,,Studio/Business,THE JUDGE GROUP,,,special-thanks,SPECIAL THANKS/Business Operation & Program Management#4218
halo-infinite,3066,Dallas Peterson,,Studio/Business,THE JUDGE GROUP,,,special-thanks,SPECIAL THANKS/Business Operation & Program Management#4219
halo-infinite,3067,Hannah Carlberg,,Studio/Business,THE JUDGE GROUP,,,special-thanks,SPECIAL THANKS/Business Operation & Program Management#4220
halo-infinite,3068,Dean Johnson,,Studio/Business,WICRESOFT,,,special-thanks,SPECIAL THANKS/Business Operation & Program Management#4222
halo-infinite,3069,Blake Youngquist,,Studio/Business,WICRESOFT,,,special-thanks,SPECIAL THANKS/Business Operation & Program Management#4223
halo-infinite,3070,Marty Kneeland,,Studio/Business,WIMMER SOLUTIONS,,,special-thanks,SPECIAL THANKS/Business Operation & Program Management#4225
halo-infinite,3071,Sarah Claunch,,Studio/Business,WIMMER SOLUTIONS,,,special-thanks,SPECIAL THANKS/Business Operation & Program Management#4226
halo-infinite,3072,Darcey Tanner,,Studio/Business,YEAR UP INC,,,special-thanks,SPECIAL THANKS/Business Operation & Program Management#4228
halo-infinite,3073,Hayley Schaefer,,Studio/Business,YEAR UP INC,,,special-thanks,SPECIAL THANKS/Business Operation & Program Management#4229
halo-infinite,3074,Alyssa Sweet,,Studio/Business,"YEAR UP PROFESSIONAL RESOURCES, PBC (YUPRO)",,,special-thanks,SPECIAL THANKS/Business Operation & Program Management#4231
halo-infinite,3075,Brent Dempsey,,Studio/Business,YOH SERVICES LLC,,,special-thanks,SPECIAL THANKS/Business Operation & Program Management#4233
halo-infinite,3076,Drew Peck,,Studio/Business,YOH SERVICES LLC,,,special-thanks,SPECIAL THANKS/Business Operation & Program Management#4234
halo-infinite,3077,Jake Brenneman,,Studio/Business,YOH SERVICES LLC,,,special-thanks,SPECIAL THANKS/Business Operation & Program Management#4235
halo-infinite,3078,Mike Allen,,Studio/Business,YOH SERVICES LLC,,,special-thanks,SPECIAL THANKS/Business Operation & Program Management#4236
halo-infinite,3079,Robert Bowen,,Studio/Business,Esports,,,special-thanks,SPECIAL THANKS/Esports#4239
halo-infinite,3080,Alex Carmichael,,Studio/Business,Esports,,TEKSYSTEMS INC,special-thanks,SPECIAL THANKS/Esports#4240
halo-infinite,3081,Michael Cavanaugh,,Studio/Business,Esports,,INSIGHT GLOBAL,special-thanks,SPECIAL THANKS/Esports#4241
halo-infinite,3082,Mark Snyder,,Studio/Business,Esports,,INSIGHT GLOBAL,special-thanks,SPECIAL THANKS/Esports#4242
halo-infinite,3083,LJ Nielsen,,Publishing,Finance,,,special-thanks,SPECIAL THANKS/Finance#4245
halo-infinite,3084,Jamie Lawver,,Publishing,Finance,,,special-thanks,SPECIAL THANKS/Finance#4246
halo-infinite,3085,Alejandro Rodriguez,,Special Thanks,Recruitment,,DISYS,special-thanks,SPECIAL THANKS/Recruitment#4249
halo-infinite,3086,Lauren Block,,Special Thanks,"ANALYTICS, INSIGHTS, & CUSTOMER SERVICES",,,special-thanks,"SPECIAL THANKS/ANALYTICS, INSIGHTS, & CUSTOMER SERVICES#4252"
halo-infinite,3087,Meidan Bu,,Special Thanks,"ANALYTICS, INSIGHTS, & CUSTOMER SERVICES",,,special-thanks,"SPECIAL THANKS/ANALYTICS, INSIGHTS, & CUSTOMER SERVICES#4253"
halo-infinite,3088,TJ Fazio,,Special Thanks,"ANALYTICS, INSIGHTS, & CUSTOMER SERVICES",,,special-thanks,"SPECIAL THANKS/ANALYTICS, INSIGHTS, & CUSTOMER SERVICES#4254"
halo-infinite,3089,David Felstead,,Special Thanks,"ANALYTICS, INSIGHTS, & CUSTOMER SERVICES",,,special-thanks,"SPECIAL THANKS/ANALYTICS, INSIGHTS, & CUSTOMER SERVICES#4255"
halo-infinite,3090,Michael Harris,,Special Thanks,"ANALYTICS, INSIGHTS, & CUSTOMER SERVICES",,,special-thanks,"SPECIAL THANKS/ANALYTICS, INSIGHTS, & CUSTOMER SERVICES#4256"
halo-infinite,3091,Michael Kemery,,Special Thanks,"ANALYTICS, INSIGHTS, & CUSTOMER SERVICES",,,special-thanks,"SPECIAL THANKS/ANALYTICS, INSIGHTS, & CUSTOMER SERVICES#4257"
halo-infinite,3092,Laura Luethe,,Special Thanks,"ANALYTICS, INSIGHTS, & CUSTOMER SERVICES",,,special-thanks,"SPECIAL THANKS/ANALYTICS, INSIGHTS, & CUSTOMER SERVICES#4258"
halo-infinite,3093,Eric Aguilar,,Special Thanks,Halo Support Agent Team,,KEYWORDS,special-thanks,SPECIAL THANKS/Halo Support Agent Team#4261
halo-infinite,3094,Yiru Chen,,Special Thanks,Halo Support Agent Team,,KEYWORDS,special-thanks,SPECIAL THANKS/Halo Support Agent Team#4262
halo-infinite,3095,Tristan Geddes,,Special Thanks,Halo Support Agent Team,,KEYWORDS,special-thanks,SPECIAL THANKS/Halo Support Agent Team#4263
halo-infinite,3096,Sam Leloup,,Special Thanks,Halo Support Agent Team,,KEYWORDS,special-thanks,SPECIAL THANKS/Halo Support Agent Team#4264
halo-infinite,3097,Hollis Newman,,Special Thanks,Halo Support Agent Team,,KEYWORDS,special-thanks,SPECIAL THANKS/Halo Support Agent Team#4265
halo-infinite,3098,Andrew Crews,,Publishing,Xbox Support Team,,,special-thanks,SPECIAL THANKS/Xbox Support Team#4268
halo-infinite,3099,Taylor Mann,,Publishing,Xbox Support Team,,,special-thanks,SPECIAL THANKS/Xbox Support Team#4269
halo-infinite,3100,Vlad Naoumoff,,Publishing,Xbox Support Team,,,special-thanks,SPECIAL THANKS/Xbox Support Team#4270
halo-infinite,3101,Chris Stevenson,,Publishing,Xbox Support Team,,,special-thanks,SPECIAL THANKS/Xbox Support Team#4271
halo-infinite,3102,Kurt Gilbertson,,Special Thanks,Salesforce Support,,SALESFORCE.COM INC,special-thanks,SPECIAL THANKS/Salesforce Support#4275
halo-infinite,3103,Karri Kowal,,Special Thanks,Salesforce Support,,SALESFORCE.COM INC,special-thanks,SPECIAL THANKS/Salesforce Support#4276
halo-infinite,3104,Cheryl Roe,,Special Thanks,Salesforce Support,,SALESFORCE.COM INC,special-thanks,SPECIAL THANKS/Salesforce Support#4277
halo-infinite,3105,Rosanne DeBragga,,Special Thanks,Virtuosity Support,,VIRTUOSITY,special-thanks,SPECIAL THANKS/Virtuosity Support#4280
halo-infinite,3106,Brent Lazarenko,,Special Thanks,Virtuosity Support,,VIRTUOSITY,special-thanks,SPECIAL THANKS/Virtuosity Support#4281
halo-infinite,3107,Marie Lazarenko,,Special Thanks,Virtuosity Support,,VIRTUOSITY,special-thanks,SPECIAL THANKS/Virtuosity Support#4282
halo-infinite,3108,Kenny ‘stckrboy’ Cameron,,Special Thanks,Forerunners,,,special-thanks,SPECIAL THANKS/Forerunners#4286
halo-infinite,3109,Jon ‘ProAceJOKER’ Carroll,,Special Thanks,Forerunners,,,special-thanks,SPECIAL THANKS/Forerunners#4287
halo-infinite,3110,Britni Coggin,,Special Thanks,Forerunners,,,special-thanks,SPECIAL THANKS/Forerunners#4288
halo-infinite,3111,Chris Covent,,Special Thanks,Forerunners,,,special-thanks,SPECIAL THANKS/Forerunners#4289
halo-infinite,3112,Rachel ‘CardinalRedbird’ Davidson,,Special Thanks,Forerunners,,,special-thanks,SPECIAL THANKS/Forerunners#4290
halo-infinite,3113,Jill 'bowski477' Dembowski,,Special Thanks,Forerunners,,,special-thanks,SPECIAL THANKS/Forerunners#4291
halo-infinite,3114,Jonathan ‘Vetoed’ Dubeau,,Special Thanks,Forerunners,,,special-thanks,SPECIAL THANKS/Forerunners#4292
halo-infinite,3115,Nyxi Gammieri,,Special Thanks,Forerunners,,,special-thanks,SPECIAL THANKS/Forerunners#4293
halo-infinite,3116,Dan ‘Greenskull’ Hammill,,Special Thanks,Forerunners,,,special-thanks,SPECIAL THANKS/Forerunners#4294
halo-infinite,3117,Jennifer ‘Moto’ Hochstedler,,Special Thanks,Forerunners,,,special-thanks,SPECIAL THANKS/Forerunners#4295
halo-infinite,3118,Alexander ‘Shyway’ Hope,,Special Thanks,Forerunners,,,special-thanks,SPECIAL THANKS/Forerunners#4296
halo-infinite,3119,Taras ‘LateNightGaming’ Hrebinka,,Special Thanks,Forerunners,,,special-thanks,SPECIAL THANKS/Forerunners#4297
halo-infinite,3120,Colton ‘Favyn’ King,,Special Thanks,Forerunners,,,special-thanks,SPECIAL THANKS/Forerunners#4298
halo-infinite,3121,Brett ‘Naded’ Leonard,,Special Thanks,Forerunners,,,special-thanks,SPECIAL THANKS/Forerunners#4299
halo-infinite,3122,Patrick ‘Maka91’ Maka,,Special Thanks,Forerunners,,,special-thanks,SPECIAL THANKS/Forerunners#4300
halo-infinite,3123,Nick ‘UberNick’ McMordie,,Special Thanks,Forerunners,,,special-thanks,SPECIAL THANKS/Forerunners#4301
halo-infinite,3124,Omar ‘omarlotrc’ Omar,,Special Thanks,Forerunners,,,special-thanks,SPECIAL THANKS/Forerunners#4302
halo-infinite,3125,Brady 'XLR8' Parmer,,Special Thanks,Forerunners,,,special-thanks,SPECIAL THANKS/Forerunners#4303
halo-infinite,3126,Arturo ‘ArturBloodshot’ Pérez,,Special Thanks,Forerunners,,,special-thanks,SPECIAL THANKS/Forerunners#4304
halo-infinite,3127,Dustin ‘Dust Storm’ Pettigrew,,Special Thanks,Forerunners,,,special-thanks,SPECIAL THANKS/Forerunners#4305
halo-infinite,3128,Michael ‘Viper Skills’ Roberts,,Special Thanks,Forerunners,,,special-thanks,SPECIAL THANKS/Forerunners#4306
halo-infinite,3129,Andrew ‘Vaskander’ Thomas,,Special Thanks,Forerunners,,,special-thanks,SPECIAL THANKS/Forerunners#4307
halo-infinite,3130,Alex ‘Haruspis’ Wakeford,,Special Thanks,Forerunners,,,special-thanks,SPECIAL THANKS/Forerunners#4308
halo-infinite,3131,Connor ‘Gigz’ White,,Special Thanks,Forerunners,,,special-thanks,SPECIAL THANKS/Forerunners#4309
halo-infinite,3132,Andrew ‘Rem-AG’ Woodruff,,Special Thanks,Forerunners,,,special-thanks,SPECIAL THANKS/Forerunners#4310
halo-infinite,3133,Tim 'Activee',,Special Thanks,Forerunners,,,special-thanks,SPECIAL THANKS/Forerunners#4311
halo-infinite,3134,bbkdragoon,,Special Thanks,Forerunners,,,special-thanks,SPECIAL THANKS/Forerunners#4312
halo-infinite,3135,Krystal ‘MoonLiteWolf’,,Special Thanks,Forerunners,,,special-thanks,SPECIAL THANKS/Forerunners#4313
halo-infinite,3136,NOKYARD,,Special Thanks,Forerunners,,,special-thanks,SPECIAL THANKS/Forerunners#4314
halo-infinite,3137,Sarah Jessica 'OathxX',,Special Thanks,Forerunners,,,special-thanks,SPECIAL THANKS/Forerunners#4315
halo-infinite,3138,George 'I Crush All' Bandy,,Special Thanks,Forge Council,,,special-thanks,SPECIAL THANKS/Forge Council#4318
halo-infinite,3139,Carson 'CaptainPunch374' Barry,,Special Thanks,Forge Council,,,special-thanks,SPECIAL THANKS/Forge Council#4319
halo-infinite,3140,Prescott ‘Max Extra’ Beals,,Special Thanks,Forge Council,,,special-thanks,SPECIAL THANKS/Forge Council#4320
halo-infinite,3141,Ryan ‘Foge’ Bergstrom,,Special Thanks,Forge Council,,,special-thanks,SPECIAL THANKS/Forge Council#4321
halo-infinite,3142,Nick 'SIR IRON WOLF' Bird,,Special Thanks,Forge Council,,,special-thanks,SPECIAL THANKS/Forge Council#4322
halo-infinite,3143,Jon ‘Sikamikanico’ Clarke,,Special Thanks,Forge Council,,,special-thanks,SPECIAL THANKS/Forge Council#4323
halo-infinite,3144,Mark 'DarkMaiming' Daming,,Special Thanks,Forge Council,,,special-thanks,SPECIAL THANKS/Forge Council#4324
halo-infinite,3145,Andrew ‘Ducain23’ Franklin,,Special Thanks,Forge Council,,,special-thanks,SPECIAL THANKS/Forge Council#4325
halo-infinite,3146,Sean ‘Forge Labs’ Hodgins,,Special Thanks,Forge Council,,,special-thanks,SPECIAL THANKS/Forge Council#4326
halo-infinite,3147,Alexis Jonsson,,Special Thanks,Forge Council,,,special-thanks,SPECIAL THANKS/Forge Council#4327
halo-infinite,3148,Blaze Lightcap,,Special Thanks,Forge Council,,,special-thanks,SPECIAL THANKS/Forge Council#4328
halo-infinite,3149,Fritz ‘MythicFritz’ Lombardi,,Special Thanks,Forge Council,,,special-thanks,SPECIAL THANKS/Forge Council#4329
halo-infinite,3150,Thomas 'CertifiedChamp' Murdock,,Special Thanks,Forge Council,,,special-thanks,SPECIAL THANKS/Forge Council#4330
halo-infinite,3151,Michael 'Artifice' Robinson,,Special Thanks,Forge Council,,,special-thanks,SPECIAL THANKS/Forge Council#4331
halo-infinite,3152,Ryan 'UneeQ' Rogers,,Special Thanks,Forge Council,,,special-thanks,SPECIAL THANKS/Forge Council#4332
halo-infinite,3153,Joel 'Yeti For Hire' Sawyer,,Special Thanks,Forge Council,,,special-thanks,SPECIAL THANKS/Forge Council#4333
halo-infinite,3154,Matt ‘Nitroo’ Willis,,Special Thanks,Forge Council,,,special-thanks,SPECIAL THANKS/Forge Council#4334
halo-infinite,3155,Byron ‘Ascend Hyperion’,,Special Thanks,Forge Council,,,special-thanks,SPECIAL THANKS/Forge Council#4335
halo-infinite,3156,RayBenefield,,Special Thanks,Forge Council,,,special-thanks,SPECIAL THANKS/Forge Council#4336
halo-infinite,3157,Christopher 'CIA391' Aiken,,Special Thanks,Pilots,,,special-thanks,SPECIAL THANKS/Pilots#4339
halo-infinite,3158,Glenn 'GlennZA' Alexander,,Special Thanks,Pilots,,,special-thanks,SPECIAL THANKS/Pilots#4340
halo-infinite,3159,Jessica Angelo,,Special Thanks,Pilots,,,special-thanks,SPECIAL THANKS/Pilots#4341
halo-infinite,3160,Jack 'Jangoosed' Angus,,Special Thanks,Pilots,,,special-thanks,SPECIAL THANKS/Pilots#4342
halo-infinite,3161,Matthew 'Reggiefilsameme' Armstrong,,Special Thanks,Pilots,,,special-thanks,SPECIAL THANKS/Pilots#4343
halo-infinite,3162,Mistress Sara Atkinson,,Special Thanks,Pilots,,,special-thanks,SPECIAL THANKS/Pilots#4344
halo-infinite,3163,Rukari 'rukizzel' Austin,,Special Thanks,Pilots,,,special-thanks,SPECIAL THANKS/Pilots#4345
halo-infinite,3164,Sean 'S3anyBoy' Bertoniere,,Special Thanks,Pilots,,,special-thanks,SPECIAL THANKS/Pilots#4346
halo-infinite,3165,Samantha 'Saffista' Blackmon,,Special Thanks,Pilots,,,special-thanks,SPECIAL THANKS/Pilots#4347
halo-infinite,3166,Timi Bolaji,,Special Thanks,Pilots,,,special-thanks,SPECIAL THANKS/Pilots#4348
halo-infinite,3167,John Breidenstein,,Special Thanks,Pilots,,,special-thanks,SPECIAL THANKS/Pilots#4349
halo-infinite,3168,Ian BrowningSmith,,Special Thanks,Pilots,,,special-thanks,SPECIAL THANKS/Pilots#4350
halo-infinite,3169,Jarrod 'JBurton' Burton,,Special Thanks,Pilots,,,special-thanks,SPECIAL THANKS/Pilots#4351
halo-infinite,3170,Stephen Chiou,,Special Thanks,Pilots,,,special-thanks,SPECIAL THANKS/Pilots#4352
halo-infinite,3171,Douglas 'Judge' Clark,,Special Thanks,Pilots,,,special-thanks,SPECIAL THANKS/Pilots#4353
halo-infinite,3172,Gabriel 'GCustoms' Clem,,Special Thanks,Pilots,,,special-thanks,SPECIAL THANKS/Pilots#4354
halo-infinite,3173,Matthew Clemons,,Special Thanks,Pilots,,,special-thanks,SPECIAL THANKS/Pilots#4355
halo-infinite,3174,Stuart 'iSpiteful' Clifton,,Special Thanks,Pilots,,,special-thanks,SPECIAL THANKS/Pilots#4356
halo-infinite,3175,Donyea Cooley-White,,Special Thanks,Pilots,,,special-thanks,SPECIAL THANKS/Pilots#4357
halo-infinite,3176,Tom Corten,,Special Thanks,Pilots,,,special-thanks,SPECIAL THANKS/Pilots#4358
halo-infinite,3177,Michael 'Umai Mango' Crear,,Special Thanks,Pilots,,,special-thanks,SPECIAL THANKS/Pilots#4359
halo-infinite,3178,Marco 'Sanana94' Cremona,,Special Thanks,Pilots,,,special-thanks,SPECIAL THANKS/Pilots#4360
halo-infinite,3179,Connor Dawn,,Special Thanks,Pilots,,,special-thanks,SPECIAL THANKS/Pilots#4361
halo-infinite,3180,Tanya C. DePass,,Special Thanks,Pilots,,,special-thanks,SPECIAL THANKS/Pilots#4362
halo-infinite,3181,Richard 'RandyAU93' Dewberry,,Special Thanks,Pilots,,,special-thanks,SPECIAL THANKS/Pilots#4363
halo-infinite,3182,Cole 'the co1e train' Dreyer,,Special Thanks,Pilots,,,special-thanks,SPECIAL THANKS/Pilots#4364
halo-infinite,3183,Andy 'Bravo' Dudynsky,,Special Thanks,Pilots,,,special-thanks,SPECIAL THANKS/Pilots#4365
halo-infinite,3184,Kelli 'Goosechecka' Dunlap,,Special Thanks,Pilots,,,special-thanks,SPECIAL THANKS/Pilots#4366
halo-infinite,3185,Joshua 'TheChiefCanuck' Egan,,Special Thanks,Pilots,,,special-thanks,SPECIAL THANKS/Pilots#4367
halo-infinite,3186,Enrique 'OZ' Espinoza,,Special Thanks,Pilots,,,special-thanks,SPECIAL THANKS/Pilots#4368
halo-infinite,3187,Zack 'Nibre' Fannon,,Special Thanks,Pilots,,,special-thanks,SPECIAL THANKS/Pilots#4369
halo-infinite,3188,Kelly 'onyxishere' Felhaber,,Special Thanks,Pilots,,,special-thanks,SPECIAL THANKS/Pilots#4370
halo-infinite,3189,Jack Fletcher,,Special Thanks,Pilots,,,special-thanks,SPECIAL THANKS/Pilots#4371
halo-infinite,3190,TC 'HQ Tornado' Fowlar,,Special Thanks,Pilots,,,special-thanks,SPECIAL THANKS/Pilots#4372
halo-infinite,3191,Daniel Gaskin,,Special Thanks,Pilots,,,special-thanks,SPECIAL THANKS/Pilots#4373
halo-infinite,3192,Devin 'BreezyStarfish1' Gilbert,,Special Thanks,Pilots,,,special-thanks,SPECIAL THANKS/Pilots#4374
halo-infinite,3193,Alejandro 'Katarn343' Gonzalez,,Special Thanks,Pilots,,,special-thanks,SPECIAL THANKS/Pilots#4375
halo-infinite,3194,Jennifer 'Echidna' Hal,,Special Thanks,Pilots,,,special-thanks,SPECIAL THANKS/Pilots#4376
halo-infinite,3195,Mark 'Onset' Hatcher,,Special Thanks,Pilots,,,special-thanks,SPECIAL THANKS/Pilots#4377
halo-infinite,3196,Nathaniel 'Church' Hatfield,,Special Thanks,Pilots,,,special-thanks,SPECIAL THANKS/Pilots#4378
halo-infinite,3197,Jack 'Crony' Hilary,,Special Thanks,Pilots,,,special-thanks,SPECIAL THANKS/Pilots#4379
halo-infinite,3198,Rochelle 'NinJaSistah' Hinds,,Special Thanks,Pilots,,,special-thanks,SPECIAL THANKS/Pilots#4380
halo-infinite,3199,Daniel Holt,,Special Thanks,Pilots,,,special-thanks,SPECIAL THANKS/Pilots#4381
halo-infinite,3200,Simon 'Darkside' Jackson,,Special Thanks,Pilots,,,special-thanks,SPECIAL THANKS/Pilots#4382
halo-infinite,3201,Derf Jagged,,Special Thanks,Pilots,,,special-thanks,SPECIAL THANKS/Pilots#4383
halo-infinite,3202,Anthony 'Gamesager' Jarvis,,Special Thanks,Pilots,,,special-thanks,SPECIAL THANKS/Pilots#4384
halo-infinite,3203,Derek 'Deek' Jensen,,Special Thanks,Pilots,,,special-thanks,SPECIAL THANKS/Pilots#4385
halo-infinite,3204,Kevin 'Dr Leo' Kane,,Special Thanks,Pilots,,,special-thanks,SPECIAL THANKS/Pilots#4386
halo-infinite,3205,Simon Kent,,Special Thanks,Pilots,,,special-thanks,SPECIAL THANKS/Pilots#4387
halo-infinite,3206,Matthew Frederick Ketchum,,Special Thanks,Pilots,,,special-thanks,SPECIAL THANKS/Pilots#4388
halo-infinite,3207,Faisal 'Goofy' Khan,,Special Thanks,Pilots,,,special-thanks,SPECIAL THANKS/Pilots#4389
halo-infinite,3208,Travis 'Cryosphered' King,,Special Thanks,Pilots,,,special-thanks,SPECIAL THANKS/Pilots#4390
halo-infinite,3209,John 'Cain' Laster,,Special Thanks,Pilots,,,special-thanks,SPECIAL THANKS/Pilots#4391
halo-infinite,3210,Paris Lockhart,,Special Thanks,Pilots,,,special-thanks,SPECIAL THANKS/Pilots#4392
halo-infinite,3211,Anthony 'HelpICantWalk' Lonergan,,Special Thanks,Pilots,,,special-thanks,SPECIAL THANKS/Pilots#4393
halo-infinite,3212,Jeffrey 'Trunks JL' Lozada,,Special Thanks,Pilots,,,special-thanks,SPECIAL THANKS/Pilots#4394
halo-infinite,3213,John 'LUKEPOWA' Lukens,,Special Thanks,Pilots,,,special-thanks,SPECIAL THANKS/Pilots#4395
halo-infinite,3214,Juan Lumbreras,,Special Thanks,Pilots,,,special-thanks,SPECIAL THANKS/Pilots#4396
halo-infinite,3215,Kevin 'KevinKoolx' Lynch,,Special Thanks,Pilots,,,special-thanks,SPECIAL THANKS/Pilots#4397
halo-infinite,3216,Mike 'sarcasmbully' Marcoux,,Special Thanks,Pilots,,,special-thanks,SPECIAL THANKS/Pilots#4398
halo-infinite,3217,Carrington 'FootedPanda' Martin,,Special Thanks,Pilots,,,special-thanks,SPECIAL THANKS/Pilots#4399
halo-infinite,3218,Antonio Ignacio Martínez,,Special Thanks,Pilots,,,special-thanks,SPECIAL THANKS/Pilots#4400
halo-infinite,3219,Andy 'Mystery' McCabe,,Special Thanks,Pilots,,,special-thanks,SPECIAL THANKS/Pilots#4401
halo-infinite,3220,Matt 'Matty McDee' McDonald,,Special Thanks,Pilots,,,special-thanks,SPECIAL THANKS/Pilots#4402
halo-infinite,3221,Craig 'AshamanND' McMorland,,Special Thanks,Pilots,,,special-thanks,SPECIAL THANKS/Pilots#4403
halo-infinite,3222,Amy 'Enforcer 3ID' Mendel,,Special Thanks,Pilots,,,special-thanks,SPECIAL THANKS/Pilots#4404
halo-infinite,3223,Alex 'Goldenboy' Mendez,,Special Thanks,Pilots,,,special-thanks,SPECIAL THANKS/Pilots#4405
halo-infinite,3224,Remy 'Mint Blitz' Nadj,,Special Thanks,Pilots,,,special-thanks,SPECIAL THANKS/Pilots#4406
halo-infinite,3225,Ramon 'PXB' Nakamura,,Special Thanks,Pilots,,,special-thanks,SPECIAL THANKS/Pilots#4407
halo-infinite,3226,Joe Nichols,,Special Thanks,Pilots,,,special-thanks,SPECIAL THANKS/Pilots#4408
halo-infinite,3227,Jorge 'ATOMICJORGE' Orozco Salazar,,Special Thanks,Pilots,,,special-thanks,SPECIAL THANKS/Pilots#4409
halo-infinite,3228,Travis 'harlem' Pope,,Special Thanks,Pilots,,,special-thanks,SPECIAL THANKS/Pilots#4410
halo-infinite,3229,Zac 'aka Scratch' Pratt,,Special Thanks,Pilots,,,special-thanks,SPECIAL THANKS/Pilots#4411
halo-infinite,3230,Kase 'NoWise10' Radtke,,Special Thanks,Pilots,,,special-thanks,SPECIAL THANKS/Pilots#4412
halo-infinite,3231,Josiah 'NadeGod' Robertson,,Special Thanks,Pilots,,,special-thanks,SPECIAL THANKS/Pilots#4413
halo-infinite,3232,Chris 'DeafGamersTV' Robinson,,Special Thanks,Pilots,,,special-thanks,SPECIAL THANKS/Pilots#4414
halo-infinite,3233,Vladimir 'v0van145' Schinnikov,,Special Thanks,Pilots,,,special-thanks,SPECIAL THANKS/Pilots#4415
halo-infinite,3234,Dhayana Sena,,Special Thanks,Pilots,,,special-thanks,SPECIAL THANKS/Pilots#4416
halo-infinite,3235,Richie ''SherzyOne'' Sheridan,,Special Thanks,Pilots,,,special-thanks,SPECIAL THANKS/Pilots#4417
halo-infinite,3236,Kirsten 'Kirsty4Blood' Shipley,,Special Thanks,Pilots,,,special-thanks,SPECIAL THANKS/Pilots#4418
halo-infinite,3237,Alexis Smith,,Special Thanks,Pilots,,,special-thanks,SPECIAL THANKS/Pilots#4419
halo-infinite,3238,Guy 'Blaze' Spencer,,Special Thanks,Pilots,,,special-thanks,SPECIAL THANKS/Pilots#4420
halo-infinite,3239,Matthew Stark,,Special Thanks,Pilots,,,special-thanks,SPECIAL THANKS/Pilots#4421
halo-infinite,3240,Rich 'TrueAchievements' Stone,,Special Thanks,Pilots,,,special-thanks,SPECIAL THANKS/Pilots#4422
halo-infinite,3241,Mike 'Fenris447' Sullivan,,Special Thanks,Pilots,,,special-thanks,SPECIAL THANKS/Pilots#4423
halo-infinite,3242,Paul 'Ka Five' Swiers,,Special Thanks,Pilots,,,special-thanks,SPECIAL THANKS/Pilots#4424
halo-infinite,3243,Harry 'Lethal' Thomas,,Special Thanks,Pilots,,,special-thanks,SPECIAL THANKS/Pilots#4425
halo-infinite,3244,Dan 'dani5639' Ur.,,Special Thanks,Pilots,,,special-thanks,SPECIAL THANKS/Pilots#4426
halo-infinite,3245,William David Voelkel,,Special Thanks,Pilots,,,special-thanks,SPECIAL THANKS/Pilots#4427
halo-infinite,3246,Paul 'Soterios' Wareheim,,Special Thanks,Pilots,,,special-thanks,SPECIAL THANKS/Pilots#4428
halo-infinite,3247,Kevin 'AestheticaL' Weiler,,Special Thanks,Pilots,,,special-thanks,SPECIAL THANKS/Pilots#4429
halo-infinite,3248,Ryan 'RyanWXH' Weir,,Special Thanks,Pilots,,,special-thanks,SPECIAL THANKS/Pilots#4430
halo-infinite,3249,Trenton 'Chimera30' Woodham,,Special Thanks,Pilots,,,special-thanks,SPECIAL THANKS/Pilots#4431
halo-infinite,3250,Eva 'Oddball' Wulf,,Special Thanks,Pilots,,,special-thanks,SPECIAL THANKS/Pilots#4432
halo-infinite,3251,Jereld Yaussi,,Special Thanks,Pilots,,,special-thanks,SPECIAL THANKS/Pilots#4433
halo-infinite,3252,Emanuela 'Zatomas' Zaccone,,Special Thanks,Pilots,,,special-thanks,SPECIAL THANKS/Pilots#4434
halo-infinite,3253,Joshua 'GreenKnight' Zeller,,Special Thanks,Pilots,,,special-thanks,SPECIAL THANKS/Pilots#4435
halo-infinite,3254,aceattorney,,Special Thanks,Pilots,,,special-thanks,SPECIAL THANKS/Pilots#4436
halo-infinite,3255,TenEighteen (Cobb),,Special Thanks,Pilots,,,special-thanks,SPECIAL THANKS/Pilots#4437
halo-infinite,3256,Veronickuh,,Special Thanks,Pilots,,,special-thanks,SPECIAL THANKS/Pilots#4438
halo-infinite,3257,Taquin 'TheReachWay',,Special Thanks,Pilots,,,special-thanks,SPECIAL THANKS/Pilots#4439
halo-infinite,3258,Nick 'Sp00nerism',,Special Thanks,Pilots,,,special-thanks,SPECIAL THANKS/Pilots#4440
halo-infinite,3259,Kebabkongen,,Special Thanks,Pilots,,,special-thanks,SPECIAL THANKS/Pilots#4441
halo-infinite,3260,Simms,,Special Thanks,Pilots,,,special-thanks,SPECIAL THANKS/Pilots#4442
halo-infinite,3261,Yenzer,,Special Thanks,Pilots,,,special-thanks,SPECIAL THANKS/Pilots#4443
halo-infinite,3262,Peench,,Special Thanks,Pilots,,,special-thanks,SPECIAL THANKS/Pilots#4444
halo-infinite,3263,Justin 'EckhartsLadder',,Special Thanks,Pilots,,,special-thanks,SPECIAL THANKS/Pilots#4445
halo-infinite,3264,Luc 'HiddenXperia',,Special Thanks,Pilots,,,special-thanks,SPECIAL THANKS/Pilots#4446
halo-infinite,3265,Real Life Spartan,,Special Thanks,Pilots,,,special-thanks,SPECIAL THANKS/Pilots#4447
halo-infinite,3266,SightlessKombat,,Special Thanks,Pilots,,,special-thanks,SPECIAL THANKS/Pilots#4448
halo-infinite,3267,WPAK,,Special Thanks,Pilots,,,special-thanks,SPECIAL THANKS/Pilots#4449
halo-infinite,3268,Eli X,,Special Thanks,Pilots,,,special-thanks,SPECIAL THANKS/Pilots#4450
halo-infinite,3269,Walshy,,Special Thanks,Pilots,,,special-thanks,SPECIAL THANKS/Pilots#4451
halo-infinite,3270,Chris 'Leftybrown',,Special Thanks,Pilots,,,special-thanks,SPECIAL THANKS/Pilots#4452
halo-infinite,3271,Pyrosplayhouse,,Special Thanks,Pilots,,,special-thanks,SPECIAL THANKS/Pilots#4453
halo-infinite,3272,Emericagirl24,,Special Thanks,Pilots,,,special-thanks,SPECIAL THANKS/Pilots#4454
halo-infinite,3273,Kyle Dolan,,Special Thanks,FRANCHISE,,,special-thanks,SPECIAL THANKS/FRANCHISE#4457
halo-infinite,3274,Andrew Dudynsky,,Special Thanks,FRANCHISE,,,special-thanks,SPECIAL THANKS/FRANCHISE#4458
halo-infinite,3275,Sarah Bond,,Leadership,GAMING LEADERSHIP TEAM,,,special-thanks,SPECIAL THANKS/GAMING LEADERSHIP TEAM#4461
halo-infinite,3276,Matt Booty,,Leadership,GAMING LEADERSHIP TEAM,,,special-thanks,SPECIAL THANKS/GAMING LEADERSHIP TEAM#4462
halo-infinite,3277,Kareem Choudry,,Leadership,GAMING LEADERSHIP TEAM,,,special-thanks,SPECIAL THANKS/GAMING LEADERSHIP TEAM#4463
halo-infinite,3278,Liz Hamren,,Leadership,GAMING LEADERSHIP TEAM,,,special-thanks,SPECIAL THANKS/GAMING LEADERSHIP TEAM#4464
halo-infinite,3279,Sharman Mailloux Sosa,,Leadership,GAMING LEADERSHIP TEAM,,,special-thanks,SPECIAL THANKS/GAMING LEADERSHIP TEAM#4465
halo-infinite,3280,Dave McCarthy,,Leadership,GAMING LEADERSHIP TEAM,,,special-thanks,SPECIAL THANKS/GAMING LEADERSHIP TEAM#4466
halo-infinite,3281,Linda Norman,,Leadership,GAMING LEADERSHIP TEAM,,,special-thanks,SPECIAL THANKS/GAMING LEADERSHIP TEAM#4467
halo-infinite,3282,Toni Philbrick,,Leadership,GAMING LEADERSHIP TEAM,,,special-thanks,SPECIAL THANKS/GAMING LEADERSHIP TEAM#4468
halo-infinite,3283,Phil Spencer,,Leadership,GAMING LEADERSHIP TEAM,,,special-thanks,SPECIAL THANKS/GAMING LEADERSHIP TEAM#4469
halo-infinite,3284,Tim Stuart,,Leadership,GAMING LEADERSHIP TEAM,,,special-thanks,SPECIAL THANKS/GAMING LEADERSHIP TEAM#4470
halo-infinite,3285,Lori Wright,,Leadership,GAMING LEADERSHIP TEAM,,,special-thanks,SPECIAL THANKS/GAMING LEADERSHIP TEAM#4471
halo-infinite,3286,Haiyan Zhang,,Leadership,GAMING LEADERSHIP TEAM,,,special-thanks,SPECIAL THANKS/GAMING LEADERSHIP TEAM#4472
halo-infinite,3287,Maxime Auger,,Special Thanks,GNET Agency,,,special-thanks,SPECIAL THANKS/GNET Agency#4476
halo-infinite,3288,Charles Burrell,,Special Thanks,GNET Agency,,,special-thanks,SPECIAL THANKS/GNET Agency#4477
halo-infinite,3289,Jordan Crabtree,,Special Thanks,GNET Agency,,,special-thanks,SPECIAL THANKS/GNET Agency#4478
halo-infinite,3290,Taja Davis,,Special Thanks,GNET Agency,,,special-thanks,SPECIAL THANKS/GNET Agency#4479
halo-infinite,3291,Niko DeMordaunt,,Special Thanks,GNET Agency,,,special-thanks,SPECIAL THANKS/GNET Agency#4480
halo-infinite,3292,Crystal Dugan,,Special Thanks,GNET Agency,,,special-thanks,SPECIAL THANKS/GNET Agency#4481
halo-infinite,3293,Chris DuMont,,Special Thanks,GNET Agency,,,special-thanks,SPECIAL THANKS/GNET Agency#4482
halo-infinite,3294,Brian Fuller,,Special Thanks,GNET Agency,,,special-thanks,SPECIAL THANKS/GNET Agency#4483
halo-infinite,3295,David Getson,,Special Thanks,GNET Agency,,,special-thanks,SPECIAL THANKS/GNET Agency#4484
halo-infinite,3296,David Guida,,Special Thanks,GNET Agency,,,special-thanks,SPECIAL THANKS/GNET Agency#4485
halo-infinite,3297,Shelby Hill,,Special Thanks,GNET Agency,,,special-thanks,SPECIAL THANKS/GNET Agency#4486
halo-infinite,3298,Brandon King,,Special Thanks,GNET Agency,,,special-thanks,SPECIAL THANKS/GNET Agency#4487
halo-infinite,3299,Lindsey Kohon,,Special Thanks,GNET Agency,,,special-thanks,SPECIAL THANKS/GNET Agency#4488
halo-infinite,3300,Julia LaJuett,,Special Thanks,GNET Agency,,,special-thanks,SPECIAL THANKS/GNET Agency#4489
halo-infinite,3301,Laurel Miller,,Special Thanks,GNET Agency,,,special-thanks,SPECIAL THANKS/GNET Agency#4490
halo-infinite,3302,Andy Mitchell,,Special Thanks,GNET Agency,,,special-thanks,SPECIAL THANKS/GNET Agency#4491
halo-infinite,3303,David Moodie,,Special Thanks,GNET Agency,,,special-thanks,SPECIAL THANKS/GNET Agency#4492
halo-infinite,3304,Mikey Pendola,,Special Thanks,GNET Agency,,,special-thanks,SPECIAL THANKS/GNET Agency#4493
halo-infinite,3305,Jason Peterson,,Special Thanks,GNET Agency,,,special-thanks,SPECIAL THANKS/GNET Agency#4494
halo-infinite,3306,Derek Ptacnik,,Special Thanks,GNET Agency,,,special-thanks,SPECIAL THANKS/GNET Agency#4495
halo-infinite,3307,John Rosenberg,,Special Thanks,GNET Agency,,,special-thanks,SPECIAL THANKS/GNET Agency#4496
halo-infinite,3308,Charles Samson,,Special Thanks,GNET Agency,,,special-thanks,SPECIAL THANKS/GNET Agency#4497
halo-infinite,3309,Erik Shoquist,,Special Thanks,GNET Agency,,,special-thanks,SPECIAL THANKS/GNET Agency#4498
halo-infinite,3310,Thad Tobin,,Special Thanks,GNET Agency,,,special-thanks,SPECIAL THANKS/GNET Agency#4499
halo-infinite,3311,J. Michael Vargas,,Special Thanks,GNET Agency,,,special-thanks,SPECIAL THANKS/GNET Agency#4500
halo-infinite,3312,Katie Vargas,,Special Thanks,GNET Agency,,,special-thanks,SPECIAL THANKS/GNET Agency#4501
halo-infinite,3313,Brenna von Kleist,,Special Thanks,GNET Agency,,,special-thanks,SPECIAL THANKS/GNET Agency#4502
halo-infinite,3314,Will Wygal,,Special Thanks,GNET Agency,,,special-thanks,SPECIAL THANKS/GNET Agency#4503
halo-infinite,3315,Ten Gun Design,,Publishing,Marketing would also like to thank,,,special-thanks,SPECIAL THANKS/Marketing would also like to thank#4506
halo-infinite,3316,TripleClix,,Publishing,Marketing would also like to thank,,,special-thanks,SPECIAL THANKS/Marketing would also like to thank#4507
halo-infinite,3317,Maggie Adams,,Publishing,Xbox Game Pass Marketing,,,special-thanks,SPECIAL THANKS/Xbox Game Pass Marketing#4510
halo-infinite,3318,Bree Adams,,Publishing,Xbox Game Pass Marketing,,,special-thanks,SPECIAL THANKS/Xbox Game Pass Marketing#4511
halo-infinite,3319,Ryan Cameron,,Publishing,Xbox Game Pass Marketing,,,special-thanks,SPECIAL THANKS/Xbox Game Pass Marketing#4512
halo-infinite,3320,James Campbell,,Publishing,Xbox Game Pass Marketing,,,special-thanks,SPECIAL THANKS/Xbox Game Pass Marketing#4513
halo-infinite,3321,Cary Chen,,Publishing,Xbox Game Pass Marketing,,,special-thanks,SPECIAL THANKS/Xbox Game Pass Marketing#4514
halo-infinite,3322,Jon DeLodder,,Publishing,Xbox Game Pass Marketing,,,special-thanks,SPECIAL THANKS/Xbox Game Pass Marketing#4515
halo-infinite,3323,Maxi Graeff,,Publishing,Xbox Game Pass Marketing,,,special-thanks,SPECIAL THANKS/Xbox Game Pass Marketing#4516
halo-infinite,3324,Jeremy Hinton,,Publishing,Xbox Game Pass Marketing,,,special-thanks,SPECIAL THANKS/Xbox Game Pass Marketing#4517
halo-infinite,3325,Chris Julius,,Publishing,Xbox Game Pass Marketing,,,special-thanks,SPECIAL THANKS/Xbox Game Pass Marketing#4518
halo-infinite,3326,Naxla Mina Sayeg,,Publishing,Xbox Game Pass Marketing,,,special-thanks,SPECIAL THANKS/Xbox Game Pass Marketing#4519
halo-infinite,3327,Laura Morgan,,Publishing,Xbox Game Pass Marketing,,,special-thanks,SPECIAL THANKS/Xbox Game Pass Marketing#4520
halo-infinite,3328,Tina Painton Clark,,Publishing,Xbox Game Pass Marketing,,,special-thanks,SPECIAL THANKS/Xbox Game Pass Marketing#4521
halo-infinite,3329,Mark Rosasco,,Publishing,Xbox Game Pass Marketing,,,special-thanks,SPECIAL THANKS/Xbox Game Pass Marketing#4522
halo-infinite,3330,Jim Urbaitis,,Publishing,Xbox Game Pass Marketing,,,special-thanks,SPECIAL THANKS/Xbox Game Pass Marketing#4523
halo-infinite,3331,Cindy Walker,,Publishing,Xbox Game Pass Marketing,,,special-thanks,SPECIAL THANKS/Xbox Game Pass Marketing#4524
halo-infinite,3332,Joseph Heinz,,Special Thanks,MSIT,,,special-thanks,SPECIAL THANKS/MSIT#4527
halo-infinite,3333,Jackie Calder,,Publishing,PUBLIC RELATIONS,,"ASSEMBLY MEDIA, INC",special-thanks,SPECIAL THANKS/PUBLIC RELATIONS#4530
halo-infinite,3334,Shon Damron,,Publishing,PUBLIC RELATIONS,,,special-thanks,SPECIAL THANKS/PUBLIC RELATIONS#4531
halo-infinite,3335,Lisa Fields,,Publishing,PUBLIC RELATIONS,,,special-thanks,SPECIAL THANKS/PUBLIC RELATIONS#4532
halo-infinite,3336,Riley Muse,,Publishing,PUBLIC RELATIONS,,"ASSEMBLY MEDIA, INC",special-thanks,SPECIAL THANKS/PUBLIC RELATIONS#4533
halo-infinite,3337,Sara Nielsen,,Publishing,PUBLIC RELATIONS,,"ASSEMBLY MEDIA, INC",special-thanks,SPECIAL THANKS/PUBLIC RELATIONS#4534
halo-infinite,3338,Regan O'Leary,,Publishing,PUBLIC RELATIONS,,,special-thanks,SPECIAL THANKS/PUBLIC RELATIONS#4535
halo-infinite,3339,James Reilly,,Publishing,PUBLIC RELATIONS,,"ASSEMBLY MEDIA, INC",special-thanks,SPECIAL THANKS/PUBLIC RELATIONS#4536
halo-infinite,3340,Jason Suh,,Publishing,PUBLIC RELATIONS,,"ASSEMBLY MEDIA, INC",special-thanks,SPECIAL THANKS/PUBLIC RELATIONS#4537
halo-infinite,3341,David Hufford,,Publishing,Public Relations Management,,,special-thanks,SPECIAL THANKS/Public Relations Management#4540
halo-infinite,3342,Sean Morgan,,Publishing,Public Relations Management,,,special-thanks,SPECIAL THANKS/Public Relations Management#4541
halo-infinite,3343,Kari Perez,,Publishing,Public Relations Management,,,special-thanks,SPECIAL THANKS/Public Relations Management#4542
halo-infinite,3344,Emil Rodriguez,,Publishing,Public Relations Management,,,special-thanks,SPECIAL THANKS/Public Relations Management#4543
halo-infinite,3345,Jeff Rubenstein,,Publishing,Public Relations Management,,,special-thanks,SPECIAL THANKS/Public Relations Management#4544
halo-infinite,3346,Lilliolani P Blazier,,Publishing,PUBLISHING,,,special-thanks,SPECIAL THANKS/PUBLISHING#4547
halo-infinite,3347,Adam Callens,,Publishing,PUBLISHING,,,special-thanks,SPECIAL THANKS/PUBLISHING#4548
halo-infinite,3348,Jeremy Cook,,Publishing,PUBLISHING,,,special-thanks,SPECIAL THANKS/PUBLISHING#4549
halo-infinite,3349,Matthew Jordan,,Publishing,PUBLISHING,,EXPERIS,special-thanks,SPECIAL THANKS/PUBLISHING#4550
halo-infinite,3350,Toros Köse,,Publishing,PUBLISHING,,,special-thanks,SPECIAL THANKS/PUBLISHING#4551
halo-infinite,3351,Travis Rivera,,Publishing,PUBLISHING,,NEAL ANALYTICS LLC,special-thanks,SPECIAL THANKS/PUBLISHING#4552
halo-infinite,3352,Estelle Skeels,,Publishing,PUBLISHING,,,special-thanks,SPECIAL THANKS/PUBLISHING#4553
halo-infinite,3353,Ian Stevens,,Publishing,PUBLISHING,,HANSON CONSULTING GROUP,special-thanks,SPECIAL THANKS/PUBLISHING#4554
halo-infinite,3354,Olivia Volarich,,Publishing,PUBLISHING,,,special-thanks,SPECIAL THANKS/PUBLISHING#4555
halo-infinite,3355,Zachary Bohnenkamp,,QA,Studios Quality,,EXPERIS,special-thanks,SPECIAL THANKS/Studios Quality#4558
halo-infinite,3356,Jeff Guyton,,QA,Studios Quality,,INSIGHT GLOBAL,special-thanks,SPECIAL THANKS/Studios Quality#4559
halo-infinite,3357,Mark Medlock,,QA,Studios Quality,,EXPERIS,special-thanks,SPECIAL THANKS/Studios Quality#4560
halo-infinite,3358,Aaron Brindell,,Special Thanks,EXPERIS,,,special-thanks,SPECIAL THANKS/EXPERIS#4563
halo-infinite,3359,Sean Clarke Jr.,,Special Thanks,EXPERIS,,,special-thanks,SPECIAL THANKS/EXPERIS#4564
halo-infinite,3360,Frank Criscione,,Special Thanks,EXPERIS,,,special-thanks,SPECIAL THANKS/EXPERIS#4565
halo-infinite,3361,Erica Davis,,Special Thanks,EXPERIS,,,special-thanks,SPECIAL THANKS/EXPERIS#4566
halo-infinite,3362,Paul Gradwohl,,Special Thanks,EXPERIS,,,special-thanks,SPECIAL THANKS/EXPERIS#4567
halo-infinite,3363,Aaron Ingram,,Special Thanks,EXPERIS,,,special-thanks,SPECIAL THANKS/EXPERIS#4568
halo-infinite,3364,Gavin Kennedy,,Special Thanks,EXPERIS,,,special-thanks,SPECIAL THANKS/EXPERIS#4569
halo-infinite,3365,Julie Loucks,,Special Thanks,EXPERIS,,,special-thanks,SPECIAL THANKS/EXPERIS#4570
halo-infinite,3366,Theresa Pudenz,,Special Thanks,EXPERIS,,,special-thanks,SPECIAL THANKS/EXPERIS#4571
halo-infinite,3367,Lucas Rathburn,,Special Thanks,EXPERIS,,,special-thanks,SPECIAL THANKS/EXPERIS#4572
halo-infinite,3368,Carol Stearns,,Special Thanks,EXPERIS,,,special-thanks,SPECIAL THANKS/EXPERIS#4573
halo-infinite,3369,Clay Jensen,,Special Thanks,Strategy,,,special-thanks,SPECIAL THANKS/Strategy#4576
halo-infinite,3370,Nick Chiang,,Special Thanks,TRANSMEDIA,,,special-thanks,SPECIAL THANKS/TRANSMEDIA#4579
halo-infinite,3371,Elizabeth T Duong,,Special Thanks,TRANSMEDIA,,,special-thanks,SPECIAL THANKS/TRANSMEDIA#4580
halo-infinite,3372,Sean Michael Jordan,,Special Thanks,TRANSMEDIA,,,special-thanks,SPECIAL THANKS/TRANSMEDIA#4581
halo-infinite,3373,Adam Wong,,Special Thanks,TRANSMEDIA,,,special-thanks,SPECIAL THANKS/TRANSMEDIA#4582
halo-infinite,3374,David Camp,,Special Thanks,IT,,RYLEM,special-thanks,SPECIAL THANKS/IT#4585
halo-infinite,3375,Kevin Capotosto,,Special Thanks,IT,,TEKSYSTEMS INC,special-thanks,SPECIAL THANKS/IT#4586
halo-infinite,3376,Ryan Carver,,Special Thanks,IT,,YOH SERVICES LLC,special-thanks,SPECIAL THANKS/IT#4587
halo-infinite,3377,Dennis Chanthabouly,,Special Thanks,IT,,APEX SYSTEMS,special-thanks,SPECIAL THANKS/IT#4588
halo-infinite,3378,Ken Fagan,,Special Thanks,IT,,APEX SYSTEMS,special-thanks,SPECIAL THANKS/IT#4589
halo-infinite,3379,Daniel Grade,,Special Thanks,IT,,YOH SERVICES LLC,special-thanks,SPECIAL THANKS/IT#4590
halo-infinite,3380,Ali Ha,,Special Thanks,IT,,YEAR UP INC,special-thanks,SPECIAL THANKS/IT#4591
halo-infinite,3381,Chris Hendrickson,,Special Thanks,IT,,CYPRESS HCM,special-thanks,SPECIAL THANKS/IT#4592
halo-infinite,3382,Austin Kongmanivong,,Special Thanks,IT,,YEAR UP INC,special-thanks,SPECIAL THANKS/IT#4593
halo-infinite,3383,Jonathan Kuang,,Special Thanks,IT,,YEAR UP INC,special-thanks,SPECIAL THANKS/IT#4594
halo-infinite,3384,Jake McCauley,,Special Thanks,IT,,ARTECH,special-thanks,SPECIAL THANKS/IT#4595
halo-infinite,3385,Montana Mon,,Special Thanks,IT,,YEAR UP INC,special-thanks,SPECIAL THANKS/IT#4596
halo-infinite,3386,David Normatov,,Special Thanks,IT,,COLLABERA,special-thanks,SPECIAL THANKS/IT#4597
halo-infinite,3387,Cyn Parsons,,Special Thanks,IT,,INSIGHT GLOBAL,special-thanks,SPECIAL THANKS/IT#4598
halo-infinite,3388,Daniel Richardson,,Special Thanks,IT,,TEKSYSTEMS INC,special-thanks,SPECIAL THANKS/IT#4599
halo-infinite,3389,Michael Tupis,,Special Thanks,IT,,APEX SYSTEMS,special-thanks,SPECIAL THANKS/IT#4600
halo-infinite,3390,Russ Watson,,Special Thanks,IT,,APEX SYSTEMS,special-thanks,SPECIAL THANKS/IT#4601
halo-infinite,3391,Jae K. Easley,,Production,Consumer Products,,DISYS,special-thanks,SPECIAL THANKS/Consumer Products#4604
halo-infinite,3392,Tony Hau,,Production,Content Production,,,special-thanks,SPECIAL THANKS/Content Production#4607
halo-infinite,3393,Liz Ostasiewsk,,Production,Content Production,,INSIGHT GLOBAL,special-thanks,SPECIAL THANKS/Content Production#4608
halo-infinite,3394,Michael Sternoff,,Production,Content Production,,,special-thanks,SPECIAL THANKS/Content Production#4609
halo-infinite,3395,Toni Wigant,,Production,Content Production,,INSIGHT GLOBAL,special-thanks,SPECIAL THANKS/Content Production#4610
halo-infinite,3396,David Boker,,Publishing,XBOX GAME STUDIOS,,,special-thanks,SPECIAL THANKS/XBOX GAME STUDIOS#4613
halo-infinite,3397,Jill Braff,,Publishing,XBOX GAME STUDIOS,,,special-thanks,SPECIAL THANKS/XBOX GAME STUDIOS#4614
halo-infinite,3398,Daniel Correa de Toledo,,Publishing,XBOX GAME STUDIOS,,,special-thanks,SPECIAL THANKS/XBOX GAME STUDIOS#4615
halo-infinite,3399,Margaret Healy,,Publishing,XBOX GAME STUDIOS,,,special-thanks,SPECIAL THANKS/XBOX GAME STUDIOS#4616
halo-infinite,3400,Mary McGuane,,Publishing,XBOX GAME STUDIOS,,,special-thanks,SPECIAL THANKS/XBOX GAME STUDIOS#4617
halo-infinite,3401,Alex Fleet,,Publishing,XBOX MARKETING,,,special-thanks,SPECIAL THANKS/XBOX MARKETING#4620
halo-infinite,3402,Aaron Greenberg,,Publishing,XBOX MARKETING,,,special-thanks,SPECIAL THANKS/XBOX MARKETING#4621
halo-infinite,3403,Jenny Miller,,Publishing,XBOX MARKETING,,,special-thanks,SPECIAL THANKS/XBOX MARKETING#4622
halo-infinite,3404,Diarmuid Murphy,,Publishing,XBOX MARKETING,,,special-thanks,SPECIAL THANKS/XBOX MARKETING#4623
halo-infinite,3405,Taylor Smith,,Publishing,XBOX MARKETING,,,special-thanks,SPECIAL THANKS/XBOX MARKETING#4624
halo-infinite,3406,Jerret West,,Publishing,XBOX MARKETING,,,special-thanks,SPECIAL THANKS/XBOX MARKETING#4625
halo-infinite,3407,Dan Casey,,Publishing,XBOX STUDIOS SERVICES,,,special-thanks,SPECIAL THANKS/XBOX STUDIOS SERVICES#4628
halo-infinite,3408,Matt Cookson,,Special Thanks,Development,,,special-thanks,SPECIAL THANKS/Development#4631
halo-infinite,3409,Peter Giffin,,Special Thanks,Development,,,special-thanks,SPECIAL THANKS/Development#4632
halo-infinite,3410,Jeremy Hall,,Special Thanks,Development,,,special-thanks,SPECIAL THANKS/Development#4633
halo-infinite,3411,Tony Park,,Special Thanks,Development,,,special-thanks,SPECIAL THANKS/Development#4634
halo-infinite,3412,Nilesh Thakkar,,Special Thanks,Development,,,special-thanks,SPECIAL THANKS/Development#4635
halo-infinite,3413,Phillip Lucas,,Special Thanks,Tooling,,,special-thanks,SPECIAL THANKS/Tooling#4638
halo-infinite,3414,Ben Richeson,,Special Thanks,Security,,,special-thanks,SPECIAL THANKS/Security#4641
halo-infinite,3415,Adewunmi Ademule,,Special Thanks,IT/OPS,,,special-thanks,SPECIAL THANKS/IT/OPS#4644
halo-infinite,3416,Evaristo Barraza Perez,,Special Thanks,IT/OPS,,,special-thanks,SPECIAL THANKS/IT/OPS#4645
halo-infinite,3417,Jason Hawks,,Special Thanks,IT/OPS,,,special-thanks,SPECIAL THANKS/IT/OPS#4646
halo-infinite,3418,Dylan Moline,,Special Thanks,IT/OPS,,,special-thanks,SPECIAL THANKS/IT/OPS#4647
halo-infinite,3419,Tom Verdi,,Special Thanks,IT/OPS,,,special-thanks,SPECIAL THANKS/IT/OPS#4648
halo-infinite,3420,Jason Watson,,Special Thanks,IT/OPS,,,special-thanks,SPECIAL THANKS/IT/OPS#4649
halo-infinite,3421,Lori Ada Kilty,,Special Thanks,Central Program Management,,,special-thanks,SPECIAL THANKS/Central Program Management#4652
halo-infinite,3422,Sean Choi,,Special Thanks,Central Program Management,,,special-thanks,SPECIAL THANKS/Central Program Management#4653
halo-infinite,3423,Michael David,,Special Thanks,Central Program Management,,,special-thanks,SPECIAL THANKS/Central Program Management#4654
halo-infinite,3424,Joe Djorgee,,Special Thanks,Central Program Management,,,special-thanks,SPECIAL THANKS/Central Program Management#4655
halo-infinite,3425,Lorien Gremore,,Special Thanks,Central Program Management,,,special-thanks,SPECIAL THANKS/Central Program Management#4656
halo-infinite,3426,Jim Pekola,,Special Thanks,Central Program Management,,,special-thanks,SPECIAL THANKS/Central Program Management#4657
halo-infinite,3427,Sean Sheffer,,Special Thanks,Central Program Management,,,special-thanks,SPECIAL THANKS/Central Program Management#4658
halo-infinite,3428,Laura Hamilton,,Special Thanks,Age Rating Submissions / ESRB,,,special-thanks,SPECIAL THANKS/Age Rating Submissions / ESRB#4661
halo-infinite,3429,Dan Landeck,,Special Thanks,Age Rating Submissions / ESRB,,,special-thanks,SPECIAL THANKS/Age Rating Submissions / ESRB#4662
halo-infinite,3430,Esteban Lora,,Special Thanks,External Technology & Suppliers Team,,,special-thanks,SPECIAL THANKS/External Technology & Suppliers Team#4665
halo-infinite,3431,Sam Carlisle,,Special Thanks,External Technology & Suppliers Team,,,special-thanks,SPECIAL THANKS/External Technology & Suppliers Team#4666
halo-infinite,3432,Jeff McCrory,,Special Thanks,External Technology & Suppliers Team,,,special-thanks,SPECIAL THANKS/External Technology & Suppliers Team#4667
halo-infinite,3433,Monisha Monikantarajan,,Special Thanks,External Technology & Suppliers Team,,,special-thanks,SPECIAL THANKS/External Technology & Suppliers Team#4668
halo-infinite,3434,Madelynn Arny,,Production,PRODUCTION BABIES,,,babies,PRODUCTION BABIES/PRODUCTION BABIES#4672
halo-infinite,3435,Eloise Baron,,Production,PRODUCTION BABIES,,,babies,PRODUCTION BABIES/PRODUCTION BABIES#4673
halo-infinite,3436,Aurora Braun,,Production,PRODUCTION BABIES,,,babies,PRODUCTION BABIES/PRODUCTION BABIES#4674
halo-infinite,3437,Ellie Cagle,,Production,PRODUCTION BABIES,,,babies,PRODUCTION BABIES/PRODUCTION BABIES#4675
halo-infinite,3438,Katherine Christy,,Production,PRODUCTION BABIES,,,babies,PRODUCTION BABIES/PRODUCTION BABIES#4676
halo-infinite,3439,Lumen Daugherty,,Production,PRODUCTION BABIES,,,babies,PRODUCTION BABIES/PRODUCTION BABIES#4677
halo-infinite,3440,Owen “Post-it” Davis,,Production,PRODUCTION BABIES,,,babies,PRODUCTION BABIES/PRODUCTION BABIES#4678
halo-infinite,3441,Leon Diaz,,Production,PRODUCTION BABIES,,,babies,PRODUCTION BABIES/PRODUCTION BABIES#4679
halo-infinite,3442,Callan Dociu,,Production,PRODUCTION BABIES,,,babies,PRODUCTION BABIES/PRODUCTION BABIES#4680
halo-infinite,3443,Liam Donelson,,Production,PRODUCTION BABIES,,,babies,PRODUCTION BABIES/PRODUCTION BABIES#4681
halo-infinite,3444,Ryan Donelson,,Production,PRODUCTION BABIES,,,babies,PRODUCTION BABIES/PRODUCTION BABIES#4682
halo-infinite,3445,Bennett Doughty,,Production,PRODUCTION BABIES,,,babies,PRODUCTION BABIES/PRODUCTION BABIES#4683
halo-infinite,3446,Aiden Dunnington,,Production,PRODUCTION BABIES,,,babies,PRODUCTION BABIES/PRODUCTION BABIES#4684
halo-infinite,3447,Cora Ellis,,Production,PRODUCTION BABIES,,,babies,PRODUCTION BABIES/PRODUCTION BABIES#4685
halo-infinite,3448,Enzo Gaeta,,Production,PRODUCTION BABIES,,,babies,PRODUCTION BABIES/PRODUCTION BABIES#4686
halo-infinite,3449,Calum Gordon,,Production,PRODUCTION BABIES,,,babies,PRODUCTION BABIES/PRODUCTION BABIES#4687
halo-infinite,3450,Jeffrey (Babytime) Guy III,,Production,PRODUCTION BABIES,,,babies,PRODUCTION BABIES/PRODUCTION BABIES#4688
halo-infinite,3451,Mara H.,,Production,PRODUCTION BABIES,,,babies,PRODUCTION BABIES/PRODUCTION BABIES#4689
halo-infinite,3452,Noa H.,,Production,PRODUCTION BABIES,,,babies,PRODUCTION BABIES/PRODUCTION BABIES#4690
halo-infinite,3453,Asher Hansen,,Production,PRODUCTION BABIES,,,babies,PRODUCTION BABIES/PRODUCTION BABIES#4691
halo-infinite,3454,Remi Mae Harrison,,Production,PRODUCTION BABIES,,,babies,PRODUCTION BABIES/PRODUCTION BABIES#4692
halo-infinite,3455,Wesley Heijster,,Production,PRODUCTION BABIES,,,babies,PRODUCTION BABIES/PRODUCTION BABIES#4693
halo-infinite,3456,Zoey Heijster,,Production,PRODUCTION BABIES,,,babies,PRODUCTION BABIES/PRODUCTION BABIES#4694
halo-infinite,3457,Liara Hoover,,Production,PRODUCTION BABIES,,,babies,PRODUCTION BABIES/PRODUCTION BABIES#4695
halo-infinite,3458,Cameron “Active Camo” Hui,,Production,PRODUCTION BABIES,,,babies,PRODUCTION BABIES/PRODUCTION BABIES#4696
halo-infinite,3459,Liliana Hui,,Production,PRODUCTION BABIES,,,babies,PRODUCTION BABIES/PRODUCTION BABIES#4697
halo-infinite,3460,Kiaan Jain,,Production,PRODUCTION BABIES,,,babies,PRODUCTION BABIES/PRODUCTION BABIES#4698
halo-infinite,3461,Camilla Marie Kangethe,,Production,PRODUCTION BABIES,,,babies,PRODUCTION BABIES/PRODUCTION BABIES#4699
halo-infinite,3462,Armaan Kanungo,,Production,PRODUCTION BABIES,,,babies,PRODUCTION BABIES/PRODUCTION BABIES#4700
halo-infinite,3463,Nora Kline,,Production,PRODUCTION BABIES,,,babies,PRODUCTION BABIES/PRODUCTION BABIES#4701
halo-infinite,3464,Lillian Krarup,,Production,PRODUCTION BABIES,,,babies,PRODUCTION BABIES/PRODUCTION BABIES#4702
halo-infinite,3465,Ollie Landers,,Production,PRODUCTION BABIES,,,babies,PRODUCTION BABIES/PRODUCTION BABIES#4703
halo-infinite,3466,Elliott Lennon Lewis,,Production,PRODUCTION BABIES,,,babies,PRODUCTION BABIES/PRODUCTION BABIES#4704
halo-infinite,3467,Andy LeVelle,,Production,PRODUCTION BABIES,,,babies,PRODUCTION BABIES/PRODUCTION BABIES#4705
halo-infinite,3468,Viraj Longiye,,Production,PRODUCTION BABIES,,,babies,PRODUCTION BABIES/PRODUCTION BABIES#4706
halo-infinite,3469,Lumi Marvel,,Production,PRODUCTION BABIES,,,babies,PRODUCTION BABIES/PRODUCTION BABIES#4707
halo-infinite,3470,Ember McWilliams-Thompson,,Production,PRODUCTION BABIES,,,babies,PRODUCTION BABIES/PRODUCTION BABIES#4708
halo-infinite,3471,Coen Meier,,Production,PRODUCTION BABIES,,,babies,PRODUCTION BABIES/PRODUCTION BABIES#4709
halo-infinite,3472,Ivan Minters,,Production,PRODUCTION BABIES,,,babies,PRODUCTION BABIES/PRODUCTION BABIES#4710
halo-infinite,3473,Elise Nellfors,,Production,PRODUCTION BABIES,,,babies,PRODUCTION BABIES/PRODUCTION BABIES#4711
halo-infinite,3474,Tyler Nollan,,Production,PRODUCTION BABIES,,,babies,PRODUCTION BABIES/PRODUCTION BABIES#4712
halo-infinite,3475,Leon Novajosky,,Production,PRODUCTION BABIES,,,babies,PRODUCTION BABIES/PRODUCTION BABIES#4713
halo-infinite,3476,Ella Ofer,,Production,PRODUCTION BABIES,,,babies,PRODUCTION BABIES/PRODUCTION BABIES#4714
halo-infinite,3477,Zaya Priester,,Production,PRODUCTION BABIES,,,babies,PRODUCTION BABIES/PRODUCTION BABIES#4715
halo-infinite,3478,Penelope Racine,,Production,PRODUCTION BABIES,,,babies,PRODUCTION BABIES/PRODUCTION BABIES#4716
halo-infinite,3479,Rohan Rana,,Production,PRODUCTION BABIES,,,babies,PRODUCTION BABIES/PRODUCTION BABIES#4717
halo-infinite,3480,Noah Reyes,,Production,PRODUCTION BABIES,,,babies,PRODUCTION BABIES/PRODUCTION BABIES#4718
halo-infinite,3481,Dylan Rosas,,Production,PRODUCTION BABIES,,,babies,PRODUCTION BABIES/PRODUCTION BABIES#4719
halo-infinite,3482,Felix Rosas,,Production,PRODUCTION BABIES,,,babies,PRODUCTION BABIES/PRODUCTION BABIES#4720
halo-infinite,3483,Romy Roth,,Production,PRODUCTION BABIES,,,babies,PRODUCTION BABIES/PRODUCTION BABIES#4721
halo-infinite,3484,Dean Rush,,Production,PRODUCTION BABIES,,,babies,PRODUCTION BABIES/PRODUCTION BABIES#4722
halo-infinite,3485,Claire Ryzebol,,Production,PRODUCTION BABIES,,,babies,PRODUCTION BABIES/PRODUCTION BABIES#4723
halo-infinite,3486,Luca Saeteurn,,Production,PRODUCTION BABIES,,,babies,PRODUCTION BABIES/PRODUCTION BABIES#4724
halo-infinite,3487,Westley Schuldt,,Production,PRODUCTION BABIES,,,babies,PRODUCTION BABIES/PRODUCTION BABIES#4725
halo-infinite,3488,Olivia Segall,,Production,PRODUCTION BABIES,,,babies,PRODUCTION BABIES/PRODUCTION BABIES#4726
halo-infinite,3489,Ellison Stone,,Production,PRODUCTION BABIES,,,babies,PRODUCTION BABIES/PRODUCTION BABIES#4727
halo-infinite,3490,Lilah Stone,,Production,PRODUCTION BABIES,,,babies,PRODUCTION BABIES/PRODUCTION BABIES#4728
halo-infinite,3491,Henry Temmerman,,Production,PRODUCTION BABIES,,,babies,PRODUCTION BABIES/PRODUCTION BABIES#4729
halo-infinite,3492,Eli Thompson,,Production,PRODUCTION BABIES,,,babies,PRODUCTION BABIES/PRODUCTION BABIES#4730
halo-infinite,3493,Alice Timmins,,Production,PRODUCTION BABIES,,,babies,PRODUCTION BABIES/PRODUCTION BABIES#4731
halo-infinite,3494,Ophelia Timmins,,Production,PRODUCTION BABIES,,,babies,PRODUCTION BABIES/PRODUCTION BABIES#4732
halo-infinite,3495,Logan Verrall,,Production,PRODUCTION BABIES,,,babies,PRODUCTION BABIES/PRODUCTION BABIES#4733
halo-infinite,3496,Douglas Watson,,Production,PRODUCTION BABIES,,,babies,PRODUCTION BABIES/PRODUCTION BABIES#4734
halo-infinite,3497,Johan Wentz,,Production,PRODUCTION BABIES,,,babies,PRODUCTION BABIES/PRODUCTION BABIES#4735
halo-infinite,3498,Simon Wentz,,Production,PRODUCTION BABIES,,,babies,PRODUCTION BABIES/PRODUCTION BABIES#4736
halo-infinite,3499,Gabriel White,,Production,PRODUCTION BABIES,,,babies,PRODUCTION BABIES/PRODUCTION BABIES#4737
halo-infinite,3500,Habiba Younas,,Production,PRODUCTION BABIES,,,babies,PRODUCTION BABIES/PRODUCTION BABIES#4738
halo-infinite,3501,Hafsa Younas,,Production,PRODUCTION BABIES,,,babies,PRODUCTION BABIES/PRODUCTION BABIES#4739
halo-infinite,3502,Robinson Young,,Production,PRODUCTION BABIES,,,babies,PRODUCTION BABIES/PRODUCTION BABIES#4740
halo-infinite,3503,Simon Young,,Production,PRODUCTION BABIES,,,babies,PRODUCTION BABIES/PRODUCTION BABIES#4741
halo-infinite,3504,Zelda Young,,Production,PRODUCTION BABIES,,,babies,PRODUCTION BABIES/PRODUCTION BABIES#4742
halo-infinite,3505,Jens Hauch,,Other,IN LOVING MEMORIES,,,core,IN LOVING MEMORIES/IN LOVING MEMORIES#4771
halo-infinite,3506,Caio César Nunes Oliveira,,Other,IN LOVING MEMORIES,,,core,IN LOVING MEMORIES/IN LOVING MEMORIES#4778
halo-infinite,3507,Mike C. Hall,,Voice,Character Animation,,,core,mobygames:tr11
halo-infinite,3508,Angelita R. Wylie,,Art,Senior Technical Motion Capture Animator,,,core,mobygames:tr25
halo-infinite,3509,Daniel Tafaro,,Art,Technical Motion Capture Animation,,,core,mobygames:tr26
halo-infinite,3510,Benjamin Mauro,,Art,Senior Concept Artists,,,core,mobygames:tr45
halo-infinite,3511,Zackry Lee,,Voice,Concept Art,,,core,mobygames:tr46
halo-infinite,3512,Espen Sætervik,,Voice,Concept Art,,,core,mobygames:tr46
halo-infinite,3513,Timothy Diaz,,Art,Senior Environment Artists,,,core,mobygames:tr51
halo-infinite,3514,Ryan Smith,,Art,Senior Environment Artists,,,core,mobygames:tr51
halo-infinite,3515,Michael Rodriguez,,Voice,Campaign Environment Art,,,core,mobygames:tr53
halo-infinite,3516,Joshua Wilkinson,,Voice,Campaign Environment Art,,,core,mobygames:tr53
halo-infinite,3517,Kimberly A. Haines,,Art,Senior Technical Environment Artist,,,core,mobygames:tr67
halo-infinite,3518,William Gray,,Voice,Technical Environment Art,,,core,mobygames:tr69
halo-infinite,3519,Robert Forest Baker,,Art,Senior FX Artist,,,core,mobygames:tr72
halo-infinite,3520,Michael Puoci,,Voice,FX,,,core,mobygames:tr75
halo-infinite,3521,Nicholas D'Amato,,Voice,Audio Design,,,core,mobygames:tr95
halo-infinite,3522,Paxson Helgesen,,Voice,Audio Design,,,core,mobygames:tr95
halo-infinite,3523,Colin Andrew Grant,,Voice,Music,,,core,mobygames:tr99
halo-infinite,3524,Adam T. Croft,,Voice,Audio Technical Design,,,core,mobygames:tr102
halo-infinite,3525,Thornton Prime,,Voice,Audio Technical Design,,,core,mobygames:tr102
halo-infinite,3526,Nixxi Isabella Mohilchock,,Voice,Gameplay Design,,,core,mobygames:tr113
halo-infinite,3527,Andrew J. Witts,,Design,Multiplayer Lead Modes & Systems Designer,,,core,mobygames:tr139
halo-infinite,3528,Stéphane D. LeBrun,,Engineering,Senior Software Engineering Lead,,,core,mobygames:tr179
halo-infinite,3529,Daniel White,,Engineering,Software Engineers,,,core,mobygames:tr185
halo-infinite,3530,James Osborne,,Engineering,Principal Software Engineering Lead,,,core,mobygames:tr192
halo-infinite,3531,Saul D. Rodriguez Vazquez,,Voice,Software Engineers,,,core,mobygames:tr194
halo-infinite,3532,Garret B. Hoffman,,Voice,Software Engineers,,,core,mobygames:tr203
halo-infinite,3533,xo corvus,,Engineering,Software Engineers,,,core,mobygames:tr203
halo-infinite,3534,Ilya Kushin,,Engineering,Senior Software Engineers,,,core,mobygames:tr220
halo-infinite,3535,Joshua Hoida,,Engineering,Senior Engineering Lead,,,core,mobygames:tr235
halo-infinite,3536,Joseph Park,,Voice,Software Engineers,,,core,mobygames:tr236
halo-infinite,3537,Andrew David Adam,,Engineering,Senior Software Engineers,,,core,mobygames:tr239
halo-infinite,3538,Michael Romero,,Engineering,"Principal Software Engineering Manager, Graphics & PC",,,core,mobygames:tr243
halo-infinite,3539,Anirudh Shastry,,Engineering,Principal Software Engineering Managers,,,core,mobygames:tr252
halo-infinite,3540,Andrew Luedke,,Engineering,Principal Software Engineering Lead,,,core,mobygames:tr253
halo-infinite,3541,Karim A. Luccin,,Engineering,Principal Software Engineers,,,core,mobygames:tr254
halo-infinite,3542,Ching-Yen Lin,,Voice,Software Engineers,,,core,mobygames:tr256
halo-infinite,3543,Matthew Sutherlin,,Engineering,Software Engineers,,,core,mobygames:tr256
halo-infinite,3544,Kevin M. Forsyth,,Voice,Engineering Helpdesk,,,core,mobygames:tr258
halo-infinite,3545,Nick Frame,,Voice,Engineering Helpdesk,,,core,mobygames:tr258
halo-infinite,3546,Phillip Dettorre,,Engineering,Software Engineers,,,core,mobygames:tr262
halo-infinite,3547,Jon David Stevens,,Voice,Software Engineers,,,core,mobygames:tr271
halo-infinite,3548,Lina Sokaite Gaeta,,Engineering,Senior Software Engineering Lead,,,core,mobygames:tr274
halo-infinite,3549,Zachary Lute,,Engineering,Senior Software Engineers,,,core,mobygames:tr276
halo-infinite,3550,Matthew Johnson,,Voice,Software Engineers,,,core,mobygames:tr277
halo-infinite,3551,Gregory Stone,,Production,"Principal Lead Producer, Campaign",,,core,mobygames:tr281
halo-infinite,3552,Casey Marissa Wu,,Engineering,"Lead Producer, Core Tech",,,core,mobygames:tr285
halo-infinite,3553,David Ellison,,Voice,Producer,,,core,mobygames:tr299
halo-infinite,3554,Daniel Joji Koons,,Voice,Software Test Engineers,,,core,mobygames:tr359
halo-infinite,3555,Robert Reidburn,,Voice,Software Test Engineers,,,core,mobygames:tr359
halo-infinite,3556,John M. Adams,,Voice,Test Associates,,,core,mobygames:tr360
halo-infinite,3557,Tristan Campbell,,Voice,Test Associates,,,core,mobygames:tr360
halo-infinite,3558,Samantha Cooperman,,Voice,Test Associates,,,core,mobygames:tr360
halo-infinite,3559,Maria Felix Varga,,Voice,Test Associates,,,core,mobygames:tr360
halo-infinite,3560,Ashleigh Kimes,,Voice,Test Associates,,,core,mobygames:tr360
halo-infinite,3561,Adam Landy,,Voice,Test Associates,,,core,mobygames:tr360
halo-infinite,3562,Matthes Maas,,Voice,Test Associates,,,core,mobygames:tr360
halo-infinite,3563,Reynolds Montelongo,,Voice,Test Associates,,,core,mobygames:tr360
halo-infinite,3564,Timothy C. Wells,,Voice,Test Associates,,,core,mobygames:tr360
halo-infinite,3565,Cumron Ashtiani,,Other,Management,,Atomhawk,core,mobygames:tr371
halo-infinite,3566,Julen Urrutia Pérez,,Art,Character Artists,,Axis Studios,core,mobygames:tr399
halo-infinite,3567,Leonardo C. Braz da Cunha,,Art,Environment & Vehicle Artists,,Axis Studios,core,mobygames:tr405
halo-infinite,3568,Garin RK Richards,,Engineering,Engineering,,"Certain Affinity, Inc.",core,mobygames:tr467
halo-infinite,3569,Ruben Kyle Renteria,,Art,Animation Supervisor,,Counterpunch,core,mobygames:tr515
halo-infinite,3570,Dilip Khimraj Suthar,,Art,Art Directors,,Mandali Games,core,mobygames:tr569
halo-infinite,3571,Lanting Ji,,Art,Animation,,Mindwalk,core,mobygames:tr578
halo-infinite,3572,Liqun Wang,,Art,Animation,,Mindwalk,core,mobygames:tr578
halo-infinite,3573,Suxin Yue,,Art,Animation,,Mindwalk,core,mobygames:tr578
halo-infinite,3574,Wang Chen,,Art,Animation,,Mindwalk,core,mobygames:tr578
halo-infinite,3575,Yao Zhao,,Art,Animation,,Mindwalk,core,mobygames:tr578
halo-infinite,3576,Chenguang Li,,Art,Lead Artists,,Mindwalk,core,mobygames:tr580
halo-infinite,3577,Alfred Bryan M. Vidal,,Art,Concept Artists,,Pixel Mafia,core,mobygames:tr601
halo-infinite,3578,Shanshan Li,,Art,Artists,,Red Hot CG,core,mobygames:tr615
halo-infinite,3579,Niu Lina,,Other,Management,,Red Hot CG,core,mobygames:tr617
halo-infinite,3580,Olive Chou,,Engineering,Engineers,,"Skybox Labs, Inc.",core,mobygames:tr645
halo-infinite,3581,Alex Qutob,,Other,IT,,"Skybox Labs, Inc.",core,mobygames:tr647
halo-infinite,3582,Quetzal Aguilar Dominguez,,Art,Senior Level Artists,,"Sperasoft, Inc.",core,mobygames:tr686
halo-infinite,3583,Susan DeVenero,,Art,Lead Lighting Artist,,"Sperasoft, Inc.",core,mobygames:tr689
halo-infinite,3584,Kate J. R,,Special Thanks,Special Thanks,,The Coalition,special-thanks,mobygames:tr756
halo-infinite,3585,Bonnie Ross-Ziegler,,Leadership,"Corporate Vice President, Head of 343 Industries",,,core,mobygames:tr765
halo-infinite,3586,Matthew Osbond,,Art,Senior Technical Art Director,,,core,mobygames:tr782
halo-infinite,3587,Noah P. Musler,,Studio/Business,"Senior Director, Business Development",,,core,mobygames:tr817
halo-infinite,3588,Stephen Hall,,Voice,Business Operations,,,core,mobygames:tr822
halo-infinite,3589,Allison Foote-Nagy,,Studio/Business,Recruitment,,,core,mobygames:tr838
halo-infinite,3590,Yan Da Silva,,Voice,Portuguese Brazilian Test,,,publishing,mobygames:tr858
halo-infinite,3591,Jack Elliot,,Engineering,Senior Software Engineer Lead,,,core,mobygames:tr905
halo-infinite,3592,Deepali Bhagvat,,Engineering,Software Engineers,,,core,mobygames:tr908
halo-infinite,3593,Joseph Ferstl,,Production,Consumer Products Category Manager,,,core,mobygames:tr922
halo-infinite,3594,Edward Masiello,,Voice,Consumer Products,,,core,mobygames:tr925
halo-infinite,3595,Stanely Paul,,Engineering,Senior Service Engineers,,,core,mobygames:tr944
halo-infinite,3596,Domian Brown,,Voice,Oni,,,core,mobygames:tr945
halo-infinite,3597,Nico Cueto-Cargo',,Voice,Oni,,,core,mobygames:tr945
halo-infinite,3598,Ikechukwu Prince Amadi,,Voice,Voice Actor,,,core,mobygames:tr968
halo-infinite,3599,Christopher Swindle,,Voice,Voice Actor,,,core,mobygames:tr972
halo-infinite,3600,Matthew Kaminsky,,Voice,Voice Actor,,,core,mobygames:tr993
halo-infinite,3601,David B. Mitchell,,Voice,Voice Actor,,,core,mobygames:tr993
halo-infinite,3602,Roxanna Ortega,,Voice,Voice Actor,,,core,mobygames:tr993
halo-infinite,3603,Isaac C. Singleton Jr.,,Voice,Voice Actor,,,core,mobygames:tr993
halo-infinite,3604,Julian D. Stone,,Voice,Voice Actor,,,core,mobygames:tr993
halo-infinite,3605,Matthew J. Waterson,,Voice,Voice Actor,,,core,mobygames:tr993
halo-infinite,3606,Robert King,,Voice,Sound Engineering,,,core,mobygames:tr1001
halo-infinite,3607,Jesus C. Murillo,,Voice,Sound Engineering,,,core,mobygames:tr1001
halo-infinite,3608,Rob Blake,,Audio,Sound Designers (Game Audio),,,core,mobygames:tr1013
halo-infinite,3609,Alyson Dee Moore,,Audio,Foley Artists,,,core,mobygames:tr1017
halo-infinite,3610,Garrett Montgomery,,Voice,Voice Over Editorial,,,core,mobygames:tr1020
halo-infinite,3611,Daniel P. Francis,,Voice,Voice Over Editorial,,,core,mobygames:tr1020
halo-infinite,3612,Carlon Jesse Assells,,Voice,Voice Over Editorial,,,core,mobygames:tr1020
halo-infinite,3613,John Paul Fasal,,Audio,Field Recordists,,,core,mobygames:tr1022
halo-infinite,3614,Susie Gillis,,Voice,Orchestra Contractors,,,core,mobygames:tr1039
halo-infinite,3615,David Andrew Shipps,,Audio,Orchestra Conductors,,,core,mobygames:tr1041
halo-infinite,3616,Georgi Elenkov,,Voice,Four For Music Recording & Contracting,,,core,mobygames:tr1048
halo-infinite,3617,Vladislav Boyadjiev,,Audio,Bulgarian Choir Sound Engineers,,,core,mobygames:tr1050
halo-infinite,3618,Brian Christian,,Art,Art,,,special-thanks,mobygames:tr1057
halo-infinite,3619,Andrew J. Mack,,Voice,Art,,,special-thanks,mobygames:tr1057
halo-infinite,3620,Benjamin Cholewinski,,Voice,Design,,,special-thanks,mobygames:tr1060
halo-infinite,3621,Ted Rivera,,Engineering,Engineering,,,special-thanks,mobygames:tr1061
halo-infinite,3622,Krystal Holmes,,Special Thanks,Forerunners,,,special-thanks,mobygames:tr1083
halo-infinite,3623,Ascend Hyperion,,Special Thanks,Forge Council,,,special-thanks,mobygames:tr1084
halo-infinite,3624,Raymond Benefield,,Special Thanks,Forge Council,,,special-thanks,mobygames:tr1084
halo-infinite,3625,Mike C. Hall,,Voice,Character Animation,,,core,mobygames:tr9
halo-infinite,3626,Angelita R. Wylie,,Art,Senior Technical Motion Capture Animator,,,core,mobygames:tr23
halo-infinite,3627,Daniel Tafaro,,Art,Technical Motion Capture Animation,,,core,mobygames:tr24
halo-infinite,3628,Benjamin Mauro,,Art,Senior Concept Artists,,,core,mobygames:tr43
halo-infinite,3629,Zackry Lee,,Voice,Concept Art,,,core,mobygames:tr44
halo-infinite,3630,Espen Sætervik,,Voice,Concept Art,,,core,mobygames:tr44
halo-infinite,3631,Timothy Diaz,,Art,Senior Environment Artists,,,core,mobygames:tr49
halo-infinite,3632,Ryan Smith,,Art,Senior Environment Artists,,,core,mobygames:tr49
halo-infinite,3633,Michael Rodriguez,,Voice,Campaign Environment Art,,,core,mobygames:tr51
halo-infinite,3634,Joshua Wilkinson,,Voice,Campaign Environment Art,,,core,mobygames:tr51
halo-infinite,3635,Kimberly A. Haines,,Art,Senior Technical Environment Artist,,,core,mobygames:tr65
halo-infinite,3636,William Gray,,Voice,Technical Environment Art,,,core,mobygames:tr67
halo-infinite,3637,Robert Forest Baker,,Art,Senior FX Artist,,,core,mobygames:tr70
halo-infinite,3638,Michael Puoci,,Voice,FX,,,core,mobygames:tr73
halo-infinite,3639,Nicholas D'Amato,,Voice,Audio Design,,,core,mobygames:tr93
halo-infinite,3640,Paxson Helgesen,,Voice,Audio Design,,,core,mobygames:tr93
halo-infinite,3641,Colin Andrew Grant,,Voice,Music,,,core,mobygames:tr97
halo-infinite,3642,Adam T. Croft,,Voice,Audio Technical Design,,,core,mobygames:tr100
halo-infinite,3643,Thornton Prime,,Voice,Audio Technical Design,,,core,mobygames:tr100
halo-infinite,3644,Nixxi Isabella Mohilchock,,Voice,Gameplay Design,,,core,mobygames:tr111
halo-infinite,3645,Andrew J. Witts,,Design,Multiplayer Lead Modes & Systems Designer,,,core,mobygames:tr137
halo-infinite,3646,Stéphane D. LeBrun,,Engineering,Senior Software Engineering Lead,,,core,mobygames:tr177
halo-infinite,3647,Daniel White,,Engineering,Software Engineers,,,core,mobygames:tr183
halo-infinite,3648,James Osborne,,Engineering,Principal Software Engineering Lead,,,core,mobygames:tr190
halo-infinite,3649,Saul D. Rodriguez Vazquez,,Voice,Software Engineers,,,core,mobygames:tr192
halo-infinite,3650,Garret B. Hoffman,,Voice,Software Engineers,,,core,mobygames:tr201
halo-infinite,3651,xo corvus,,Engineering,Software Engineers,,,core,mobygames:tr201
halo-infinite,3652,Ilya Kushin,,Engineering,Senior Software Engineers,,,core,mobygames:tr218
halo-infinite,3653,Joshua Hoida,,Engineering,Senior Engineering Lead,,,core,mobygames:tr233
halo-infinite,3654,Joseph Park,,Voice,Software Engineers,,,core,mobygames:tr234
halo-infinite,3655,Andrew David Adam,,Engineering,Senior Software Engineers,,,core,mobygames:tr237
halo-infinite,3656,Michael Romero,,Engineering,"Principal Software Engineering Manager, Graphics & PC",,,core,mobygames:tr241
halo-infinite,3657,Anirudh Shastry,,Engineering,Principal Software Engineering Managers,,,core,mobygames:tr250
halo-infinite,3658,Andrew Luedke,,Engineering,Principal Software Engineering Lead,,,core,mobygames:tr251
halo-infinite,3659,Karim A. Luccin,,Engineering,Principal Software Engineers,,,core,mobygames:tr252
halo-infinite,3660,Ching-Yen Lin,,Voice,Software Engineers,,,core,mobygames:tr254
halo-infinite,3661,Matthew Sutherlin,,Engineering,Software Engineers,,,core,mobygames:tr254
halo-infinite,3662,Kevin M. Forsyth,,Voice,Engineering Helpdesk,,,core,mobygames:tr256
halo-infinite,3663,Nick Frame,,Voice,Engineering Helpdesk,,,core,mobygames:tr256
halo-infinite,3664,Phillip Dettorre,,Engineering,Software Engineers,,,core,mobygames:tr260
halo-infinite,3665,Jon David Stevens,,Voice,Software Engineers,,,core,mobygames:tr269
halo-infinite,3666,Lina Sokaite Gaeta,,Engineering,Senior Software Engineering Lead,,,core,mobygames:tr272
halo-infinite,3667,Zachary Lute,,Engineering,Senior Software Engineers,,,core,mobygames:tr274
halo-infinite,3668,Matthew Johnson,,Voice,Software Engineers,,,core,mobygames:tr275
halo-infinite,3669,Gregory Stone,,Production,"Principal Lead Producer, Campaign",,,core,mobygames:tr279
halo-infinite,3670,Casey Marissa Wu,,Engineering,"Lead Producer, Core Tech",,,core,mobygames:tr283
halo-infinite,3671,David Ellison,,Voice,Producer,,,core,mobygames:tr297
halo-infinite,3672,Daniel Joji Koons,,Voice,Software Test Engineers,,,core,mobygames:tr357
halo-infinite,3673,Robert Reidburn,,Voice,Software Test Engineers,,,core,mobygames:tr357
halo-infinite,3674,John M. Adams,,Voice,Test Associates,,,core,mobygames:tr358
halo-infinite,3675,Tristan Campbell,,Voice,Test Associates,,,core,mobygames:tr358
halo-infinite,3676,Samantha Cooperman,,Voice,Test Associates,,,core,mobygames:tr358
halo-infinite,3677,Maria Felix Varga,,Voice,Test Associates,,,core,mobygames:tr358
halo-infinite,3678,Ashleigh Kimes,,Voice,Test Associates,,,core,mobygames:tr358
halo-infinite,3679,Adam Landy,,Voice,Test Associates,,,core,mobygames:tr358
halo-infinite,3680,Matthes Maas,,Voice,Test Associates,,,core,mobygames:tr358
halo-infinite,3681,Reynolds Montelongo,,Voice,Test Associates,,,core,mobygames:tr358
halo-infinite,3682,Timothy C. Wells,,Voice,Test Associates,,,core,mobygames:tr358
halo-infinite,3683,Cumron Ashtiani,,Other,Management,,Atomhawk,core,mobygames:tr369
halo-infinite,3684,Julen Urrutia Pérez,,Art,Character Artists,,Axis Studios,core,mobygames:tr397
halo-infinite,3685,Leonardo C. Braz da Cunha,,Art,Environment & Vehicle Artists,,Axis Studios,core,mobygames:tr403
halo-infinite,3686,Garin RK Richards,,Engineering,Engineering,,"Certain Affinity, Inc.",core,mobygames:tr465
halo-infinite,3687,Ruben Kyle Renteria,,Art,Animation Supervisor,,Counterpunch,core,mobygames:tr513
halo-infinite,3688,Dilip Khimraj Suthar,,Art,Art Directors,,Mandali Games,core,mobygames:tr567
halo-infinite,3689,Lanting Ji,,Art,Animation,,Mindwalk,core,mobygames:tr576
halo-infinite,3690,Liqun Wang,,Art,Animation,,Mindwalk,core,mobygames:tr576
halo-infinite,3691,Suxin Yue,,Art,Animation,,Mindwalk,core,mobygames:tr576
halo-infinite,3692,Wang Chen,,Art,Animation,,Mindwalk,core,mobygames:tr576
halo-infinite,3693,Yao Zhao,,Art,Animation,,Mindwalk,core,mobygames:tr576
halo-infinite,3694,Chenguang Li,,Art,Lead Artists,,Mindwalk,core,mobygames:tr578
halo-infinite,3695,Alfred Bryan M. Vidal,,Art,Concept Artists,,Pixel Mafia,core,mobygames:tr599
halo-infinite,3696,Shanshan Li,,Art,Artists,,Red Hot CG,core,mobygames:tr613
halo-infinite,3697,Niu Lina,,Other,Management,,Red Hot CG,core,mobygames:tr615
halo-infinite,3698,Olive Chou,,Engineering,Engineers,,"Skybox Labs, Inc.",core,mobygames:tr643
halo-infinite,3699,Alex Qutob,,Other,IT,,"Skybox Labs, Inc.",core,mobygames:tr645
halo-infinite,3700,Quetzal Aguilar Dominguez,,Art,Senior Level Artists,,"Sperasoft, Inc.",core,mobygames:tr684
halo-infinite,3701,Susan DeVenero,,Art,Lead Lighting Artist,,"Sperasoft, Inc.",core,mobygames:tr687
halo-infinite,3702,Kate J. R,,Special Thanks,Special Thanks,,The Coalition,special-thanks,mobygames:tr752
halo-infinite,3703,Bonnie Ross-Ziegler,,Leadership,"Corporate Vice President, Head of 343 Industries",,,core,mobygames:tr761
halo-infinite,3704,Matthew Osbond,,Art,Senior Technical Art Director,,,core,mobygames:tr778
halo-infinite,3705,Noah P. Musler,,Studio/Business,"Senior Director, Business Development",,,core,mobygames:tr813
halo-infinite,3706,Stephen Hall,,Voice,Business Operations,,,core,mobygames:tr818
halo-infinite,3707,Allison Foote-Nagy,,Studio/Business,Recruitment,,,core,mobygames:tr834
halo-infinite,3708,Yan Da Silva,,Voice,Portuguese Brazilian Test,,,publishing,mobygames:tr854
halo-infinite,3709,Jack Elliot,,Engineering,Senior Software Engineer Lead,,,core,mobygames:tr901
halo-infinite,3710,Deepali Bhagvat,,Engineering,Software Engineers,,,core,mobygames:tr904
halo-infinite,3711,Joseph Ferstl,,Production,Consumer Products Category Manager,,,core,mobygames:tr918
halo-infinite,3712,Edward Masiello,,Voice,Consumer Products,,,core,mobygames:tr921
halo-infinite,3713,Stanely Paul,,Engineering,Senior Service Engineers,,,core,mobygames:tr940
halo-infinite,3714,Domian Brown,,Voice,Oni,,,core,mobygames:tr941
halo-infinite,3715,Nico Cueto-Cargo',,Voice,Oni,,,core,mobygames:tr941
halo-infinite,3716,Ikechukwu Prince Amadi,,Voice,Voice Actor,,,core,mobygames:tr964
halo-infinite,3717,Christopher Swindle,,Voice,Voice Actor,,,core,mobygames:tr968
halo-infinite,3718,Matthew Kaminsky,,Voice,Voice Actor,,,core,mobygames:tr989
halo-infinite,3719,David B. Mitchell,,Voice,Voice Actor,,,core,mobygames:tr989
halo-infinite,3720,Roxanna Ortega,,Voice,Voice Actor,,,core,mobygames:tr989
halo-infinite,3721,Isaac C. Singleton Jr.,,Voice,Voice Actor,,,core,mobygames:tr989
halo-infinite,3722,Julian D. Stone,,Voice,Voice Actor,,,core,mobygames:tr989
halo-infinite,3723,Matthew J. Waterson,,Voice,Voice Actor,,,core,mobygames:tr989
halo-infinite,3724,Robert King,,Voice,Sound Engineering,,,core,mobygames:tr997
halo-infinite,3725,Jesus C. Murillo,,Voice,Sound Engineering,,,core,mobygames:tr997
halo-infinite,3726,Rob Blake,,Audio,Sound Designers (Game Audio),,,core,mobygames:tr1009
halo-infinite,3727,Alyson Dee Moore,,Audio,Foley Artists,,,core,mobygames:tr1013
halo-infinite,3728,Garrett Montgomery,,Voice,Voice Over Editorial,,,core,mobygames:tr1016
halo-infinite,3729,Daniel P. Francis,,Voice,Voice Over Editorial,,,core,mobygames:tr1016
halo-infinite,3730,Carlon Jesse Assells,,Voice,Voice Over Editorial,,,core,mobygames:tr1016
halo-infinite,3731,John Paul Fasal,,Audio,Field Recordists,,,core,mobygames:tr1018
halo-infinite,3732,Susie Gillis,,Voice,Orchestra Contractors,,,core,mobygames:tr1035
halo-infinite,3733,David Andrew Shipps,,Audio,Orchestra Conductors,,,core,mobygames:tr1037
halo-infinite,3734,Georgi Elenkov,,Voice,Four For Music Recording & Contracting,,,core,mobygames:tr1044
halo-infinite,3735,Vladislav Boyadjiev,,Audio,Bulgarian Choir Sound Engineers,,,core,mobygames:tr1046
halo-infinite,3736,Brian Christian,,Art,Art,,,special-thanks,mobygames:tr1053
halo-infinite,3737,Andrew J. Mack,,Voice,Art,,,special-thanks,mobygames:tr1053
halo-infinite,3738,Benjamin Cholewinski,,Voice,Design,,,special-thanks,mobygames:tr1056
halo-infinite,3739,Ted Rivera,,Engineering,Engineering,,,special-thanks,mobygames:tr1057
halo-infinite,3740,Ted Rivera,,Engineering,Engineering,,,special-thanks,mobygames:tr1057
halo-infinite,3741,Krystal Holmes,,Special Thanks,Forerunners,,,special-thanks,mobygames:tr1078
halo-infinite,3742,Ascend Hyperion,,Special Thanks,Forge Council,,,special-thanks,mobygames:tr1079
halo-infinite,3743,Raymond Benefield,,Special Thanks,Forge Council,,,special-thanks,mobygames:tr1079
halo-infinite,3744,Ryan D. O'Connor,,QA,Software Engineers,,,publishing,mobygames:tr347
halo-infinite,3745,Tomos Hywel-Evans,,Art,Character Art,,Airship Images,core,mobygames:tr364
halo-infinite,3746,Daniel Calleja,,Art,Animators,,Axis Studios,core,mobygames:tr378
halo-infinite,3747,Jose Vicente de María Martínez,,Art,Lighting & Compositing,,Axis Studios,core,mobygames:tr418
halo-infinite,3748,Milan Nilolic,,Art,Art Directors,,Axis Studios,core,mobygames:tr434
halo-infinite,3749,Daniel Sutton,,Production,Production Director,,"Certain Affinity, Inc.",core,mobygames:tr445
halo-infinite,3750,Jonathan Malloy,,Design,Design,,"Certain Affinity, Inc.",core,mobygames:tr465
halo-infinite,3751,Matthew Witter,,Design,Design,,"Certain Affinity, Inc.",core,mobygames:tr465
halo-infinite,3752,Aaron Hamilton Cook,,Production,Production,,"Certain Affinity, Inc.",core,mobygames:tr473
halo-infinite,3753,Tristan Parrish Moore,,Art,Technical Art,,"Certain Affinity, Inc.",core,mobygames:tr479
halo-infinite,3754,Peter Petraitis,,QA,Quality Assurance,,"Certain Affinity, Inc.",core,mobygames:tr485
halo-infinite,3755,Richard Vogel,,Engineering,VP of Production & Online Services,,"Certain Affinity, Inc.",core,mobygames:tr489
halo-infinite,3756,Marwan Y. Ansari,,Other,Additional Support,,"Certain Affinity, Inc.",core,mobygames:tr513
halo-infinite,3757,Rachael Jaye Schulz,,Art,Animation,,Counterpunch,core,mobygames:tr517
halo-infinite,3758,Anthony Garcia Jr.,,Other,Accounting,,Counterpunch,core,mobygames:tr521
halo-infinite,3759,Ananda Banerjee,,Production,Production Head,,Lakshya Digital Pvt Ltd,core,mobygames:tr525
halo-infinite,3760,Joshua Sturgis,,Art,Art Director,,Liquid Development LLC,core,mobygames:tr544
halo-infinite,3761,Josh Edward Harvey,,Art,Lead Artists,,Liquid Development LLC,core,mobygames:tr545
halo-infinite,3762,Mario Colindras,,Art,3D Art,,Liquid Development LLC,core,mobygames:tr546
halo-infinite,3763,Jason C. Baskett,,Art,Animation Lead,,Liquid Development LLC,core,mobygames:tr548
halo-infinite,3764,Suzanne D. Atherly,,Production,Production,,Liquid Development LLC,core,mobygames:tr565
halo-infinite,3765,Joram Jacob L. Cruz,,Art,3D Artists,,Pixel Mafia,core,mobygames:tr597
halo-infinite,3766,Kenneth F. Camaro,,Art,Lead Concept Artist,,Pixel Mafia,core,mobygames:tr600
halo-infinite,3767,Aimy Anne V. Calilung,,Art,Concept Artists,,Pixel Mafia,core,mobygames:tr601
halo-infinite,3768,Daniel Johnson Staton,,Leadership,Studio Head,,Red Hot CG,core,mobygames:tr612
halo-infinite,3769,Bobby Ranvir Bath,,Art,Art Director,,"Skybox Labs, Inc.",core,mobygames:tr623
halo-infinite,3770,Julia Alas,,Art,Lead Animator,,"Skybox Labs, Inc.",core,mobygames:tr627
halo-infinite,3771,Cynthia Jansen,,Art,Environment Art,,"Skybox Labs, Inc.",core,mobygames:tr632
halo-infinite,3772,Julian Yio,,Art,Environment Art,,"Skybox Labs, Inc.",core,mobygames:tr632
halo-infinite,3773,Pedro Camacho D'Andrea,,Design,Designers,,"Skybox Labs, Inc.",core,mobygames:tr642
halo-infinite,3774,Peter Quickert,,Engineering,Lead Engineers,,"Skybox Labs, Inc.",core,mobygames:tr644
halo-infinite,3775,Timothy Hinds,,Engineering,Engineers,,"Skybox Labs, Inc.",core,mobygames:tr645
halo-infinite,3776,Kevin Yi-Chia Hsu,,Engineering,Engineers,,"Skybox Labs, Inc.",core,mobygames:tr645
halo-infinite,3777,Paul Everett Baker,,Engineering,Engineering,,"Skybox Labs, Inc.",special-thanks,mobygames:tr658
halo-infinite,3778,Evgeny Zaporozhets,,Art,Level Artists,,"Sperasoft, Inc.",core,mobygames:tr687
halo-infinite,3779,Alexey Dmitriev,,Art,Senior Props Artists,,"Sperasoft, Inc.",core,mobygames:tr694
halo-infinite,3780,Evgeniya Cherkasova,,Production,Production,,"Sperasoft, Inc.",core,mobygames:tr725
halo-infinite,3781,Dimitriy Volkovskiy,,Special Thanks,Special Thanks,,"Sperasoft, Inc.",special-thanks,mobygames:tr730
halo-infinite,3782,Anton Zhikharsky,,Special Thanks,Special Thanks,,"Sperasoft, Inc.",special-thanks,mobygames:tr730
halo-infinite,3783,Michael Marraffa,,Art,Environment Art,,The Coalition,core,mobygames:tr740
halo-infinite,3784,Hugo Gutierrez Mares,,Art,VFX,,The Coalition,core,mobygames:tr742
halo-infinite,3785,Michael Crump,,Special Thanks,Special Thanks,,The Coalition,special-thanks,mobygames:tr756
halo-infinite,3786,Miguel A. Barragán Castro,,Voice,Spanish Mexican Test,,,publishing,mobygames:tr856
halo-infinite,3787,Jonathan Segal,,Publishing,Senior Marketing Communications Manager,,,publishing,mobygames:tr875
halo-infinite,3788,William Cheng,,Voice,Art,,,special-thanks,mobygames:tr1057
halo-infinite,3789,Timothy Dean,,Art,Art,,,special-thanks,mobygames:tr1057
halo-infinite,3790,Nate J. Marler,,Voice,Audio,,,special-thanks,mobygames:tr1058
halo-infinite,3791,Christian Klepac,,Voice,Design,,,special-thanks,mobygames:tr1060
halo-infinite,3792,Timothy Staton-Davis,,Voice,Design,,,special-thanks,mobygames:tr1060
halo-infinite,3793,Joshua B. Davis,,Engineering,Engineering,,,special-thanks,mobygames:tr1061
halo-infinite,3794,David Lawson,,Voice,Engineering,,,special-thanks,mobygames:tr1061
halo-infinite,3795,David O'Tuft,,Engineering,Engineering,,,special-thanks,mobygames:tr1061
halo-infinite,3796,Alex Mejia,,Special Thanks,Dolby Laboratories [2],,,special-thanks,mobygames:tr1062
halo-infinite,3797,Steven Ball,,Special Thanks,AMD,,,special-thanks,mobygames:tr1067
halo-infinite,3798,Michael W. Smith,,Special Thanks,AMD,,,special-thanks,mobygames:tr1067
halo-infinite,3799,Michael Cavanagh,,Voice,Esports,,,special-thanks,mobygames:tr1073
halo-infinite,3800,Kenny Cameron,,Voice,Forerunners,,,special-thanks,mobygames:tr1083
halo-infinite,3801,Jon Carroll,,Voice,Forerunners,,,special-thanks,mobygames:tr1083
halo-infinite,3802,Rachel Davidson,,Voice,Forerunners,,,special-thanks,mobygames:tr1083
halo-infinite,3803,Jonathan Dubeau,,Special Thanks,Forerunners,,,special-thanks,mobygames:tr1083
halo-infinite,3804,Dan Hammill,,Voice,Forerunners,,,special-thanks,mobygames:tr1083
halo-infinite,3805,Jennifer Hochstedler,,Voice,Forerunners,,,special-thanks,mobygames:tr1083
halo-infinite,3806,Alexander Hope,,Voice,Forerunners,,,special-thanks,mobygames:tr1083
halo-infinite,3807,Taras Hrebinka,,Voice,Forerunners,,,special-thanks,mobygames:tr1083
halo-infinite,3808,Colton King,,Voice,Forerunners,,,special-thanks,mobygames:tr1083
halo-infinite,3809,Brett Leonard,,Voice,Forerunners,,,special-thanks,mobygames:tr1083
halo-infinite,3810,Patrick Maka,,Voice,Forerunners,,,special-thanks,mobygames:tr1083
halo-infinite,3811,Nick McMordie,,Voice,Forerunners,,,special-thanks,mobygames:tr1083
halo-infinite,3812,Dustin Pettigrew,,Voice,Forerunners,,,special-thanks,mobygames:tr1083
halo-infinite,3813,Michael Roberts,,Voice,Forerunners,,,special-thanks,mobygames:tr1083
halo-infinite,3814,Connor White,,Voice,Forerunners,,,special-thanks,mobygames:tr1083
halo-infinite,3815,Andrew Woodruff,,Voice,Forerunners,,,special-thanks,mobygames:tr1083
halo-infinite,3816,Jon Clarke,,Voice,Forge Council,,,special-thanks,mobygames:tr1084
halo-infinite,3817,Sean Hodgins,,Voice,Forge Council,,,special-thanks,mobygames:tr1084
halo-infinite,3818,Fritz Lombardi,,Voice,Forge Council,,,special-thanks,mobygames:tr1084
halo-infinite,3819,Arturo Pérez,,Voice,Forge Council,,,special-thanks,mobygames:tr1084
halo-infinite,3820,Matt Willis,,Voice,Forge Council,,,special-thanks,mobygames:tr1084
halo-infinite,3821,Matthew V. Booty,,Special Thanks,Gaming Leadership Team,,,special-thanks,mobygames:tr1088
halo-infinite,3822,David McCarthy,,Special Thanks,Gaming Leadership Team,,,special-thanks,mobygames:tr1088
halo-infinite,3823,Tina Painton-Clark,,Special Thanks,Xbox Game Pass Marketing,,,special-thanks,mobygames:tr1092
halo-infinite,3824,Liliolani P. Blazier,,Special Thanks,Publishing,,,special-thanks,mobygames:tr1099
halo-infinite,3825,Jeffrey Guyton,,Voice,Studios Quality,,,special-thanks,mobygames:tr1100
halo-infinite,3826,Elizabeth Ostasiewski,,Voice,Content Production,,,special-thanks,mobygames:tr1108
halo-infinite,3827,Matthew Cookson,,Special Thanks,Development,,,special-thanks,mobygames:tr1115
halo-infinite,3828,Ryan D. O'Connor,,QA,Software Engineers,,,publishing,mobygames:tr345
halo-infinite,3829,Tomos Hywel-Evans,,Art,Character Art,,Airship Images,core,mobygames:tr362
halo-infinite,3830,Daniel Calleja,,Art,Animators,,Axis Studios,core,mobygames:tr376
halo-infinite,3831,Jose Vicente de María Martínez,,Art,Lighting & Compositing,,Axis Studios,core,mobygames:tr416
halo-infinite,3832,Milan Nilolic,,Art,Art Directors,,Axis Studios,core,mobygames:tr432
halo-infinite,3833,Daniel Sutton,,Production,Production Director,,"Certain Affinity, Inc.",core,mobygames:tr443
halo-infinite,3834,Jonathan Malloy,,Design,Design,,"Certain Affinity, Inc.",core,mobygames:tr463
halo-infinite,3835,Matthew Witter,,Design,Design,,"Certain Affinity, Inc.",core,mobygames:tr463
halo-infinite,3836,Aaron Hamilton Cook,,Production,Production,,"Certain Affinity, Inc.",core,mobygames:tr471
halo-infinite,3837,Tristan Parrish Moore,,Art,Technical Art,,"Certain Affinity, Inc.",core,mobygames:tr477
halo-infinite,3838,Peter Petraitis,,QA,Quality Assurance,,"Certain Affinity, Inc.",core,mobygames:tr483
halo-infinite,3839,Richard Vogel,,Engineering,VP of Production & Online Services,,"Certain Affinity, Inc.",core,mobygames:tr487
halo-infinite,3840,Marwan Y. Ansari,,Other,Additional Support,,"Certain Affinity, Inc.",core,mobygames:tr511
halo-infinite,3841,Rachael Jaye Schulz,,Art,Animation,,Counterpunch,core,mobygames:tr515
halo-infinite,3842,Anthony Garcia Jr.,,Other,Accounting,,Counterpunch,core,mobygames:tr519
halo-infinite,3843,Ananda Banerjee,,Production,Production Head,,Lakshya Digital Pvt Ltd,core,mobygames:tr523
halo-infinite,3844,Joshua Sturgis,,Art,Art Director,,Liquid Development LLC,core,mobygames:tr542
halo-infinite,3845,Josh Edward Harvey,,Art,Lead Artists,,Liquid Development LLC,core,mobygames:tr543
halo-infinite,3846,Mario Colindras,,Art,3D Art,,Liquid Development LLC,core,mobygames:tr544
halo-infinite,3847,Jason C. Baskett,,Art,Animation Lead,,Liquid Development LLC,core,mobygames:tr546
halo-infinite,3848,Suzanne D. Atherly,,Production,Production,,Liquid Development LLC,core,mobygames:tr563
halo-infinite,3849,Joram Jacob L. Cruz,,Art,3D Artists,,Pixel Mafia,core,mobygames:tr595
halo-infinite,3850,Kenneth F. Camaro,,Art,Lead Concept Artist,,Pixel Mafia,core,mobygames:tr598
halo-infinite,3851,Aimy Anne V. Calilung,,Art,Concept Artists,,Pixel Mafia,core,mobygames:tr599
halo-infinite,3852,Daniel Johnson Staton,,Leadership,Studio Head,,Red Hot CG,core,mobygames:tr610
halo-infinite,3853,Bobby Ranvir Bath,,Art,Art Director,,"Skybox Labs, Inc.",core,mobygames:tr621
halo-infinite,3854,Julia Alas,,Art,Lead Animator,,"Skybox Labs, Inc.",core,mobygames:tr625
halo-infinite,3855,Cynthia Jansen,,Art,Environment Art,,"Skybox Labs, Inc.",core,mobygames:tr630
halo-infinite,3856,Julian Yio,,Art,Environment Art,,"Skybox Labs, Inc.",core,mobygames:tr630
halo-infinite,3857,Pedro Camacho D'Andrea,,Design,Designers,,"Skybox Labs, Inc.",core,mobygames:tr640
halo-infinite,3858,Peter Quickert,,Engineering,Lead Engineers,,"Skybox Labs, Inc.",core,mobygames:tr642
halo-infinite,3859,Timothy Hinds,,Engineering,Engineers,,"Skybox Labs, Inc.",core,mobygames:tr643
halo-infinite,3860,Kevin Yi-Chia Hsu,,Engineering,Engineers,,"Skybox Labs, Inc.",core,mobygames:tr643
halo-infinite,3861,Paul Everett Baker,,Engineering,Engineering,,"Skybox Labs, Inc.",special-thanks,mobygames:tr656
halo-infinite,3862,Evgeny Zaporozhets,,Art,Level Artists,,"Sperasoft, Inc.",core,mobygames:tr685
halo-infinite,3863,Alexey Dmitriev,,Art,Senior Props Artists,,"Sperasoft, Inc.",core,mobygames:tr692
halo-infinite,3864,Evgeniya Cherkasova,,Production,Production,,"Sperasoft, Inc.",core,mobygames:tr723
halo-infinite,3865,Dimitriy Volkovskiy,,Special Thanks,Special Thanks,,"Sperasoft, Inc.",special-thanks,mobygames:tr728
halo-infinite,3866,Anton Zhikharsky,,Special Thanks,Special Thanks,,"Sperasoft, Inc.",special-thanks,mobygames:tr728
halo-infinite,3867,Michael Marraffa,,Art,Environment Art,,The Coalition,core,mobygames:tr736
halo-infinite,3868,Hugo Gutierrez Mares,,Art,VFX,,The Coalition,core,mobygames:tr738
halo-infinite,3869,Michael Crump,,Special Thanks,Special Thanks,,The Coalition,special-thanks,mobygames:tr752
halo-infinite,3870,Miguel A. Barragán Castro,,Voice,Spanish Mexican Test,,,publishing,mobygames:tr852
halo-infinite,3871,Jonathan Segal,,Publishing,Senior Marketing Communications Manager,,,publishing,mobygames:tr871
halo-infinite,3872,William Cheng,,Voice,Art,,,special-thanks,mobygames:tr1053
halo-infinite,3873,Timothy Dean,,Art,Art,,,special-thanks,mobygames:tr1053
halo-infinite,3874,Nate J. Marler,,Voice,Audio,,,special-thanks,mobygames:tr1054
halo-infinite,3875,Christian Klepac,,Voice,Design,,,special-thanks,mobygames:tr1056
halo-infinite,3876,Timothy Staton-Davis,,Voice,Design,,,special-thanks,mobygames:tr1056
halo-infinite,3877,Joshua B. Davis,,Engineering,Engineering,,,special-thanks,mobygames:tr1057
halo-infinite,3878,David Lawson,,Voice,Engineering,,,special-thanks,mobygames:tr1057
halo-infinite,3879,David O'Tuft,,Engineering,Engineering,,,special-thanks,mobygames:tr1057
halo-infinite,3880,Alex Mejia,,Special Thanks,Dolby Laboratories [2],,,special-thanks,mobygames:tr1058
halo-infinite,3881,Steven Ball,,Special Thanks,AMD,,,special-thanks,mobygames:tr1062
halo-infinite,3882,Michael W. Smith,,Special Thanks,AMD,,,special-thanks,mobygames:tr1062
halo-infinite,3883,Michael Cavanagh,,Voice,Esports,,,special-thanks,mobygames:tr1068
halo-infinite,3884,Kenny Cameron,,Voice,Forerunners,,,special-thanks,mobygames:tr1078
halo-infinite,3885,Jon Carroll,,Voice,Forerunners,,,special-thanks,mobygames:tr1078
halo-infinite,3886,Rachel Davidson,,Voice,Forerunners,,,special-thanks,mobygames:tr1078
halo-infinite,3887,Jonathan Dubeau,,Special Thanks,Forerunners,,,special-thanks,mobygames:tr1078
halo-infinite,3888,Dan Hammill,,Voice,Forerunners,,,special-thanks,mobygames:tr1078
halo-infinite,3889,Jennifer Hochstedler,,Voice,Forerunners,,,special-thanks,mobygames:tr1078
halo-infinite,3890,Alexander Hope,,Voice,Forerunners,,,special-thanks,mobygames:tr1078
halo-infinite,3891,Taras Hrebinka,,Voice,Forerunners,,,special-thanks,mobygames:tr1078
halo-infinite,3892,Colton King,,Voice,Forerunners,,,special-thanks,mobygames:tr1078
halo-infinite,3893,Brett Leonard,,Voice,Forerunners,,,special-thanks,mobygames:tr1078
halo-infinite,3894,Patrick Maka,,Voice,Forerunners,,,special-thanks,mobygames:tr1078
halo-infinite,3895,Nick McMordie,,Voice,Forerunners,,,special-thanks,mobygames:tr1078
halo-infinite,3896,Dustin Pettigrew,,Voice,Forerunners,,,special-thanks,mobygames:tr1078
halo-infinite,3897,Michael Roberts,,Voice,Forerunners,,,special-thanks,mobygames:tr1078
halo-infinite,3898,Connor White,,Voice,Forerunners,,,special-thanks,mobygames:tr1078
halo-infinite,3899,Andrew Woodruff,,Voice,Forerunners,,,special-thanks,mobygames:tr1078
halo-infinite,3900,Jon Clarke,,Voice,Forge Council,,,special-thanks,mobygames:tr1079
halo-infinite,3901,Sean Hodgins,,Voice,Forge Council,,,special-thanks,mobygames:tr1079
halo-infinite,3902,Fritz Lombardi,,Voice,Forge Council,,,special-thanks,mobygames:tr1079
halo-infinite,3903,Arturo Pérez,,Voice,Forge Council,,,special-thanks,mobygames:tr1079
halo-infinite,3904,Matt Willis,,Voice,Forge Council,,,special-thanks,mobygames:tr1079
halo-infinite,3905,Matthew V. Booty,,Special Thanks,Gaming Leadership Team,,,special-thanks,mobygames:tr1083
halo-infinite,3906,David McCarthy,,Special Thanks,Gaming Leadership Team,,,special-thanks,mobygames:tr1083
halo-infinite,3907,Tina Painton-Clark,,Special Thanks,Xbox Game Pass Marketing,,,special-thanks,mobygames:tr1087
halo-infinite,3908,Liliolani P. Blazier,,Special Thanks,Publishing,,,special-thanks,mobygames:tr1094
halo-infinite,3909,Jeffrey Guyton,,Voice,Studios Quality,,,special-thanks,mobygames:tr1095
halo-infinite,3910,Elizabeth Ostasiewski,,Voice,Content Production,,,special-thanks,mobygames:tr1103
halo-infinite,3911,Matthew Cookson,,Special Thanks,Development,,,special-thanks,mobygames:tr1110
