person_id,display_name,variants,first_game,last_game,game_count,games,span_years,largest_gap_years,uncertain
aakash-mandhar,Aakash Mandhar,Aakash Mandhar,halo-mcc,halo-5,2,halo-mcc|halo-5,1,1,False
aaron-amlag,Aaron Amlag,Aaron Amlag,halo-infinite,halo-infinite,1,halo-infinite,0,0,False
aaron-baumgardner,Aaron Baumgardner,Aaron Baumgardner,halo-infinite,halo-infinite,1,halo-infinite,0,0,False
aaron-blows,Aaron Blows,Aaron Blows,halo-mcc-2021,halo-mcc-2021,1,halo-mcc-2021,0,0,False
aaron-brindell,Aaron Brindell,Aaron Brindell,halo-mcc-2021,halo-mcc-2021,1,halo-mcc-2021,0,0,False
aaron-chiasson,Aaron Chiasson,Aaron Chiasson,halo-5,halo-5,1,halo-5,0,0,False
aaron-cook,Aaron Cook,Aaron Cook|Aaron Hamilton Cook,halo-infinite,halo-infinite,1,halo-infinite,0,0,False
aaron-damyen,Aaron Damyen,Aaron Damyen,halo-infinite,halo-infinite,1,halo-infinite,0,0,False
aaron-groening,Aaron Groening,Aaron Groening,halo-infinite,halo-infinite,1,halo-infinite,0,0,False
aaron-hachenberg,Aaron Hachenberg,Aaron Hachenberg,halo-infinite,halo-infinite,1,halo-infinite,0,0,False
aaron-hawley,Aaron Hawley,Aaron Hawley,halo-mcc,halo-mcc,1,halo-mcc,0,0,False
aaron-heth,Aaron Heth,Aaron Heth,halo-infinite,halo-infinite,1,halo-infinite,0,0,False
aaron-hildebrandt,Aaron Hildebrandt,Aaron Hildebrandt|Aaron Scott Hildebrandt,halo-cea,halo-mcc,2,halo-cea|halo-mcc,3,3,False
aaron-hofsass,Aaron Hofsass,Aaron Hofsass,halo-infinite,halo-campaign-evolved,2,halo-infinite|halo-campaign-evolved,5,5,False
aaron-ingram,Aaron Ingram,Aaron Ingram,halo-mcc-2021,halo-mcc-2021,1,halo-mcc-2021,0,0,False
aaron-leiby,Aaron Leiby,Aaron Leiby,halo-4,halo-4,1,halo-4,0,0,False
aaron-lemay,Aaron Lemay,Aaron Lemay|Aaron LeMay,halo-3,halo-reach,3,halo-3|halo-3-odst|halo-reach,3,2,False
aaron-lieberman,Aaron Lieberman,Aaron Lieberman,halo-2,halo-reach,4,halo-2|halo-3|halo-3-odst|halo-reach,6,3,False
aaron-linde,Aaron Linde,Aaron Linde,halo-infinite,halo-infinite,1,halo-infinite,0,0,False
aaron-medina,Aaron Medina,Aaron Medina,halo-infinite,halo-infinite,1,halo-infinite,0,0,False
aaron-nicholls,Aaron Nicholls,Aaron Nicholls,halo-3,halo-4,3,halo-3|halo-3-odst|halo-4,5,3,False
aaron-panagos,Aaron Panagos,Aaron Panagos,halo-infinite,halo-infinite,1,halo-infinite,0,0,False
aaron-pendleton,Aaron Pendleton,Aaron Pendleton,halo-cea,halo-mcc-2021,2,halo-cea|halo-mcc-2021,10,10,False
aaron-sternlicht,Aaron Sternlicht,Aaron Sternlicht,halo-3,halo-3,1,halo-3,0,0,False
aaron-stokke,Aaron Stokke,Aaron Stokke,halo-4,halo-4,1,halo-4,0,0,False
aaron-stroup,Aaron Stroup,Aaron Stroup,halo-campaign-evolved,halo-campaign-evolved,1,halo-campaign-evolved,0,0,False
aaron-travis,Aaron Travis,Aaron Travis,halo-mcc-2021,halo-infinite,2,halo-mcc-2021|halo-infinite,0,0,False
aaron-ward,Aaron Ward,Aaron Ward,halo-infinite,halo-infinite,1,halo-infinite,0,0,False
aaron-wilson,Aaron Wilson,Aaron Wilson,halo-infinite,halo-infinite,1,halo-infinite,0,0,False
abdelkader-behloul,Abdelkader Behloul,Abdelkader Behloul,halo-campaign-evolved,halo-campaign-evolved,1,halo-campaign-evolved,0,0,False
abdulkamal-abdullahi,Abdulkamal Abdullahi,Abdulkamal Abdullahi,halo-campaign-evolved,halo-campaign-evolved,1,halo-campaign-evolved,0,0,False
abdulwajid-mohamed,AbdulWajid Mohamed,AbdulWajid Mohamed,halo-4,halo-4,1,halo-4,0,0,False
abdurhaman-baharedin,Abdurhaman Baharedin,Abdurhaman Baharedin,halo-campaign-evolved,halo-campaign-evolved,1,halo-campaign-evolved,0,0,False
abe-robertson,Abe Robertson,Abe Robertson,halo-4,halo-4,1,halo-4,0,0,False
abhinandan-gosh,Abhinandan Gosh,Abhinandan Gosh,halo-infinite,halo-infinite,1,halo-infinite,0,0,False
abhishek-vijay,Abhishek Vijay,Abhishek Vijay,halo-infinite,halo-infinite,1,halo-infinite,0,0,False
abraham-ali,Abraham Ali,Abraham Ali,halo-4,halo-4,1,halo-4,0,0,False
abraham-baldonado,Abraham Baldonado,Abraham Baldonado,halo-mcc,halo-mcc,1,halo-mcc,0,0,False
ace-cheung,Ace Cheung,Ace Cheung,halo-5,halo-infinite,2,halo-5|halo-infinite,6,6,False
adam-adcock,Adam Adcock,Adam Adcock,halo-3,halo-3,1,halo-3,0,0,False
adam-alldredge,Adam Alldredge,Adam Alldredge,halo-4,halo-5,2,halo-4|halo-5,3,3,False
adam-auzins,Adam Auzins,Adam Auzins,halo-infinite,halo-infinite,1,halo-infinite,0,0,False
adam-baldwin,Adam Baldwin,Adam Baldwin,halo-3,halo-3-odst,2,halo-3|halo-3-odst,2,2,False
adam-barnette,Adam Barnette,Adam Barnette,halo-infinite,halo-infinite,1,halo-infinite,0,0,False
adam-bodden,Adam Bodden,Adam Bodden,halo-infinite,halo-infinite,1,halo-infinite,0,0,False
adam-boyd,Adam Boyd,Adam Boyd,halo-infinite,halo-infinite,1,halo-infinite,0,0,False
adam-braa,Adam Braa,Adam Braa,halo-infinite,halo-infinite,1,halo-infinite,0,0,False
adam-brejnakowski,Adam Brejnakowski,Adam Brejnakowski,halo-mcc,halo-mcc,1,halo-mcc,0,0,False
adam-bryant,Adam Bryant,Adam Bryant,halo-infinite,halo-infinite,1,halo-infinite,0,0,False
adam-callens,Adam Callens,Adam Callens,halo-mcc,halo-5,2,halo-mcc|halo-5,1,1,False
adam-chapin,Adam Chapin,Adam Chapin,halo-mcc,halo-mcc,1,halo-mcc,0,0,False
adam-citterbart,Adam Citterbart,Adam Citterbart,halo-infinite,halo-infinite,1,halo-infinite,0,0,False
adam-crist,Adam Crist,Adam Crist,halo-cea,halo-4,2,halo-cea|halo-4,1,1,False
adam-crockett,Adam Crockett,Adam Crockett,halo-ce,halo-campaign-evolved,2,halo-ce|halo-campaign-evolved,25,25,False
adam-croft,Adam Croft,Adam Croft|Adam T. Croft,halo-infinite,halo-infinite,1,halo-infinite,0,0,False
adam-d-hughes,Adam Hughes,Adam Hughes|Adam D Hughes,halo-mcc,halo-5,2,halo-mcc|halo-5,1,1,False
adam-dolin,Adam Dolin,Adam Dolin,halo-cea,halo-cea,1,halo-cea,0,0,False
adam-dorner,Adam Dorner,Adam Dorner,halo-mcc,halo-mcc,1,halo-mcc,0,0,False
adam-frankenfeld,Adam Frankenfeld,Adam Frankenfeld,halo-mcc-2021,halo-infinite,2,halo-mcc-2021|halo-infinite,0,0,False
adam-fulton,Adam Fulton,Adam Fulton,halo-cea,halo-cea,1,halo-cea,0,0,False
adam-gaetano,Adam Gaetano,Adam Gaetano,halo-mcc-2021,halo-mcc-2021,1,halo-mcc-2021,0,0,False
adam-gold,Adam Gold,Adam Gold,halo-4,halo-5,2,halo-4|halo-5,3,3,False
adam-grayson,Adam Grayson,Adam Grayson,halo-5,halo-infinite,2,halo-5|halo-infinite,6,6,False
adam-h-wong,Adam H. Wong,Adam H. Wong,halo-mcc,halo-mcc-2021,3,halo-mcc|halo-5|halo-mcc-2021,7,6,False
adam-hansen,Adam Hansen,Adam Hansen,halo-infinite,halo-infinite,1,halo-infinite,0,0,False
adam-johnson,Adam Johnson,Adam Johnson,halo-infinite,halo-infinite,1,halo-infinite,0,0,False
adam-korkmazov,Adam Korkmazov,Adam Korkmazov,halo-mcc-2021,halo-mcc-2021,1,halo-mcc-2021,0,0,False
adam-landry,Adam Landry,Adam Landry|Adam Landy,halo-infinite,halo-infinite,1,halo-infinite,0,0,False
adam-luftman,Adam Luftman,Adam Luftman,halo-mcc,halo-mcc,1,halo-mcc,0,0,False
adam-mahlum,Adam Mahlum,Adam Mahlum,halo-4,halo-4,1,halo-4,0,0,False
adam-miles,Adam Miles,Adam Miles,halo-infinite,halo-infinite,1,halo-infinite,0,0,False
adam-nielsen,Adam Nielsen,Adam Nielsen|Adam J. Nielsen,halo-4,halo-5,3,halo-4|halo-mcc|halo-5,3,2,False
adam-peterson,Adam Peterson,Adam Peterson,halo-4,halo-5,2,halo-4|halo-5,3,3,False
adam-pino,Adam Pino,Adam Pino,halo-4,halo-4,1,halo-4,0,0,False
adam-sipos,Ádám Sipos,Ádám Sipos,halo-campaign-evolved,halo-campaign-evolved,1,halo-campaign-evolved,0,0,False
adam-sturge,Adam Sturge,Adam Sturge,halo-infinite,halo-infinite,1,halo-infinite,0,0,False
adam-tewes,Adam Tewes,Adam Tewes,halo-ce,halo-ce,1,halo-ce,0,0,False
adam-torok,Ádám Török,Ádám Török,halo-campaign-evolved,halo-campaign-evolved,1,halo-campaign-evolved,0,0,False
adam-ward,Adam Ward,Adam Ward,halo-cea,halo-cea,1,halo-cea,0,0,False
adam-zakowicz,Adam Zakowicz,Adam Zakowicz,halo-4,halo-infinite,3,halo-4|halo-5|halo-infinite,9,6,False
adarsh-girish,Adarsh Girish,Adarsh Girish,halo-infinite,halo-infinite,1,halo-infinite,0,0,False
additional-voices,Additional Voices,Additional Voices,halo-campaign-evolved,halo-campaign-evolved,1,halo-campaign-evolved,0,0,False
adeel-zaidi,Adeel Zaidi,Adeel Zaidi,halo-5,halo-5,1,halo-5,0,0,False
adesina-akinleye,Adesina Akinleye,Adesina Akinleye,halo-infinite,halo-infinite,1,halo-infinite,0,0,False
adham-ayoubi,Adham Ayoubi,Adham Ayoubi,halo-campaign-evolved,halo-campaign-evolved,1,halo-campaign-evolved,0,0,False
adma-hughes,Adma Hughes,Adma Hughes,halo-4,halo-4,1,halo-4,0,0,False
adolfo-hernandez-santisteban,Adolfo Hernández Santisteban,Adolfo Hernández Santisteban,halo-5,halo-5,1,halo-5,0,0,False
adrian-aiken,Adrian Aiken,Adrian Aiken,halo-infinite,halo-infinite,1,halo-infinite,0,0,False
adrian-annesley,Adrian Annesley,Adrian Annesley|Adrien Annesley,halo-3-odst,halo-3-odst,1,halo-3-odst,0,0,False
adrian-bedoya,Adrian Bedoya,Adrian Bedoya,halo-4,halo-infinite,3,halo-4|halo-5|halo-infinite,9,6,False
adrian-bell,Adrian Bell,Adrian Bell,halo-infinite,halo-infinite,1,halo-infinite,0,0,False
adrian-blunt,Adrian Blunt,Adrian Blunt,halo-mcc-2021,halo-mcc-2021,1,halo-mcc-2021,0,0,False
adrian-brown,Adrian Brown,Adrian Brown,halo-2,halo-campaign-evolved,5,halo-2|halo-4|halo-5|halo-infinite|halo-campaign-evolved,22,8,False
adrian-campos,Adrian Campos,Adrian Campos,halo-5,halo-5,1,halo-5,0,0,False
adrian-cheung,Adrian Cheung,Adrian Cheung,halo-infinite,halo-infinite,1,halo-infinite,0,0,False
adrian-gilles,Adrian Gilles,Adrian Gilles,halo-mcc,halo-5,2,halo-mcc|halo-5,1,1,False
adrian-gonzalez-lopez,Adrián González López,Adrián González López,halo-mcc-2021,halo-mcc-2021,1,halo-mcc-2021,0,0,False
adrian-helling,Adrian Helling,Adrian Helling,halo-infinite,halo-infinite,1,halo-infinite,0,0,False
adrian-merinoruperez,Adrian Merino-Ruperez,Adrian Merino-Ruperez,halo-infinite,halo-infinite,1,halo-infinite,0,0,False
adrian-ortiz,Adrián Ortiz,Adrián Ortiz,halo-campaign-evolved,halo-campaign-evolved,1,halo-campaign-evolved,0,0,False
adrian-perez,Adrian Perez,Adrian Perez|Adrian Mark Perez,halo-ce,halo-reach,5,halo-ce|halo-2|halo-3|halo-3-odst|halo-reach,9,3,False
adrian-valencia-chavez,Adrian Valencia Chavez,Adrian Valencia Chavez,halo-infinite,halo-infinite,1,halo-infinite,0,0,False
adrian-vasquez,Adrian Vasquez,Adrian Vasquez,halo-mcc-2021,halo-mcc-2021,1,halo-mcc-2021,0,0,False
adrian-veenje,Adrian Veenje,Adrian Veenje,halo-infinite,halo-infinite,1,halo-infinite,0,0,False
adric-braithwaite,Adric Braithwaite,Adric Braithwaite,halo-mcc,halo-mcc,1,halo-mcc,0,0,False
adrien-cho,Adrien Cho,Adrien Cho,halo-4,halo-infinite,3,halo-4|halo-5|halo-infinite,9,6,False
adrien-mingot,Adrien Mingot,Adrien Mingot,halo-infinite,halo-infinite,1,halo-infinite,0,0,False
adrienne-barbeau,Adrienne Barbeau,Adrienne Barbeau,halo-4,halo-4,1,halo-4,0,0,False
adrienne-sengpiehl,Adrienne Sengpiehl,Adrienne Sengpiehl,halo-mcc,halo-mcc,1,halo-mcc,0,0,False
adrienne-soto,Adrienne Soto,Adrienne Soto,halo-campaign-evolved,halo-campaign-evolved,1,halo-campaign-evolved,0,0,False
advance-schematics,Advance Schematics,Advance Schematics,halo-mcc-2021,halo-mcc-2021,1,halo-mcc-2021,0,0,False
aengus-ball,Aengus Ball,Aengus Ball,halo-mcc-2021,halo-mcc-2021,1,halo-mcc-2021,0,0,False
aenok-oh,Aenok Oh,Aenok Oh,halo-5,halo-5,1,halo-5,0,0,False
agata-jab-onska,Agata Jabłońska,Agata Jabłońska,halo-mcc,halo-mcc,1,halo-mcc,0,0,False
agata-jurkiewicz,Agata Jurkiewicz,Agata Jurkiewicz,halo-campaign-evolved,halo-campaign-evolved,1,halo-campaign-evolved,0,0,False
agnes-nacsady,Ágnes Nacsády,Ágnes Nacsády,halo-campaign-evolved,halo-campaign-evolved,1,halo-campaign-evolved,0,0,False
ahmad-j-chohan,Ahmad Chohan,Ahmad Chohan|Ahmad Javed Chohan|Ahmad J. Chohan|Ahmad J Chohan,halo-cea,halo-mcc,3,halo-cea|halo-4|halo-mcc,3,2,False
ahmad-qutob,Ahmad Qutob,Ahmad Qutob,halo-infinite,halo-infinite,1,halo-infinite,0,0,False
ahmed-ahmed,Ahmed Ahmed,Ahmed Ahmed,halo-infinite,halo-infinite,1,halo-infinite,0,0,False
ahmed-saleh,Ahmed Saleh,Ahmed Saleh,halo-infinite,halo-infinite,1,halo-infinite,0,0,False
ai-tran,Ai Tran,Ai Tran,halo-infinite,halo-infinite,1,halo-infinite,0,0,False
aida-jorda-sebastian,Aida Jordà Sebastian,Aida Jordà Sebastian,halo-campaign-evolved,halo-campaign-evolved,1,halo-campaign-evolved,0,0,False
aidan-bristow,Aidan Bristow,Aidan Bristow,halo-infinite,halo-infinite,1,halo-infinite,0,0,False
aidan-hyde,Aidan Hyde,Aidan Hyde,halo-mcc,halo-mcc,1,halo-mcc,0,0,False
aiju-vicky-song,Ai-Ju (Vicky) Song,Ai-Ju (Vicky) Song,halo-campaign-evolved,halo-campaign-evolved,1,halo-campaign-evolved,0,0,False
aila-enos,Aila Enos,Aila Enos,halo-mcc-2021,halo-infinite,2,halo-mcc-2021|halo-infinite,0,0,False
aimee-e-smith,Aimee Smith,Aimee Smith|Aimee E. Smith,halo-4,halo-4,1,halo-4,0,0,False
aimee-skeers,Aimee Skeers,Aimee Skeers,halo-4,halo-4,1,halo-4,0,0,False
aimy-calilung,Aimy Calilung,Aimy Calilung|Aimy Anne V. Calilung,halo-infinite,halo-infinite,1,halo-infinite,0,0,False
aisha-braud,Aisha Braud,Aisha Braud,halo-campaign-evolved,halo-campaign-evolved,1,halo-campaign-evolved,0,0,False
aisha-tyler,Aisha Tyler,Aisha Tyler,halo-reach,halo-campaign-evolved,2,halo-reach|halo-campaign-evolved,16,16,False
aj-helling,AJ Helling,AJ Helling,halo-infinite,halo-infinite,1,halo-infinite,0,0,False
ajay-agrawal,Ajay Agrawal,Ajay Agrawal,halo-infinite,halo-campaign-evolved,2,halo-infinite|halo-campaign-evolved,5,5,False
ak-deyassa,AK Deyassa,AK Deyassa,halo-mcc-2021,halo-infinite,2,halo-mcc-2021|halo-infinite,0,0,False
akash-kumar,Akash Kumar,Akash Kumar,halo-infinite,halo-infinite,1,halo-infinite,0,0,False
akin-bilgic,Akin Bilgic,Akin Bilgic,halo-mcc,halo-mcc,1,halo-mcc,0,0,False
al-carrington,Al Carrington,Al Carrington,halo-infinite,halo-infinite,1,halo-infinite,0,0,False
al-shier,Al Shier,Al Shier,halo-mcc,halo-mcc,1,halo-mcc,0,0,False
alan-blackwell,Alan Blackwell,Alan Blackwell,halo-cea,halo-cea,1,halo-cea,0,0,False
alan-castellanos-moreno,Alan Castellanos Moreno,Alan Castellanos Moreno,halo-4,halo-4,1,halo-4,0,0,False
alan-freedman,Alan Freedman,Alan Freedman,halo-5,halo-5,1,halo-5,0,0,False
alan-linssen,Alan Linssen,Alan Linssen,halo-infinite,halo-infinite,1,halo-infinite,0,0,False
alan-meyerson,Alan Meyerson,Alan Meyerson,halo-4,halo-5,2,halo-4|halo-5,3,3,False
alan-plascencia,Alan Plascencia,Alan Plascencia,halo-mcc-2021,halo-mcc-2021,1,halo-mcc-2021,0,0,False
alan-rankin,Alan Rankin,Alan Rankin,halo-mcc-2021,halo-mcc-2021,1,halo-mcc-2021,0,0,False
alan-reinhardt,Alan Reinhardt,Alan Reinhardt,halo-cea,halo-cea,1,halo-cea,0,0,False
alan-tseng,Alan Tseng,Alan Tseng,halo-reach,halo-reach,1,halo-reach,0,0,False
alan-tudyk,Alan Tudyk,Alan Tudyk,halo-3,halo-3-odst,2,halo-3|halo-3-odst,2,2,False
alan-umstead,Alan Umstead,Alan Umstead,halo-infinite,halo-infinite,1,halo-infinite,0,0,False
alan-vazquez,Alan Vázquez,Alan Vázquez,halo-infinite,halo-campaign-evolved,2,halo-infinite|halo-campaign-evolved,5,5,False
alasdair-oram,Alasdair Oram,Alasdair Oram,halo-mcc-2021,halo-mcc-2021,1,halo-mcc-2021,0,0,False
alastair-cornish,Alastair Cornish,Alastair Cornish,halo-mcc-2021,halo-mcc-2021,1,halo-mcc-2021,0,0,False
albert-a-robles,Albert Robles,Albert Robles,halo-4,halo-5,2,halo-4|halo-5,3,3,False
albert-kosarev,Albert Kosarev,Albert Kosarev,halo-mcc-2021,halo-mcc-2021,1,halo-mcc-2021,0,0,False
albert-ng,Albert Ng,Albert Ng,halo-4,halo-5,3,halo-4|halo-mcc|halo-5,3,2,False
alberto-santiago,Alberto Santiago,Alberto Santiago,halo-campaign-evolved,halo-campaign-evolved,1,halo-campaign-evolved,0,0,False
alec-lawless,Alec Lawless,Alec Lawless,halo-infinite,halo-infinite,1,halo-infinite,0,0,False
alejandro-more,Alejandro More,Alejandro More,halo-infinite,halo-infinite,1,halo-infinite,0,0,False
alejandro-palos,Alejandro Palos,Alejandro Palos,halo-infinite,halo-infinite,1,halo-infinite,0,0,False
alek-hiebert,Alek Hiebert,Alek Hiebert,halo-infinite,halo-infinite,1,halo-infinite,0,0,False
aleks-gershaft,Aleks Gershaft,Aleks Gershaft,halo-3,halo-3,1,halo-3,0,0,False
aleksander-kuznetsov,Aleksander Kuznetsov,Aleksander Kuznetsov|Aleksandr Kuznetsov|Alexander Kuznetsov,halo-cea,halo-infinite,4,halo-cea|halo-mcc|halo-mcc-2021|halo-infinite,10,7,False
aleksandr-artemenko,Aleksandr Artemenko,Aleksandr Artemenko|Alexander Artemenko,halo-cea,halo-mcc,2,halo-cea|halo-mcc,3,3,False
aleksandr-belotserkovets,Aleksandr Belotserkovets,Aleksandr Belotserkovets,halo-mcc,halo-mcc,1,halo-mcc,0,0,False
aleksandr-davyidov,Aleksandr Davyidov,Aleksandr Davyidov,halo-mcc,halo-mcc,1,halo-mcc,0,0,False
aleksandr-ermakov,Aleksandr Ermakov,Aleksandr Ermakov,halo-cea,halo-cea,1,halo-cea,0,0,False
aleksandr-feofanov,Aleksandr Feofanov,Aleksandr Feofanov,halo-mcc-2021,halo-mcc-2021,1,halo-mcc-2021,0,0,False
aleksandr-kailov,Aleksandr Kailov,Aleksandr Kailov,halo-mcc-2021,halo-mcc-2021,1,halo-mcc-2021,0,0,False
aleksandr-lukyanov,Aleksandr Lukyanov,Aleksandr Lukyanov,halo-campaign-evolved,halo-campaign-evolved,1,halo-campaign-evolved,0,0,False
aleksandr-mikutskii,Aleksandr Mikutskii,Aleksandr Mikutskii,halo-infinite,halo-infinite,1,halo-infinite,0,0,False
aleksandr-myala,Aleksandr Myala,Aleksandr Myala|Alexander Myala,halo-cea,halo-mcc,2,halo-cea|halo-mcc,3,3,False
aleksandr-plokhikh,Aleksandr Plokhikh,Aleksandr Plokhikh,halo-mcc-2021,halo-mcc-2021,1,halo-mcc-2021,0,0,False
aleksandr-shkarban,Aleksandr Shkarban,Aleksandr Shkarban,halo-mcc-2021,halo-mcc-2021,1,halo-mcc-2021,0,0,False
aleksandr-skolunov,Aleksandr Skolunov,Aleksandr Skolunov,halo-cea,halo-cea,1,halo-cea,0,0,False
aleksandr-smetkin,Aleksandr Smetkin,Aleksandr Smetkin,halo-cea,halo-cea,1,halo-cea,0,0,False
aleksandra-kilanova,Aleksandra Kilanova,Aleksandra Kilanova,halo-campaign-evolved,halo-campaign-evolved,1,halo-campaign-evolved,0,0,False
aleksandra-lartseva,Aleksandra Lartseva,Aleksandra Lartseva,halo-mcc-2021,halo-mcc-2021,1,halo-mcc-2021,0,0,False
aleksandra-ola-waltos,"Aleksandra ""Ola"" Waltos","Aleksandra ""Ola"" Waltos",halo-campaign-evolved,halo-campaign-evolved,1,halo-campaign-evolved,0,0,False
aleksandra-pietrasiewicz,Aleksandra Pietrasiewicz,Aleksandra Pietrasiewicz,halo-campaign-evolved,halo-campaign-evolved,1,halo-campaign-evolved,0,0,False
aleksei-andreev,Aleksei Andreev,Aleksei Andreev,halo-mcc-2021,halo-mcc-2021,1,halo-mcc-2021,0,0,False
aleksei-novorodonov,Aleksei Novorodonov,Aleksei Novorodonov,halo-infinite,halo-infinite,1,halo-infinite,0,0,False
aleksei-tsybin,Aleksei Tsybin,Aleksei Tsybin,halo-mcc-2021,halo-mcc-2021,1,halo-mcc-2021,0,0,False
aleksey-kozliayev,Aleksey Kozliayev,Aleksey Kozliayev,halo-mcc-2021,halo-mcc-2021,1,halo-mcc-2021,0,0,False
aleksey-melnikov,Aleksey Melnikov,Aleksey Melnikov,halo-cea,halo-mcc-2021,2,halo-cea|halo-mcc-2021,10,10,False
aleksey-novorodonov,Aleksey Novorodonov,Aleksey Novorodonov,halo-infinite,halo-infinite,1,halo-infinite,0,0,False
aleksey-polyakov,Aleksey Polyakov,Aleksey Polyakov,halo-cea,halo-cea,1,halo-cea,0,0,False
aleksey-vorobiev,Aleksey Vorobiev,Aleksey Vorobiev,halo-mcc,halo-mcc,1,halo-mcc,0,0,False
alena-copeland,Alena Copeland,Alena Copeland,halo-campaign-evolved,halo-campaign-evolved,1,halo-campaign-evolved,0,0,False
alessandro-parotti,Alessandro Parotti,Alessandro Parotti,halo-campaign-evolved,halo-campaign-evolved,1,halo-campaign-evolved,0,0,False
alex-bean,Alex Bean,Alex Bean,halo-infinite,halo-infinite,1,halo-infinite,0,0,False
alex-bezman,Alex Bezman,Alex Bezman|Aleksandr Bezman,halo-3,halo-reach,3,halo-3|halo-3-odst|halo-reach,3,2,False
alex-bhore,Alex Bhore,Alex Bhore,halo-infinite,halo-infinite,1,halo-infinite,0,0,False
alex-bourdages,Alex Bourdages,Alex Bourdages,halo-4,halo-4,1,halo-4,0,0,False
alex-carmichael,Alex Carmichael,Alex Carmichael,halo-mcc-2021,halo-mcc-2021,1,halo-mcc-2021,0,0,False
alex-cashman,Alex Cashman,Alex Cashman,halo-campaign-evolved,halo-campaign-evolved,1,halo-campaign-evolved,0,0,False
alex-chrisman,Alex Chrisman,Alex Chrisman,halo-cea,halo-infinite,3,halo-cea|halo-4|halo-infinite,10,9,False
alex-chu,Alex Chu,Alex Chu,halo-reach,halo-reach,1,halo-reach,0,0,False
alex-cutting,Alex Cutting,Alex Cutting,halo-3-odst,halo-infinite,5,halo-3-odst|halo-reach|halo-4|halo-5|halo-infinite,12,6,False
alex-emmet,Alex Emmet,Alex Emmet,halo-3-odst,halo-3-odst,1,halo-3-odst,0,0,False
alex-fennell,Alex Fennell,Alex Fennell,halo-infinite,halo-infinite,1,halo-infinite,0,0,False
alex-ferguson,Alex Ferguson,Alex Ferguson,halo-infinite,halo-infinite,1,halo-infinite,0,0,False
alex-fong,Alex Fong,Alex Fong,halo-mcc-2021,halo-mcc-2021,1,halo-mcc-2021,0,0,False
alex-green,Alex Green,Alex Green,halo-5,halo-5,1,halo-5,0,0,False
alex-grenier,Alex Grenier,Alex Grenier,halo-infinite,halo-infinite,1,halo-infinite,0,0,False
alex-haworth,Alex Haworth,Alex Haworth,halo-4,halo-4,1,halo-4,0,0,False
alex-heise,Alex Heise,Alex Heise,halo-campaign-evolved,halo-campaign-evolved,1,halo-campaign-evolved,0,0,False
alex-hunte,Alex Hunte,Alex Hunte,halo-4,halo-4,1,halo-4,0,0,False
alex-kocsis,Alex Kocsis,Alex Kocsis,halo-campaign-evolved,halo-campaign-evolved,1,halo-campaign-evolved,0,0,False
alex-kozlov,Alex Kozlov,Alex Kozlov,halo-campaign-evolved,halo-campaign-evolved,1,halo-campaign-evolved,0,0,False
alex-levick,Alex Levick,Alex Levick,halo-mcc-2021,halo-mcc-2021,1,halo-mcc-2021,0,0,False
alex-liberman,Alex Liberman,Alex Liberman,halo-cea,halo-4,2,halo-cea|halo-4,1,1,False
alex-marcinowski,Alex Marcinowski,Alex Marcinowski,halo-infinite,halo-infinite,1,halo-infinite,0,0,False
alex-munger,Alex Munger,Alex Munger,halo-mcc-2018,halo-mcc-2018,1,halo-mcc-2018,0,0,False
alex-omlansky,Alex Omlansky,Alex Omlansky,halo-mcc,halo-mcc,1,halo-mcc,0,0,False
alex-parlour,Alex Parlour,Alex Parlour,halo-campaign-evolved,halo-campaign-evolved,1,halo-campaign-evolved,0,0,False
alex-patrascan,Alex Patrascan,Alex Patrascan,halo-mcc,halo-mcc,1,halo-mcc,0,0,False
alex-pellegrino,Alex Pellegrino,Alex Pellegrino,halo-mcc-2021,halo-mcc-2021,1,halo-mcc-2021,0,0,False
alex-pfeiffer,Alex Pfeiffer,Alex Pfeiffer,halo-3-odst,halo-reach,2,halo-3-odst|halo-reach,1,1,False
alex-plante,Alex Plante,Alex Plante,halo-mcc-2018,halo-mcc-2018,1,halo-mcc-2018,0,0,False
alex-porter,Alex Porter,Alex Porter,halo-mcc-2021,halo-mcc-2021,1,halo-mcc-2021,0,0,False
alex-pumpian,Alex Pumpian,Alex Pumpian,halo-infinite,halo-infinite,1,halo-infinite,0,0,False
alex-qutob,Alex Qutob,Alex Qutob,halo-infinite,halo-infinite,1,halo-infinite,0,0,False
alex-sandor-rabb,Alex Sándor Rabb,Alex Sándor Rabb,halo-campaign-evolved,halo-campaign-evolved,1,halo-campaign-evolved,0,0,False
alex-senechal,Alex Senechal,Alex Senechal,halo-5,halo-5,1,halo-5,0,0,False
alex-stodolnik,Alex Stodolnik,Alex Stodolnik,halo-infinite,halo-infinite,1,halo-infinite,0,0,False
alex-stratulat,Alex Stratulat,Alex Stratulat,halo-infinite,halo-infinite,1,halo-infinite,0,0,False
alex-wakeford,Alex Wakeford,Alex Wakeford,halo-campaign-evolved,halo-campaign-evolved,1,halo-campaign-evolved,0,0,False
alex-wrightmanning,Alex Wright-Manning,Alex Wright-Manning,halo-mcc-2021,halo-mcc-2021,1,halo-mcc-2021,0,0,False
alex-you,Alex You,Alex You,halo-infinite,halo-infinite,1,halo-infinite,0,0,False
alexander-alexandrov,Alexander Alexandrov,Alexander Alexandrov,halo-infinite,halo-infinite,1,halo-infinite,0,0,False
alexander-armenta,Alexander Armenta,Alexander Armenta,halo-infinite,halo-infinite,1,halo-infinite,0,0,False
alexander-barilko,Alexander Barilko,Alexander Barilko,halo-infinite,halo-infinite,1,halo-infinite,0,0,False
alexander-basov,Alexander Basov,Alexander Basov,halo-mcc-2021,halo-mcc-2021,1,halo-mcc-2021,0,0,False
alexander-blyzniuk,Alexander Blyzniuk,Alexander Blyzniuk,halo-mcc,halo-mcc,1,halo-mcc,0,0,False
alexander-boczar,Alexander Boczar,Alexander Boczar,halo-4,halo-5,2,halo-4|halo-5,3,3,False
alexander-boluzhenkov,Alexander Boluzhenkov,Alexander Boluzhenkov,halo-infinite,halo-infinite,1,halo-infinite,0,0,False
alexander-burback,Alexander Burback,Alexander Burback,halo-infinite,halo-infinite,1,halo-infinite,0,0,False
alexander-chavez,Alexander Chávez,Alexander Chávez,halo-mcc,halo-mcc,1,halo-mcc,0,0,False
alexander-chuyko,Alexander Chuyko,Alexander Chuyko,halo-infinite,halo-infinite,1,halo-infinite,0,0,False
alexander-hunker,Alexander Hunker,Alexander Hunker,halo-mcc-2021,halo-mcc-2021,1,halo-mcc-2021,0,0,False
alexander-ivanov,Alexander Ivanov,Alexander Ivanov,halo-mcc-2021,halo-infinite,2,halo-mcc-2021|halo-infinite,0,0,False
alexander-kairis,Alexander Kairis,Alexander Kairis,halo-4,halo-4,1,halo-4,0,0,False
alexander-kolle,Alexander Kolle,Alexander Kolle,halo-campaign-evolved,halo-campaign-evolved,1,halo-campaign-evolved,0,0,False
alexander-komendant,Alexander Komendant,Alexander Komendant,halo-infinite,halo-infinite,1,halo-infinite,0,0,False
alexander-leeman-johnson,Alexander Leeman Johnson,Alexander Leeman Johnson,halo-cea,halo-cea,1,halo-cea,0,0,False
alexander-lemke,Alexander Lemke,Alexander Lemke,halo-infinite,halo-infinite,1,halo-infinite,0,0,False
alexander-miller,Alexander Miller,Alexander Miller,halo-4,halo-4,1,halo-4,0,0,False
alexander-oldring,Alexander Oldring,Alexander Oldring,halo-campaign-evolved,halo-campaign-evolved,1,halo-campaign-evolved,0,0,False
alexander-peschanskiy,Alexander Peschanskiy,Alexander Peschanskiy,halo-infinite,halo-infinite,1,halo-infinite,0,0,False
alexander-ponomarev,Alexander Ponomarev,Alexander Ponomarev,halo-infinite,halo-infinite,1,halo-infinite,0,0,False
alexander-reyes,Alexander Reyes,Alexander Reyes,halo-mcc-2021,halo-mcc-2021,1,halo-mcc-2021,0,0,False
alexander-roswall,Alexander Roswall,Alexander Roswall,halo-mcc,halo-mcc,1,halo-mcc,0,0,False
alexander-seropian,Alexander Seropian,Alexander Seropian,halo-ce,halo-ce,1,halo-ce,0,0,False
alexander-shipley,Alexander Shipley,Alexander Shipley,halo-mcc,halo-5,2,halo-mcc|halo-5,1,1,False
alexander-vue,Alexander Vue,Alexander Vue,halo-infinite,halo-infinite,1,halo-infinite,0,0,False
alexandr-farafonov,Alexandr Farafonov,Alexandr Farafonov,halo-infinite,halo-infinite,1,halo-infinite,0,0,False
alexandra-batalova,Alexandra Batalova,Alexandra Batalova,halo-infinite,halo-infinite,1,halo-infinite,0,0,False
alexandra-dianis,Alexandra Dianis,Alexandra Dianis,halo-campaign-evolved,halo-campaign-evolved,1,halo-campaign-evolved,0,0,False
alexandra-elauria,Alexandra Elauria,Alexandra Elauria|Alex Elauria,halo-mcc-2021,halo-infinite,2,halo-mcc-2021|halo-infinite,0,0,False
alexandra-limina,Alexandra Limina,Alexandra Limina,halo-infinite,halo-infinite,1,halo-infinite,0,0,False
alexandra-petrovskova,Alexandra Petrovskova,Alexandra Petrovskova,halo-infinite,halo-infinite,1,halo-infinite,0,0,False
alexandra-sims,Alexandra Sims,Alexandra Sims,halo-mcc-2021,halo-mcc-2021,1,halo-mcc-2021,0,0,False
alexandra-soboleva,Alexandra Soboleva,Alexandra Soboleva,halo-infinite,halo-infinite,1,halo-infinite,0,0,False
alexandra-zakirova,Alexandra Zakirova,Alexandra Zakirova,halo-mcc-2021,halo-mcc-2021,1,halo-mcc-2021,0,0,False
alexandre-david,Alexandre David,Alexandre David,halo-infinite,halo-infinite,1,halo-infinite,0,0,False
alexandre-fernandes-costa,Alexandre Fernandes Costa,Alexandre Fernandes Costa,halo-infinite,halo-infinite,1,halo-infinite,0,0,False
alexandre-le-boulicaut,Alexandre Le Boulicaut,Alexandre Le Boulicaut,halo-infinite,halo-infinite,1,halo-infinite,0,0,False
alexandre-litchinko,Alexandre Litchinko,Alexandre Litchinko,halo-mcc,halo-mcc,1,halo-mcc,0,0,False
alexandru-dragutescu,Alexandru Dragutescu,Alexandru Dragutescu,halo-3,halo-3,1,halo-3,0,0,False
alexei-dmitriev,Alexei Dmitriev,Alexei Dmitriev|Alexey Dmitriev,halo-infinite,halo-infinite,1,halo-infinite,0,0,False
alexey-dramashko,Alexey Dramashko,Alexey Dramashko,halo-campaign-evolved,halo-campaign-evolved,1,halo-campaign-evolved,0,0,False
alexey-frolov,Alexey Frolov,Alexey Frolov,halo-mcc-2021,halo-mcc-2021,1,halo-mcc-2021,0,0,False
alexey-galashin,Alexey Galashin,Alexey Galashin,halo-infinite,halo-infinite,1,halo-infinite,0,0,False
alexey-ivanov,Alexey Ivanov,Alexey Ivanov,halo-cea,halo-cea,1,halo-cea,0,0,False
alexey-kirillov,Alexey Kirillov,Alexey Kirillov,halo-cea,halo-cea,1,halo-cea,0,0,False
alexey-kondakov,Alexey Kondakov,Alexey Kondakov,halo-infinite,halo-infinite,1,halo-infinite,0,0,False
alexey-konnov,Alexey Konnov,Alexey Konnov,halo-mcc,halo-mcc,1,halo-mcc,0,0,False
alexey-kovalev,Alexey Kovalev,Alexey Kovalev,halo-mcc,halo-mcc,1,halo-mcc,0,0,False
alexey-kulakov,Alexey Kulakov,Alexey Kulakov,halo-infinite,halo-infinite,1,halo-infinite,0,0,False
alexey-makarov,Alexey Makarov,Alexey Makarov,halo-infinite,halo-infinite,1,halo-infinite,0,0,False
alexey-murzak,Alexey Murzak,Alexey Murzak,halo-mcc,halo-mcc,1,halo-mcc,0,0,False
alexey-naumov,Alexey Naumov,Alexey Naumov,halo-cea,halo-cea,1,halo-cea,0,0,False
alexey-pushkarev,Alexey Pushkarev,Alexey Pushkarev,halo-infinite,halo-infinite,1,halo-infinite,0,0,False
alexey-ryabtsev,Alexey Ryabtsev,Alexey Ryabtsev,halo-infinite,halo-infinite,1,halo-infinite,0,0,False
alexey-shutov,Alexey Shutov,Alexey Shutov,halo-mcc,halo-mcc,1,halo-mcc,0,0,False
alexey-tkachev,Alexey Tkachev,Alexey Tkachev,halo-mcc-2021,halo-mcc-2021,1,halo-mcc-2021,0,0,False
alexis-delmotte,Alexis Delmotte,Alexis Delmotte,halo-infinite,halo-infinite,1,halo-infinite,0,0,False
alexis-smith,Alexis Smith,Alexis Smith,halo-mcc,halo-mcc-2021,3,halo-mcc|halo-5|halo-mcc-2021,7,6,False
alexy-podverbny,Alexy Podverbny,Alexy Podverbny,halo-mcc-2021,halo-mcc-2021,1,halo-mcc-2021,0,0,False
alfonso-casado-trigo,Alfonso Casado Trigo,Alfonso Casado Trigo,halo-infinite,halo-infinite,1,halo-infinite,0,0,False
alfonso-jimenez-balairon,Alfonso Jiménez Balairón,Alfonso Jiménez Balairón,halo-mcc-2021,halo-mcc-2021,1,halo-mcc-2021,0,0,False
alfred-bryan-m-vidal,Alfred Bryan M. Vidal,Alfred Bryan M. Vidal,halo-infinite,halo-infinite,1,halo-infinite,0,0,False
ali-abraham,Ali Abraham,Ali Abraham,halo-infinite,halo-infinite,1,halo-infinite,0,0,False
ali-hillis,Ali Hillis,Ali Hillis,halo-5,halo-5,1,halo-5,0,0,False
ali-lupu,Ali Lupu,Ali Lupu,halo-mcc,halo-mcc,1,halo-mcc,0,0,False
ali-mohammed,Ali Mohammed,Ali Mohammed,halo-infinite,halo-infinite,1,halo-infinite,0,0,False
ali-talhouni,Ali Talhouni,Ali Talhouni,halo-infinite,halo-infinite,1,halo-infinite,0,0,False
ali-zandi,Ali Zandi,Ali Zandi,halo-4,halo-4,1,halo-4,0,0,False
alice-bongiorni,Alice Bongiorni,Alice Bongiorni,halo-campaign-evolved,halo-campaign-evolved,1,halo-campaign-evolved,0,0,False
alicia-brattin,Alicia Brattin,Alicia Brattin,halo-4,halo-4,1,halo-4,0,0,False
alina-tarasova,Alina Tarasova,Alina Tarasova,halo-mcc,halo-mcc,1,halo-mcc,0,0,False
alistair-mackie,Alistair Mackie,Alistair Mackie,halo-5,halo-5,1,halo-5,0,0,False
allan-cabal,Allan Cabal,Allan Cabal,halo-mcc,halo-mcc,1,halo-mcc,0,0,False
allan-mckay,Allan McKay,Allan McKay,halo-mcc,halo-mcc,1,halo-mcc,0,0,False
allen-goode,Allen Goode,Allen Goode,halo-4,halo-4,1,halo-4,0,0,False
allen-murray,Allen Murray,Allen Murray,halo-3,halo-3-odst,2,halo-3|halo-3-odst,2,2,False
allen-perada,Allen Perada,Allen Perada,halo-4,halo-4,1,halo-4,0,0,False
allen-sampaga,Allen Sampaga,Allen Sampaga,halo-infinite,halo-infinite,1,halo-infinite,0,0,False
allen-walley,Allen Walley,Allen Walley,halo-5,halo-5,1,halo-5,0,0,False
allen-wilson,Allen Wilson,Allen Wilson,halo-infinite,halo-infinite,1,halo-infinite,0,0,False
allison-alden,Allison Alden,Allison Alden,halo-infinite,halo-infinite,1,halo-infinite,0,0,False
allison-nagy,Allison Nagy,Allison Nagy|Allison Foote-Nagy,halo-infinite,halo-infinite,1,halo-infinite,0,0,False
allison-stroll,Alison Stroll,Alison Stroll|Allison Stroll,halo-cea,halo-4,2,halo-cea|halo-4,1,1,False
allyn-iwane,Allyn Iwane,Allyn Iwane,halo-2,halo-4,2,halo-2|halo-4,8,8,False
allyssa-pellegrin,Allyssa Pellegrin,Allyssa Pellegrin,halo-infinite,halo-infinite,1,halo-infinite,0,0,False
alona-tal,Alona Tal,Alona Tal,halo-reach,halo-reach,1,halo-reach,0,0,False
alta-hartmann,Alta Hartmann,Alta Hartmann,halo-2,halo-3,2,halo-2|halo-3,3,3,False
alvaro-calvario,Alvaro Calvario,Alvaro Calvario,halo-infinite,halo-infinite,1,halo-infinite,0,0,False
alvaro-duro-hernandez,Álvaro Duro Hernández,Álvaro Duro Hernández,halo-campaign-evolved,halo-campaign-evolved,1,halo-campaign-evolved,0,0,False
alvin-hao,Alvin Hao,Alvin Hao,halo-mcc,halo-mcc,1,halo-mcc,0,0,False
alvin-liu,Alvin Liu,Alvin Liu,halo-5,halo-5,1,halo-5,0,0,False
alvin-nelson,Alvin Nelson,Alvin Nelson,halo-campaign-evolved,halo-campaign-evolved,1,halo-campaign-evolved,0,0,False
alyse-galor,Alyse Galor,Alyse Galor,halo-infinite,halo-infinite,1,halo-infinite,0,0,False
alyson-dee-more,Alyson Moore,Alyson Moore|Alyson Dee Moore|Alyson Dee More,halo-5,halo-infinite,2,halo-5|halo-infinite,6,6,False
alyson-zippy-szymanski,"Alyson ""Zippy"" Szymanski","Alyson ""Zippy"" Szymanski|Alyson Szymanski|Alyson ''Zippy'' Szymanski",halo-4,halo-5,2,halo-4|halo-5,3,3,False
alyssa-aguila,Alyssa Aguila,Alyssa Aguila,halo-mcc-2021,halo-mcc-2021,1,halo-mcc-2021,0,0,False
alyssa-munaretto,Alyssa Munaretto,Alyssa Munaretto,halo-campaign-evolved,halo-campaign-evolved,1,halo-campaign-evolved,0,0,False
alyssa-torres,Alyssa Torres,Alyssa Torres,halo-campaign-evolved,halo-campaign-evolved,1,halo-campaign-evolved,0,0,False
amanda-anderson,Amanda Anderson,Amanda Anderson,halo-2,halo-2,1,halo-2,0,0,False
amanda-brewer,Amanda Brewer,Amanda Brewer|Amanda Lynn Brewer,halo-mcc,halo-mcc,1,halo-mcc,0,0,False
amanda-gracia,Amanda Gracia,Amanda Gracia,halo-campaign-evolved,halo-campaign-evolved,1,halo-campaign-evolved,0,0,False
amanda-long,Amanda Long,Amanda Long,halo-4,halo-4,1,halo-4,0,0,False
amanda-mccormick,Amanda McCormick,Amanda McCormick,halo-infinite,halo-infinite,1,halo-infinite,0,0,False
amanda-morton,Amanda Morton,Amanda Morton,halo-mcc-2021,halo-campaign-evolved,3,halo-mcc-2021|halo-infinite|halo-campaign-evolved,5,5,False
amanda-nearbin,Amanda Nearbin,Amanda Nearbin,halo-campaign-evolved,halo-campaign-evolved,1,halo-campaign-evolved,0,0,False
amanda-phillipson,Amanda Phillipson,Amanda Phillipson|Amanda Philipson,halo-reach,halo-reach,1,halo-reach,0,0,False
amanda-powell,Amanda Powell,Amanda Powell,halo-mcc,halo-mcc,1,halo-mcc,0,0,False
amanda-rischel,Amanda Rischel,Amanda Rischel,halo-campaign-evolved,halo-campaign-evolved,1,halo-campaign-evolved,0,0,False
amanda-swalling,Amanda Swalling,Amanda Swalling,halo-mcc,halo-mcc-2021,3,halo-mcc|halo-5|halo-mcc-2021,7,6,False
amanda-wyatt,Amanda Wyatt,Amanda Wyatt,halo-5,halo-5,1,halo-5,0,0,False
amber-lamb,Amber Lamb,Amber Lamb,halo-infinite,halo-infinite,1,halo-infinite,0,0,False
amber-tate,Amber Tate,Amber Tate,halo-mcc-2021,halo-mcc-2021,1,halo-mcc-2021,0,0,False
ambika-luthra,Ambika Luthra,Ambika Luthra,halo-infinite,halo-infinite,1,halo-infinite,0,0,False
amelia-graham,Amelia Graham,Amelia Graham,halo-infinite,halo-infinite,1,halo-infinite,0,0,False
amelia-lacenski,Amelia Lacenski,Amelia Lacenski,halo-2,halo-2,1,halo-2,0,0,False
america-young,America Young,America Young,halo-5,halo-5,1,halo-5,0,0,False
amit-ofer,Amit Ofer,Amit Ofer,halo-infinite,halo-infinite,1,halo-infinite,0,0,False
amity-mathews,Amity Mathews,Amity Mathews,halo-mcc-2021,halo-infinite,2,halo-mcc-2021|halo-infinite,0,0,False
amy-ash,Amy Ash,Amy Ash,halo-infinite,halo-infinite,1,halo-infinite,0,0,False
amy-cobb,Amy Cobb,Amy Cobb,halo-mcc-2021,halo-campaign-evolved,3,halo-mcc-2021|halo-infinite|halo-campaign-evolved,5,5,False
amy-sturdivant,Amy Sturdivant,Amy Sturdivant,halo-5,halo-5,1,halo-5,0,0,False
amz-rattan,Amz Rattan,Amz Rattan,halo-infinite,halo-infinite,1,halo-infinite,0,0,False
ana-elizabeth-sanchez-araujo,Ana Elizabeth Sánchez Araujo,Ana Elizabeth Sánchez Araujo,halo-campaign-evolved,halo-campaign-evolved,1,halo-campaign-evolved,0,0,False
ana-pastukhova,Ana Pastukhova,Ana Pastukhova,halo-campaign-evolved,halo-campaign-evolved,1,halo-campaign-evolved,0,0,False
anando-banerjee,Anando Banerjee,Anando Banerjee|Ananda Banerjee,halo-infinite,halo-infinite,1,halo-infinite,0,0,False
anastasia-fatina,Anastasia Fatina,Anastasia Fatina,halo-mcc-2021,halo-mcc-2021,1,halo-mcc-2021,0,0,False
anastasia-karpova,Anastasia Karpova,Anastasia Karpova,halo-infinite,halo-infinite,1,halo-infinite,0,0,False
anastasia-kurnosova,Anastasia Kurnosova,Anastasia Kurnosova,halo-mcc-2021,halo-mcc-2021,1,halo-mcc-2021,0,0,False
anatolii-zimovskii,Anatolii Zimovskii,Anatolii Zimovskii,halo-mcc-2021,halo-mcc-2021,1,halo-mcc-2021,0,0,False
anatoliy-kunym,Anatoliy Kunym,Anatoliy Kunym,halo-infinite,halo-infinite,1,halo-infinite,0,0,False
anderson-holland,Anderson Holland,Anderson Holland,halo-campaign-evolved,halo-campaign-evolved,1,halo-campaign-evolved,0,0,False
andi-riordanscott,Andi Riordan-Scott,Andi Riordan-Scott,halo-infinite,halo-infinite,1,halo-infinite,0,0,False
andi-rowley,Andi Rowley,Andi Rowley,halo-infinite,halo-infinite,1,halo-infinite,0,0,False
andjela-bojanic,Andjela Bojanic,Andjela Bojanic,halo-mcc-2021,halo-mcc-2021,1,halo-mcc-2021,0,0,False
andra-niculescu,Andra Ion Niculescu,Andra Ion Niculescu,halo-3-odst,halo-3-odst,1,halo-3-odst,0,0,False
andras-gall,András Gáll,András Gáll,halo-campaign-evolved,halo-campaign-evolved,1,halo-campaign-evolved,0,0,False
andras-horvath,András Horváth,András Horváth,halo-campaign-evolved,halo-campaign-evolved,1,halo-campaign-evolved,0,0,False
andras-krajcsics,András Krajcsics,András Krajcsics,halo-campaign-evolved,halo-campaign-evolved,1,halo-campaign-evolved,0,0,False
andras-morocz,András Mórocz,András Mórocz,halo-campaign-evolved,halo-campaign-evolved,1,halo-campaign-evolved,0,0,False
andras-somody,András Somody,András Somody,halo-campaign-evolved,halo-campaign-evolved,1,halo-campaign-evolved,0,0,False
andre-caesar,Andre Caesar,Andre Caesar,halo-infinite,halo-infinite,1,halo-infinite,0,0,False
andre-coleman,Andre Coleman,Andre Coleman,halo-infinite,halo-infinite,1,halo-infinite,0,0,False
andre-petrossian,Andre Petrossian,Andre Petrossian,halo-mcc,halo-mcc,1,halo-mcc,0,0,False
andre-podnozov,Andre Podnozov,Andre Podnozov|Andre V. Podnozov,halo-4,halo-5,3,halo-4|halo-mcc|halo-5,3,2,False
andre-zweers,Andre Zweers,Andre Zweers|Andre J. H. Zweers,halo-cea,halo-mcc,2,halo-cea|halo-mcc,3,3,False
andrea-bogart,Andrea Bogart,Andrea Bogart,halo-5,halo-5,1,halo-5,0,0,False
andrea-cohen,Andrea Cohen,Andrea Cohen,halo-mcc,halo-mcc,1,halo-mcc,0,0,False
andrea-gambaro,Andrea Gambaro,Andrea Gambaro,halo-campaign-evolved,halo-campaign-evolved,1,halo-campaign-evolved,0,0,False
andrea-gausmann,Andrea Gausmann,Andrea Gausmann,halo-4,halo-campaign-evolved,4,halo-4|halo-5|halo-infinite|halo-campaign-evolved,14,6,False
andrea-hochstein,Andrea Hochstein,Andrea Hochstein,halo-campaign-evolved,halo-campaign-evolved,1,halo-campaign-evolved,0,0,False
andrea-lehnen,Andrea Lehnen,Andrea Lehnen,halo-4,halo-4,1,halo-4,0,0,False
andrea-mikus,Andrea Mikus,Andrea Mikus,halo-campaign-evolved,halo-campaign-evolved,1,halo-campaign-evolved,0,0,False
andrea-pratt,Andrea Pratt,Andrea Pratt,halo-infinite,halo-infinite,1,halo-infinite,0,0,False
andrea-ratsos,Andrea Ratsos,Andrea Ratsos,halo-infinite,halo-infinite,1,halo-infinite,0,0,False
andrea-roberts,Andrea Roberts,Andrea Roberts,halo-cea,halo-cea,1,halo-cea,0,0,False
andreas-istrate,Andreas Istrate,Andreas Istrate,halo-infinite,halo-infinite,1,halo-infinite,0,0,False
andrei-balakan,Andrei Balakan,Andrei Balakan,halo-mcc-2021,halo-mcc-2021,1,halo-mcc-2021,0,0,False
andrei-ilin,Andrei Ilin,Andrei Ilin,halo-mcc-2021,halo-mcc-2021,1,halo-mcc-2021,0,0,False
andrei-samardac,Andrei Samardac,Andrei Samardac,halo-mcc,halo-mcc,1,halo-mcc,0,0,False
andrei-szasz,Andrei Szasz,Andrei Szasz,halo-mcc,halo-mcc,1,halo-mcc,0,0,False
andres-molina,Andres Molina,Andres Molina,halo-infinite,halo-infinite,1,halo-infinite,0,0,False
andres-nelson,Andrés Nelson,Andrés Nelson,halo-infinite,halo-infinite,1,halo-infinite,0,0,False
andrew-averkin,Andrew Averkin,Andrew Averkin,halo-infinite,halo-infinite,1,halo-infinite,0,0,False
andrew-bosold,Andrew Bosold,Andrew Bosold|Andy Bosold,halo-4,halo-5,2,halo-4|halo-5,3,3,False
andrew-bradbury,Andrew Bradbury,Andrew Bradbury,halo-4,halo-infinite,3,halo-4|halo-5|halo-infinite,9,6,False
andrew-breeden,Andrew Breeden,Andrew Breeden|Andrew Breedon,halo-cea,halo-4,2,halo-cea|halo-4,1,1,False
andrew-brennwald,Andrew Brennwald,Andrew Brennwald,halo-mcc,halo-mcc,1,halo-mcc,0,0,False
andrew-brinkworth,Andrew Brinkworth,Andrew Brinkworth,halo-5,halo-5,1,halo-5,0,0,False
andrew-butterfield,Andrew Butterfield,Andrew Butterfield,halo-infinite,halo-infinite,1,halo-infinite,0,0,False
andrew-carlston,Andrew Carlston,Andrew Carlston,halo-5,halo-5,1,halo-5,0,0,False
andrew-chacon,Andrew Chacon,Andrew Chacon,halo-infinite,halo-infinite,1,halo-infinite,0,0,False
andrew-clarke,Andrew Clarke,Andrew Clarke,halo-infinite,halo-infinite,1,halo-infinite,0,0,False
andrew-clunes,Andrew Clunes,Andrew Clunes,halo-infinite,halo-infinite,1,halo-infinite,0,0,False
andrew-crews,Andrew Crews,Andrew Crews,halo-mcc-2021,halo-mcc-2021,1,halo-mcc-2021,0,0,False
andrew-de-spain,Andrew De Spain,Andrew De Spain,halo-campaign-evolved,halo-campaign-evolved,1,halo-campaign-evolved,0,0,False
andrew-drew-morgan,Andrew 'Drew' Morgan,Andrew 'Drew' Morgan,halo-4,halo-4,1,halo-4,0,0,False
andrew-dudynsky,Andy Dudynsky,Andy Dudynsky|Andy “Bravo” Dudynsky,halo-mcc,halo-5,2,halo-mcc|halo-5,1,1,False
andrew-e-woods,Andrew E Woods,Andrew E Woods,halo-mcc,halo-mcc,1,halo-mcc,0,0,False
andrew-farrier,Andrew Farrier,Andrew Farrier,halo-infinite,halo-infinite,1,halo-infinite,0,0,False
andrew-ford,Andrew Ford,Andrew Ford,halo-4,halo-5,2,halo-4|halo-5,3,3,False
andrew-franklin,Andrew Franklin,Andrew Franklin,halo-campaign-evolved,halo-campaign-evolved,1,halo-campaign-evolved,0,0,False
andrew-g-davis,Andrew G Davis,Andrew G Davis,halo-3,halo-reach,3,halo-3|halo-3-odst|halo-reach,3,2,False
andrew-giese,Andrew Giese,Andrew Giese,halo-4,halo-4,1,halo-4,0,0,False
andrew-gleeson,Andrew Gleeson,Andrew Gleeson,halo-mcc,halo-infinite,2,halo-mcc|halo-infinite,7,7,False
andrew-glover,Andrew Glover,Andrew Glover,halo-infinite,halo-infinite,1,halo-infinite,0,0,False
andrew-golding,Andrew Golding,Andrew Golding,halo-mcc,halo-mcc,1,halo-mcc,0,0,False
andrew-goossen,Andrew Goosen,Andrew Goosen,halo-infinite,halo-infinite,1,halo-infinite,0,0,False
andrew-hampton,Andrew Hampton,Andrew Hampton|Andrew C Hampton,halo-4,halo-campaign-evolved,6,halo-4|halo-mcc|halo-5|halo-mcc-2021|halo-infinite|halo-campaign-evolved,14,6,False
andrew-harrison,Andrew Harrison,Andrew Harrison,halo-3,halo-reach,3,halo-3|halo-3-odst|halo-reach,3,2,False
andrew-hesky,Andrew Hesky,Andrew Hesky|Andrew A. Hesky,halo-4,halo-5,3,halo-4|halo-mcc|halo-5,3,2,False
andrew-hodge,Andrew Hodge,Andrew Hodge,halo-infinite,halo-infinite,1,halo-infinite,0,0,False
andrew-hopper,Andrew Hopper,Andrew Hopper,halo-3-odst,halo-4,3,halo-3-odst|halo-reach|halo-4,3,2,False
andrew-hotzler,Andrew Hotzler,Andrew Hotzler,halo-infinite,halo-infinite,1,halo-infinite,0,0,False
andrew-hruza,Andrew Hruza,Andrew Hruza,halo-cea,halo-cea,1,halo-cea,0,0,False
andrew-j-nack,Andrew Nack,Andrew Nack,halo-5,halo-5,1,halo-5,0,0,False
andrew-kindred,Andrew Kindred,Andrew Kindred,halo-infinite,halo-infinite,1,halo-infinite,0,0,False
andrew-kinney,Andrew Kinney,Andrew Kinney,halo-4,halo-4,1,halo-4,0,0,False
andrew-kishino,Andrew Kishino,Andrew Kishino,halo-4,halo-infinite,3,halo-4|halo-5|halo-infinite,9,6,False
andrew-lackey,Andrew Lackey,Andrew Lackey,halo-infinite,halo-infinite,1,halo-infinite,0,0,False
andrew-lema,Andrew Lema,Andrew Lema,halo-mcc,halo-mcc,1,halo-mcc,0,0,False
andrew-lovvorn,Andrew Lovvorn,Andrew Lovvorn,halo-3,halo-3,1,halo-3,0,0,False
andrew-lubitz,Andrew Lubitz,Andrew Lubitz,halo-infinite,halo-infinite,1,halo-infinite,0,0,False
andrew-martin,Andrew Martin,Andrew Martin,halo-mcc-2021,halo-mcc-2021,1,halo-mcc-2021,0,0,False
andrew-mckaige,Andrew McKaige,Andy McKage [sic]|Andy McKaige|Andrew McKaige,halo-ce,halo-campaign-evolved,5,halo-ce|halo-2|halo-3|halo-3-odst|halo-campaign-evolved,25,17,False
andrew-mcwilliams,Andrew McWilliams,Andrew McWilliams|Andrew McWillians,halo-4,halo-4,1,halo-4,0,0,False
andrew-morgado,Andrew Morgado,Andrew Morgado,halo-infinite,halo-infinite,1,halo-infinite,0,0,False
andrew-morgan,Andrew Morgan,Andrew Morgan,halo-4,halo-4,1,halo-4,0,0,False
andrew-morganstein,Andrew Morganstein,Andrew Morganstein,halo-4,halo-4,1,halo-4,0,0,False
andrew-morris,Andrew Morris,Andrew Morris,halo-4,halo-infinite,2,halo-4|halo-infinite,9,9,False
andrew-nollan,Andrew Nollan,Andrew Nollan,halo-infinite,halo-campaign-evolved,2,halo-infinite|halo-campaign-evolved,5,5,False
andrew-ogawa,Andrew Ogawa,Andrew Ogawa,halo-3-odst,halo-3-odst,1,halo-3-odst,0,0,False
andrew-orloff,Andrew Orloff,Andrew Orloff|Andrew J. Orloff,halo-3,halo-3,1,halo-3,0,0,False
andrew-osborne,Andrew Osborne,Andrew Osborne,halo-5,halo-infinite,2,halo-5|halo-infinite,6,6,False
andrew-presley,Andrew Presley,Andrew Presley,halo-infinite,halo-infinite,1,halo-infinite,0,0,False
andrew-saturn,Andrew Saturn,Andrew Saturn,halo-reach,halo-reach,1,halo-reach,0,0,False
andrew-schnickel,Andrew Schnickel,Andrew Schnickel,halo-cea,halo-campaign-evolved,6,halo-cea|halo-4|halo-mcc|halo-mcc-2021|halo-infinite|halo-campaign-evolved,15,7,False
andrew-severson,Andrew Severson,Andrew Severson,halo-4,halo-5,2,halo-4|halo-5,3,3,False
andrew-shimer,Andrew Shimer,Andrew Shimer,halo-4,halo-4,1,halo-4,0,0,False
andrew-smallis,Andrew Smallis,Andrew Smallis,halo-5,halo-5,1,halo-5,0,0,False
andrew-smallwood,Andrew Smallwood,Andrew Smallwood,halo-infinite,halo-campaign-evolved,2,halo-infinite|halo-campaign-evolved,5,5,False
andrew-solomon,Andrew Solomon,Andrew Solomon|Drew Solomon,halo-3,halo-reach,3,halo-3|halo-3-odst|halo-reach,3,2,False
andrew-subject,Andrew Subject,Andrew Subject,halo-infinite,halo-infinite,1,halo-infinite,0,0,False
andrew-thomas,Andrew Thomas,Andrew Thomas|Drew Thomas,halo-5,halo-campaign-evolved,3,halo-5|halo-infinite|halo-campaign-evolved,11,6,False
andrew-van-der-walt,Andrew Van Der Walt,Andrew Van Der Walt,halo-infinite,halo-infinite,1,halo-infinite,0,0,False
andrew-wenzinger,Andrew Wenzinger,Andrew Wenzinger,halo-mcc-2021,halo-mcc-2021,1,halo-mcc-2021,0,0,False
andrew-west,Andrew West,Andrew West,halo-cea,halo-cea,1,halo-cea,0,0,False
andrew-williams,Andrew Williams,Andrew Williams,halo-cea,halo-4,2,halo-cea|halo-4,1,1,False
andrew-witts,Andrew Witts,Andrew Witts|Andrew J. Witts,halo-infinite,halo-infinite,1,halo-infinite,0,0,False
andrew-woo,Andrew Woo,Andrew Woo,halo-4,halo-4,1,halo-4,0,0,False
andrew-wood,Andrew Wood,Andrew Wood,halo-5,halo-5,1,halo-5,0,0,False
andrew-wooldridge,Andrew Wooldridge,Andrew Wooldridge,halo-infinite,halo-infinite,1,halo-infinite,0,0,False
andrew-wright,Andrew Wright,Andrew Wright,halo-5,halo-infinite,2,halo-5|halo-infinite,6,6,False
andrey-chuloshnikov,Andrey Chuloshnikov,Andrey Chuloshnikov,halo-mcc,halo-mcc,1,halo-mcc,0,0,False
andrey-grigoriev,Andrey Grigorev,Andrey Grigorev|Andrey Grigoriev,halo-cea,halo-mcc-2021,2,halo-cea|halo-mcc-2021,10,10,False
andrey-gromov,Andrey Gromov,Andrey Gromov,halo-cea,halo-cea,1,halo-cea,0,0,False
andrey-ignatov,Andrey Ignatov,Andrey Ignatov,halo-infinite,halo-infinite,1,halo-infinite,0,0,False
andrey-iones,Andrey Iones,Andrey Iones,halo-cea,halo-mcc-2021,2,halo-cea|halo-mcc-2021,10,10,False
andrey-kholodov,Andrey Kholodov,Andrey Kholodov,halo-mcc-2021,halo-mcc-2021,1,halo-mcc-2021,0,0,False
andrey-khomchenko,Andrey Khomchenko,Andrey Khomchenko,halo-mcc-2021,halo-mcc-2021,1,halo-mcc-2021,0,0,False
andrey-kilvein,Andrey Kilvein,Andrey Kilvein,halo-mcc-2021,halo-mcc-2021,1,halo-mcc-2021,0,0,False
andrey-kvashnin,Andrey Kvashnin,Andrey Kvashnin,halo-cea,halo-cea,1,halo-cea,0,0,False
andrey-spivak,Andrey Spivak,Andrey Spivak,halo-mcc-2021,halo-mcc-2021,1,halo-mcc-2021,0,0,False
andrey-tarnovskiy,Andrey Tarnovskiy,Andrey Tarnovskiy,halo-cea,halo-mcc-2021,2,halo-cea|halo-mcc-2021,10,10,False
andrey-vysotskiy,Andrey Vysotskiy,Andrey Vysotskiy,halo-infinite,halo-infinite,1,halo-infinite,0,0,False
andromeda-dunker,Andromeda Dunker,Andromeda Dunker,halo-infinite,halo-infinite,1,halo-infinite,0,0,False
andry-tague,Andry Tague,Andry Tague,halo-infinite,halo-infinite,1,halo-infinite,0,0,False
andrzej-grenda,Andrzej Grenda,Andrzej Grenda,halo-campaign-evolved,halo-campaign-evolved,1,halo-campaign-evolved,0,0,False
andy-abramovici,Andy Abramovici,Andy Abramovici,halo-5,halo-5,1,halo-5,0,0,False
andy-adam,Andy Adam,Andy Adam|Andrew David Adam,halo-infinite,halo-campaign-evolved,2,halo-infinite|halo-campaign-evolved,5,5,False
andy-bradfield,Andy Bradfield,Andy Bradfield,halo-4,halo-4,1,halo-4,0,0,False
andy-bumba,Andy Bumba,Andy Bumba,halo-mcc-2021,halo-mcc-2021,1,halo-mcc-2021,0,0,False
andy-campbell,Andy Campbell,Andy Campbell,halo-mcc,halo-mcc,1,halo-mcc,0,0,False
andy-chen-an-liu,Andy Chen An Liu,Andy Chen An Liu,halo-2,halo-3-odst,3,halo-2|halo-3|halo-3-odst,5,3,False
andy-firth,Andy Firth,Andy Firth|Andrew Firth,halo-reach,halo-reach,1,halo-reach,0,0,False
andy-fraser,Andy Fraser,Andy Fraser,halo-infinite,halo-infinite,1,halo-infinite,0,0,False
andy-garcia,Andy Garcia,Andy Garcia,halo-infinite,halo-infinite,1,halo-infinite,0,0,False
andy-gilbert,Andy Gilbert,Andy Gilbert,halo-mcc,halo-mcc,1,halo-mcc,0,0,False
andy-hildebrand,Andy Hildebrand,Andy Hildebrand,halo-5,halo-5,1,halo-5,0,0,False
andy-howell,Andy Howell,Andy Howell|Andrew Howell,halo-reach,halo-reach,1,halo-reach,0,0,False
andy-kang,Andy Kang,Andy Kang,halo-infinite,halo-infinite,1,halo-infinite,0,0,False
andy-le,Andy Le,Andy Le,halo-campaign-evolved,halo-campaign-evolved,1,halo-campaign-evolved,0,0,False
andy-luedke,Andy Luedke,Andy Luedke|Andrew Luedke,halo-4,halo-infinite,3,halo-4|halo-5|halo-infinite,9,6,False
andy-marshall,Andy Marshall,Andy Marshall,halo-5,halo-5,1,halo-5,0,0,False
andy-parker,Andy Parker,Andy Parker,halo-5,halo-5,1,halo-5,0,0,False
andy-richter,Andy Richter,Andy Richter,halo-4,halo-4,1,halo-4,0,0,False
andy-salisbury,Andy Salisbury,Andy Salisbury,halo-mcc-2021,halo-infinite,2,halo-mcc-2021|halo-infinite,0,0,False
andy-wood,Andy Wood,Andy Wood,halo-4,halo-5,2,halo-4|halo-5,3,3,False
andy-woods,Andy Woods,Andy Woods,halo-4,halo-5,2,halo-4|halo-5,3,3,False
andy-xiao,Andy Xiao,Andy Xiao,halo-reach,halo-reach,1,halo-reach,0,0,False
anett-berecz,Anett Berecz,Anett Berecz,halo-campaign-evolved,halo-campaign-evolved,1,halo-campaign-evolved,0,0,False
angel-asman,Angel Asman,Angel Asman,halo-infinite,halo-infinite,1,halo-infinite,0,0,False
angel-villeda,Angel Villeda,Angel Villeda,halo-4,halo-5,3,halo-4|halo-mcc|halo-5,3,2,False
angel-wylie,Angel Wylie,Angel Wylie|Angelita R. Wylie,halo-infinite,halo-infinite,1,halo-infinite,0,0,False
angela-barnes,Angela Barnes,Angela Barnes,halo-4,halo-4,1,halo-4,0,0,False
angela-dunn,Angela Dunn,Angela Dunn,halo-infinite,halo-infinite,1,halo-infinite,0,0,False
angela-hession,Angela Hession,Angela Hession,halo-campaign-evolved,halo-campaign-evolved,1,halo-campaign-evolved,0,0,False
angela-melito,Angela Melito,Angela Melito,halo-infinite,halo-infinite,1,halo-infinite,0,0,False
angela-serrand-brumlett,Angela Serrand Brumlett,Angela Serrand Brumlett,halo-3,halo-3,1,halo-3,0,0,False
angela-serrano-brummett,Angela Serrano Brummett,Angela Serrano Brummett,halo-3,halo-3,1,halo-3,0,0,False
angelica-ferdinand,Angelica Ferdinand,Angelica Ferdinand,halo-4,halo-4,1,halo-4,0,0,False
angelisa-washington,Angelisa Washington,Angelisa Washington,halo-5,halo-5,1,halo-5,0,0,False
angeliya-vihrova,Angeliya Vihrova,Angeliya Vihrova,halo-infinite,halo-infinite,1,halo-infinite,0,0,False
angus-mcquarrie,Angus McQuarrie,Angus McQuarrie,halo-4,halo-mcc,2,halo-4|halo-mcc,2,2,False
ani-shastry,Ani Shastry,Ani Shastry|Anirudh Shastry,halo-infinite,halo-infinite,1,halo-infinite,0,0,False
anil-singh,Anil Singh,Anil Singh,halo-infinite,halo-infinite,1,halo-infinite,0,0,False
anis-ahmad,Anis Ahmad,Anis Ahmad,halo-5,halo-5,1,halo-5,0,0,False
anita-ma,Anita Ma,Anita Ma,halo-infinite,halo-infinite,1,halo-infinite,0,0,False
aniva-leung,Aniva Leung,Aniva Leung,halo-infinite,halo-infinite,1,halo-infinite,0,0,False
ankush-bisht,Ankush Bisht,Ankush Bisht,halo-infinite,halo-infinite,1,halo-infinite,0,0,False
ankush-sharma,Ankush Sharma,Ankush Sharma,halo-infinite,halo-infinite,1,halo-infinite,0,0,False
anna-agaian,Anna Agaian,Anna Agaian,halo-mcc-2021,halo-mcc-2021,1,halo-mcc-2021,0,0,False
anna-boldyreva,Anna Boldyreva,Anna Boldyreva,halo-mcc-2021,halo-mcc-2021,1,halo-mcc-2021,0,0,False
anna-dyrek,Anna Dyrek,Anna Dyrek,halo-campaign-evolved,halo-campaign-evolved,1,halo-campaign-evolved,0,0,False
anna-hwang,Anna Hwang,Anna Hwang,halo-infinite,halo-infinite,1,halo-infinite,0,0,False
anna-medina,Anna Medina,Anna Medina,halo-infinite,halo-infinite,1,halo-infinite,0,0,False
anna-sokolova,Anna Sokolova,Anna Sokolova,halo-infinite,halo-infinite,1,halo-infinite,0,0,False
anna-waismeyer,Anna Waismeyer,Anna Waismeyer,halo-campaign-evolved,halo-campaign-evolved,1,halo-campaign-evolved,0,0,False
anna-wrobel,Anna Wróbel,Anna Wróbel,halo-mcc,halo-mcc,1,halo-mcc,0,0,False
anne-gipple,Anne Gipple,Anne Gipple,halo-infinite,halo-infinite,1,halo-infinite,0,0,False
anne-hall,Anne Hall,Anne Hall,halo-infinite,halo-infinite,1,halo-infinite,0,0,False
anne-jans,Anne Jans,Anne Jans,halo-mcc,halo-mcc,1,halo-mcc,0,0,False
anne-juenger,Anne Juenger,Anne Juenger,halo-mcc-2021,halo-mcc-2021,1,halo-mcc-2021,0,0,False
anne-mclaughlin,Anne McLaughlin,Anne McLaughlin,halo-mcc-2021,halo-infinite,2,halo-mcc-2021|halo-infinite,0,0,False
anne-westphal,Anne Westphal,Anne Westphal,halo-campaign-evolved,halo-campaign-evolved,1,halo-campaign-evolved,0,0,False
annekatherine-dern,Anne-Katherine Dern,Anne-Katherine Dern|Anne-Katherin Dern,halo-5,halo-5,1,halo-5,0,0,False
annie-chang,Annie Chang,Annie Chang,halo-infinite,halo-infinite,1,halo-infinite,0,0,False
annie-dennisdottir-wright,Annie Dennisdóttir Wright,Annie Dennisdóttir Wright,halo-4,halo-4,1,halo-4,0,0,False
anran-li,Anran Li,Anran Li,halo-5,halo-5,1,halo-5,0,0,False
anrich-wolmarans,Anrich Wolmarans,Anrich Wolmarans,halo-campaign-evolved,halo-campaign-evolved,1,halo-campaign-evolved,0,0,False
ansgar-hastenpflug,Ansgar Hastenpflug,Ansgar Hastenpflug,halo-campaign-evolved,halo-campaign-evolved,1,halo-campaign-evolved,0,0,False
anshul-khuswha,Anshul Khuswha,Anshul Khuswha,halo-infinite,halo-infinite,1,halo-infinite,0,0,False
antar-faysal,Antar Faysal,Antar Faysal,halo-campaign-evolved,halo-campaign-evolved,1,halo-campaign-evolved,0,0,False
anthony-bryan,Anthony Bryan,Anthony Bryan,halo-3-odst,halo-reach,2,halo-3-odst|halo-reach,1,1,False
anthony-buell,Anthony Buell,Anthony Buell,halo-4,halo-4,1,halo-4,0,0,False
anthony-dasilva,Anthony DaSilva,Anthony DaSilva|Anthony Da Silva,halo-mcc-2018,halo-mcc-2018,1,halo-mcc-2018,0,0,False
anthony-do,Anthony Do,Anthony Do,halo-infinite,halo-infinite,1,halo-infinite,0,0,False
anthony-florez,Anthony Florez,Anthony Florez,halo-cea,halo-4,2,halo-cea|halo-4,1,1,False
anthony-garcia,Anthony Garcia,Anthony Garcia|Anthony Garcia Jr.,halo-infinite,halo-infinite,1,halo-infinite,0,0,False
anthony-golovin,Anthony Golovin,Anthony Golovin,halo-infinite,halo-infinite,1,halo-infinite,0,0,False
anthony-hanson,Anthony Hanson,Anthony Hanson|Anthony Hansen,halo-5,halo-5,1,halo-5,0,0,False
anthony-horne,Anthony Horne,Anthony Horne,halo-5,halo-5,1,halo-5,0,0,False
anthony-joseph,Anthony Joseph,Anthony Joseph,halo-4,halo-4,1,halo-4,0,0,False
anthony-lewis,Anthony Lewis,Anthony Lewis,halo-5,halo-5,1,halo-5,0,0,False
anthony-marraffa,Anthony Marraffa,Anthony Marraffa,halo-infinite,halo-infinite,1,halo-infinite,0,0,False
anthony-mars,Anthony Mars,Anthony Mars,halo-mcc-2021,halo-mcc-2021,1,halo-mcc-2021,0,0,False
anthony-may,Anthony May,Anthony May,halo-mcc-2021,halo-infinite,2,halo-mcc-2021|halo-infinite,0,0,False
anthony-mejias,Anthony Mejias,Anthony Mejias,halo-mcc-2021,halo-campaign-evolved,3,halo-mcc-2021|halo-infinite|halo-campaign-evolved,5,5,False
anthony-morley,Anthony Morley,Anthony Morley,halo-cea,halo-cea,1,halo-cea,0,0,False
anthony-murray,Anthony Murray,Anthony Murray,halo-infinite,halo-infinite,1,halo-infinite,0,0,False
anthony-polenzani,Anthony Polenzani,Anthony Polenzani,halo-infinite,halo-infinite,1,halo-infinite,0,0,False
anthony-price,Anthony Price,Anthony Price|Anthony S. Price,halo-mcc,halo-mcc,1,halo-mcc,0,0,False
anthony-romero,Anthony Romero,Anthony Romero,halo-mcc,halo-mcc,1,halo-mcc,0,0,False
anthony-striplen,Anthony Striplen,Anthony Striplen,halo-mcc,halo-mcc,1,halo-mcc,0,0,False
anthony-trahan,Anthony Trahan,Anthony Trahan,halo-4,halo-4,1,halo-4,0,0,False
anthony-vacarro,Anthony Vacarro,Anthony Vacarro|Anthony Vaccaro,halo-reach,halo-reach,1,halo-reach,0,0,False
antim-nguyen,An-Tim Nguyen,An-Tim Nguyen,halo-5,halo-5,1,halo-5,0,0,False
antoine-agthe,Antoine Agthe,Antoine Agthe,halo-mcc-2018,halo-mcc-2018,1,halo-mcc-2018,0,0,False
antoine-clement,Antoine Clément,Antoine Clément,halo-campaign-evolved,halo-campaign-evolved,1,halo-campaign-evolved,0,0,False
antoine-gaudin,Antoine Gaudin,Antoine Gaudin,halo-campaign-evolved,halo-campaign-evolved,1,halo-campaign-evolved,0,0,False
anton-a-vasilev,Anton A. Vasilev,Anton A. Vasilev,halo-mcc-2021,halo-mcc-2021,1,halo-mcc-2021,0,0,False
anton-blokhin,Anton Blokhin,Anton Blokhin,halo-mcc-2021,halo-mcc-2021,1,halo-mcc-2021,0,0,False
anton-feist,Anton Feist,Anton Feist,halo-reach,halo-reach,1,halo-reach,0,0,False
anton-holovchenko,Anton Holovchenko,Anton Holovchenko,halo-campaign-evolved,halo-campaign-evolved,1,halo-campaign-evolved,0,0,False
anton-ivanov,Anton Ivanov,Anton Ivanov,halo-cea,halo-mcc-2021,2,halo-cea|halo-mcc-2021,10,10,False
anton-kostiuk,Anton Kostiuk,Anton Kostiuk,halo-mcc-2021,halo-mcc-2021,1,halo-mcc-2021,0,0,False
anton-krupkin,Anton Krupkin,Anton Krupkin,halo-cea,halo-mcc-2021,2,halo-cea|halo-mcc-2021,10,10,False
anton-lang,Anton Lang,Anton Lang,halo-infinite,halo-infinite,1,halo-infinite,0,0,False
anton-li,Anton Li,Anton Li,halo-campaign-evolved,halo-campaign-evolved,1,halo-campaign-evolved,0,0,False
anton-lomakin,Anton Lomakin,Anton Lomakin,halo-cea,halo-cea,1,halo-cea,0,0,False
anton-m-vasilev,Anton M. Vasilev,Anton M. Vasilev|Anton Vasilev,halo-mcc,halo-mcc-2021,2,halo-mcc|halo-mcc-2021,7,7,False
anton-novoselov,Anton Novoselov,Anton Novoselov,halo-infinite,halo-infinite,1,halo-infinite,0,0,False
anton-podolsky,Anton Podolsky,Anton Podolsky,halo-mcc-2021,halo-mcc-2021,1,halo-mcc-2021,0,0,False
anton-s-ivanov,Anton S Ivanov,Anton S Ivanov,halo-mcc-2021,halo-mcc-2021,1,halo-mcc-2021,0,0,False
anton-sedov,Anton Sedov,Anton Sedov,halo-mcc-2021,halo-mcc-2021,1,halo-mcc-2021,0,0,False
anton-shakhmatov,Anton Shakhmatov,Anton Shakhmatov,halo-cea,halo-cea,1,halo-cea,0,0,False
anton-sorokin,Anton Sorokin,Anton Sorokin,halo-mcc,halo-mcc,1,halo-mcc,0,0,False
anton-sumerin,Anton Sumerin,Anton Sumerin,halo-cea,halo-mcc-2021,2,halo-cea|halo-mcc-2021,10,10,False
anton-trufanov,Anton Trufanov,Anton Trufanov,halo-mcc-2021,halo-mcc-2021,1,halo-mcc-2021,0,0,False
anton-vinogradov,Anton Vinogradov,Anton Vinogradov,halo-mcc-2021,halo-mcc-2021,1,halo-mcc-2021,0,0,False
anton-zhuk,Anton Zhuk,Anton Zhuk,halo-mcc,halo-mcc,1,halo-mcc,0,0,False
antonij-kirillov,Antonij Kirillov,Antonij Kirillov,halo-mcc-2021,halo-mcc-2021,1,halo-mcc-2021,0,0,False
antonio-akira,Antonio Akira,Antonio Akira,halo-5,halo-5,1,halo-5,0,0,False
antonio-bobbitt,Antonio Bobbitt,Antonio Bobbitt,halo-infinite,halo-infinite,1,halo-infinite,0,0,False
antonio-gil-herrera,Antonio Gil Herrera,Antonio Gil Herrera,halo-infinite,halo-infinite,1,halo-infinite,0,0,False
aran-dolatabadi,Aran Dolatabadi,Aran Dolatabadi,halo-infinite,halo-infinite,1,halo-infinite,0,0,False
archie-plata,Archie Plata,Archie Plata,halo-infinite,halo-infinite,1,halo-infinite,0,0,False
arda-koyuncu,Arda Koyuncu,Arda Koyuncu,halo-mcc,halo-mcc,1,halo-mcc,0,0,False
aria-towner,Aria Towner,Aria Towner,halo-infinite,halo-infinite,1,halo-infinite,0,0,False
arianna-ordona,Arianna Ordona,Arianna Ordona,halo-infinite,halo-infinite,1,halo-infinite,0,0,False
ariel-hoyos,Ariel Hoyos,Ariel Hoyos,halo-infinite,halo-infinite,1,halo-infinite,0,0,False
arik-higbee,Arik Higbee,Arik Higbee,halo-infinite,halo-infinite,1,halo-infinite,0,0,False
arin-mann,Arin Mann,Arin Mann,halo-infinite,halo-infinite,1,halo-infinite,0,0,False
arina-kirillova,Arina Kirillova,Arina Kirillova,halo-mcc-2021,halo-mcc-2021,1,halo-mcc-2021,0,0,False
aristomenis-tsirbas,Aristomenis Tsirbas,Aristomenis Tsirbas,halo-mcc,halo-mcc,1,halo-mcc,0,0,False
arjon-mendoza,Arjon Mendoza,Arjon Mendoza,halo-infinite,halo-infinite,1,halo-infinite,0,0,False
arjun-agnihotri,Arjun Agnihotri,Arjun Agnihotri,halo-infinite,halo-infinite,1,halo-infinite,0,0,False
arjun-gupta,Arjun Gupta,Arjun Gupta,halo-mcc-2021,halo-infinite,2,halo-mcc-2021|halo-infinite,0,0,False
arkadiusz-grzesinski,Arkadiusz Grzesiński,Arkadiusz Grzesiński,halo-campaign-evolved,halo-campaign-evolved,1,halo-campaign-evolved,0,0,False
arkadiusz-piwiec,Arkadiusz Piwiec,Arkadiusz Piwiec,halo-infinite,halo-infinite,1,halo-infinite,0,0,False
arklan-uth-oslin,Arklan Uth Oslin,Arklan Uth Oslin,halo-infinite,halo-infinite,1,halo-infinite,0,0,False
arlen-szabo,Arlen Szabó,Arlen Szabó,halo-campaign-evolved,halo-campaign-evolved,1,halo-campaign-evolved,0,0,False
arman-abounourinejad,Arman Abounourinejad,Arman Abounourinejad,halo-4,halo-4,1,halo-4,0,0,False
arman-marchiel,Arman Marchiel,Arman Marchiel,halo-mcc,halo-mcc,1,halo-mcc,0,0,False
armando-troisi,Armando Troisi,Armando Troisi,halo-4,halo-4,1,halo-4,0,0,False
armen-taylor,Armen Taylor,Armen Taylor,halo-campaign-evolved,halo-campaign-evolved,1,halo-campaign-evolved,0,0,False
armin-ronacher,Armin Ronacher,Armin Ronacher,halo-mcc,halo-mcc,1,halo-mcc,0,0,False
arnold-ayala,Arnold Ayala,Arnold Ayala,halo-3,halo-3,1,halo-3,0,0,False
arnout-van-meer,Arnout van Meer,Arnout van Meer,halo-mcc,halo-mcc-2021,2,halo-mcc|halo-mcc-2021,7,7,False
arnulfo-navratil,Arnulfo Navratil,Arnulfo Navratil,halo-4,halo-4,1,halo-4,0,0,False
aron-inger,Aron Inger,Aron Inger,halo-infinite,halo-infinite,1,halo-infinite,0,0,False
arpad-dobos,Árpád Dobos,Árpád Dobos,halo-campaign-evolved,halo-campaign-evolved,1,halo-campaign-evolved,0,0,False
arseniy-skripkin,Arseniy Skripkin,Arseniy Skripkin,halo-mcc-2021,halo-mcc-2021,1,halo-mcc-2021,0,0,False
arseny-efimtsev,Arseny Efimtsev,Arseny Efimtsev,halo-infinite,halo-infinite,1,halo-infinite,0,0,False
artem-komonov,Artem Komonov,Artem Komonov,halo-infinite,halo-infinite,1,halo-infinite,0,0,False
artem-kudriashov,Artem Kudriashov,Artem Kudriashov,halo-mcc,halo-mcc,1,halo-mcc,0,0,False
artem-shumnik,Artem Shumnik,Artem Shumnik,halo-cea,halo-cea,1,halo-cea,0,0,False
artem-smirnov,Artem Smirnov,Artem Smirnov,halo-mcc,halo-mcc,1,halo-mcc,0,0,False
artem-volchik,Artem Volchik,Artem Volchik,halo-reach,halo-reach,1,halo-reach,0,0,False
artem-voznyuk,Artem Voznyuk,Artem Voznyuk,halo-mcc,halo-mcc,1,halo-mcc,0,0,False
arthur-agadzhanov,Arthur Agadzhanov,Arthur Agadzhanov,halo-mcc-2021,halo-mcc-2021,1,halo-mcc-2021,0,0,False
arthur-firmino,Arthur Firmino,Arthur Firmino,halo-infinite,halo-infinite,1,halo-infinite,0,0,False
arthur-tien,Arthur Tien,Arthur Tien,halo-3,halo-3,1,halo-3,0,0,False
artstudio,ArtStudio,ArtStudio,halo-cea,halo-cea,1,halo-cea,0,0,False
artur-ievsieiev,Artur Ievsieiev,Artur Ievsieiev,halo-mcc,halo-5,2,halo-mcc|halo-5,1,1,False
arturo-adam-gutierrez-jr,Arturo [Adam] Gutierrez Jr.,Arturo [Adam] Gutierrez Jr.|Arturo Gutierrez Jr.,halo-3-odst,halo-3-odst,1,halo-3-odst,0,0,False
arvind-deol,Arvind Deol,Arvind Deol,halo-infinite,halo-infinite,1,halo-infinite,0,0,False
asako-kido,Asako Kido,Asako Kido,halo-cea,halo-cea,1,halo-cea,0,0,False
ash-daley,Ash Daley,Ash Daley,halo-mcc-2021,halo-mcc-2021,1,halo-mcc-2021,0,0,False
ash-wood,Ash Wood,Ash Wood,halo-3-odst,halo-3-odst,1,halo-3-odst,0,0,False
asher-harman,Asher Harman,Asher Harman,halo-5,halo-5,1,halo-5,0,0,False
ashleigh-kimes,Ashleigh Kimes,Ashleigh Kimes,halo-infinite,halo-infinite,1,halo-infinite,0,0,False
ashley-anderson,Ashley Anderson,Ashley Anderson,halo-infinite,halo-infinite,1,halo-infinite,0,0,False
ashley-andrewjones,Ashley Andrew-Jones,Ashley Andrew-Jones,halo-infinite,halo-infinite,1,halo-infinite,0,0,False
ashley-genato,Ashley Genato,Ashley Genato,halo-campaign-evolved,halo-campaign-evolved,1,halo-campaign-evolved,0,0,False
ashley-kincannon,Ashley Kincannon,Ashley Kincannon,halo-infinite,halo-infinite,1,halo-infinite,0,0,False
ashley-mortensen,Ashley Mortensen,Ashley Mortensen,halo-infinite,halo-infinite,1,halo-infinite,0,0,False
ashley-rohan,Ashley Rohan,Ashley Rohan,halo-infinite,halo-infinite,1,halo-infinite,0,0,False
ashley-smith,Ashley Smith,Ashley Smith,halo-infinite,halo-infinite,1,halo-infinite,0,0,False
ashley-stallworth,Ashley Stallworth,Ashley Stallworth,halo-infinite,halo-infinite,1,halo-infinite,0,0,False
ashliegh-kimes,Ashliegh Kimes,Ashliegh Kimes,halo-infinite,halo-infinite,1,halo-infinite,0,0,False
ashlyn-j-rosefeld,Ashlyn J Rosefeld,Ashlyn J Rosefeld,halo-infinite,halo-infinite,1,halo-infinite,0,0,False
ashton-jenson,Ashton Jenson,Ashton Jenson,halo-campaign-evolved,halo-campaign-evolved,1,halo-campaign-evolved,0,0,False
aslan-shigapov,Aslan Shigapov,Aslan Shigapov,halo-infinite,halo-infinite,1,halo-infinite,0,0,False
astrid-du,Astrid Du,Astrid Du,halo-campaign-evolved,halo-campaign-evolved,1,halo-campaign-evolved,0,0,False
attila-chovanetz,Attila Chovanetz,Attila Chovanetz,halo-campaign-evolved,halo-campaign-evolved,1,halo-campaign-evolved,0,0,False
attila-csepy,Attila Csepy,Attila Csepy,halo-campaign-evolved,halo-campaign-evolved,1,halo-campaign-evolved,0,0,False
attila-fekete,Attila Fekete,Attila Fekete,halo-campaign-evolved,halo-campaign-evolved,1,halo-campaign-evolved,0,0,False
attila-juhasz,Attila Juhasz,Attila Juhasz,halo-campaign-evolved,halo-campaign-evolved,1,halo-campaign-evolved,0,0,False
attila-szenes,Attila Szenes,Attila Szenes,halo-campaign-evolved,halo-campaign-evolved,1,halo-campaign-evolved,0,0,False
attila-szigeti,Attila Szigeti,Attila Szigeti,halo-campaign-evolved,halo-campaign-evolved,1,halo-campaign-evolved,0,0,False
atzin-millan,Atzin Millan,Atzin Millan,halo-infinite,halo-campaign-evolved,2,halo-infinite|halo-campaign-evolved,5,5,False
aubra-moore,Aubra Moore,Aubra Moore,halo-5,halo-campaign-evolved,4,halo-5|halo-mcc-2021|halo-infinite|halo-campaign-evolved,11,6,False
aubrey-quinton,Aubrey Quinton,Aubrey Quinton,halo-5,halo-5,1,halo-5,0,0,False
audiomotion,Audiomotion,Audiomotion,halo-infinite,halo-infinite,1,halo-infinite,0,0,False
audrey-oblin,Audrey Oblin,Audrey Oblin,halo-campaign-evolved,halo-campaign-evolved,1,halo-campaign-evolved,0,0,False
audrey-zamora,Audrey Zamora,Audrey Zamora,halo-campaign-evolved,halo-campaign-evolved,1,halo-campaign-evolved,0,0,False
aurelien-hulot,Aurelien Hulot,Aurelien Hulot,halo-infinite,halo-infinite,1,halo-infinite,0,0,False
aurora-sciarrone,Aurora Sciarrone,Aurora Sciarrone,halo-campaign-evolved,halo-campaign-evolved,1,halo-campaign-evolved,0,0,False
austin-benjamin,Austin Benjamin,Austin Benjamin,halo-5,halo-5,1,halo-5,0,0,False
austin-carthell,Austin Carthell,Austin Carthell,halo-mcc-2021,halo-mcc-2021,1,halo-mcc-2021,0,0,False
austin-conway,Austin Conway,Austin Conway,halo-infinite,halo-infinite,1,halo-infinite,0,0,False
austin-craine,Austin Craine,Austin Craine,halo-mcc-2021,halo-mcc-2021,1,halo-mcc-2021,0,0,False
austin-harper,Austin Harper,Austin Harper,halo-infinite,halo-infinite,1,halo-infinite,0,0,False
austin-herrington,Austin Herrington,Austin Herrington,halo-infinite,halo-infinite,1,halo-infinite,0,0,False
austin-hind,Austin Hind,Austin Hind,halo-mcc-2021,halo-mcc-2021,1,halo-mcc-2021,0,0,False
austin-hutchins,Austin Hutchins,Austin Hutchins,halo-campaign-evolved,halo-campaign-evolved,1,halo-campaign-evolved,0,0,False
austin-keeling,Austin Keeling,Austin Keeling,halo-mcc-2021,halo-infinite,2,halo-mcc-2021|halo-infinite,0,0,False
austin-knott,Austin Knott,Austin Knott,halo-infinite,halo-infinite,1,halo-infinite,0,0,False
austin-lee-matthews,Austin Lee Matthews,Austin Lee Matthews,halo-infinite,halo-infinite,1,halo-infinite,0,0,False
austin-legg,Austin Legg,Austin Legg,halo-campaign-evolved,halo-campaign-evolved,1,halo-campaign-evolved,0,0,False
austin-mccleary,Austin McCleary,Austin McCleary,halo-mcc-2021,halo-infinite,2,halo-mcc-2021|halo-infinite,0,0,False
austin-montgomery,Austin Montgomery,Austin Montgomery,halo-5,halo-campaign-evolved,3,halo-5|halo-infinite|halo-campaign-evolved,11,6,False
austin-shannon,Austin Shannon,Austin Shannon,halo-infinite,halo-infinite,1,halo-infinite,0,0,False
austin-skeeters,Austin Skeeters,Austin Skeeters,halo-infinite,halo-infinite,1,halo-infinite,0,0,False
austin-townley,Austin Townley,Austin Townley,halo-infinite,halo-infinite,1,halo-infinite,0,0,False
autumn-whitehead,Autumn Whitehead,Autumn Whitehead,halo-mcc-2021,halo-infinite,2,halo-mcc-2021|halo-infinite,0,0,False
aviv-arad,Aviv Arad,Aviv Arad,halo-reach,halo-reach,1,halo-reach,0,0,False
avril-martinez,Avril Martinez,Avril Martinez,halo-campaign-evolved,halo-campaign-evolved,1,halo-campaign-evolved,0,0,False
axel-lopez,Axel Lopez,Axel Lopez,halo-campaign-evolved,halo-campaign-evolved,1,halo-campaign-evolved,0,0,False
ayush-chaudhary,Ayush Chaudhary,Ayush Chaudhary,halo-infinite,halo-infinite,1,halo-infinite,0,0,False
azgard-contreras-estrada,Azgard Contreras Estrada,Azgard Contreras Estrada,halo-campaign-evolved,halo-campaign-evolved,1,halo-campaign-evolved,0,0,False
azucena-valadez,Azucena Valadez,Azucena Valadez,halo-campaign-evolved,halo-campaign-evolved,1,halo-campaign-evolved,0,0,False
azzad-underwood,Azzad Underwood,Azzad Underwood,halo-infinite,halo-infinite,1,halo-infinite,0,0,False
baabak-nassirian,Baabak Nassirian,Baabak Nassirian|Baabak Nassirrian,halo-5,halo-5,1,halo-5,0,0,False
bai-yunchuan,Bai Yunchuan,Bai Yunchuan,halo-campaign-evolved,halo-campaign-evolved,1,halo-campaign-evolved,0,0,False
bai-yuxue,Bai Yuxue,Bai Yuxue,halo-infinite,halo-infinite,1,halo-infinite,0,0,False
bailey-brian,Bailey Brian,Bailey Brian,halo-5,halo-5,1,halo-5,0,0,False
bakhromzhon-chakkanbaev,Bakhromzhon Chakkanbaev,Bakhromzhon Chakkanbaev,halo-infinite,halo-infinite,1,halo-infinite,0,0,False
balazs-kerek,Balázs Kerek,Balázs Kerek,halo-campaign-evolved,halo-campaign-evolved,1,halo-campaign-evolved,0,0,False
balazs-szakonyi,Balázs Szakonyi,Balázs Szakonyi,halo-campaign-evolved,halo-campaign-evolved,1,halo-campaign-evolved,0,0,False
balazs-varga,Balázs Varga,Balázs Varga,halo-campaign-evolved,halo-campaign-evolved,1,halo-campaign-evolved,0,0,False
balint-keresztes,Bálint Keresztes,Bálint Keresztes,halo-campaign-evolved,halo-campaign-evolved,1,halo-campaign-evolved,0,0,False
barbara-bogatin,Barbara Bogatin,Barbara Bogatin,halo-mcc,halo-mcc,1,halo-mcc,0,0,False
barbara-busch,Barbara Busch,Barbara Busch,halo-4,halo-4,1,halo-4,0,0,False
barbara-dombi,Barbara Dombi,Barbara Dombi,halo-campaign-evolved,halo-campaign-evolved,1,halo-campaign-evolved,0,0,False
barbara-riccardi,Barbara Riccardi,Barbara Riccardi,halo-mcc,halo-mcc,1,halo-mcc,0,0,False
barney-oram,Barney Oram,Barney Oram,halo-infinite,halo-infinite,1,halo-infinite,0,0,False
barrie-buckner,Barrie Buckner,Barrie Buckner,halo-4,halo-4,1,halo-4,0,0,False
barry-campbell,Barry Campbell,Barry Campbell,halo-4,halo-4,1,halo-4,0,0,False
barry-killen,Barry Killen,Barry Killen,halo-infinite,halo-infinite,1,halo-infinite,0,0,False
bart-house,Bart House,Bart House,halo-2,halo-2,1,halo-2,0,0,False
bart-malagon-ramirez,Bart Malagon Ramirez,Bart Malagon Ramirez,halo-mcc-2021,halo-mcc-2021,1,halo-mcc-2021,0,0,False
bartek-kujbida,Bartek Kujbida,Bartek Kujbida,halo-3-odst,halo-3-odst,1,halo-3-odst,0,0,False
bashkim-leka,Bashkim Leka,Bashkim Leka,halo-campaign-evolved,halo-campaign-evolved,1,halo-campaign-evolved,0,0,False
baxter-spark,Baxter Spark,Baxter Spark,halo-mcc,halo-mcc,1,halo-mcc,0,0,False
bea-lovejoy,Bea Lovejoy,Bea Lovejoy,halo-5,halo-5,1,halo-5,0,0,False
becca-waters,Becca Waters,Becca Waters,halo-infinite,halo-infinite,1,halo-infinite,0,0,False
beckie-king,Beckie King,Beckie King,halo-mcc,halo-mcc,1,halo-mcc,0,0,False
becky-allen,Becky Allen,Becky Allen,halo-cea,halo-campaign-evolved,3,halo-cea|halo-infinite|halo-campaign-evolved,15,10,False
becky-bird,Becky Bird,Becky Bird,halo-infinite,halo-infinite,1,halo-infinite,0,0,False
becky-jackson,Becky Jackson,Becky Jackson,halo-infinite,halo-infinite,1,halo-infinite,0,0,False
becky-sarjeant,Becky Sarjeant,Becky Sarjeant,halo-mcc-2021,halo-mcc-2021,1,halo-mcc-2021,0,0,False
bekah-hamilton,Bekah Hamilton,Bekah Hamilton,halo-infinite,halo-infinite,1,halo-infinite,0,0,False
ben-adams,Ben Adams,Ben Adams,halo-infinite,halo-campaign-evolved,2,halo-infinite|halo-campaign-evolved,5,5,False
ben-allen,Ben Allen,Ben Allen,halo-infinite,halo-infinite,1,halo-infinite,0,0,False
ben-bevan,Ben Bevan,Ben Bevan,halo-5,halo-mcc-2021,2,halo-5|halo-mcc-2021,6,6,False
ben-cammarano,Ben Cammarano,Ben Cammarano,halo-3-odst,halo-mcc,4,halo-3-odst|halo-reach|halo-cea|halo-mcc,5,3,False
ben-cinelli,Ben Cinelli,Ben Cinelli,halo-mcc,halo-mcc,1,halo-mcc,0,0,False
ben-close,Ben Close,Ben Close,halo-infinite,halo-infinite,1,halo-infinite,0,0,False
ben-crossbones,Ben Crossbones,Ben Crossbones,halo-campaign-evolved,halo-campaign-evolved,1,halo-campaign-evolved,0,0,False
ben-diskin,Ben Diskin,Ben Diskin|Benjamin Diskin,halo-4,halo-4,1,halo-4,0,0,False
ben-edney,Ben Edney,Ben Edney,halo-4,halo-4,1,halo-4,0,0,False
ben-farley,Ben Farley,Ben Farley,halo-mcc,halo-infinite,4,halo-mcc|halo-5|halo-mcc-2021|halo-infinite,7,6,False
ben-frazier,Ben Frazier,Ben Frazier,halo-mcc-2021,halo-campaign-evolved,3,halo-mcc-2021|halo-infinite|halo-campaign-evolved,5,5,False
ben-harrison,Ben Harrison,Ben Harrison|Benjamin Harrison,halo-4,halo-4,1,halo-4,0,0,False
ben-hopkinson,Ben Hopkinson,Ben Hopkinson,halo-mcc-2021,halo-mcc-2021,1,halo-mcc-2021,0,0,False
ben-jones,Ben Jones,Ben Jones,halo-cea,halo-cea,1,halo-cea,0,0,False
ben-kersten,Ben Kersten,Ben Kersten,halo-infinite,halo-infinite,1,halo-infinite,0,0,False
ben-laidlaw,Ben Laidlaw,Ben Laidlaw,halo-5,halo-5,1,halo-5,0,0,False
ben-lanier,Ben Lanier,Ben Lanier,halo-mcc,halo-mcc,1,halo-mcc,0,0,False
ben-madlena,Ben Madlena,Ben Madlena,halo-infinite,halo-infinite,1,halo-infinite,0,0,False
ben-mauro,Ben Mauro,Ben Mauro|Benjamin Mauro,halo-infinite,halo-infinite,1,halo-infinite,0,0,False
ben-nicholas,Ben Nicholas,Ben Nicholas|Benjamin Mark Nicholas,halo-5,halo-5,1,halo-5,0,0,False
ben-parry,Ben Parry,Ben Parry,halo-5,halo-infinite,2,halo-5|halo-infinite,6,6,False
ben-richeson,Ben Richeson,Ben Richeson,halo-mcc-2021,halo-mcc-2021,1,halo-mcc-2021,0,0,False
ben-sharples,Ben Sharples,Ben Sharples,halo-infinite,halo-infinite,1,halo-infinite,0,0,False
ben-shore,Ben Shore,Ben Shore,halo-mcc,halo-mcc,1,halo-mcc,0,0,False
ben-smoot,Ben Smoot,Ben Smoot,halo-infinite,halo-infinite,1,halo-infinite,0,0,False
ben-spencer,Ben Spencer,Ben Spencer,halo-infinite,halo-infinite,1,halo-infinite,0,0,False
ben-stanton,Ben Stanton,Ben Stanton,halo-4,halo-4,1,halo-4,0,0,False
ben-steinhoff,Ben Steinhoff,Ben Steinhoff,halo-campaign-evolved,halo-campaign-evolved,1,halo-campaign-evolved,0,0,False
ben-sullivan,Ben Sullivan,Ben Sullivan,halo-mcc,halo-mcc,1,halo-mcc,0,0,False
ben-walker,Ben Walker,Ben Walker,halo-5,halo-5,1,halo-5,0,0,False
ben-wallace,Ben Wallace,Ben Wallace,halo-ce,halo-reach,5,halo-ce|halo-2|halo-3|halo-3-odst|halo-reach,9,3,False
ben-wetrich,Ben Wetrich,Ben Wetrich,halo-infinite,halo-infinite,1,halo-infinite,0,0,False
bence-babos,Bence Babos,Bence Babos,halo-campaign-evolved,halo-campaign-evolved,1,halo-campaign-evolved,0,0,False
benedict-cruft,Benedict Cruft,Benedict Cruft,halo-5,halo-5,1,halo-5,0,0,False
benedict-hymas,Benedict Hymas,Benedict Hymas,halo-5,halo-5,1,halo-5,0,0,False
benjamin-bywater,Benjamin Bywater,Benjamin Bywater,halo-mcc-2021,halo-mcc-2021,1,halo-mcc-2021,0,0,False
benjamin-de-la-ossa,Benjamin De La Ossa,Benjamin De La Ossa,halo-mcc-2021,halo-mcc-2021,1,halo-mcc-2021,0,0,False
benjamin-durkin,Benjamin Durkin,Benjamin Durkin,halo-mcc,halo-mcc,1,halo-mcc,0,0,False
benjamin-j-wommack,Ben Wommack,Ben Wommack|Benjamin J. Wommack|Benjamin Wommack,halo-3,halo-reach,3,halo-3|halo-3-odst|halo-reach,3,2,False
benjamin-mehanovic,Benjamin Mehanovic,Benjamin Mehanovic,halo-infinite,halo-infinite,1,halo-infinite,0,0,False
benjamin-norcross,Benjamin Norcross,Benjamin Norcross,halo-infinite,halo-infinite,1,halo-infinite,0,0,False
benjamin-panarella,Benjamin Panarella,Benjamin Panarella,halo-5,halo-5,1,halo-5,0,0,False
benjamin-richard-dienes,Benjamin Richard Dienes,Benjamin Richard Dienes|Benjamin Dienes,halo-mcc,halo-5,2,halo-mcc|halo-5,1,1,False
benjamin-sklar,Benjamin Sklar,Benjamin Sklar,halo-infinite,halo-infinite,1,halo-infinite,0,0,False
benjamin-thompson,Benjamin Thompson,Benjamin Thompson|Ben Thompson,halo-3-odst,halo-reach,2,halo-3-odst|halo-reach,1,1,False
benjamin-uriarte,Benjamin Uriarte,Benjamin Uriarte,halo-mcc-2021,halo-mcc-2021,1,halo-mcc-2021,0,0,False
benjamin-valena,Benjamin Valena,Benjamin Valena,halo-infinite,halo-infinite,1,halo-infinite,0,0,False
benjamin-weber,Benjamin Weber,Benjamin Weber,halo-mcc-2021,halo-mcc-2021,1,halo-mcc-2021,0,0,False
benlarvyn-john-dacanay,Benlarvyn John Dacanay,Benlarvyn John Dacanay,halo-mcc-2021,halo-mcc-2021,1,halo-mcc-2021,0,0,False
benoit-fillippin,Benoit Fillippin,Benoit Fillippin,halo-infinite,halo-infinite,1,halo-infinite,0,0,False
benoit-gagne,Benoit Gagne,Benoit Gagne,halo-3-odst,halo-3-odst,1,halo-3-odst,0,0,False
bereket-kifle,Bereket Kifle,Bereket Kifle,halo-mcc-2021,halo-campaign-evolved,3,halo-mcc-2021|halo-infinite|halo-campaign-evolved,5,5,False
bernard-wiseman,Bernard Wiseman,Bernard Wiseman,halo-campaign-evolved,halo-campaign-evolved,1,halo-campaign-evolved,0,0,False
bernardo-amezcua,Bernardo Amezcua,Bernardo Amezcua,halo-campaign-evolved,halo-campaign-evolved,1,halo-campaign-evolved,0,0,False
bernhard-trecksel,Bernhard Trecksel,Bernhard Trecksel,halo-campaign-evolved,halo-campaign-evolved,1,halo-campaign-evolved,0,0,False
bernie-freidin,Bernie Freidin,Bernie Freidin,halo-ce,halo-2,2,halo-ce|halo-2,3,3,False
bernie-grundman,Bernie Grundman,Bernie Grundman,halo-mcc,halo-mcc,1,halo-mcc,0,0,False
bert-mcdowell,Bert McDowell,Bert McDowell,halo-mcc-2021,halo-mcc-2021,1,halo-mcc-2021,0,0,False
beth-demetrescu,Beth Demetrescu,Beth Demetrescu,halo-cea,halo-cea,1,halo-cea,0,0,False
bhanu-pratap,Bhanu Pratap,Bhanu Pratap,halo-infinite,halo-infinite,1,halo-infinite,0,0,False
bharath-srinivasan,Bharath Srinivasan,Bharath Srinivasan,halo-4,halo-4,1,halo-4,0,0,False
bhatta-shreemanendu,Bhatta Shreemanendu,Bhatta Shreemanendu,halo-campaign-evolved,halo-campaign-evolved,1,halo-campaign-evolved,0,0,False
bienvenido-santos,Bienvenido Santos,Bienvenido Santos,halo-infinite,halo-infinite,1,halo-infinite,0,0,False
bil-leeman,Bil Leeman,Bil Leeman,halo-5,halo-5,1,halo-5,0,0,False
bill-cernansky,Bill Cernansky,Bill Cernansky,halo-infinite,halo-infinite,1,halo-infinite,0,0,False
bill-clark,Bill Clark,Bill Clark,halo-4,halo-4,1,halo-4,0,0,False
bill-fowler,Bill Fowler,Bill Fowler,halo-infinite,halo-campaign-evolved,2,halo-infinite|halo-campaign-evolved,5,5,False
bill-lindell,Bill Lindell,Bill Lindell,halo-cea,halo-4,2,halo-cea|halo-4,1,1,False
bill-mauer,Bill Mauer,Bill Mauer,halo-mcc,halo-mcc,1,halo-mcc,0,0,False
bill-metters,Bill Metters,Bill Metters,halo-3,halo-3,1,halo-3,0,0,False
bill-pickersgill,Bill Pickersgill,Bill Pickersgill,halo-mcc,halo-mcc,1,halo-mcc,0,0,False
bill-rosas,Bill Rosas,Bill Rosas,halo-mcc-2021,halo-infinite,2,halo-mcc-2021|halo-infinite,0,0,False
bill-schiefelbein,Bill Schiefelbein,Bill Schiefelbein,halo-mcc,halo-mcc,1,halo-mcc,0,0,False
bill-wade,Bill Wade,Bill Wade,halo-4,halo-4,1,halo-4,0,0,False
billy-ta,Billy Ta,Billy Ta,halo-infinite,halo-infinite,1,halo-infinite,0,0,False
bin-mohamed-mustafa-hariz,Bin Mohamed Mustafa Hariz,Bin Mohamed Mustafa Hariz,halo-campaign-evolved,halo-campaign-evolved,1,halo-campaign-evolved,0,0,False
bing-huan-chio,Bing Huan Chio,Bing Huan Chio,halo-mcc,halo-5,2,halo-mcc|halo-5,1,1,False
biran-hinman,Biran Hinman,Biran Hinman,halo-cea,halo-cea,1,halo-cea,0,0,False
bj-christian,BJ Christian,BJ Christian,halo-4,halo-5,2,halo-4|halo-5,3,3,False
blain-kramer,Blain Kramer,Blain Kramer,halo-campaign-evolved,halo-campaign-evolved,1,halo-campaign-evolved,0,0,False
blaine-crockatt,Blaine Crockatt,Blaine Crockatt,halo-cea,halo-4,2,halo-cea|halo-4,1,1,False
blair-metcalf,Blair Metcalf,Blair Metcalf,halo-4,halo-4,1,halo-4,0,0,False
blair-richmond,Blair Richmond,Blair Richmond,halo-cea,halo-cea,1,halo-cea,0,0,False
blake-bender,Blake Bender,Blake Bender,halo-mcc-2021,halo-mcc-2021,1,halo-mcc-2021,0,0,False
blake-hodges,Blake Hodges,Blake Hodges,halo-mcc-2021,halo-campaign-evolved,3,halo-mcc-2021|halo-infinite|halo-campaign-evolved,5,5,False
blake-low,Blake Low,Blake Low,halo-3-odst,halo-reach,2,halo-3-odst|halo-reach,1,1,False
blazej-zawadzki,Blażej Zawadzki,Blażej Zawadzki|Błażej Zawadzki,halo-mcc,halo-mcc,1,halo-mcc,0,0,False
bob-bobdor-campbell,Bob Bobdor Campbell,Bob Bobdor Campbell,halo-reach,halo-reach,1,halo-reach,0,0,False
bob-burwell,Bob Burwell,Bob Burwell,halo-mcc,halo-mcc,1,halo-mcc,0,0,False
bob-glessner,Bob Glessner,Bob Glessner,halo-3,halo-reach,3,halo-3|halo-3-odst|halo-reach,3,2,False
bob-jensen,Bob Jensen,Bob Jensen,halo-infinite,halo-infinite,1,halo-infinite,0,0,False
bob-odonnell,Bob O'Donnell,Bob O'Donnell,halo-3,halo-reach,2,halo-3|halo-reach,3,3,False
bob-settles,Bob Settles,Bob Settles,halo-ce,halo-ce,1,halo-ce,0,0,False
bob-zasio,Bob Zasio,Bob Zasio,halo-5,halo-infinite,2,halo-5|halo-infinite,6,6,False
bobby-arlauskas,Bobby Arlauskas,Bobby Arlauskas|Robert Arlauskas,halo-4,halo-mcc,2,halo-4|halo-mcc,2,2,False
bobby-castillo,Bobby Castillo,Bobby Castillo,halo-mcc-2021,halo-mcc-2021,1,halo-mcc-2021,0,0,False
bogdan-cososchi,Bogdan Cososchi,Bogdan Cososchi,halo-mcc-2021,halo-mcc-2021,1,halo-mcc-2021,0,0,False
bogdan-marica,Bogdan Marica,Bogdan Marica,halo-mcc,halo-mcc,1,halo-mcc,0,0,False
bogdan-zavarzin,Bogdan Zavarzin,Bogdan Zavarzin,halo-infinite,halo-infinite,1,halo-infinite,0,0,False
boguslaw-kostecki,Boguslaw Kostecki,Boguslaw Kostecki,halo-5,halo-5,1,halo-5,0,0,False
bojin-shi,Bojin Shi,Bojin Shi,halo-infinite,halo-infinite,1,halo-infinite,0,0,False
bonnie-robbins,Bonnie Robbins,Bonnie Robbins,halo-5,halo-5,1,halo-5,0,0,False
bonnie-ross,Bonnie Ross,Bonnie Ross|Bonnie Ross-Ziegler|Bonnie Ross Ziegler,halo-cea,halo-infinite,6,halo-cea|halo-4|halo-mcc|halo-5|halo-mcc-2021|halo-infinite,10,6,False
borhan-ahmadi,Borhan Ahmadi,Borhan Ahmadi,halo-campaign-evolved,halo-campaign-evolved,1,halo-campaign-evolved,0,0,False
boris-erickson,Boris Erickson,Boris Erickson,halo-5,halo-5,1,halo-5,0,0,False
boris-radilov,Boris Radilov,Boris Radilov,halo-infinite,halo-infinite,1,halo-infinite,0,0,False
boris-sherstov,Boris Sherstov,Boris Sherstov,halo-mcc-2021,halo-mcc-2021,1,halo-mcc-2021,0,0,False
botond-csizmadia,Botond Csizmadia,Botond Csizmadia,halo-campaign-evolved,halo-campaign-evolved,1,halo-campaign-evolved,0,0,False
bowen-liu,Bowen Liu,Bowen Liu,halo-campaign-evolved,halo-campaign-evolved,1,halo-campaign-evolved,0,0,False
brad-beaumont,Brad Beaumont,Brad Beaumont,halo-cea,halo-cea,1,halo-cea,0,0,False
brad-bussell,Brad Bussell,Brad Bussell,halo-infinite,halo-infinite,1,halo-infinite,0,0,False
brad-fish,Brad Fish,Brad Fish,halo-3-odst,halo-reach,2,halo-3-odst|halo-reach,1,1,False
brad-hilderbrand,Brad Hilderbrand,Brad Hilderbrand,halo-mcc-2021,halo-mcc-2021,1,halo-mcc-2021,0,0,False
brad-jeansonne,Brad Jeansonne,Brad Jeansonne,halo-cea,halo-4,2,halo-cea|halo-4,1,1,False
brad-ritchie,Brad Ritchie,Brad Ritchie,halo-mcc,halo-mcc,1,halo-mcc,0,0,False
brad-shortt,Brad Shortt,Brad Shortt,halo-5,halo-campaign-evolved,3,halo-5|halo-infinite|halo-campaign-evolved,11,6,False
brad-welch,Brad Welch,Brad Welch,halo-4,halo-5,2,halo-4|halo-5,3,3,False
braden-league,Braden League,Braden League,halo-infinite,halo-campaign-evolved,2,halo-infinite|halo-campaign-evolved,5,5,False
braden-lynch,Braden Lynch,Braden Lynch,halo-4,halo-4,1,halo-4,0,0,False
braden-parkes,Braden Parkes,Braden Parkes,halo-mcc,halo-mcc,1,halo-mcc,0,0,False
bradford-hinkle,Bradford Hinkle,Bradford Hinkle,halo-infinite,halo-infinite,1,halo-infinite,0,0,False
bradford-johnson,Bradford Johnson,Bradford Johnson,halo-cea,halo-cea,1,halo-cea,0,0,False
bradford-lee,Bradford Lee,Bradford Lee,halo-mcc-2021,halo-mcc-2021,1,halo-mcc-2021,0,0,False
bradley-davi,Bradley Davi,Bradley Davi,halo-infinite,halo-infinite,1,halo-infinite,0,0,False
bradley-grey,Bradley Grey,Bradley Grey,halo-mcc-2021,halo-infinite,2,halo-mcc-2021|halo-infinite,0,0,False
bradley-jakubek,Bradley Jakubek,Bradley Jakubek,halo-infinite,halo-infinite,1,halo-infinite,0,0,False
bradley-knowles,Bradley Knowles,Bradley Knowles,halo-cea,halo-cea,1,halo-cea,0,0,False
bradley-mclaughlin,Bradley McLaughlin,Bradley McLaughlin,halo-mcc,halo-mcc,1,halo-mcc,0,0,False
bradley-miller,Bradley Miller,Bradley Miller,halo-infinite,halo-infinite,1,halo-infinite,0,0,False
bradley-rossetti,Bradley Rossetti,Bradley Rossetti,halo-campaign-evolved,halo-campaign-evolved,1,halo-campaign-evolved,0,0,False
brady-estes,Brady Estes,Brady Estes,halo-infinite,halo-infinite,1,halo-infinite,0,0,False
brady-hagan,Brady Hagan,Brady Hagan,halo-5,halo-infinite,2,halo-5|halo-infinite,6,6,False
brady-parmer,Brady Parmer,Brady Parmer,halo-campaign-evolved,halo-campaign-evolved,1,halo-campaign-evolved,0,0,False
brady-semon,Brady Semon,Brady Semon,halo-mcc-2021,halo-mcc-2021,1,halo-mcc-2021,0,0,False
brady-winter,Brady Winter,Brady Winter,halo-infinite,halo-infinite,1,halo-infinite,0,0,False
brahm-lichty,Brahm Lichty,Brahm Lichty,halo-3,halo-3,1,halo-3,0,0,False
branden-bean,Branden Bean,Branden Bean,halo-4,halo-4,1,halo-4,0,0,False
branden-grenier,Branden Grenier,Branden Grenier,halo-infinite,halo-infinite,1,halo-infinite,0,0,False
brandon-anthony,Brandon Anthony,Brandon Anthony,halo-2,halo-2,1,halo-2,0,0,False
brandon-blanchard,Brandon Blanchard,Brandon Blanchard,halo-infinite,halo-infinite,1,halo-infinite,0,0,False
brandon-burlison,Brandon Burlison,Brandon Burlison,halo-infinite,halo-infinite,1,halo-infinite,0,0,False
brandon-chan,Brandon Chan,Brandon Chan,halo-infinite,halo-infinite,1,halo-infinite,0,0,False
brandon-chang,Brandon Chang,Brandon Chang,halo-5,halo-5,1,halo-5,0,0,False
brandon-dawson,Brandon Dawson,Brandon Dawson,halo-infinite,halo-infinite,1,halo-infinite,0,0,False
brandon-eosforth,Brandon Eosforth,Brandon Eosforth|Brandon Edsforth,halo-3,halo-3,1,halo-3,0,0,False
brandon-habib,Brandon Habib,Brandon Habib,halo-infinite,halo-infinite,1,halo-infinite,0,0,False
brandon-hall,Brandon Hall,Brandon Hall,halo-mcc,halo-mcc,1,halo-mcc,0,0,False
brandon-hush,Brandon Hush,Brandon Hush,halo-mcc-2021,halo-infinite,2,halo-mcc-2021|halo-infinite,0,0,False
brandon-kachel,Brandon Kachel,Brandon Kachel,halo-mcc,halo-mcc,1,halo-mcc,0,0,False
brandon-keener,Brandon Keener,Brandon Keener|Brandon James Keener,halo-5,halo-5,1,halo-5,0,0,False
brandon-layton,Brandon Layton,Brandon Layton,halo-4,halo-infinite,3,halo-4|halo-5|halo-infinite,9,6,False
brandon-nobbs,Brandon Nobbs,Brandon Nobbs,halo-4,halo-5,2,halo-4|halo-5,3,3,False
brandon-nutt,Brandon Nutt,Brandon Nutt,halo-infinite,halo-infinite,1,halo-infinite,0,0,False
brandon-pogrob,Brandon Pogrob,Brandon Pogrob,halo-campaign-evolved,halo-campaign-evolved,1,halo-campaign-evolved,0,0,False
brandon-riggs,Brandon Riggs,Brandon Riggs,halo-cea,halo-cea,1,halo-cea,0,0,False
brandon-riza,Brandon Riza,Brandon Riza,halo-mcc,halo-mcc,1,halo-mcc,0,0,False
brandon-roos,Brandon Roos,Brandon Roos,halo-campaign-evolved,halo-campaign-evolved,1,halo-campaign-evolved,0,0,False
brandon-salcedo,Brandon Salcedo,Brandon Salcedo,halo-cea,halo-mcc,2,halo-cea|halo-mcc,3,3,False
brandon-stam,Brandon Stam,Brandon Stam,halo-infinite,halo-infinite,1,halo-infinite,0,0,False
brandon-stevens,Brandon Stevens,Brandon Stevens,halo-infinite,halo-infinite,1,halo-infinite,0,0,False
brandon-stewart,Brandon Stewart,Brandon Stewart,halo-reach,halo-reach,1,halo-reach,0,0,False
brandon-young,Brandon Young,Brandon Young,halo-mcc,halo-mcc,1,halo-mcc,0,0,False
brandy-snow,Brandy Snow,Brandy Snow,halo-4,halo-4,1,halo-4,0,0,False
brannon-boren,Brannon Boren,Brannon Boren,halo-ce,halo-ce,1,halo-ce,0,0,False
brant-wagner,Brant Wagner,Brant Wagner,halo-campaign-evolved,halo-campaign-evolved,1,halo-campaign-evolved,0,0,False
breanne-miller,Bre Miller,Bre Miller|Breanne Miller,halo-4,halo-4,1,halo-4,0,0,False
brecken-hipp,Brecken Hipp,Brecken Hipp,halo-5,halo-5,1,halo-5,0,0,False
brenainn-jordan,Brenainn Jordan,Brenainn Jordan,halo-infinite,halo-infinite,1,halo-infinite,0,0,False
brendan-calpin,Brendan Calpin,Brendan Calpin,halo-infinite,halo-infinite,1,halo-infinite,0,0,False
brendan-hansen,Brendan Hansen,Brendan Hansen,halo-mcc-2021,halo-campaign-evolved,3,halo-mcc-2021|halo-infinite|halo-campaign-evolved,5,5,False
brendan-hillier,Brendan Hillier,Brendan Hillier,halo-mcc-2021,halo-mcc-2021,1,halo-mcc-2021,0,0,False
brendan-muir,Brendan Muir,Brendan Muir,halo-campaign-evolved,halo-campaign-evolved,1,halo-campaign-evolved,0,0,False
brendan-sell,Brendan Sell,Brendan Sell,halo-4,halo-4,1,halo-4,0,0,False
brendan-sheedy,Brendan Sheedy,Brendan Sheedy,halo-campaign-evolved,halo-campaign-evolved,1,halo-campaign-evolved,0,0,False
brendan-thibodeau,Brendan Thibodeau,Brendan Thibodeau,halo-infinite,halo-infinite,1,halo-infinite,0,0,False
brendan-walker,Brendan Walker,Brendan Walker,halo-3-odst,halo-5,3,halo-3-odst|halo-reach|halo-5,6,5,False
brendan-wilson,Brendan Wilson,Brendan Wilson,halo-4,halo-5,2,halo-4|halo-5,3,3,False
brenden-haddad,Brenden Haddad,Brenden Haddad,halo-5,halo-5,1,halo-5,0,0,False
brendon-bauman,Brendon Bauman,Brendon Bauman,halo-infinite,halo-infinite,1,halo-infinite,0,0,False
brennan-butts,Brennan Butts,Brennan Butts,halo-infinite,halo-infinite,1,halo-infinite,0,0,False
brennon-miller,Brennon Miller,Brennon Miller,halo-infinite,halo-infinite,1,halo-infinite,0,0,False
brent-abrahamsen,Brent Abrahamsen,Brent Abrahamsen,halo-3-odst,halo-reach,2,halo-3-odst|halo-reach,1,1,False
brent-friedman,Brent Friedman,Brent Friedman,halo-4,halo-4,1,halo-4,0,0,False
brent-george,Brent George,Brent George,halo-3-odst,halo-3-odst,1,halo-3-odst,0,0,False
brent-houston,Brent Houston,Brent Houston,halo-infinite,halo-infinite,1,halo-infinite,0,0,False
brent-metcalfe,Brent Metcalfe,Brent Metcalfe,halo-3-odst,halo-cea,3,halo-3-odst|halo-reach|halo-cea,2,1,False
brent-wiley,Brent Wiley,Brent Wiley,halo-mcc,halo-mcc,1,halo-mcc,0,0,False
bret-kiraly,Bret Kiraly,Bret Kiraly,halo-4,halo-4,1,halo-4,0,0,False
breton-vivian,Breton Vivian,Breton Vivian,halo-5,halo-5,1,halo-5,0,0,False
brett-acuff,Brett Acuff,Brett Acuff,halo-4,halo-4,1,halo-4,0,0,False
brett-bearden,Brett Bearden,Brett Bearden,halo-infinite,halo-infinite,1,halo-infinite,0,0,False
brett-gow,Brett Gow,Brett Gow,halo-3-odst,halo-3-odst,1,halo-3-odst,0,0,False
brett-hoffmann,Brett Hoffmann,Brett Hoffmann,halo-infinite,halo-infinite,1,halo-infinite,0,0,False
brett-paton,Brett Paton,Brett Paton,halo-3-odst,halo-3-odst,1,halo-3-odst,0,0,False
brett-peck,Brett Peck,Brett Peck,halo-5,halo-campaign-evolved,4,halo-5|halo-mcc-2021|halo-infinite|halo-campaign-evolved,11,6,False
brett-schroeder,Brett Schroeder,Brett Schroeder,halo-4,halo-4,1,halo-4,0,0,False
brett-voss,Brett Voss,Brett Voss,halo-cea,halo-cea,1,halo-cea,0,0,False
brett-williams,Brett Williams,Brett Williams,halo-mcc-2021,halo-mcc-2021,1,halo-mcc-2021,0,0,False
brette-levitan,Brette Levitan,Brette Levitan,halo-5,halo-5,1,halo-5,0,0,False
bri-mills,Bri Mills,Bri Mills,halo-infinite,halo-infinite,1,halo-infinite,0,0,False
brian-albrecht,Brian Albrecht,Brian Albrecht,halo-5,halo-5,1,halo-5,0,0,False
brian-alvarez,Brian Alvarez,Brian Alvarez,halo-mcc,halo-mcc,1,halo-mcc,0,0,False
brian-beebe,Brian Beebe,Brian Beebe,halo-infinite,halo-infinite,1,halo-infinite,0,0,False
brian-berryhill,Brian Berryhill,Brian Berryhill,halo-infinite,halo-infinite,1,halo-infinite,0,0,False
brian-brooks,Brian Brooks,Brian Brooks,halo-mcc-2021,halo-mcc-2021,1,halo-mcc-2021,0,0,False
brian-canning,Brian Canning,Brian Canning,halo-mcc-2021,halo-campaign-evolved,2,halo-mcc-2021|halo-campaign-evolved,5,5,False
brian-cheng,Brian Cheng,Brian Cheng,halo-4,halo-4,1,halo-4,0,0,False
brian-christian,Brian Christian,Brian Christian,halo-4,halo-5,2,halo-4|halo-5,3,3,False
brian-didomenico,Brian DiDomenico,Brian DiDomenico,halo-campaign-evolved,halo-campaign-evolved,1,halo-campaign-evolved,0,0,False
brian-dunn,"Brian ""Beard"" Dunn","Brian ""Beard"" Dunn|Brian Dunn",halo-reach,halo-campaign-evolved,5,halo-reach|halo-4|halo-5|halo-infinite|halo-campaign-evolved,16,6,False
brian-etheridge,Brian Etheridge,Brian Etheridge,halo-5,halo-5,1,halo-5,0,0,False
brian-fieser,Brian Fieser,Brian Fieser,halo-mcc-2021,halo-mcc-2021,1,halo-mcc-2021,0,0,False
brian-frank,Brian Frank,Brian Frank,halo-reach,halo-reach,1,halo-reach,0,0,False
brian-gonzales,Brian Gonzales,Brian Gonzales,halo-infinite,halo-infinite,1,halo-infinite,0,0,False
brian-guevara,Brian Guevara,Brian Guevara,halo-mcc-2021,halo-campaign-evolved,2,halo-mcc-2021|halo-campaign-evolved,5,5,False
brian-haucke,Brian Haucke,Brian Haucke,halo-3,halo-cea,3,halo-3|halo-reach|halo-cea,4,3,False
brian-hudson,Brian Hudson,Brian Hudson,halo-4,halo-4,1,halo-4,0,0,False
brian-hughes,Brian Hughes,Brian Hughes,halo-infinite,halo-campaign-evolved,2,halo-infinite|halo-campaign-evolved,5,5,False
brian-jarrard,Brian Jarrard,Brian Jarrard,halo-2,halo-campaign-evolved,6,halo-2|halo-3|halo-reach|halo-mcc-2021|halo-infinite|halo-campaign-evolved,22,11,False
brian-jodoin,Brian Jodoin,Brian Jodoin,halo-campaign-evolved,halo-campaign-evolved,1,halo-campaign-evolved,0,0,False
brian-johnston,Brian Johnston,Brian Johnston,halo-infinite,halo-infinite,1,halo-infinite,0,0,False
brian-k-richards,Brian Richards,Brian Richards|Brian K Richards,halo-mcc,halo-5,2,halo-mcc|halo-5,1,1,False
brian-kuhn,Brian Kuhn,Brian Kuhn,halo-infinite,halo-infinite,1,halo-infinite,0,0,False
brian-laager,Brian Laager,Brian Laager,halo-4,halo-4,1,halo-4,0,0,False
brian-lawrence,Brian Lawrence,Brian Lawrence,halo-campaign-evolved,halo-campaign-evolved,1,halo-campaign-evolved,0,0,False
brian-lee-white,Brian Lee White,Brian Lee White,halo-mcc,halo-mcc,1,halo-mcc,0,0,False
brian-lemon,Brian Lemon,Brian Lemon,halo-5,halo-infinite,2,halo-5|halo-infinite,6,6,False
brian-lui,Brian Lui,Brian Lui,halo-5,halo-5,1,halo-5,0,0,False
brian-may,Brian May,Brian May,halo-5,halo-5,1,halo-5,0,0,False
brian-meldy,Brian Meldy,Brian Meldy|Brian Meloy,halo-3,halo-3,1,halo-3,0,0,False
brian-miller,Brian Miller,Brian Miller,halo-4,halo-4,1,halo-4,0,0,False
brian-morden,Brian Morden,Brian Morden,halo-ce,halo-2,2,halo-ce|halo-2,3,3,False
brian-noon,Brian Noon,Brian Noon,halo-4,halo-4,1,halo-4,0,0,False
brian-okane,Brian O'Kane,Brian O'Kane,halo-5,halo-5,1,halo-5,0,0,False
brian-posehn,Brian Posehn,Brian Posehn,halo-2,halo-2,1,halo-2,0,0,False
brian-reed,Brian Reed,Brian Reed,halo-4,halo-5,2,halo-4|halo-5,3,3,False
brian-schafheimer,Brian Schafheimer,Brian Schafheimer,halo-4,halo-4,1,halo-4,0,0,False
brian-sharp,Brian Sharp,Brian Sharp,halo-3-odst,halo-reach,2,halo-3-odst|halo-reach,1,1,False
brian-shiau,Brian Shiau,Brian Shiau,halo-infinite,halo-infinite,1,halo-infinite,0,0,False
brian-shultz,Brian Shultz,Brian Shultz,halo-ce,halo-ce,1,halo-ce,0,0,False
brian-sievers,Brian Sievers,Brian Sievers,halo-infinite,halo-infinite,1,halo-infinite,0,0,False
brian-skurski,Brian Skurski,Brian Skurski,halo-mcc-2021,halo-infinite,2,halo-mcc-2021|halo-infinite,0,0,False
brian-sommer,Brian Sommer,Brian Sommer,halo-infinite,halo-infinite,1,halo-infinite,0,0,False
brian-sturm,Brian Sturm,Brian Sturm,halo-3,halo-3,1,halo-3,0,0,False
brian-sulpicio-larcena,Brian Sulpicio Larcena,Brian Sulpicio Larcena|Brian Sulpicio Roque Larcena,halo-5,halo-5,1,halo-5,0,0,False
brian-sunter,Brian Sunter,Brian Sunter,halo-infinite,halo-infinite,1,halo-infinite,0,0,False
brian-t-delaney,Brian T. Delaney,Brian T. Delaney,halo-4,halo-5,2,halo-4|halo-5,3,3,False
brian-t-mcgee,Brian T. McGee,Brian T. McGee,halo-3,halo-3,1,halo-3,0,0,False
brian-traugott,Brian Traugott,Brian Traugott,halo-infinite,halo-infinite,1,halo-infinite,0,0,False
brian-trifon,Brian Trifon,Brian Trifon,halo-cea,halo-mcc,2,halo-cea|halo-mcc,3,3,False
brian-trochim,Brian Trochim,Brian Trochim,halo-5,halo-5,1,halo-5,0,0,False
brian-walker,Brian Walker,Brian Walker,halo-campaign-evolved,halo-campaign-evolved,1,halo-campaign-evolved,0,0,False
brian-weiss,Brian Weiss,Brian Weiss,halo-mcc-2021,halo-mcc-2021,1,halo-mcc-2021,0,0,False
brian-yu,Brian Yu,Brian Yu,halo-4,halo-4,1,halo-4,0,0,False
brianna-romero,Brianna Romero,Brianna Romero,halo-mcc,halo-mcc,1,halo-mcc,0,0,False
brice-legrand,Brice Legrand,Brice Legrand,halo-campaign-evolved,halo-campaign-evolved,1,halo-campaign-evolved,0,0,False
bridgette-cummins,Bridgette Cummins,Bridgette Cummins,halo-4,halo-4,1,halo-4,0,0,False
brie-chindeyerle,Brie Chin-Deyerle,Brie Chin-Deyerle,halo-infinite,halo-infinite,1,halo-infinite,0,0,False
brien-goodrich,Brien Goodrich,Brien Goodrich,halo-4,halo-5,2,halo-4|halo-5,3,3,False
brigittie-tijerina,Brigittie Tijerina,Brigittie Tijerina,halo-4,halo-4,1,halo-4,0,0,False
brittany-drew,Brittany Drew,Brittany Drew,halo-infinite,halo-campaign-evolved,2,halo-infinite|halo-campaign-evolved,5,5,False
brittany-johnson,Brittany Johnson,Brittany Johnson,halo-campaign-evolved,halo-campaign-evolved,1,halo-campaign-evolved,0,0,False
brittany-uomoleale,Brittany Uomoleale,Brittany Uomoleale,halo-5,halo-5,1,halo-5,0,0,False
brittney-hahn,Brittney Hahn,Brittney Hahn,halo-infinite,halo-infinite,1,halo-infinite,0,0,False
bronson-lysy,Bronson Lysy,Bronson Lysy,halo-infinite,halo-infinite,1,halo-infinite,0,0,False
brooke-allison,Brooke Allison,Brooke Allison,halo-infinite,halo-campaign-evolved,2,halo-infinite|halo-campaign-evolved,5,5,False
brooke-branch,Brooke Branch,Brooke Branch,halo-5,halo-5,1,halo-5,0,0,False
brooke-hamel,Brooke Hamel,Brooke Hamel,halo-infinite,halo-infinite,1,halo-infinite,0,0,False
brooke-routh,Brooke Routh,Brooke Routh,halo-infinite,halo-infinite,1,halo-infinite,0,0,False
brooklyn-sheets,Brooklyn Sheets,Brooklyn Sheets,halo-infinite,halo-infinite,1,halo-infinite,0,0,False
bruce-cho,Bruce Cho,Bruce Cho,halo-reach,halo-reach,1,halo-reach,0,0,False
bruce-chrisp,Bruce Chrisp,Bruce Chrisp,halo-mcc,halo-mcc,1,halo-mcc,0,0,False
bruce-phillips,Bruce Phillips,Bruce Phillips,halo-reach,halo-cea,2,halo-reach|halo-cea,1,1,False
bruce-roberts,Bruce Roberts,Bruce Roberts,halo-mcc,halo-mcc,1,halo-mcc,0,0,False
bruce-thomas,Bruce Thomas,Bruce Thomas,halo-4,halo-infinite,3,halo-4|halo-5|halo-infinite,9,6,False
bruce-white,Bruce White,Bruce White,halo-5,halo-5,1,halo-5,0,0,False
bruno-paez-rodriguez,Bruno Páez Rodríguez,Bruno Páez Rodríguez,halo-campaign-evolved,halo-campaign-evolved,1,halo-campaign-evolved,0,0,False
bryan-bishop,Bryan Bishop,Bryan Bishop,halo-campaign-evolved,halo-campaign-evolved,1,halo-campaign-evolved,0,0,False
bryan-bothwell,Bryan Bothwell,Bryan Bothwell,halo-infinite,halo-infinite,1,halo-infinite,0,0,False
bryan-cook,Bryan Cook,Bryan Cook,halo-5,halo-5,1,halo-5,0,0,False
bryan-daize,Bryan Daize,Bryan Daize,halo-campaign-evolved,halo-campaign-evolved,1,halo-campaign-evolved,0,0,False
bryan-dale,Bryan Dale,Bryan Dale,halo-cea,halo-cea,1,halo-cea,0,0,False
bryan-daniele-cero-alcarde,Bryan Daniele Cero Alcarde,Bryan Daniele Cero Alcarde,halo-campaign-evolved,halo-campaign-evolved,1,halo-campaign-evolved,0,0,False
bryan-decann,Bryan DeCann,Bryan DeCann,halo-reach,halo-4,2,halo-reach|halo-4,2,2,False
bryan-fulcher,Bryan Fulcher,Bryan Fulcher,halo-4,halo-4,1,halo-4,0,0,False
bryan-hargrave,Brian Hargrave,Brian Hargrave|Bryan Hargrave,halo-3,halo-3-odst,2,halo-3|halo-3-odst,2,2,False
bryan-higa,Bryan Higa,Bryan Higa,halo-4,halo-4,1,halo-4,0,0,False
bryan-hillestad,Bryan Hillestad,Bryan Hillestad,halo-mcc,halo-mcc,1,halo-mcc,0,0,False
bryan-j-thomas,Bryan Thomas,Bryan Thomas|Bryan J. Thomas,halo-mcc,halo-5,2,halo-mcc|halo-5,1,1,False
bryan-koski,Bryan Koski,Bryan Koski,halo-reach,halo-infinite,3,halo-reach|halo-mcc-2021|halo-infinite,11,11,False
bryan-lane,Bryan Lane,Bryan Lane,halo-4,halo-4,1,halo-4,0,0,False
bryan-link,Bryan Link,Bryan Link,halo-3-odst,halo-3-odst,1,halo-3-odst,0,0,False
bryan-lipscy,Bryan Lipscy,Bryan Lipscy,halo-mcc,halo-5,2,halo-mcc|halo-5,1,1,False
bryan-moss,Bryan Moss,Bryan Moss,halo-4,halo-infinite,2,halo-4|halo-infinite,9,9,False
bryan-o-watkins,Bryan Watkins,Bryan Watkins|Bryan O. Watkins,halo-5,halo-infinite,2,halo-5|halo-infinite,6,6,False
bryan-pickett,Bryan Pickett,Bryan Pickett,halo-infinite,halo-infinite,1,halo-infinite,0,0,False
bryan-repka,Bryan Repka,Bryan Repka,halo-infinite,halo-campaign-evolved,2,halo-infinite|halo-campaign-evolved,5,5,False
bryan-samuelson,Bryan Samuelson,Bryan Samuelson,halo-infinite,halo-infinite,1,halo-infinite,0,0,False
bryan-shannon,Bryan Shannon,Bryan Shannon,halo-infinite,halo-infinite,1,halo-infinite,0,0,False
bryan-vidal,Bryan Vidal,Bryan Vidal,halo-infinite,halo-infinite,1,halo-infinite,0,0,False
bryce-christifulli,Bryce Christifulli,Bryce Christifulli,halo-mcc-2021,halo-infinite,2,halo-mcc-2021|halo-infinite,0,0,False
bryce-cochrane,Bryce Cochrane,Bryce Cochrane,halo-4,halo-4,1,halo-4,0,0,False
bryce-dixon,Bryce Dixon,Bryce Dixon,halo-infinite,halo-infinite,1,halo-infinite,0,0,False
bryce-hammond,Bryce Hammond,Bryce Hammond,halo-mcc-2021,halo-mcc-2021,1,halo-mcc-2021,0,0,False
bryce-mercado,Bryce Mercado,Bryce Mercado,halo-5,halo-5,1,halo-5,0,0,False
bryce-pinkston,Bryce Pinkston,Bryce Pinkston,halo-infinite,halo-infinite,1,halo-infinite,0,0,False
bryen-hensley,Bryen Hensley,Bryen Hensley,halo-reach,halo-reach,1,halo-reach,0,0,False
buffy-rice,Buffy Rice,Buffy Rice,halo-infinite,halo-infinite,1,halo-infinite,0,0,False
bui-huu-hiep,Bui Huu Hiep,Bui Huu Hiep,halo-campaign-evolved,halo-campaign-evolved,1,halo-campaign-evolved,0,0,False
bui-thi-hong-hanh,Bui Thi Hong Hanh,Bui Thi Hong Hanh,halo-campaign-evolved,halo-campaign-evolved,1,halo-campaign-evolved,0,0,False
bui-thi-yen-phuong,Bui Thi Yen Phuong,Bui Thi Yen Phuong,halo-campaign-evolved,halo-campaign-evolved,1,halo-campaign-evolved,0,0,False
bungie-webmaster,Bungie Webmaster,Bungie Webmaster,halo-2,halo-2,1,halo-2,0,0,False
burnie-burns,Burnie Burns,Burnie Burns,halo-3,halo-3,1,halo-3,0,0,False
byron-munsie,Byron Munsie,Byron Munsie,halo-infinite,halo-infinite,1,halo-infinite,0,0,False
byron-welch,Byron Welch,Byron Welch,halo-4,halo-4,1,halo-4,0,0,False
byung-hoon-lee,Byung Hoon Lee,Byung Hoon Lee,halo-3,halo-3,1,halo-3,0,0,False
byungyun-choi,Byungyun Choi,Byungyun Choi,halo-campaign-evolved,halo-campaign-evolved,1,halo-campaign-evolved,0,0,False
c-paul-johnson,C Paul Johnson,C Paul Johnson,halo-2,halo-reach,4,halo-2|halo-3|halo-3-odst|halo-reach,6,3,False
cade-ainsworth,Cade Ainsworth,Cade Ainsworth,halo-4,halo-4,1,halo-4,0,0,False
cade-morrison,Cade Morrison,Cade Morrison,halo-infinite,halo-infinite,1,halo-infinite,0,0,False
cade-myers,Cade Myers,Cade Myers,halo-4,halo-mcc,2,halo-4|halo-mcc,2,2,False
caedmon-webb,Caedmon Webb,Caedmon Webb,halo-cea,halo-cea,1,halo-cea,0,0,False
cahlen-lee,Cahlen Lee,Cahlen Lee,halo-4,halo-4,1,halo-4,0,0,False
cai-tianhua,Cai Tianhua,Cai Tianhua,halo-campaign-evolved,halo-campaign-evolved,1,halo-campaign-evolved,0,0,False
cai-yifan,Cai Yifan,Cai Yifan,halo-campaign-evolved,halo-campaign-evolved,1,halo-campaign-evolved,0,0,False
cai-zhen,Cai Zhen,Cai Zhen,halo-campaign-evolved,halo-campaign-evolved,1,halo-campaign-evolved,0,0,False
cain-hopkins,Cain Hopkins,Cain Hopkins,halo-infinite,halo-infinite,1,halo-infinite,0,0,False
caio-cesar-nunes-oliveira,Caio César Nunes Oliveira,Caio César Nunes Oliveira,halo-infinite,halo-infinite,1,halo-infinite,0,0,False
caitie-mccaffrey,Catie McCaffrey,Catie McCaffrey,halo-4,halo-4,1,halo-4,0,0,False
caitlin-sullivan,Caitlin Sullivan,Caitlin Sullivan,halo-2,halo-2,1,halo-2,0,0,False
cale-haskell,Cale Haskell,Cale Haskell,halo-reach,halo-reach,1,halo-reach,0,0,False
caleb-bouchard,Caleb Bouchard,Caleb Bouchard,halo-cea,halo-infinite,2,halo-cea|halo-infinite,10,10,False
caleb-doughty,Caleb Doughty,Caleb Doughty,halo-5,halo-infinite,2,halo-5|halo-infinite,6,6,False
caleb-lawrence,Caleb Lawrence,Caleb Lawrence,halo-infinite,halo-campaign-evolved,2,halo-infinite|halo-campaign-evolved,5,5,False
caleb-metheny,Caleb Metheny,Caleb Metheny,halo-4,halo-5,2,halo-4|halo-5,3,3,False
callum-mcrae,Callum McRae,Callum McRae,halo-infinite,halo-infinite,1,halo-infinite,0,0,False
calum-hart,Calum Hart,Calum Hart,halo-infinite,halo-infinite,1,halo-infinite,0,0,False
calvin-downermiller,Calvin Downer-Miller,Calvin Downer-Miller,halo-infinite,halo-infinite,1,halo-infinite,0,0,False
calvin-hughes,Calvin Hughes,Calvin Hughes,halo-campaign-evolved,halo-campaign-evolved,1,halo-campaign-evolved,0,0,False
calvin-wu,Calvin Wu,Calvin Wu,halo-campaign-evolved,halo-campaign-evolved,1,halo-campaign-evolved,0,0,False
calvin-yoon,Calvin Yoon,Calvin Yoon,halo-infinite,halo-infinite,1,halo-infinite,0,0,False
cam-moeller,Cam Moeller,Cam Moeller,halo-infinite,halo-infinite,1,halo-infinite,0,0,False
cameron-anicich,Cameron Anicich,Cameron Anicich,halo-mcc-2021,halo-campaign-evolved,3,halo-mcc-2021|halo-infinite|halo-campaign-evolved,5,5,False
cameron-bennett,Cameron Bennett,Cameron Bennett,halo-campaign-evolved,halo-campaign-evolved,1,halo-campaign-evolved,0,0,False
cameron-egbert,Cameron Egbert,Cameron Egbert,halo-4,halo-4,1,halo-4,0,0,False
cameron-folds,Cameron Folds,Cameron Folds|Cameron David Folds,halo-3-odst,halo-3-odst,1,halo-3-odst,0,0,False
cameron-goodrow,Cameron Goodrow,Cameron Goodrow,halo-infinite,halo-infinite,1,halo-infinite,0,0,False
cameron-green,Cameron Green,Cameron Green,halo-mcc-2021,halo-mcc-2021,1,halo-mcc-2021,0,0,False
cameron-harris,Cameron Harris,Cameron Harris,halo-4,halo-4,1,halo-4,0,0,False
cameron-konner,Cameron Konner,Cameron Konner,halo-infinite,halo-infinite,1,halo-infinite,0,0,False
cameron-laborde-zank,Cameron Laborde-Zank,Cameron Laborde-Zank|Cameron Laborde Zank,halo-3,halo-3-odst,2,halo-3|halo-3-odst,2,2,False
cameron-pinard,Cameron Pinard,Cameron Pinard,halo-3,halo-reach,3,halo-3|halo-3-odst|halo-reach,3,2,False
camille-delmeule,Camille Delmeule,Camille Delmeule,halo-mcc,halo-mcc,1,halo-mcc,0,0,False
camille-fourniols,Camille Fourniols,Camille Fourniols,halo-infinite,halo-infinite,1,halo-infinite,0,0,False
camille-janinet,Camille Janinet,Camille Janinet,halo-mcc-2021,halo-infinite,2,halo-mcc-2021|halo-infinite,0,0,False
camille-thomas,Camille Thomas,Camille Thomas,halo-campaign-evolved,halo-campaign-evolved,1,halo-campaign-evolved,0,0,False
can-tuncer,Can Tuncer,Can Tuncer,halo-4,halo-infinite,3,halo-4|halo-5|halo-infinite,9,6,False
candace-debacker,Candace DeBacker,Candace DeBacker,halo-infinite,halo-infinite,1,halo-infinite,0,0,False
candace-guirao,Candace Guirao,Candace Guirao,halo-mcc,halo-mcc,1,halo-mcc,0,0,False
cao-chen,Cao Chen,Cao Chen,halo-campaign-evolved,halo-campaign-evolved,1,halo-campaign-evolved,0,0,False
cao-zewen,Cao Zewen,Cao Zewen,halo-campaign-evolved,halo-campaign-evolved,1,halo-campaign-evolved,0,0,False
carey-bell,Carey Bell,Carey Bell,halo-mcc,halo-mcc,1,halo-mcc,0,0,False
carina-kom,Carina Kom,Carina Kom,halo-infinite,halo-infinite,1,halo-infinite,0,0,False
carina-martin-bonilla,Carina Martin Bonilla,Carina Martin Bonilla,halo-campaign-evolved,halo-campaign-evolved,1,halo-campaign-evolved,0,0,False
carl-forsberg,Carl Forsberg,Carl Forsberg,halo-infinite,halo-infinite,1,halo-infinite,0,0,False
carla-hamilton,Carla Hamilton,Carla Hamilton,halo-mcc,halo-mcc,1,halo-mcc,0,0,False
carla-rylance,Carla Rylance,Carla Rylance,halo-infinite,halo-infinite,1,halo-infinite,0,0,False
carla-woo,Carla Woo,Carla Woo,halo-cea,halo-cea,1,halo-cea,0,0,False
carlo-jose-evangelista,Carlo Jose Evangelista,Carlo Jose Evangelista,halo-mcc-2021,halo-mcc-2021,1,halo-mcc-2021,0,0,False
carlon-assells,Carlon Assells,Carlon Assells|Carlon Jesse Assells,halo-infinite,halo-infinite,1,halo-infinite,0,0,False
carlos-anicama,Carlos Anicama,Carlos Anicama,halo-2,halo-2,1,halo-2,0,0,False
carlos-azabache,Carlos Azabache,Carlos Azabache,halo-mcc-2021,halo-mcc-2021,1,halo-mcc-2021,0,0,False
carlos-bustelo-diaz,Carlos Bustelo Diaz,Carlos Bustelo Diaz,halo-infinite,halo-infinite,1,halo-infinite,0,0,False
carlos-cardona,Carlos Cardona,Carlos Cardona,halo-3-odst,halo-3-odst,1,halo-3-odst,0,0,False
carlos-curran,Carlos Curran,Carlos Curran,halo-5,halo-5,1,halo-5,0,0,False
carlos-fins,Carlos Fins,Carlos Fins,halo-3,halo-3,1,halo-3,0,0,False
carlos-fueyo,Carlos Fueyo,Carlos Fueyo,halo-mcc,halo-mcc,1,halo-mcc,0,0,False
carlos-guijarro,Carlos Guijarro,Carlos Guijarro,halo-mcc-2021,halo-mcc-2021,1,halo-mcc-2021,0,0,False
carlos-henrique-ribeiro-goncalves,Carlos Henrique Ribeiro Gonçalves,Carlos Henrique Ribeiro Gonçalves,halo-campaign-evolved,halo-campaign-evolved,1,halo-campaign-evolved,0,0,False
carlos-landabazo,Carlos Landabazo,Carlos Landabazo,halo-infinite,halo-infinite,1,halo-infinite,0,0,False
carlos-morales,Carlos Morales,Carlos Morales,halo-infinite,halo-infinite,1,halo-infinite,0,0,False
carlos-naranjo,Carlos Naranjo,Carlos Naranjo,halo-3,halo-infinite,7,halo-3|halo-3-odst|halo-4|halo-mcc|halo-5|halo-mcc-2021|halo-infinite,14,6,False
carlos-perfumegarcia,Carlos Perfume-Garcia,Carlos Perfume-Garcia,halo-infinite,halo-infinite,1,halo-infinite,0,0,False
carlos-rosas,Carlos Rosas,Carlos Rosas,halo-3,halo-3,1,halo-3,0,0,False
carlos-sierra,Carlos Sierra,Carlos Sierra,halo-4,halo-4,1,halo-4,0,0,False
carlos-trejojuarez,Carlos Trejo-Juarez,Carlos Trejo-Juarez,halo-infinite,halo-infinite,1,halo-infinite,0,0,False
carlson-hollowayfactory,Carlson Holloway-Factory,Carlson Holloway-Factory,halo-4,halo-4,1,halo-4,0,0,False
carly-crowder,Carly Crowder,Carly Crowder,halo-infinite,halo-infinite,1,halo-infinite,0,0,False
carol-roscoe,Carol Roscoe,Carol Roscoe|Carol Roscue,halo-3-odst,halo-campaign-evolved,3,halo-3-odst|halo-reach|halo-campaign-evolved,17,16,True
carol-stearns,Carol Stearns,Carol Stearns,halo-cea,halo-mcc-2021,3,halo-cea|halo-mcc|halo-mcc-2021,10,7,False
carole-ruggier,Carole Ruggier,Carole Ruggier|Carole J. Ruggier,halo-reach,halo-reach,1,halo-reach,0,0,False
caroline-agudo,Caroline Agudo,Caroline Agudo,halo-campaign-evolved,halo-campaign-evolved,1,halo-campaign-evolved,0,0,False
caroline-dearnley,Caroline Dearnley,Caroline Dearnley,halo-5,halo-5,1,halo-5,0,0,False
caroline-tatchell,Caroline Tatchell,Caroline Tatchell,halo-mcc-2021,halo-mcc-2021,1,halo-mcc-2021,0,0,False
carrie-lynn-van-winkle,Carrie Lynn Van Winkle,Carrie Lynn Van Winkle,halo-mcc-2021,halo-mcc-2021,1,halo-mcc-2021,0,0,False
carson-alexander-lewis,Carson Alexander Lewis,Carson Alexander Lewis,halo-infinite,halo-infinite,1,halo-infinite,0,0,False
carson-brammer,Carson Brammer,Carson Brammer,halo-mcc,halo-infinite,3,halo-mcc|halo-5|halo-infinite,7,6,False
carson-marlow,Carson Marlow,Carson Marlow,halo-infinite,halo-infinite,1,halo-infinite,0,0,False
carston-williams,Carston Williams,Carston Williams,halo-4,halo-4,1,halo-4,0,0,False
carter-navarrete,Carter Navarrete,Carter Navarrete,halo-infinite,halo-infinite,1,halo-infinite,0,0,False
carthach-o-nuanain,Carthach Ó Nuanáin,Carthach Ó Nuanáin,halo-cea,halo-cea,1,halo-cea,0,0,False
cas-anvar,Cas Anvar,Cas Anvar,halo-4,halo-4,1,halo-4,0,0,False
casey-breves,Casey Breves,Casey Breves,halo-cea,halo-cea,1,halo-cea,0,0,False
casey-donelson,Casey Donelson,Casey Donelson,halo-infinite,halo-infinite,1,halo-infinite,0,0,False
casey-hendershot,Casey Hendershot,Casey Hendershot,halo-5,halo-5,1,halo-5,0,0,False
casey-higgason,Casey Higgason,Casey Higgason,halo-mcc,halo-mcc,1,halo-mcc,0,0,False
casey-wu,Casey Wu,Casey Wu|Casey Marissa Wu,halo-5,halo-campaign-evolved,3,halo-5|halo-infinite|halo-campaign-evolved,11,6,False
cate-mackenzie,Cate MacKenzie,Cate MacKenzie,halo-infinite,halo-infinite,1,halo-infinite,0,0,False
catherine-backhouse,Catherine Backhouse,Catherine Backhouse,halo-5,halo-5,1,halo-5,0,0,False
catherine-bradshaw,Catherine Bradshaw,Catherine Bradshaw,halo-5,halo-5,1,halo-5,0,0,False
catherine-litvaitis,Catherine Litvaitis,Catherine Litvaitis,halo-campaign-evolved,halo-campaign-evolved,1,halo-campaign-evolved,0,0,False
cathy-de-lisle,Cathy De Lisle,Cathy De Lisle,halo-infinite,halo-infinite,1,halo-infinite,0,0,False
cathy-thompson,Cathy Thompson,Cathy Thompson,halo-5,halo-5,1,halo-5,0,0,False
cau-h-huynh,Cau H Huynh,Cau H Huynh,halo-3,halo-3,1,halo-3,0,0,False
cayle-george,Cayle George,Cayle George,halo-infinite,halo-infinite,1,halo-infinite,0,0,False
cecilia-pinho,CecíLia Pinho,CecíLia Pinho,halo-campaign-evolved,halo-campaign-evolved,1,halo-campaign-evolved,0,0,False
cedric-tannay,Cédric Tannay,Cédric Tannay,halo-campaign-evolved,halo-campaign-evolved,1,halo-campaign-evolved,0,0,False
cenda-katzman,Cenda Katzman,Cenda Katzman|Cenda Kotzmann,halo-5,halo-5,1,halo-5,0,0,False
cenovia-cummins,Cenovia Cummins,Cenovia Cummins,halo-mcc,halo-mcc,1,halo-mcc,0,0,False
ceren-savasan,Ceren Savasan,Ceren Savasan,halo-infinite,halo-infinite,1,halo-infinite,0,0,False
ceres-coronado,Ceres Coronado,Ceres Coronado,halo-infinite,halo-infinite,1,halo-infinite,0,0,False
certain-affinity,Certain Affinity,CERTAIN AFFINITY,halo-4,halo-4,1,halo-4,0,0,False
cesar-diazfaes-perez,César Díaz-Faes Pérez,César Díaz-Faes Pérez,halo-mcc-2021,halo-mcc-2021,1,halo-mcc-2021,0,0,False
cesar-gonzalez,Cesar Gonzalez,Cesar Gonzalez,halo-campaign-evolved,halo-campaign-evolved,1,halo-campaign-evolved,0,0,False
cesar-marenco-mpse,"Cesar Marenco, MPSE","Cesar Marenco, MPSE",halo-campaign-evolved,halo-campaign-evolved,1,halo-campaign-evolved,0,0,False
cesar-s-paulicchi,Cesar S. Paulicchi,Cesar S. Paulicchi,halo-campaign-evolved,halo-campaign-evolved,1,halo-campaign-evolved,0,0,False
chad-armstrong,Chad Armstrong,Chad Armstrong,halo-3-odst,halo-4,4,halo-3-odst|halo-reach|halo-cea|halo-4,3,1,False
chad-bedell,Chad Bedell,Chad Bedell,halo-mcc,halo-mcc,1,halo-mcc,0,0,False
chad-biddle,Chad Biddle,Chad Biddle,halo-5,halo-5,1,halo-5,0,0,False
chad-cobain,Chad Cobain,Chad Cobain,halo-mcc,halo-5,2,halo-mcc|halo-5,1,1,False
chad-elliot,Chad Elliot,Chad Elliot,halo-cea,halo-cea,1,halo-cea,0,0,False
chad-fox,Chad Fox,Chad Fox,halo-mcc,halo-mcc,1,halo-mcc,0,0,False
chad-foxglove,Chad Foxglove,Chad Foxglove,halo-3-odst,halo-reach,2,halo-3-odst|halo-reach,1,1,False
chad-hale,Chad Hale,Chad Hale,halo-reach,halo-4,2,halo-reach|halo-4,2,2,False
chad-haley,Chad Haley,Chad Haley,halo-4,halo-4,1,halo-4,0,0,False
chad-hernandezcole,Chad Hernandez-Cole,Chad Hernandez-Cole,halo-infinite,halo-infinite,1,halo-infinite,0,0,False
chad-hoynacki,Chad Hoynacki,Chad Hoynacki,halo-infinite,halo-infinite,1,halo-infinite,0,0,False
chad-mirshak,Chad Mirshak,Chad Mirshak,halo-mcc-2021,halo-infinite,2,halo-mcc-2021|halo-infinite,0,0,False
chad-pfarr,Chad Pfarr,Chad Pfarr,halo-4,halo-5,2,halo-4|halo-5,3,3,False
chad-todhunter,Chad Todhunter,Chad Todhunter,halo-mcc,halo-mcc,1,halo-mcc,0,0,False
chad-wanstreet,Chad Wanstreet,Chad Wanstreet,halo-mcc,halo-mcc,1,halo-mcc,0,0,False
challis-felton,Challis Felton,Challis Felton,halo-mcc-2021,halo-infinite,2,halo-mcc-2021|halo-infinite,0,0,False
chan-cheekin,Chan Cheekin,Chan Cheekin,halo-campaign-evolved,halo-campaign-evolved,1,halo-campaign-evolved,0,0,False
chandler-simpson,Chandler Simpson,Chandler Simpson,halo-infinite,halo-infinite,1,halo-infinite,0,0,False
chandler-wood,Chandler Wood,Chandler Wood,halo-infinite,halo-infinite,1,halo-infinite,0,0,False
chantelle-miller,Chantelle Miller,Chantelle Miller,halo-mcc-2021,halo-infinite,2,halo-mcc-2021|halo-infinite,0,0,False
chao-ruiqing,Chao Ruiqing,Chao Ruiqing,halo-infinite,halo-infinite,1,halo-infinite,0,0,False
charles-chandler,Charles Chandler,Charles Chandler,halo-mcc,halo-mcc,1,halo-mcc,0,0,False
charles-deenen,Charles Deenen,Charles Deenen,halo-mcc,halo-mcc,1,halo-mcc,0,0,False
charles-gendron-dupont,Charles Gendron DuPont,Charles Gendron DuPont,halo-3,halo-3,1,halo-3,0,0,False
charles-leasure,Charles Leasure,Charles Leasure,halo-campaign-evolved,halo-campaign-evolved,1,halo-campaign-evolved,0,0,False
charles-martin,Charles Martin,Charles Martin,halo-mcc,halo-mcc,1,halo-mcc,0,0,False
charles-quinn,Charles Quinn,Charles Quinn,halo-infinite,halo-infinite,1,halo-infinite,0,0,False
charles-ramos,Charles Ramos,Charles Ramos,halo-4,halo-5,3,halo-4|halo-mcc|halo-5,3,2,False
charles-robert-webb,Charles Robert Webb,Charles Robert Webb|Charles Webb,halo-cea,halo-4,2,halo-cea|halo-4,1,1,False
charles-rothgeb,Charles Rothgeb,Charles Rothgeb,halo-infinite,halo-infinite,1,halo-infinite,0,0,False
charles-shuler-jr,Charles Shuler Jr.,Charles Shuler Jr.|Charles E. Shuler Jr.,halo-3,halo-3,1,halo-3,0,0,False
charles-sinex,Charles Sinex,Charles Sinex,halo-4,halo-4,1,halo-4,0,0,False
charles-wiederhold,Charles Wiederhold,Charles Wiederhold|Charlie Wiederhold,halo-4,halo-mcc,2,halo-4|halo-mcc,2,2,False
charlie-corcoran,Charlie Corcoran,Charlie Corcoran,halo-4,halo-5,3,halo-4|halo-mcc|halo-5,3,2,False
charlie-gondak,Charlie Gondak,Charlie Gondak,halo-cea,halo-cea,1,halo-cea,0,0,False
charlie-gough,Charlie Gough,Charlie Gough|Charles Gough,halo-ce,halo-reach,5,halo-ce|halo-2|halo-3|halo-3-odst|halo-reach,9,3,False
charlie-whiton,Charlie Whiton,Charlie Whiton,halo-3,halo-3,1,halo-3,0,0,False
chase-becerrill,Chase Becerrill,Chase Becerrill,halo-mcc,halo-mcc,1,halo-mcc,0,0,False
chase-kunz,Chase Kunz,Chase Kunz,halo-mcc,halo-5,2,halo-mcc|halo-5,1,1,False
chase-lawhead,Chase Lawhead,Chase Lawhead,halo-cea,halo-4,2,halo-cea|halo-4,1,1,False
chase-lister,Chase Lister,Chase Lister,halo-campaign-evolved,halo-campaign-evolved,1,halo-campaign-evolved,0,0,False
chase-moody,Chase Moody,Chase Moody,halo-4,halo-4,1,halo-4,0,0,False
chase-osborne,Chase Osborne,Chase Osborne,halo-cea,halo-cea,1,halo-cea,0,0,False
chase-patton,Chase Patton,Chase Patton,halo-mcc-2021,halo-campaign-evolved,3,halo-mcc-2021|halo-infinite|halo-campaign-evolved,5,5,False
chase-shields,Chase Shields,Chase Shields,halo-mcc,halo-mcc,1,halo-mcc,0,0,False
chase-thompson,Chase Thompson,Chase Thompson,halo-4,halo-infinite,3,halo-4|halo-5|halo-infinite,9,6,False
chase-toole,Chase Toole,Chase Toole,halo-5,halo-5,1,halo-5,0,0,False
chau-quan-dieu,Chau Quan Dieu,Chau Quan Dieu,halo-campaign-evolved,halo-campaign-evolved,1,halo-campaign-evolved,0,0,False
chaz-acuna,Chaz Acuna,Chaz Acuna,halo-infinite,halo-infinite,1,halo-infinite,0,0,False
che-chou,Che Chou,Che Chou,halo-4,halo-5,3,halo-4|halo-mcc|halo-5,3,2,False
chelsea-faso,Chelsea Faso,Chelsea Faso,halo-infinite,halo-infinite,1,halo-infinite,0,0,False
chelsea-galvez,Chelsea Galvez,Chelsea Galvez,halo-infinite,halo-infinite,1,halo-infinite,0,0,False
chelsea-johnson,Chelsea Johnson,Chelsea Johnson,halo-4,halo-4,1,halo-4,0,0,False
chelsea-koning,Chelsea Koning,Chelsea Koning,halo-5,halo-5,1,halo-5,0,0,False
chelsea-parry,Chelsea Parry,Chelsea Parry,halo-mcc-2021,halo-mcc-2021,1,halo-mcc-2021,0,0,False
chelsea-velazquez,Chelsea Velazquez,Chelsea Velazquez,halo-campaign-evolved,halo-campaign-evolved,1,halo-campaign-evolved,0,0,False
chelsey-woodside,Chelsey Woodside,Chelsey Woodside,halo-5,halo-5,1,halo-5,0,0,False
chelsi-hohnbaum,Chelsi Hohnbaum,Chelsi Hohnbaum,halo-campaign-evolved,halo-campaign-evolved,1,halo-campaign-evolved,0,0,False
chen-chi,Chen Chi,Chen Chi,halo-campaign-evolved,halo-campaign-evolved,1,halo-campaign-evolved,0,0,False
chen-fengzhao,Chen Fengzhao,Chen Fengzhao,halo-campaign-evolved,halo-campaign-evolved,1,halo-campaign-evolved,0,0,False
chen-huailei,Chen Huailei,Chen Huailei,halo-campaign-evolved,halo-campaign-evolved,1,halo-campaign-evolved,0,0,False
chen-huapeng,Chen Huapeng,Chen Huapeng,halo-campaign-evolved,halo-campaign-evolved,1,halo-campaign-evolved,0,0,False
chen-jiajun,Chen Jiajun,Chen Jiajun,halo-campaign-evolved,halo-campaign-evolved,1,halo-campaign-evolved,0,0,False
chen-jianxin,Chen Jianxin,Chen Jianxin,halo-campaign-evolved,halo-campaign-evolved,1,halo-campaign-evolved,0,0,False
chen-kuan,Chen Kuan,Chen Kuan,halo-campaign-evolved,halo-campaign-evolved,1,halo-campaign-evolved,0,0,False
chen-peng,Chen Peng,Chen Peng,halo-campaign-evolved,halo-campaign-evolved,1,halo-campaign-evolved,0,0,False
chen-siyue,Chen Siyue,Chen Siyue,halo-campaign-evolved,halo-campaign-evolved,1,halo-campaign-evolved,0,0,False
chen-wang,Chen Wang,Chen Wang,halo-infinite,halo-infinite,1,halo-infinite,0,0,False
chen-xingquan,Chen Xingquan,Chen Xingquan,halo-campaign-evolved,halo-campaign-evolved,1,halo-campaign-evolved,0,0,False
chen-xingxing,Chen Xingxing,Chen Xingxing,halo-campaign-evolved,halo-campaign-evolved,1,halo-campaign-evolved,0,0,False
chen-yang,Chen Yang,Chen Yang,halo-campaign-evolved,halo-campaign-evolved,1,halo-campaign-evolved,0,0,False
chen-yaobang,Chen Yaobang,Chen Yaobang,halo-campaign-evolved,halo-campaign-evolved,1,halo-campaign-evolved,0,0,False
chen-yu-chen,Chen Yu Chen,Chen Yu Chen,halo-campaign-evolved,halo-campaign-evolved,1,halo-campaign-evolved,0,0,False
cheng-peng,Cheng Peng,Cheng Peng,halo-campaign-evolved,halo-campaign-evolved,1,halo-campaign-evolved,0,0,False
chenguang-li,Chenguang Li,Chenguang Li,halo-infinite,halo-infinite,1,halo-infinite,0,0,False
chenlu-lucy-zhu,"Chenlu ""Lucy"" Zhu","Chenlu ""Lucy"" Zhu",halo-campaign-evolved,halo-campaign-evolved,1,halo-campaign-evolved,0,0,False
cherami-leigh,Cherami Leigh,Cherami Leigh,halo-infinite,halo-infinite,1,halo-infinite,0,0,False
chernyaev-evgeniy,Chernyaev Evgeniy,Chernyaev Evgeniy,halo-mcc,halo-mcc,1,halo-mcc,0,0,False
cheryl-cowan,Cheryl Cowan,Cheryl Cowan,halo-infinite,halo-infinite,1,halo-infinite,0,0,False
cheryl-nebelsieck,Cheryl Nebelsieck,Cheryl Nebelsieck,halo-infinite,halo-infinite,1,halo-infinite,0,0,False
cheyne-arteritano,Cheyne Arteritano,Cheyne Arteritano,halo-4,halo-infinite,3,halo-4|halo-5|halo-infinite,9,6,False
cheyne-carlos,Cheyne Carlos,Cheyne Carlos,halo-mcc-2021,halo-mcc-2021,1,halo-mcc-2021,0,0,False
chi-ichikawa,Chi Ichikawa,Chi Ichikawa,halo-campaign-evolved,halo-campaign-evolved,1,halo-campaign-evolved,0,0,False
chi-juan,Chi Juan,Chi Juan,halo-infinite,halo-infinite,1,halo-infinite,0,0,False
chiara-galanello,Chiara Galanello,Chiara Galanello,halo-campaign-evolved,halo-campaign-evolved,1,halo-campaign-evolved,0,0,False
chin-fong,Chin Fong,Chin Fong,halo-4,halo-5,2,halo-4|halo-5,3,3,False
ching-fong-yip,Ching Fong Yip,Ching Fong Yip,halo-3,halo-3,1,halo-3,0,0,False
chingyen-tim-lin,Ching-Yen (Tim) Lin,Ching-Yen (Tim) Lin|Ching-Yen Lin,halo-infinite,halo-infinite,1,halo-infinite,0,0,False
chioke-blacksheare,Chioke Blacksheare,Chioke Blacksheare,halo-infinite,halo-infinite,1,halo-infinite,0,0,False
chip-patterson,Chip Patterson,Chip Patterson,halo-mcc,halo-mcc,1,halo-mcc,0,0,False
chiyo-lai,Chiyo Lai,Chiyo Lai,halo-4,halo-campaign-evolved,4,halo-4|halo-5|halo-infinite|halo-campaign-evolved,14,6,False
chloe-campbell,Chloe Campbell,Chloe Campbell,halo-infinite,halo-infinite,1,halo-infinite,0,0,False
chloe-leveque,Chloé Levêque,Chloé Levêque,halo-campaign-evolved,halo-campaign-evolved,1,halo-campaign-evolved,0,0,False
chole-paton,Chole Paton,Chole Paton,halo-infinite,halo-infinite,1,halo-infinite,0,0,False
chong-chau-juinn,Chong Chau Juinn,Chong Chau Juinn,halo-campaign-evolved,halo-campaign-evolved,1,halo-campaign-evolved,0,0,False
chris-aduna,Chris Aduna,Chris Aduna,halo-5,halo-infinite,2,halo-5|halo-infinite,6,6,False
chris-alderson,Chris Alderson,Chris Alderson,halo-3-odst,halo-reach,2,halo-3-odst|halo-reach,1,1,False
chris-anderson,Chris Anderson,Chris Anderson,halo-3,halo-3,1,halo-3,0,0,False
chris-aronchick,Chris Aronchick,Chris Aronchick,halo-4,halo-4,1,halo-4,0,0,False
chris-barker,Chris Barker,Chris Barker,halo-reach,halo-reach,1,halo-reach,0,0,False
chris-barrett,Chris Barrett,Christopher Barrett|Christopher Barret|Chris Barrett,halo-ce,halo-reach,5,halo-ce|halo-2|halo-3|halo-3-odst|halo-reach,9,3,False
chris-becker,Chris Becker,Chris Becker,halo-infinite,halo-infinite,1,halo-infinite,0,0,False
chris-brock,Chris Brock,Chris Brock,halo-4,halo-mcc,2,halo-4|halo-mcc,2,2,False
chris-brockett,Chris Brockett,Chris Brockett,halo-campaign-evolved,halo-campaign-evolved,1,halo-campaign-evolved,0,0,False
chris-butcher,Chris Butcher,Chris Butcher,halo-ce,halo-reach,5,halo-ce|halo-2|halo-3|halo-3-odst|halo-reach,9,3,False
chris-cairns,Chris Cairns,Chris Cairns,halo-infinite,halo-infinite,1,halo-infinite,0,0,False
chris-capell,Chris Capell,Chris Capell,halo-3,halo-3,1,halo-3,0,0,False
chris-carleson,Chris Carleson,Chris Carleson,halo-4,halo-mcc-2021,2,halo-4|halo-mcc-2021,9,9,False
chris-carney,Chris Carney,Chris Carney,halo-ce,halo-reach,4,halo-ce|halo-2|halo-3|halo-reach,9,3,False
chris-case,Chris Case,Chris Case|Christopher Case,halo-mcc,halo-campaign-evolved,4,halo-mcc|halo-mcc-2021|halo-infinite|halo-campaign-evolved,12,7,False
chris-chamberlain,Chris Chamberlain,Chris Chamberlain,halo-ce,halo-ce,1,halo-ce,0,0,False
chris-charles,Chris Charles,Chris Charles,halo-cea,halo-cea,1,halo-cea,0,0,False
chris-cromwell,Chris Cromwell,Chris Cromwell,halo-mcc-2021,halo-mcc-2021,1,halo-mcc-2021,0,0,False
chris-daltas,Chris Daltas,Chris Daltas,halo-3-odst,halo-reach,2,halo-3-odst|halo-reach,1,1,False
chris-daltas-excell,Christopher Daltas,Christopher Daltas,halo-3,halo-3,1,halo-3,0,0,False
chris-davidson,Chris Davidson,Chris Davidson,halo-4,halo-4,1,halo-4,0,0,False
chris-donovan,Chris Donovan,Chris Donovan,halo-infinite,halo-infinite,1,halo-infinite,0,0,False
chris-donsante,Chris Donsante,Chris Donsante,halo-infinite,halo-campaign-evolved,2,halo-infinite|halo-campaign-evolved,5,5,False
chris-durso,Chris Durso,Chris Durso,halo-4,halo-4,1,halo-4,0,0,False
chris-edgerly,Chris Edgerly,Chris Edgerly,halo-2,halo-reach,4,halo-2|halo-3|halo-3-odst|halo-reach,6,3,False
chris-edwards,Chris Edwards,Chris Edwards,halo-4,halo-5,2,halo-4|halo-5,3,3,False
chris-emond,Chris Emond,Chris Emond,halo-4,halo-5,2,halo-4|halo-5,3,3,False
chris-ferriera,Chris Ferriera,Chris Ferriera,halo-mcc-2018,halo-mcc-2018,1,halo-mcc-2018,0,0,False
chris-fivash,Chris Fivash,Chris Fivash,halo-reach,halo-reach,1,halo-reach,0,0,False
chris-fogel,Chris Fogel,Chris Fogel,halo-5,halo-5,1,halo-5,0,0,False
chris-frediani,Chris Frediani,Chris Frediani,halo-5,halo-5,1,halo-5,0,0,False
chris-french,Chris French,Chris French,halo-4,halo-5,2,halo-4|halo-5,3,3,False
chris-fries,Chris Fries,Chris Fries,halo-5,halo-5,1,halo-5,0,0,False
chris-gann,Chris Gann,Chris Gann,halo-5,halo-5,1,halo-5,0,0,False
chris-garrett,Chris Garrett,Chris Garrett,halo-3-odst,halo-3-odst,1,halo-3-odst,0,0,False
chris-gossett,Chris Gosset,Chris Gosset|Chris Gossett,halo-3,halo-reach,3,halo-3|halo-3-odst|halo-reach,3,2,False
chris-hager,Chris Hager,Chris Hager,halo-infinite,halo-infinite,1,halo-infinite,0,0,False
chris-haluke,Chris Haluke,Chris Haluke,halo-4,halo-5,2,halo-4|halo-5,3,3,False
chris-hands,Chris Hands,Chris Hands|Christopher Hands,halo-4,halo-infinite,3,halo-4|halo-5|halo-infinite,9,6,False
chris-henze,Chris Henze,Chris Henze,halo-mcc-2021,halo-mcc-2021,1,halo-mcc-2021,0,0,False
chris-herrman,Chris Herrman,Chris Herrman|Christopher P Herrman,halo-mcc,halo-campaign-evolved,5,halo-mcc|halo-5|halo-mcc-2021|halo-infinite|halo-campaign-evolved,12,6,False
chris-hopkins,Chris Hopkins,Chris Hopkins,halo-campaign-evolved,halo-campaign-evolved,1,halo-campaign-evolved,0,0,False
chris-howard,Christopher Howard,Christopher Howard|Chris Howard,halo-4,halo-infinite,3,halo-4|halo-5|halo-infinite,9,6,False
chris-hughes,Chris Hughes,Chris Hughes,halo-ce,halo-ce,1,halo-ce,0,0,False
chris-julius,Chris Julius,Chris Julius,halo-infinite,halo-infinite,1,halo-infinite,0,0,False
chris-king,Chris King,Chris King,halo-4,halo-5,2,halo-4|halo-5,3,3,False
chris-lam,Chris Lam,Chris Lam,halo-3-odst,halo-3-odst,1,halo-3-odst,0,0,False
chris-lamarco,Chris LaMarco,Chris LaMarco,halo-campaign-evolved,halo-campaign-evolved,1,halo-campaign-evolved,0,0,False
chris-laurence,Chris Laurence,Chris Laurence,halo-5,halo-5,1,halo-5,0,0,False
chris-lee,Chris Lee,Chris Lee|Chris Y. J. Lee,halo-ce,halo-infinite,7,halo-ce|halo-2|halo-3-odst|halo-reach|halo-4|halo-5|halo-infinite,20,6,False
chris-lefeaver,Chris LeFeaver,Chris LeFeaver,halo-campaign-evolved,halo-campaign-evolved,1,halo-campaign-evolved,0,0,False
chris-lewis,Chris Lewis,Chris Lewis,halo-4,halo-infinite,3,halo-4|halo-5|halo-infinite,9,6,False
chris-livesey,Chris Livesey,Chris Livesey,halo-infinite,halo-infinite,1,halo-infinite,0,0,False
chris-lomaka,Chris Lomaka,Chris Lomaka|Christopher Lomaka,halo-4,halo-5,2,halo-4|halo-5,3,3,False
chris-macpherson,Chris MacPherson,Chris MacPherson,halo-mcc,halo-mcc,1,halo-mcc,0,0,False
chris-matthews,Chris Matthews,Chris Matthews,halo-campaign-evolved,halo-campaign-evolved,1,halo-campaign-evolved,0,0,False
chris-mcleod,Chris McLeod,Chris McLeod,halo-mcc,halo-mcc,1,halo-mcc,0,0,False
chris-merritt,Chris Merritt,Chris Merritt,halo-mcc-2021,halo-infinite,2,halo-mcc-2021|halo-infinite,0,0,False
chris-opdahl,Christopher Opdahl,Christopher Opdahl|Chris Opdahl,halo-3,halo-reach,3,halo-3|halo-3-odst|halo-reach,3,2,False
chris-parker,Chris Parker,Chris Parker|Christopher Parker,halo-4,halo-4,1,halo-4,0,0,False
chris-proctor,Chris Proctor,Chris Proctor,halo-5,halo-5,1,halo-5,0,0,False
chris-pugnetti,Chris Pugnetti,Chris Pugnetti,halo-4,halo-4,1,halo-4,0,0,False
chris-schweiger,Chris Schweiger,Chris Schweiger,halo-infinite,halo-infinite,1,halo-infinite,0,0,False
chris-shaules,Chris Shaules,Chris Shaules,halo-3-odst,halo-4,4,halo-3-odst|halo-reach|halo-cea|halo-4,3,1,False
chris-socratous,Chris Socratous,Chris Socratous,halo-mcc-2021,halo-mcc-2021,1,halo-mcc-2021,0,0,False
chris-stevenson,Chris Stevenson,Chris Stevenson,halo-mcc-2021,halo-mcc-2021,1,halo-mcc-2021,0,0,False
chris-sweetman,Chris Sweetman,Chris Sweetman,halo-infinite,halo-infinite,1,halo-infinite,0,0,False
chris-swindle,Chris Swindle,Chris Swindle|Christopher Swindle,halo-infinite,halo-infinite,1,halo-infinite,0,0,False
chris-tchou,Chris Tchou,Chris Tchou,halo-3,halo-reach,3,halo-3|halo-3-odst|halo-reach,3,2,False
chris-thompson,Chris Thompson,Chris Thompson,halo-infinite,halo-infinite,1,halo-infinite,0,0,False
chris-tombling,Chris Tombling,Chris Tombling,halo-5,halo-5,1,halo-5,0,0,False
chris-van-dyck,Chris van Dyck,Chris van Dyck,halo-cea,halo-cea,1,halo-cea,0,0,False
chris-welden,Chris Welden,Chris Welden|Christopher C. Welden,halo-mcc,halo-infinite,4,halo-mcc|halo-5|halo-mcc-2021|halo-infinite,7,6,False
chris-wicklund,Chris Wicklund,Chris Wicklund,halo-ce,halo-campaign-evolved,2,halo-ce|halo-campaign-evolved,25,25,False
chris-wilson,Chris Wilson,Chris Wilson,halo-3,halo-5,5,halo-3|halo-3-odst|halo-reach|halo-4|halo-5,8,3,False
chris-woods,Chris Woods,Chris Woods,halo-4,halo-5,2,halo-4|halo-5,3,3,False
chris-worsey,Chris Worsey,Chris Worsey,halo-5,halo-5,1,halo-5,0,0,False
christian-allen,Christian Allen,Christian Allen,halo-3-odst,halo-3-odst,1,halo-3-odst,0,0,False
christian-barraclough,Christian Barraclough,Christian Barraclough,halo-5,halo-5,1,halo-5,0,0,False
christian-chojnacki,Christian Chojnacki,Christian Chojnacki,halo-infinite,halo-infinite,1,halo-infinite,0,0,False
christian-crowser,Christian Crowser,Christian Crowser,halo-infinite,halo-infinite,1,halo-infinite,0,0,False
christian-diefenbach,Christian Diefenbach,Christian Diefenbach,halo-3-odst,halo-reach,2,halo-3-odst|halo-reach,1,1,False
christian-eyssautier,Christian Eyssautier,Christian Eyssautier,halo-campaign-evolved,halo-campaign-evolved,1,halo-campaign-evolved,0,0,False
christian-gallego,Christian Gallego,Christian Gallego,halo-infinite,halo-infinite,1,halo-infinite,0,0,False
christian-hesse,Christian Hesse,Christian Hesse,halo-campaign-evolved,halo-campaign-evolved,1,halo-campaign-evolved,0,0,False
christian-lanz,Christian Lanz,Christian Lanz,halo-5,halo-5,1,halo-5,0,0,False
christian-melendez,Christian Melendez,Christian Melendez,halo-infinite,halo-infinite,1,halo-infinite,0,0,False
christian-novembrino,Christian Novembrino,Christian Novembrino,halo-2,halo-2,1,halo-2,0,0,False
christian-reese,Christian Reese,Christian Reese,halo-mcc,halo-mcc,1,halo-mcc,0,0,False
christian-smith,Christian Smith,Christian Smith,halo-infinite,halo-infinite,1,halo-infinite,0,0,False
christian-sonderfeld,Christian Sonderfeld,Christian Sonderfeld,halo-campaign-evolved,halo-campaign-evolved,1,halo-campaign-evolved,0,0,False
christian-tuttle,Christian Tuttle,Christian Tuttle,halo-infinite,halo-infinite,1,halo-infinite,0,0,False
christian-vaughn,Christian Vaughn,Christian Vaughn,halo-infinite,halo-infinite,1,halo-infinite,0,0,False
christian-vazquez,Christian Vazquez,Christian Vazquez,halo-infinite,halo-infinite,1,halo-infinite,0,0,False
christian-wenger,Christian Wenger,Christian Wenger,halo-4,halo-5,2,halo-4|halo-5,3,3,False
christian-whiticar,Christian Whiticar,Christian Whiticar,halo-cea,halo-cea,1,halo-cea,0,0,False
christian-wolfe,Christian Wolfe,Christian Wolfe,halo-infinite,halo-campaign-evolved,2,halo-infinite|halo-campaign-evolved,5,5,False
christiane-harris,Christiane Harris,Christiane Harris,halo-campaign-evolved,halo-campaign-evolved,1,halo-campaign-evolved,0,0,False
christina-emanuel,Christina Emanuel,Christina Emanuel,halo-5,halo-5,1,halo-5,0,0,False
christina-gan,Christina Gan,Christina Gan,halo-infinite,halo-campaign-evolved,2,halo-infinite|halo-campaign-evolved,5,5,False
christina-mok,Christina Mok,Christina Mok,halo-mcc,halo-mcc,1,halo-mcc,0,0,False
christina-parker,Christina Parker,Christina Parker,halo-mcc-2021,halo-campaign-evolved,3,halo-mcc-2021|halo-infinite|halo-campaign-evolved,5,5,False
christina-tran,Christina Tran,Christina Tran,halo-mcc-2021,halo-infinite,2,halo-mcc-2021|halo-infinite,0,0,False
christine-bullin,Christine Bullin,Christine Bullin,halo-cea,halo-cea,1,halo-cea,0,0,False
christine-edwards,Christine Edwards,Christine Edwards,halo-3-odst,halo-reach,2,halo-3-odst|halo-reach,1,1,False
christine-finch,Christine Finch,Christine Finch,halo-4,halo-5,2,halo-4|halo-5,3,3,False
christine-hottovy,Christine Hottovy,Christine Hottovy,halo-4,halo-4,1,halo-4,0,0,False
christinel-boston,Christinel Boston,Christinel Boston,halo-3-odst,halo-3-odst,1,halo-3-odst,0,0,False
christopher-a-buckley,Christopher Buckley,Christopher Buckley|Christopher A. Buckley,halo-cea,halo-4,2,halo-cea|halo-4,1,1,False
christopher-abbas,Christopher Abbas,Christopher Abbas,halo-mcc,halo-5,2,halo-mcc|halo-5,1,1,False
christopher-barney,Christopher Barney,Christopher Barney,halo-2,halo-2,1,halo-2,0,0,False
christopher-blohm,Christopher Blohm,Christopher Blohm,halo-4,halo-infinite,3,halo-4|halo-5|halo-infinite,9,6,False
christopher-carney,Christopher Carnry,Christopher Carnry|Christopher Carney,halo-3-odst,halo-campaign-evolved,2,halo-3-odst|halo-campaign-evolved,17,17,True
christopher-cheron,Christopher Cheron,Christopher Cheron,halo-campaign-evolved,halo-campaign-evolved,1,halo-campaign-evolved,0,0,False
christopher-clarke,Christopher Clarke,Christopher Clarke,halo-infinite,halo-infinite,1,halo-infinite,0,0,False
christopher-cody-flick,Christopher Cody Flick,Christopher Cody Flick,halo-5,halo-5,1,halo-5,0,0,False
christopher-daugherty,Christopher Daugherty,Christopher Daugherty,halo-infinite,halo-infinite,1,halo-infinite,0,0,False
christopher-davis,Christopher Davis,Christopher Davis,halo-3,halo-infinite,2,halo-3|halo-infinite,14,14,False
christopher-de-lis,Christopher de Lis,Christopher de Lis,halo-campaign-evolved,halo-campaign-evolved,1,halo-campaign-evolved,0,0,False
christopher-garcia,Christopher Garcia,Christopher Garcia,halo-infinite,halo-infinite,1,halo-infinite,0,0,False
christopher-glock,Christopher Glock,Christopher Glock,halo-infinite,halo-infinite,1,halo-infinite,0,0,False
christopher-greenhaw,Christopher Greenhaw,Christopher Greenhaw|Christopher W. Greenhaw,halo-3,halo-3,1,halo-3,0,0,False
christopher-kennedy,Chris Kennedy,Chris Kennedy|Christopher Kennedy,halo-infinite,halo-campaign-evolved,2,halo-infinite|halo-campaign-evolved,5,5,False
christopher-killian,Christopher Killian,Christopher Killian,halo-2,halo-2,1,halo-2,0,0,False
christopher-kurash,Christopher Kurash,Christopher Kurash,halo-infinite,halo-infinite,1,halo-infinite,0,0,False
christopher-lee-johnson,Christopher Lee Johnson,Christopher Lee Johnson,halo-reach,halo-reach,1,halo-reach,0,0,False
christopher-liu-ii,Christopher Liu II,Christopher Liu II,halo-infinite,halo-infinite,1,halo-infinite,0,0,False
christopher-lockwood,Christopher Lockwood,Christopher Lockwood,halo-4,halo-4,1,halo-4,0,0,False
christopher-moriana,Christopher Moriana,Christopher Moriana,halo-infinite,halo-infinite,1,halo-infinite,0,0,False
christopher-palmer,Christopher Palmer,Christopher Palmer,halo-mcc,halo-mcc,1,halo-mcc,0,0,False
christopher-ryzebol,Christopher Ryzebol,Christopher Ryzebol,halo-5,halo-infinite,2,halo-5|halo-infinite,6,6,False
christopher-s-brooks,Christopher S. Brooks,Christopher S. Brooks,halo-mcc,halo-mcc,1,halo-mcc,0,0,False
christopher-salat,Christopher Salat,Christopher Salat,halo-5,halo-5,1,halo-5,0,0,False
christopher-schlerf,Christopher Schlerf,Christopher Schlerf,halo-4,halo-4,1,halo-4,0,0,False
christopher-storer,Christopher Storer,Christopher Storer,halo-infinite,halo-infinite,1,halo-infinite,0,0,False
christopher-tan,Christopher Tan,Christopher Tan,halo-infinite,halo-infinite,1,halo-infinite,0,0,False
christopher-taylor,Christopher Taylor,Christopher Taylor,halo-infinite,halo-infinite,1,halo-infinite,0,0,False
christopher-west,Christopher West,Christopher West,halo-campaign-evolved,halo-campaign-evolved,1,halo-campaign-evolved,0,0,False
christopher-willisford,Christopher Willis-Ford,Christopher Willis-Ford,halo-4,halo-4,1,halo-4,0,0,False
christopher-youngs,Christopher Youngs,Christopher Youngs,halo-4,halo-4,1,halo-4,0,0,False
christy-cowan,Christy Cowan,Christy Cowan,halo-4,halo-5,2,halo-4|halo-5,3,3,False
christy-dawson,Christy Dawson,Christy Dawson,halo-4,halo-4,1,halo-4,0,0,False
chuck-byas,Chuck Byas,Chuck Byas,halo-infinite,halo-infinite,1,halo-infinite,0,0,False
chuck-cooper,Chuck Cooper,Chuck Cooper,halo-ce,halo-ce,1,halo-ce,0,0,False
chuck-martin,Chuck Martin,Chuck Martin,halo-4,halo-4,1,halo-4,0,0,False
chuck-winston,Chuck Winston,Chuck Winston,halo-infinite,halo-infinite,1,halo-infinite,0,0,False
chuck-wojtkiewicz,Chuck Wojtkiewicz,Chuck Wojtkiewicz,halo-mcc,halo-mcc,1,halo-mcc,0,0,False
ciaran-dempsey,Ciaran Dempsey,Ciaran Dempsey,halo-infinite,halo-infinite,1,halo-infinite,0,0,False
cici-liu,Cici Liu,Cici Liu,halo-5,halo-5,1,halo-5,0,0,False
ciera-lagges,Ciera Lagges,Ciera Lagges,halo-infinite,halo-infinite,1,halo-infinite,0,0,False
cierra-mcdonald,Cierra McDonald,Cierra McDonald,halo-infinite,halo-campaign-evolved,2,halo-infinite|halo-campaign-evolved,5,5,False
cindie-haynie,Cindie Haynie,Cindie Haynie,halo-4,halo-4,1,halo-4,0,0,False
cinthia-horvath,Cinthia Horváth,Cinthia Horváth,halo-campaign-evolved,halo-campaign-evolved,1,halo-campaign-evolved,0,0,False
cissy-jones,Cissy Jones,Cissy Jones,halo-5,halo-5,1,halo-5,0,0,False
cj-cowan,CJ Cowan,CJ Cowan,halo-2,halo-reach,4,halo-2|halo-3|halo-3-odst|halo-reach,6,3,False
cj-markham,C.J. Markham,C.J. Markham|CJ Markham,halo-4,halo-5,2,halo-4|halo-5,3,3,False
cj-ramos,CJ Ramos,CJ Ramos,halo-mcc-2021,halo-campaign-evolved,3,halo-mcc-2021|halo-infinite|halo-campaign-evolved,5,5,False
cj-saretto,CJ Saretto,CJ Saretto|Cj Saretto,halo-4,halo-5,3,halo-4|halo-mcc|halo-5,3,2,False
cki-vang,Cki Vang,Cki Vang,halo-mcc,halo-mcc,1,halo-mcc,0,0,False
clair-tchaikowski,Clair Tchaikowski,Clair Tchaikowski,halo-4,halo-4,1,halo-4,0,0,False
claire-buswell,Claire Buswell,Claire Buswell,halo-infinite,halo-infinite,1,halo-infinite,0,0,False
claire-jennings,Claire Jennings,Claire Jennings,halo-2,halo-2,1,halo-2,0,0,False
claire-zhao,Claire Zhao,Claire Zhao,halo-infinite,halo-infinite,1,halo-infinite,0,0,False
clara-sanabras,Clara Sanabras,Clara Sanabras,halo-5,halo-5,1,halo-5,0,0,False
clare-finnimore,Clare Finnimore,Clare Finnimore,halo-5,halo-5,1,halo-5,0,0,False
clare-thompson,Clare Thompson,Clare Thompson,halo-5,halo-5,1,halo-5,0,0,False
claude-errera,Claude Errera,Claude Errera,halo-3-odst,halo-3-odst,1,halo-3-odst,0,0,False
claude-marais,Claude Marais,Claude Marais,halo-infinite,halo-infinite,1,halo-infinite,0,0,False
claudia-christian,Claudia Christian,Claudia Christian,halo-4,halo-4,1,halo-4,0,0,False
claudia-ortega,Claudia Ortega,Claudia Ortega,halo-campaign-evolved,halo-campaign-evolved,1,halo-campaign-evolved,0,0,False
claudia-siefer,Claudia Siefer,Claudia Siefer,halo-mcc,halo-mcc,1,halo-mcc,0,0,False
claudio-quarra-sacco,Claudio Quarra Sacco,Claudio Quarra Sacco,halo-infinite,halo-infinite,1,halo-infinite,0,0,False
claw-kelsay,Claw Kelsay,Claw Kelsay,halo-3-odst,halo-3-odst,1,halo-3-odst,0,0,False
clay-akazawa,Clay Akazawa,Clay Akazawa,halo-4,halo-4,1,halo-4,0,0,False
clay-carmouche,Clay Carmouche,Clay Carmouche,halo-infinite,halo-infinite,1,halo-infinite,0,0,False
clay-fontenot,Clay Fontenot,Clay Fontenot,halo-5,halo-5,1,halo-5,0,0,False
clay-westing,Clay Westing,Clay Westing,halo-mcc-2021,halo-mcc-2021,1,halo-mcc-2021,0,0,False
clayton-tye,Clayton Tye,Clayton Tye|Clayton A Tye,halo-4,halo-infinite,5,halo-4|halo-mcc|halo-5|halo-mcc-2021|halo-infinite,9,6,False
clayton-wright,Clayton Wright,Clayton Wright,halo-mcc,halo-mcc,1,halo-mcc,0,0,False
clemens-rogner,Clemens Rogner,Clemens Rogner,halo-mcc-2021,halo-mcc-2021,1,halo-mcc-2021,0,0,False
clete-lorusso,Clete LoRusso,Clete LoRusso,halo-mcc-2021,halo-campaign-evolved,3,halo-mcc-2021|halo-infinite|halo-campaign-evolved,5,5,False
cliff-romig,Cliff Romig,Cliff Romig,halo-mcc,halo-mcc,1,halo-mcc,0,0,False
cliff-schuldt,Cliff Schuldt,Cliff Schuldt,halo-infinite,halo-infinite,1,halo-infinite,0,0,False
clint-baggett,Clint Baggett,Clint Baggett,halo-infinite,halo-infinite,1,halo-infinite,0,0,False
clint-bogue,Clint Bogue,Clint Bogue,halo-mcc,halo-mcc,1,halo-mcc,0,0,False
clint-wolff,Clint Wolff,Clint Wolff,halo-infinite,halo-infinite,1,halo-infinite,0,0,False
clinton-e-rutkas,Clinton E. Rutkas,Clinton E. Rutkas,halo-mcc,halo-mcc,1,halo-mcc,0,0,False
clive-burdon,Clive Burdon,Clive Burdon,halo-4,halo-4,1,halo-4,0,0,False
clive-howard,Clive Howard,Clive Howard,halo-5,halo-5,1,halo-5,0,0,False
coby-anthony,Coby Anthony,Coby Anthony,halo-mcc-2021,halo-mcc-2021,1,halo-mcc-2021,0,0,False
coby-bell,Coby Bell,Coby Bell,halo-reach,halo-campaign-evolved,2,halo-reach|halo-campaign-evolved,16,16,False
coby-chan,Coby Chan,Coby Chan,halo-infinite,halo-infinite,1,halo-infinite,0,0,False
cody-barbee,Cody Barbee,Cody Barbee,halo-4,halo-4,1,halo-4,0,0,False
cody-castona,Cody Castona,Cody Castona,halo-infinite,halo-infinite,1,halo-infinite,0,0,False
cody-dixon,Cody Dixon,Cody Dixon,halo-4,halo-4,1,halo-4,0,0,False
cody-felts,Cody Felts,Cody Felts,halo-infinite,halo-campaign-evolved,2,halo-infinite|halo-campaign-evolved,5,5,False
cody-jones,Cody Jones,Cody Jones,halo-5,halo-infinite,3,halo-5|halo-mcc-2021|halo-infinite,6,6,False
cody-keagle,Cody Keagle,Cody Keagle,halo-infinite,halo-infinite,1,halo-infinite,0,0,False
cody-laine,Cody Laine,Cody Laine,halo-4,halo-4,1,halo-4,0,0,False
cody-m-luitjens,Cody Luitjens,Cody Luitjens|Cody M Luitjens,halo-mcc,halo-5,2,halo-mcc|halo-5,1,1,False
cody-mcginley,Cody McGinley,Cody McGinley,halo-cea,halo-cea,1,halo-cea,0,0,False
cody-pritchard,Cody Pritchard,Cody Pritchard,halo-infinite,halo-infinite,1,halo-infinite,0,0,False
cody-rossi,Cody Rossi,Cody Rossi,halo-infinite,halo-infinite,1,halo-infinite,0,0,False
cody-shipman,Cody Shipman,Cody Shipman,halo-4,halo-4,1,halo-4,0,0,False
cody-vasquez,Cody Vasquez,Cody Vasquez,halo-mcc-2021,halo-mcc-2021,1,halo-mcc-2021,0,0,False
colby-roberts,Colby Roberts,Colby Roberts,halo-mcc,halo-mcc,1,halo-mcc,0,0,False
colby-yeates,Colby Yeates,Colby Yeates,halo-infinite,halo-infinite,1,halo-infinite,0,0,False
cole-brooking,Cole Brooking,Cole Brooking,halo-infinite,halo-infinite,1,halo-infinite,0,0,False
cole-ingram,Cole Ingram,Cole Ingram,halo-infinite,halo-infinite,1,halo-infinite,0,0,False
cole-jeffries,Cole Jeffries,Cole Jeffries,halo-mcc-2021,halo-infinite,2,halo-mcc-2021|halo-infinite,0,0,False
cole-lundell,Cole Lundell,Cole Lundell,halo-4,halo-4,1,halo-4,0,0,False
cole-mattfeldt,Cole Mattfeldt,Cole Mattfeldt,halo-infinite,halo-infinite,1,halo-infinite,0,0,False
cole-thatcher,Cole Thatcher,Cole Thatcher,halo-infinite,halo-infinite,1,halo-infinite,0,0,False
coleman-riddle,Coleman Riddle,Coleman Riddle,halo-infinite,halo-infinite,1,halo-infinite,0,0,False
colette-barber,Colette Barber,Colette Barber,halo-5,halo-5,1,halo-5,0,0,False
colin-brown,Colin Brown,Colin Brown,halo-infinite,halo-campaign-evolved,2,halo-infinite|halo-campaign-evolved,5,5,False
colin-cove,Colin Cove,Colin Cove,halo-infinite,halo-campaign-evolved,2,halo-infinite|halo-campaign-evolved,5,5,False
colin-drobnis,Colin Drobnis,Colin Drobnis,halo-mcc,halo-mcc,1,halo-mcc,0,0,False
colin-fogle,Colin Fogle,Colin Fogle,halo-4,halo-4,1,halo-4,0,0,False
colin-garttmeier,Colin Garttmeier,Colin Garttmeier,halo-mcc-2021,halo-infinite,2,halo-mcc-2021|halo-infinite,0,0,False
colin-grant,Colin Grant,Colin Grant|Colin Andrew Grant,halo-infinite,halo-infinite,1,halo-infinite,0,0,False
colin-james,Colin James,Colin James,halo-mcc,halo-mcc,1,halo-mcc,0,0,False
colin-penty,Colin Penty,Colin Penty,halo-infinite,halo-infinite,1,halo-infinite,0,0,False
colin-roban-parson,Colin Roban Parson,Colin Roban Parson,halo-mcc-2021,halo-mcc-2021,1,halo-mcc-2021,0,0,False
colin-sheen,Colin Sheen,Colin Sheen,halo-4,halo-4,1,halo-4,0,0,False
colin-suess,Colin Suess,Colin Suess,halo-3,halo-3,1,halo-3,0,0,False
coline-siega,Coline Siega,Coline Siega,halo-infinite,halo-infinite,1,halo-infinite,0,0,False
colm-nelson,Colm Nelson,Colm Nelson,halo-3,halo-3,1,halo-3,0,0,False
colton-waggoner,Colton Waggoner,Colton Waggoner,halo-infinite,halo-infinite,1,halo-infinite,0,0,False
commercial-director,Commercial Director,Commercial Director,halo-mcc-2021,halo-mcc-2021,1,halo-mcc-2021,0,0,False
conan-obrien,Conan O'Brien,Conan O'Brien,halo-4,halo-4,1,halo-4,0,0,False
conan-zhang,Conan Zhang,Conan Zhang,halo-infinite,halo-campaign-evolved,2,halo-infinite|halo-campaign-evolved,5,5,False
cong-an-khang,Cong An Khang,Cong An Khang,halo-campaign-evolved,halo-campaign-evolved,1,halo-campaign-evolved,0,0,False
conn-buranicz,Conn Buranicz,Conn Buranicz,halo-campaign-evolved,halo-campaign-evolved,1,halo-campaign-evolved,0,0,False
conner-roberts,Conner Roberts,Conner Roberts,halo-4,halo-4,1,halo-4,0,0,False
connie-gantsweg,Connie Gantsweg,Connie Gantsweg,halo-mcc,halo-mcc,1,halo-mcc,0,0,False
connor-dautenhahn,Connor Dautenhahn,Connor Dautenhahn,halo-infinite,halo-infinite,1,halo-infinite,0,0,False
connor-gauthier,Connor Gauthier,Connor Gauthier,halo-campaign-evolved,halo-campaign-evolved,1,halo-campaign-evolved,0,0,False
connor-kennelly,Connor Kennelly,Connor Kennelly,halo-infinite,halo-campaign-evolved,2,halo-infinite|halo-campaign-evolved,5,5,False
connor-mcnulty,Connor McNulty,Connor McNulty,halo-campaign-evolved,halo-campaign-evolved,1,halo-campaign-evolved,0,0,False
connor-sample,Connor Sample,Connor Sample,halo-mcc-2021,halo-mcc-2021,1,halo-mcc-2021,0,0,False
connor-willis,Connor Willis,Connor Willis,halo-campaign-evolved,halo-campaign-evolved,1,halo-campaign-evolved,0,0,False
conor-makowski,Conor Makowski,Conor Makowski,halo-mcc-2021,halo-campaign-evolved,3,halo-mcc-2021|halo-infinite|halo-campaign-evolved,5,5,False
conor-oflaherty,Conor O'Flaherty,Conor O'Flaherty|Conor O’Flaherty,halo-mcc-2021,halo-infinite,2,halo-mcc-2021|halo-infinite,0,0,False
conrad-hughes,Conrad Hughes,Conrad Hughes,halo-campaign-evolved,halo-campaign-evolved,1,halo-campaign-evolved,0,0,False
constantin-tannhaeuser,Constantin Tannhaeuser,Constantin Tannhaeuser,halo-campaign-evolved,halo-campaign-evolved,1,halo-campaign-evolved,0,0,False
corey-asbreuk,Corey Asbreuk,Corey Asbreuk,halo-infinite,halo-infinite,1,halo-infinite,0,0,False
corey-cudney,Corey Cudney,Corey Cudney,halo-infinite,halo-infinite,1,halo-infinite,0,0,False
corey-langelotti,Corey Langelotti,Corey Langelotti,halo-reach,halo-reach,1,halo-reach,0,0,False
corey-stelton,Corey Stelton,Corey Stelton,halo-3,halo-3,1,halo-3,0,0,False
corinne-chapelle,Corinne Chapelle,Corinne Chapelle,halo-5,halo-5,1,halo-5,0,0,False
corlen-kruger,Corlen Kruger,Corlen Kruger,halo-infinite,halo-infinite,1,halo-infinite,0,0,False
cornelia-laros,Cornelia Laros,Cornelia Laros,halo-campaign-evolved,halo-campaign-evolved,1,halo-campaign-evolved,0,0,False
corrinne-robinson,Corrinne Robinson,Corrinne Robinson,halo-cea,halo-campaign-evolved,7,halo-cea|halo-4|halo-mcc|halo-5|halo-mcc-2021|halo-infinite|halo-campaign-evolved,15,6,False
corrinne-yu,Corrinne Yu,Corrinne Yu,halo-4,halo-4,1,halo-4,0,0,False
cortez-mitchell,Cortez Mitchell,Cortez Mitchell,halo-cea,halo-cea,1,halo-cea,0,0,False
cory-blaksee,Cory Blaksee,Cory Blaksee,halo-reach,halo-reach,1,halo-reach,0,0,False
cory-blakslee,Cory Blakslee,Cory Blakslee,halo-5,halo-5,1,halo-5,0,0,False
cory-chang,Cory Chang,Cory Chang,halo-infinite,halo-infinite,1,halo-infinite,0,0,False
cory-fisher,Cory Fisher,Cory Fisher,halo-infinite,halo-infinite,1,halo-infinite,0,0,False
cory-gerber,Cory Gerber,Cory Gerber,halo-3,halo-3,1,halo-3,0,0,False
cory-hamilton,Cory Hamilton,Cory Hamilton,halo-4,halo-4,1,halo-4,0,0,False
cory-hasselbach,Cory Hasselbach,Cory Hasselbach,halo-4,halo-5,2,halo-4|halo-5,3,3,False
cory-miltimore,Cory Miltimore,Cory Miltimore,halo-infinite,halo-infinite,1,halo-infinite,0,0,False
cory-swanson,Cory Swanson,Cory Swanson,halo-infinite,halo-campaign-evolved,2,halo-infinite|halo-campaign-evolved,5,5,False
coty-watts,Coty Watts,Coty Watts,halo-infinite,halo-infinite,1,halo-infinite,0,0,False
courtenay-taylor,Courtenay Taylor,Courtenay Taylor|Courtenay Kellen Taylor,halo-reach,halo-campaign-evolved,3,halo-reach|halo-5|halo-campaign-evolved,16,11,False
courtland-bugg,Courtland Bugg,Courtland Bugg,halo-campaign-evolved,halo-campaign-evolved,1,halo-campaign-evolved,0,0,False
courtland-fichter,Courtland Fichter,Courtland Fichter,halo-4,halo-4,1,halo-4,0,0,False
courtney-moody,Courtney Moody,Courtney Moody,halo-campaign-evolved,halo-campaign-evolved,1,halo-campaign-evolved,0,0,False
courtney-munch,Courtney Munch,Courtney Munch,halo-mcc,halo-mcc,1,halo-mcc,0,0,False
craig-albeck,Craig Albeck,Craig Albeck,halo-infinite,halo-infinite,1,halo-infinite,0,0,False
craig-bernardo,Craig Bernardo,Craig Bernardo,halo-cea,halo-4,2,halo-cea|halo-4,1,1,False
craig-blum,Craig Blum,Craig Blum,halo-4,halo-4,1,halo-4,0,0,False
craig-cainkar,Craig Cainkar,Craig Cainkar,halo-mcc-2021,halo-infinite,2,halo-mcc-2021|halo-infinite,0,0,False
craig-fraser,Craig Fraser,Craig Fraser,halo-mcc-2021,halo-mcc-2021,1,halo-mcc-2021,0,0,False
craig-krohn,Craig Krohn,Craig Krohn,halo-3,halo-3,1,halo-3,0,0,False
craig-marshall,Craig Marshall,Craig Marshall,halo-4,halo-campaign-evolved,2,halo-4|halo-campaign-evolved,14,14,False
craig-mullins,Craig Mullins,Craig Mullins,halo-ce,halo-ce,1,halo-ce,0,0,False
craig-nelson,Craig Nelson,Craig Nelson,halo-mcc-2021,halo-mcc-2021,1,halo-mcc-2021,0,0,False
craig-sellars,Craig Sellars,Craig Sellars,halo-4,halo-4,1,halo-4,0,0,False
craig-stevens,Craig Stevens,Craig Stevens,halo-infinite,halo-infinite,1,halo-infinite,0,0,False
craig-swanson,Craig Swanson,Craig Swanson,halo-3-odst,halo-5,3,halo-3-odst|halo-4|halo-5,6,3,False
cristi-balanescu,Cristi Balanescu,Cristi Balanescu,halo-mcc,halo-mcc,1,halo-mcc,0,0,False
cristinel-bostan,Cristinel Bostan,Cristinel Bostan,halo-3,halo-3,1,halo-3,0,0,False
crystal-bulda,Crystal Bulda,Crystal Bulda,halo-campaign-evolved,halo-campaign-evolved,1,halo-campaign-evolved,0,0,False
crystal-thelin,Crystal Thelin,Crystal Thelin|Crystal N. Thelin,halo-5,halo-5,1,halo-5,0,0,False
csaba-kovari,Csaba Kővári,Csaba Kővári,halo-campaign-evolved,halo-campaign-evolved,1,halo-campaign-evolved,0,0,False
csaba-wagner,Csaba Wagner,Csaba Wagner,halo-cea,halo-infinite,2,halo-cea|halo-infinite,10,10,False
cu-van-thanh,Cu Van Thanh,Cu Van Thanh,halo-campaign-evolved,halo-campaign-evolved,1,halo-campaign-evolved,0,0,False
cuiyuan-adelaide-han,"Cuiyuan ""Adelaide"" Han","Cuiyuan ""Adelaide"" Han",halo-campaign-evolved,halo-campaign-evolved,1,halo-campaign-evolved,0,0,False
cullen-bradley,Cullen Bradley,Cullen Bradley,halo-3-odst,halo-reach,2,halo-3-odst|halo-reach,1,1,False
cumron-ashtiani,Cumron Ashtiani,Cumron Ashtiani,halo-infinite,halo-infinite,1,halo-infinite,0,0,False
cupid-alexander,Cupid Alexander,Cupid Alexander,halo-5,halo-5,1,halo-5,0,0,False
curt-hancock,Curt Hancock,Curt Hancock,halo-cea,halo-cea,1,halo-cea,0,0,False
curtis-cardwell,Curtis Cardwell,Curtis Cardwell,halo-mcc,halo-mcc,1,halo-mcc,0,0,False
curtis-creamer,Curtis Creamer,Curtis Creamer,halo-ce,halo-reach,5,halo-ce|halo-2|halo-3|halo-3-odst|halo-reach,9,3,False
curtis-loescher,Curtis Loescher,Curtis Loescher,halo-5,halo-5,1,halo-5,0,0,False
curtis-neal,Curtis Neal,Curtis Neal,halo-cea,halo-cea,1,halo-cea,0,0,False
curtis-schweitzer,Curtis Schweitzer,Curtis Schweitzer,halo-infinite,halo-infinite,1,halo-infinite,0,0,False
curtis-vasquez,Curtis Vasquez,Curtis Vasquez,halo-campaign-evolved,halo-campaign-evolved,1,halo-campaign-evolved,0,0,False
cynthia-fentonquijano,Cynthia Fenton-Quijano,Cynthia Fenton-Quijano,halo-infinite,halo-infinite,1,halo-infinite,0,0,False
cynthia-jensen,Cynthia Jensen,Cynthia Jensen|Cynthia Jansen,halo-infinite,halo-infinite,1,halo-infinite,0,0,False
cynthia-mcwilliams,Cynthia McWilliams,Cynthia McWilliams,halo-5,halo-5,1,halo-5,0,0,False
cyril-saint-girons,Cyril Saint Girons,Cyril Saint Girons,halo-reach,halo-reach,1,halo-reach,0,0,False
cyrus-bustos,Cyrus Bustos,Cyrus Bustos,halo-infinite,halo-infinite,1,halo-infinite,0,0,False
d-shinji-furuya,D. Shinji Furuya,D. Shinji Furuya,halo-mcc,halo-mcc,1,halo-mcc,0,0,False
daedra-christopher,Daedra Christopher,Daedra Christopher,halo-infinite,halo-infinite,1,halo-infinite,0,0,False
dai-cheng,Dai Cheng,Dai Cheng,halo-campaign-evolved,halo-campaign-evolved,1,halo-campaign-evolved,0,0,False
dai-emanuel,Dai Emanuel,Dai Emanuel,halo-5,halo-5,1,halo-5,0,0,False
dai-jiajun,Dai Jiajun,Dai Jiajun,halo-campaign-evolved,halo-campaign-evolved,1,halo-campaign-evolved,0,0,False
dai-le,Dai Le,Dai Le,halo-campaign-evolved,halo-campaign-evolved,1,halo-campaign-evolved,0,0,False
dai-rong,Dai Rong,Dai Rong,halo-campaign-evolved,halo-campaign-evolved,1,halo-campaign-evolved,0,0,False
dakota-falk,Dakota Falk,Dakota Falk,halo-mcc-2021,halo-infinite,2,halo-mcc-2021|halo-infinite,0,0,False
dakota-foster,Dakota Foster,Dakota Foster,halo-mcc-2021,halo-infinite,2,halo-mcc-2021|halo-infinite,0,0,False
dakota-music-service,Dakota Music Service,Dakota Music Service,halo-4,halo-4,1,halo-4,0,0,False
dakota-rogers,Dakota Rogers,Dakota Rogers,halo-mcc-2021,halo-mcc-2021,1,halo-mcc-2021,0,0,False
dakota-stoner,Dakota Stoner,Dakota Stoner,halo-infinite,halo-infinite,1,halo-infinite,0,0,False
dale-curtis,Dale Curtis,Dale Curtis,halo-campaign-evolved,halo-campaign-evolved,1,halo-campaign-evolved,0,0,False
dalen-stump,Dalen Stump,Dalen Stump,halo-mcc-2021,halo-mcc-2021,1,halo-mcc-2021,0,0,False
dallas-holmstead,Dallas Holmstead,Dallas Holmstead,halo-mcc-2021,halo-campaign-evolved,3,halo-mcc-2021|halo-infinite|halo-campaign-evolved,5,5,False
dalrek-davis,Dalrek Davis,Dalrek Davis,halo-4,halo-infinite,3,halo-4|halo-5|halo-infinite,9,6,False
dalton-ross,Dalton Ross,Dalton Ross,halo-infinite,halo-infinite,1,halo-infinite,0,0,False
dalton-watson,Dalton Watson,Dalton Watson,halo-infinite,halo-infinite,1,halo-infinite,0,0,False
dameon-j-clarke,Dameon J. Clarke,Dameon J. Clarke,halo-mcc,halo-mcc,1,halo-mcc,0,0,False
damian-domach,Damian Domach,Damian Domach,halo-campaign-evolved,halo-campaign-evolved,1,halo-campaign-evolved,0,0,False
damian-isla,Damian Isla,Damian Isla,halo-2,halo-3-odst,3,halo-2|halo-3|halo-3-odst,5,3,False
damian-jevon-yates,Damian Jevon Yates,Damian Jevon Yates|Damian Yates,halo-mcc-2021,halo-infinite,2,halo-mcc-2021|halo-infinite,0,0,False
damian-mielnik,Damian Mielnik,Damian Mielnik,halo-mcc,halo-mcc,1,halo-mcc,0,0,False
damian-zerr,Damian Zerr,Damian Zerr,halo-infinite,halo-campaign-evolved,2,halo-infinite|halo-campaign-evolved,5,5,False
damien-bray,Damien Bray,Damien Bray,halo-mcc,halo-mcc,1,halo-mcc,0,0,False
damien-canderle,Damien Canderle,Damien Canderle,halo-mcc,halo-mcc,1,halo-mcc,0,0,False
damien-neff,Damien Neff,Damien Neff,halo-2,halo-2,1,halo-2,0,0,False
damien-peinoit,Damien Peinoit,Damien Peinoit,halo-mcc,halo-mcc,1,halo-mcc,0,0,False
damien-warren,Damien Warren,Damien Warren,halo-infinite,halo-infinite,1,halo-infinite,0,0,False
damion-poitier,Damion Poitier,Damion Poitier,halo-mcc,halo-mcc,1,halo-mcc,0,0,False
damon-conn,Damon Conn,Damon Conn,halo-5,halo-campaign-evolved,3,halo-5|halo-infinite|halo-campaign-evolved,11,6,False
dan-andersson,Dan Andersson,Dan Andersson,halo-5,halo-5,1,halo-5,0,0,False
dan-ayoub,Dan Ayoub,Dan Ayoub|Daniel M. Ayoub,halo-reach,halo-infinite,6,halo-reach|halo-cea|halo-4|halo-mcc|halo-5|halo-infinite,11,6,False
dan-beard,Dan Beard,Dan Beard,halo-infinite,halo-infinite,1,halo-infinite,0,0,False
dan-bingham,Dan Bingham,Dan Bingham,halo-infinite,halo-infinite,1,halo-infinite,0,0,False
dan-blum,Dan Blum,Dan Blum,halo-cea,halo-cea,1,halo-cea,0,0,False
dan-buehner,Dan Buehner,Dan Buehner,halo-4,halo-infinite,3,halo-4|halo-5|halo-infinite,9,6,False
dan-callan,Dan Callan,Dan Callan|Daniel Callan,halo-3,halo-4,3,halo-3|halo-reach|halo-4,5,3,False
dan-casey,Dan Casey,Dan Casey,halo-mcc-2021,halo-mcc-2021,1,halo-mcc-2021,0,0,False
dan-chosich,Dan Chosich,Dan Chosich,halo-cea,halo-infinite,4,halo-cea|halo-4|halo-mcc|halo-infinite,10,7,False
dan-donohue,Dan Donohue,Dan Donohue,halo-5,halo-5,1,halo-5,0,0,False
dan-flanagan,Dan Flanagan,Dan Flanagan,halo-mcc,halo-mcc,1,halo-mcc,0,0,False
dan-gilmore,Dan Gilmore,Dan Gilmore,halo-infinite,halo-infinite,1,halo-infinite,0,0,False
dan-gniady,Dan Gniady,Dan Gniady,halo-campaign-evolved,halo-campaign-evolved,1,halo-campaign-evolved,0,0,False
dan-godwin,Dan Godwin,Dan Godwin,halo-3,halo-3,1,halo-3,0,0,False
dan-hitchcock,Dan Hitchcock,Dan Hitchcock,halo-3-odst,halo-reach,2,halo-3-odst|halo-reach,1,1,False
dan-hunter,Dan Hunter,Dan Hunter,halo-4,halo-4,1,halo-4,0,0,False
dan-jacobs,Dan Jacobs,Dan Jacobs,halo-mcc-2021,halo-mcc-2021,1,halo-mcc-2021,0,0,False
dan-kim,Dan Kim,Dan Kim,halo-infinite,halo-infinite,1,halo-infinite,0,0,False
dan-levy,Dan Levy,Dan Levy,halo-mcc,halo-mcc,1,halo-mcc,0,0,False
dan-meloy,Dan Meloy,Dan Meloy,halo-mcc-2021,halo-mcc-2021,1,halo-mcc-2021,0,0,False
dan-miller,Dan Miller,Dan Miller|Daniel Miller,halo-3,halo-reach,3,halo-3|halo-3-odst|halo-reach,3,2,False
dan-mod,Dan Mod,Dan Mod,halo-reach,halo-cea,2,halo-reach|halo-cea,1,1,False
dan-muller,Dan Muller,Dan Muller,halo-infinite,halo-infinite,1,halo-infinite,0,0,False
dan-orzulak,Dan Orzulak,Dan Orzulak,halo-ce,halo-ce,1,halo-ce,0,0,False
dan-phillips,Dan Phillips,Dan Phillips|Daniel Phillips,halo-reach,halo-infinite,4,halo-reach|halo-4|halo-5|halo-infinite,11,6,False
dan-price,Daniel Price,Daniel Price|Dan Price|Daniel Jason Price,halo-4,halo-campaign-evolved,6,halo-4|halo-mcc|halo-5|halo-mcc-2021|halo-infinite|halo-campaign-evolved,14,6,False
dan-rubel,Dan Rubel,Dan Rubel,halo-cea,halo-infinite,3,halo-cea|halo-4|halo-infinite,10,9,False
dan-sarkar,Dan Sarkar,Dan Sarkar,halo-4,halo-campaign-evolved,4,halo-4|halo-5|halo-infinite|halo-campaign-evolved,14,6,False
dan-strycharske,Dan Strycharske,Dan Strycharske,halo-5,halo-5,1,halo-5,0,0,False
dan-sutton,Dan Sutton,Dan Sutton|Daniel Sutton,halo-infinite,halo-infinite,1,halo-infinite,0,0,False
dan-tafaro,Dan Tafaro,Dan Tafaro|Daniel Tafaro,halo-infinite,halo-infinite,1,halo-infinite,0,0,False
dan-weisman,Dan Weisman,Dan Weisman,halo-2,halo-2,1,halo-2,0,0,False
dan-white,Dan White,Dan White|Daniel White,halo-infinite,halo-infinite,1,halo-infinite,0,0,False
dana-boadway,Dana Boadway,Dana Boadway,halo-3,halo-3-odst,2,halo-3|halo-3-odst,2,2,False
dana-dorian,Dana Dorian,Dana Dorian,halo-infinite,halo-infinite,1,halo-infinite,0,0,False
dana-fortier,Dana Fortier,Dana Fortier,halo-infinite,halo-infinite,1,halo-infinite,0,0,False
dana-fos,Dana Fos,Dana Fos,halo-2,halo-3,2,halo-2|halo-3,3,3,False
dana-jerpbak,Dana Jerpbak,Dana Jerpbak,halo-mcc-2021,halo-campaign-evolved,3,halo-mcc-2021|halo-infinite|halo-campaign-evolved,5,5,False
dana-ludwig,Dana Ludwig,Dana Ludwig,halo-3-odst,halo-mcc,3,halo-3-odst|halo-cea|halo-mcc,5,3,False
dana-lynne-rice,Dana Lynné Rice,Dana Lynné Rice,halo-infinite,halo-infinite,1,halo-infinite,0,0,False
dane-johnson,Dane Johnson,Dane Johnson,halo-mcc,halo-mcc,1,halo-mcc,0,0,False
dane-petersen,Dane Petersen,Dane Petersen,halo-infinite,halo-infinite,1,halo-infinite,0,0,False
dane-sherman,Dane Sherman,Dane Sherman,halo-campaign-evolved,halo-campaign-evolved,1,halo-campaign-evolved,0,0,False
dane-stokinger,Dane Stokinger,Dane Stokinger,halo-4,halo-4,1,halo-4,0,0,False
dang-dinh-huong-giang,Dang Dinh Huong Giang,Dang Dinh Huong Giang,halo-campaign-evolved,halo-campaign-evolved,1,halo-campaign-evolved,0,0,False
dani-calleja,Dani Calleja,Dani Calleja|Daniel Calleja,halo-infinite,halo-infinite,1,halo-infinite,0,0,False
dani-garcia,Daniel Alexander Garcia,Daniel Alexander Garcia,halo-mcc,halo-mcc,1,halo-mcc,0,0,False
dani-oprea,Dani Oprea,Dani Oprea,halo-mcc,halo-mcc,1,halo-mcc,0,0,False
dani-roman,Dani Roman,Dani Roman,halo-infinite,halo-infinite,1,halo-infinite,0,0,False
dani-turner,Dani Turner,Dani Turner,halo-campaign-evolved,halo-campaign-evolved,1,halo-campaign-evolved,0,0,False
daniel-asher-harman,Daniel Asher Harman,Daniel Asher Harman,halo-5,halo-5,1,halo-5,0,0,False
daniel-ayala-cueto,Daniel Ayala Cueto,Daniel Ayala Cueto,halo-mcc-2021,halo-mcc-2021,1,halo-mcc-2021,0,0,False
daniel-bach,Daniel Bach,Daniel Bach,halo-3,halo-3,1,halo-3,0,0,False
daniel-baratta,Daniel Baratta,Daniel Baratta|Dan Baratta,halo-mcc-2021,halo-infinite,2,halo-mcc-2021|halo-infinite,0,0,False
daniel-berkman,Daniel Berkman,Daniel Berkman,halo-mcc,halo-mcc,1,halo-mcc,0,0,False
daniel-brey,Daniel Brey,Daniel Brey,halo-mcc-2021,halo-mcc-2021,1,halo-mcc-2021,0,0,False
daniel-byers,Daniel Byers,Daniel Byers,halo-infinite,halo-infinite,1,halo-infinite,0,0,False
daniel-callejas,Daniel Callejas,Daniel Callejas,halo-infinite,halo-infinite,1,halo-infinite,0,0,False
daniel-chamberlin,Daniel Chamberlin,Daniel Chamberlin,halo-mcc,halo-mcc,1,halo-mcc,0,0,False
daniel-chavez,Daniel Chavez,Daniel Chavez,halo-5,halo-infinite,2,halo-5|halo-infinite,6,6,False
daniel-cox,Daniel Cox,Daniel Cox|Danny Cox|Dan Cox,halo-reach,halo-4,3,halo-reach|halo-cea|halo-4,2,1,False
daniel-dmytriw,Daniel Dmytriw,Daniel Dmytriw,halo-infinite,halo-infinite,1,halo-infinite,0,0,False
daniel-ellis,Daniel Ellis,Daniel Ellis|Daniel J. Ellis,halo-cea,halo-mcc,3,halo-cea|halo-4|halo-mcc,3,2,False
daniel-floyd,Daniel Floyd,Daniel Floyd,halo-infinite,halo-infinite,1,halo-infinite,0,0,False
daniel-frey,Daniel Frey,Daniel Frey,halo-infinite,halo-infinite,1,halo-infinite,0,0,False
daniel-grade,Daniel Grade,Daniel Grade,halo-mcc,halo-infinite,3,halo-mcc|halo-5|halo-infinite,7,6,False
daniel-greenwood,Daniel Greenwood,Daniel Greenwood,halo-4,halo-4,1,halo-4,0,0,False
daniel-henley,Daniel Henley,Daniel Henley,halo-infinite,halo-campaign-evolved,2,halo-infinite|halo-campaign-evolved,5,5,False
daniel-horowitz,Daniel Horowitz,Daniel Horowitz,halo-2,halo-2,1,halo-2,0,0,False
daniel-jackson,Daniel Jackson,Daniel Jackson,halo-infinite,halo-infinite,1,halo-infinite,0,0,False
daniel-jimenez-lugo,Daniel Jimenez Lugo,Daniel Jimenez Lugo,halo-mcc-2021,halo-mcc-2021,1,halo-mcc-2021,0,0,False
daniel-jonathan-adams,Daniel Jonathan Adams,Daniel Jonathan Adams,halo-cea,halo-cea,1,halo-cea,0,0,False
daniel-kennett,Daniel Kennett,Daniel Kennett,halo-5,halo-5,1,halo-5,0,0,False
daniel-keresztes,Dániel Keresztes,Dániel Keresztes,halo-campaign-evolved,halo-campaign-evolved,1,halo-campaign-evolved,0,0,False
daniel-kobelsky,Daniel Kobelsky,Daniel Kobelsky,halo-mcc-2018,halo-mcc-2018,1,halo-mcc-2018,0,0,False
daniel-kohler,Daniel Kohler,Daniel Kohler,halo-infinite,halo-infinite,1,halo-infinite,0,0,False
daniel-kole,Daniel Kole,Daniel Kole,halo-mcc,halo-mcc,1,halo-mcc,0,0,False
daniel-koons,Daniel Koons,Daniel Koons|Daniel Joji Koons,halo-infinite,halo-infinite,1,halo-infinite,0,0,False
daniel-macadangdang,Daniel Macadangdang,Daniel Macadangdang,halo-mcc-2021,halo-infinite,2,halo-mcc-2021|halo-infinite,0,0,False
daniel-maret,Daniel Maret,Daniel Maret|Daniel Maret III,halo-4,halo-infinite,3,halo-4|halo-5|halo-infinite,9,6,False
daniel-mattioli,Daniel Mattioli,Daniel Mattioli,halo-campaign-evolved,halo-campaign-evolved,1,halo-campaign-evolved,0,0,False
daniel-mccabe,Daniel McCabe,Daniel McCabe,halo-mcc,halo-mcc,1,halo-mcc,0,0,False
daniel-meiwes,Daniel Meiwes,Daniel Meiwes,halo-mcc,halo-mcc-2021,2,halo-mcc|halo-mcc-2021,7,7,False
daniel-mitchell,Daniel Mitchell,Daniel Mitchell,halo-mcc,halo-mcc,1,halo-mcc,0,0,False
daniel-monroe,Daniel Monroe,Daniel Monroe,halo-3,halo-3,1,halo-3,0,0,False
daniel-monteverde,Daniel Monteverde,Daniel Monteverde,halo-4,halo-4,1,halo-4,0,0,False
daniel-murdock,Daniel Murdock,Daniel Murdock,halo-3,halo-3,1,halo-3,0,0,False
daniel-ostrom,Daniel Ostrom,Daniel Ostrom,halo-mcc,halo-mcc,1,halo-mcc,0,0,False
daniel-p-francis,Daniel P. Francis,Daniel P. Francis,halo-mcc,halo-infinite,2,halo-mcc|halo-infinite,7,7,False
daniel-p-francis-mpse,Daniel P. Francis MPSE,Daniel P. Francis MPSE,halo-infinite,halo-infinite,1,halo-infinite,0,0,False
daniel-perry,Daniel Perry,Daniel Perry,halo-campaign-evolved,halo-campaign-evolved,1,halo-campaign-evolved,0,0,False
daniel-potter,Daniel Potter,Daniel Potter,halo-infinite,halo-campaign-evolved,2,halo-infinite|halo-campaign-evolved,5,5,False
daniel-raimo,Daniel Raimo,Daniel Raimo,halo-4,halo-infinite,2,halo-4|halo-infinite,9,9,False
daniel-ramirez,Daniel Ramirez,Daniel Ramirez,halo-campaign-evolved,halo-campaign-evolved,1,halo-campaign-evolved,0,0,False
daniel-rkaloo,Daniel R'Kaloo,Daniel R'Kaloo,halo-infinite,halo-infinite,1,halo-infinite,0,0,False
daniel-rodriguez-reyes,Daniel Rodríguez Reyes,Daniel Rodríguez Reyes,halo-campaign-evolved,halo-campaign-evolved,1,halo-campaign-evolved,0,0,False
daniel-sabin,Daniel Sabin,Daniel Sabin,halo-cea,halo-cea,1,halo-cea,0,0,False
daniel-sioul,Daniel Sioul,Daniel Sioul|Daniel Sioui,halo-cea,halo-mcc,2,halo-cea|halo-mcc,3,3,False
daniel-staton,Daniel Staton,Daniel Staton|Daniel Johnson Staton,halo-infinite,halo-infinite,1,halo-infinite,0,0,False
daniel-stevens,Daniel Stevens,Daniel Stevens,halo-5,halo-5,1,halo-5,0,0,False
daniel-strimel,Daniel Strimel,Daniel Strimel,halo-infinite,halo-campaign-evolved,2,halo-infinite|halo-campaign-evolved,5,5,False
daniel-szilagyi,Daniel Szilagyi,Daniel Szilagyi,halo-mcc,halo-mcc,1,halo-mcc,0,0,False
daniel-valey,Dan Valey,Dan Valey|Daniel Valey,halo-cea,halo-4,2,halo-cea|halo-4,1,1,False
daniel-wenograd,Daniel Wenograd,Daniel Wenograd,halo-infinite,halo-campaign-evolved,2,halo-infinite|halo-campaign-evolved,5,5,False
daniel-wiksten,Daniel Wiksten,Daniel Wiksten,halo-5,halo-5,1,halo-5,0,0,False
daniela-camacho-sanchez,Daniela Camacho Sánchez,Daniela Camacho Sánchez,halo-campaign-evolved,halo-campaign-evolved,1,halo-campaign-evolved,0,0,False
daniela-menenti,Daniela Menenti,Daniela Menenti,halo-campaign-evolved,halo-campaign-evolved,1,halo-campaign-evolved,0,0,False
daniela-rigon,Daniela Rigon,Daniela Rigon,halo-campaign-evolved,halo-campaign-evolved,1,halo-campaign-evolved,0,0,False
daniele-giannetti,Daniele Giannetti,Daniele Giannetti,halo-infinite,halo-infinite,1,halo-infinite,0,0,False
danielle-carter,Danielle Carter,Danielle Carter,halo-infinite,halo-infinite,1,halo-infinite,0,0,False
danielle-fellows,Danielle Fellows,Danielle Fellows,halo-infinite,halo-infinite,1,halo-infinite,0,0,False
daniil-bakulin,Daniil Bakulin,Daniil Bakulin,halo-mcc-2021,halo-mcc-2021,1,halo-mcc-2021,0,0,False
daniil-kuksov,Daniil Kuksov,Daniil Kuksov,halo-mcc,halo-mcc,1,halo-mcc,0,0,False
daniil-loktyukhov,Daniil Loktyukhov,Daniil Loktyukhov,halo-infinite,halo-infinite,1,halo-infinite,0,0,False
daniil-saparov,Daniil Saparov,Daniil Saparov,halo-cea,halo-cea,1,halo-cea,0,0,False
daniil-yegorov,Daniil Yegorov,Daniil Yegorov,halo-campaign-evolved,halo-campaign-evolved,1,halo-campaign-evolved,0,0,False
danil-kolobaev,Danil Kolobaev,Danil Kolobaev,halo-infinite,halo-infinite,1,halo-infinite,0,0,False
danila-baranov,Danila Baranov,Danila Baranov,halo-infinite,halo-infinite,1,halo-infinite,0,0,False
dann-thompson,Dann Thompson,Dann Thompson,halo-cea,halo-mcc,2,halo-cea|halo-mcc,3,3,False
dann-yeung,Dann Yeung,Dann Yeung|Danny Young,halo-mcc,halo-mcc-2021,2,halo-mcc|halo-mcc-2021,7,7,False
danna-mah,Danna Mah,Danna Mah,halo-campaign-evolved,halo-campaign-evolved,1,halo-campaign-evolved,0,0,False
danny-brown,Danny Brown,Danny Brown,halo-cea,halo-cea,1,halo-cea,0,0,False
danny-hollefreund,Danny Hollefreund,Danny Hollefreund,halo-3,halo-3,1,halo-3,0,0,False
danny-patterson,Danny Patterson,Danny Patterson,halo-mcc,halo-mcc,1,halo-mcc,0,0,False
danny-wilson,Danny Wilson,Danny Wilson,halo-5,halo-5,1,halo-5,0,0,False
dante-carrasco,Dante Carrasco,Dante Carrasco,halo-campaign-evolved,halo-campaign-evolved,1,halo-campaign-evolved,0,0,False
dante-giovanni-campana,Dante Campana,Dante Campana|Dante Giovanni Campana,halo-mcc-2021,halo-infinite,2,halo-mcc-2021|halo-infinite,0,0,False
daria-kasimanova,Daria Kasimanova,Daria Kasimanova,halo-mcc,halo-mcc,1,halo-mcc,0,0,False
daria-rashevskaya,Daria Rashevskaya,Daria Rashevskaya,halo-infinite,halo-infinite,1,halo-infinite,0,0,False
darien-roberson,Darien Roberson,Darien Roberson,halo-mcc-2021,halo-mcc-2021,1,halo-mcc-2021,0,0,False
darin-de-paul,Darin De Paul,Darin De Paul,halo-infinite,halo-infinite,1,halo-infinite,0,0,False
darius-martinezmolzen,Darius Martinez-Molzen,Darius Martinez-Molzen,halo-campaign-evolved,halo-campaign-evolved,1,halo-campaign-evolved,0,0,False
dariusz-tank-anuszewski,Dariusz “Tank” Anuszewski,Dariusz “Tank” Anuszewski,halo-campaign-evolved,halo-campaign-evolved,1,halo-campaign-evolved,0,0,False
darren-bacon,Darren Bacon,Darren Bacon,halo-5,halo-infinite,2,halo-5|halo-infinite,6,6,False
darren-bartlett,Darren Bartlett,Darren Bartlett,halo-infinite,halo-infinite,1,halo-infinite,0,0,False
darren-headrick,Darren Headrick,Darren Headrick,halo-5,halo-5,1,halo-5,0,0,False
darren-little,Darren Little,Darren Little,halo-4,halo-campaign-evolved,6,halo-4|halo-mcc|halo-5|halo-mcc-2021|halo-infinite|halo-campaign-evolved,14,6,False
darren-mckee,Darren McKee,Darren McKee,halo-reach,halo-reach,1,halo-reach,0,0,False
darren-ohare,Darren O'Hare,Darren O'Hare|Darren O’Hare,halo-4,halo-infinite,3,halo-4|halo-5|halo-infinite,9,6,False
darren-quach,Darren Quach,Darren Quach,halo-mcc,halo-mcc,1,halo-mcc,0,0,False
darren-schoen,Darren Schoen,Darren Schoen,halo-infinite,halo-infinite,1,halo-infinite,0,0,False
darren-yeomans,Darren Yeomans,Darren Yeomans,halo-infinite,halo-infinite,1,halo-infinite,0,0,False
darrin-claypool,Darrin Claypool,Darrin Claypool,halo-infinite,halo-infinite,1,halo-infinite,0,0,False
darrin-mann,Darrin Mann,Darrin Mann,halo-infinite,halo-infinite,1,halo-infinite,0,0,False
darryl-johnson,Darryl Johnson,Darryl Johnson,halo-mcc,halo-mcc,1,halo-mcc,0,0,False
darryl-purdy,Darryl Purdy,Darryl Purdy,halo-3,halo-3,1,halo-3,0,0,False
darryl-shack,Darryl Shack,Darryl Shack,halo-3,halo-3,1,halo-3,0,0,False
daryl-smolen,Daryl Smolen,Daryl Smolen,halo-infinite,halo-infinite,1,halo-infinite,0,0,False
darylle-pedrosa,Darylle Pedrosa,Darylle Pedrosa,halo-infinite,halo-infinite,1,halo-infinite,0,0,False
dashawn-moe,Dashawn Moe,Dashawn Moe,halo-infinite,halo-infinite,1,halo-infinite,0,0,False
dave-atherton,Dave Atherton,Dave Atherton,halo-reach,halo-reach,1,halo-reach,0,0,False
dave-daniels,Dave Daniels,Dave Daniels|David Daniels,halo-5,halo-5,1,halo-5,0,0,False
dave-earnest,Dave Earnest,Dave Earnest,halo-4,halo-4,1,halo-4,0,0,False
dave-fouquette,Dave Fouquette,Dave Fouquette|David B. Fouquette,halo-4,halo-4,1,halo-4,0,0,False
dave-johnston,Dave Johnston,Dave Johnston,halo-mcc-2021,halo-mcc-2021,1,halo-mcc-2021,0,0,False
dave-lesperance,Dave Lesperance,Dave Lesperance|David Lesperance,halo-4,halo-4,1,halo-4,0,0,False
dave-lieber,Dave Liebur,Dave Liebur|Dave Lieber,halo-3-odst,halo-infinite,2,halo-3-odst|halo-infinite,12,12,True
dave-massicotte,Dave Massicotte,Dave Massicotte,halo-3,halo-3,1,halo-3,0,0,False
dave-matthews,Dave Matthews,Dave Matthews,halo-reach,halo-reach,1,halo-reach,0,0,False
dave-mitchell,Dave B. Mitchell,Dave B. Mitchell|David B. Mitchell|Dave Mitchell,halo-4,halo-infinite,3,halo-4|halo-5|halo-infinite,9,6,False
dave-stewart,Dave Stewart,Dave Stewart,halo-5,halo-5,1,halo-5,0,0,False
dave-wittenburg,Dave Wittenburg,Dave Wittenburg|Dave Wittenberg,halo-3-odst,halo-3-odst,1,halo-3-odst,0,0,False
daveed-kaplan,Daveed Kaplan,Daveed Kaplan,halo-4,halo-4,1,halo-4,0,0,False
david-a-lucero,David A. Lucero,David A. Lucero,halo-mcc-2021,halo-mcc-2021,1,halo-mcc-2021,0,0,False
david-aldridge,David Aldridge,David Aldridge,halo-3-odst,halo-reach,2,halo-3-odst|halo-reach,1,1,False
david-allen,David Allen,David Allen,halo-3,halo-reach,3,halo-3|halo-3-odst|halo-reach,3,2,False
david-ancira,David Ancira,David Ancira,halo-cea,halo-4,2,halo-cea|halo-4,1,1,False
david-anthony-pizzuto,David Anthony Pizzuto,David Anthony Pizzuto,halo-4,halo-4,1,halo-4,0,0,False
david-bai,David Bai,David Bai,halo-3-odst,halo-reach,2,halo-3-odst|halo-reach,1,1,False
david-berger,David Berger,David Berger,halo-4,halo-infinite,4,halo-4|halo-5|halo-mcc-2021|halo-infinite,9,6,False
david-berkeley,David Berkeley,David Berkeley,halo-infinite,halo-infinite,1,halo-infinite,0,0,False
david-bolton,David Bolton,David Bolton|Dave Bolton,halo-4,halo-5,2,halo-4|halo-5,3,3,False
david-boutin,David Boutin,David Boutin,halo-mcc-2018,halo-mcc-2018,1,halo-mcc-2018,0,0,False
david-braun,David Braun,David Braun,halo-4,halo-4,1,halo-4,0,0,False
david-brickhill,David Brickhill,David Brickhill,halo-4,halo-4,1,halo-4,0,0,False
david-candland,David Candland,David Candland,halo-ce,halo-reach,5,halo-ce|halo-2|halo-3|halo-3-odst|halo-reach,9,3,False
david-chang,David Chang,David Chang,halo-mcc-2021,halo-mcc-2021,1,halo-mcc-2021,0,0,False
david-clabaugh,David Clabaugh,David Clabaugh,halo-4,halo-4,1,halo-4,0,0,False
david-claesson,David Claesson,David Claesson,halo-mcc-2021,halo-mcc-2021,1,halo-mcc-2021,0,0,False
david-cohen,David Cohen,David Cohen,halo-4,halo-4,1,halo-4,0,0,False
david-coleman,David Coleman,David Coleman,halo-infinite,halo-infinite,1,halo-infinite,0,0,False
david-cook,David Cook,David Cook,halo-3,halo-infinite,2,halo-3|halo-infinite,14,14,False
david-cp-berry,Dave Berry,Dave Berry|David C.P. Berry,halo-mcc,halo-5,2,halo-mcc|halo-5,1,1,False
david-cross-ii,David Cross II,David Cross,halo-2,halo-2,1,halo-2,0,0,False
david-dasher,David Dasher,David Dasher,halo-infinite,halo-infinite,1,halo-infinite,0,0,False
david-devaty,David Devaty,David Devaty,halo-infinite,halo-infinite,1,halo-infinite,0,0,False
david-diaz-morgado,David Diaz Morgado,David Diaz Morgado,halo-mcc-2021,halo-mcc-2021,1,halo-mcc-2021,0,0,False
david-dj-johnson,David (DJ) Johnson,David (DJ) Johnson|David Johnson,halo-3,halo-3,1,halo-3,0,0,False
david-dowler,David Dowler,David Dowler,halo-mcc-2021,halo-mcc-2021,1,halo-mcc-2021,0,0,False
david-dunn,David Dunn,David Dunn|Dave Dunn,halo-ce,halo-campaign-evolved,6,halo-ce|halo-2|halo-3|halo-3-odst|halo-reach|halo-campaign-evolved,25,16,False
david-edwards,David Edwards,David Edwards,halo-mcc,halo-mcc,1,halo-mcc,0,0,False
david-ellis,David Ellis,David Ellis,halo-cea,halo-infinite,4,halo-cea|halo-4|halo-5|halo-infinite,10,6,False
david-farmer,David Farmer,David Farmer,halo-infinite,halo-infinite,1,halo-infinite,0,0,False
david-felstead,David Felstead,David Felstead,halo-5,halo-5,1,halo-5,0,0,False
david-figatner,David Figatner,David Figatner,halo-cea,halo-cea,1,halo-cea,0,0,False
david-forseth,David Forseth,David Forseth,halo-infinite,halo-infinite,1,halo-infinite,0,0,False
david-foster,David Foster,David Foster,halo-4,halo-4,1,halo-4,0,0,False
david-garza,David R. Garza II,David R. Garza II|David Garza,halo-4,halo-infinite,3,halo-4|halo-5|halo-infinite,9,6,False
david-gasca,David Gasca,David Gasca,halo-3,halo-reach,3,halo-3|halo-3-odst|halo-reach,3,2,False
david-gonzalez,David Gonzalez,David Gonzalez,halo-mcc-2021,halo-mcc-2021,1,halo-mcc-2021,0,0,False
david-govek,David Govek,David Govek,halo-5,halo-infinite,2,halo-5|halo-infinite,6,6,False
david-grant,David Grant,David Grant,halo-4,halo-4,1,halo-4,0,0,False
david-guilland,David Guilland,David Guilland,halo-reach,halo-infinite,3,halo-reach|halo-5|halo-infinite,11,6,False
david-hage,David Hage,David Hage,halo-infinite,halo-infinite,1,halo-infinite,0,0,False
david-heidhoff,David Heidhoff,David Heidhoff,halo-5,halo-infinite,2,halo-5|halo-infinite,6,6,False
david-helsby,David Helsby,David Helsby,halo-reach,halo-reach,1,halo-reach,0,0,False
david-henry,David Henry,David Henry,halo-reach,halo-reach,1,halo-reach,0,0,False
david-hiscock,David Hiscock,David Hiscock,halo-5,halo-infinite,2,halo-5|halo-infinite,6,6,False
david-hogan,David Hogan,David Hogan,halo-reach,halo-reach,1,halo-reach,0,0,False
david-hsu,David Hsu,David Hsu,halo-infinite,halo-infinite,1,halo-infinite,0,0,False
david-huff,David Huff,David Huff,halo-mcc,halo-mcc,1,halo-mcc,0,0,False
david-hunt,David Hunt,David Hunt,halo-3,halo-reach,3,halo-3|halo-3-odst|halo-reach,3,2,False
david-hurd,David Hurd,David Hurd,halo-5,halo-5,1,halo-5,0,0,False
david-kaufman,David Kaufman,David Kaufman,halo-4,halo-4,1,halo-4,0,0,False
david-kekuewa,David Kekuewa,David Kekuewa,halo-mcc,halo-mcc,1,halo-mcc,0,0,False
david-lale,David Lale,David Lale,halo-5,halo-5,1,halo-5,0,0,False
david-lam,David Lam,David Lam,halo-3-odst,halo-3-odst,1,halo-3-odst,0,0,False
david-lewander,David Lewander,David Lewander,halo-infinite,halo-infinite,1,halo-infinite,0,0,False
david-lieber,David Lieber,David Lieber,halo-reach,halo-reach,1,halo-reach,0,0,False
david-lindsay,David Lindsay,David Lindsay,halo-mcc,halo-mcc,1,halo-mcc,0,0,False
david-liu,David Liu,David Liu,halo-reach,halo-4,2,halo-reach|halo-4,2,2,False
david-lodge,David Lodge,David Lodge,halo-4,halo-4,1,halo-4,0,0,False
david-lumb,David Lumb,David Lumb,halo-4,halo-4,1,halo-4,0,0,False
david-m-breaux-jr,David M. Breaux Jr.,David M. Breaux Jr.,halo-mcc,halo-mcc,1,halo-mcc,0,0,False
david-mack,David Mack,David Mack,halo-campaign-evolved,halo-campaign-evolved,1,halo-campaign-evolved,0,0,False
david-maldonado,David Maldonado,David Maldonado,halo-mcc,halo-mcc,1,halo-mcc,0,0,False
david-mcfadden,David McFadden,David McFadden,halo-mcc-2021,halo-mcc-2021,1,halo-mcc-2021,0,0,False
david-mcmahon,David McMahon,David McMahon,halo-4,halo-4,1,halo-4,0,0,False
david-mcmillan,David McMillan,David McMillan,halo-4,halo-4,1,halo-4,0,0,False
david-midgley,David Midgley,David Midgley,halo-4,halo-4,1,halo-4,0,0,False
david-munoz-velazquez,David Muñoz Velázquez,David Muñoz Velázquez,halo-mcc,halo-mcc,1,halo-mcc,0,0,False
david-natale,David Natale,David Natale,halo-cea,halo-cea,1,halo-cea,0,0,False
david-nazario,David Nazario,David Nazario,halo-campaign-evolved,halo-campaign-evolved,1,halo-campaign-evolved,0,0,False
david-ouimet,David Ouimet,David Ouimet,halo-3,halo-3,1,halo-3,0,0,False
david-parker,David Parker,David Parker,halo-3,halo-reach,2,halo-3|halo-reach,3,3,False
david-pashute,David Pashute,David Pashute,halo-5,halo-campaign-evolved,3,halo-5|halo-infinite|halo-campaign-evolved,11,6,False
david-philipp,David Philipp,David Philipp,halo-campaign-evolved,halo-campaign-evolved,1,halo-campaign-evolved,0,0,False
david-pratt,David Pratt,David Pratt,halo-infinite,halo-infinite,1,halo-infinite,0,0,False
david-price,David Price,David Price,halo-infinite,halo-infinite,1,halo-infinite,0,0,False
david-prout,David Prout,David Prout|Dave Prout,halo-cea,halo-4,2,halo-cea|halo-4,1,1,False
david-pyatt,David Pyatt,David Pyatt,halo-4,halo-5,2,halo-4|halo-5,3,3,False
david-quimet,David Quimet,David Quimet,halo-3,halo-3,1,halo-3,0,0,False
david-ridge,David Ridge,David Ridge,halo-mcc,halo-mcc,1,halo-mcc,0,0,False
david-rizzo,David Rizzo,David Rizzo,halo-mcc-2021,halo-infinite,2,halo-mcc-2021|halo-infinite,0,0,False
david-rodriguez,David Rodriguez,David Rodriguez,halo-mcc,halo-infinite,2,halo-mcc|halo-infinite,7,7,False
david-roers,David Roers,David Roers,halo-5,halo-5,1,halo-5,0,0,False
david-ruttka,David Ruttka,David Ruttka,halo-5,halo-infinite,2,halo-5|halo-infinite,6,6,False
david-salaiz,David Salaiz,David Salaiz,halo-cea,halo-4,2,halo-cea|halo-4,1,1,False
david-schoenbrun,David Schoenbrun,David Schoenbrun,halo-mcc,halo-mcc,1,halo-mcc,0,0,False
david-schwartz,David Schwartz,David Schwartz,halo-mcc,halo-mcc,1,halo-mcc,0,0,False
david-scully,David Scully,David Scully,halo-ce,halo-reach,5,halo-ce|halo-2|halo-3|halo-3-odst|halo-reach,9,3,False
david-shipps,David Shipps,David Shipps|David Andrew Shipps,halo-infinite,halo-infinite,1,halo-infinite,0,0,False
david-sobolov,David Sobolov,David Sobolov,halo-4,halo-4,1,halo-4,0,0,False
david-sohn,David Sohn,David Sohn,halo-infinite,halo-campaign-evolved,2,halo-infinite|halo-campaign-evolved,5,5,False
david-song,David Song,David Song,halo-campaign-evolved,halo-campaign-evolved,1,halo-campaign-evolved,0,0,False
david-staats,David Staats,David Staats,halo-infinite,halo-infinite,1,halo-infinite,0,0,False
david-stammel,David Stammel,David Stammel,halo-reach,halo-reach,1,halo-reach,0,0,False
david-straily,David Straily,David Straily,halo-mcc,halo-5,2,halo-mcc|halo-5,1,1,False
david-sutterfield,David Sutterfield,David Sutterfield,halo-4,halo-4,1,halo-4,0,0,False
david-svenvall,David Svenvall,David Svenvall,halo-infinite,halo-infinite,1,halo-infinite,0,0,False
david-szepesi,Dávid Szepesi,Dávid Szepesi,halo-campaign-evolved,halo-campaign-evolved,1,halo-campaign-evolved,0,0,False
david-tallosi,Dávid Tallósi,Dávid Tallósi,halo-campaign-evolved,halo-campaign-evolved,1,halo-campaign-evolved,0,0,False
david-tardif,David Tardif,David Tardif,halo-mcc-2018,halo-mcc-2018,1,halo-mcc-2018,0,0,False
david-tardifmailloux,David Tardif-Mailloux,David Tardif-Mailloux,halo-mcc-2018,halo-mcc-2018,1,halo-mcc-2018,0,0,False
david-tuft,David Tuft,David Tuft,halo-4,halo-5,2,halo-4|halo-5,3,3,False
david-vaughn-ellison,David (Vaughn) Ellison,David (Vaughn) Ellison|David Ellison,halo-infinite,halo-infinite,1,halo-infinite,0,0,False
david-vincent,David Vincent,David Vincent,halo-4,halo-4,1,halo-4,0,0,False
david-white,David White,David White|David Frederick White,halo-3,halo-3-odst,2,halo-3|halo-3-odst,2,2,False
david-wilbur,David Wilbur,David Wilbur,halo-mcc-2021,halo-campaign-evolved,3,halo-mcc-2021|halo-infinite|halo-campaign-evolved,5,5,False
david-wolfe,David Wolfe,David Wolfe,halo-mcc,halo-mcc,1,halo-mcc,0,0,False
david-wong,David Wong,David Wong,halo-infinite,halo-infinite,1,halo-infinite,0,0,False
david-wu,David Wu,David Wu,halo-4,halo-infinite,2,halo-4|halo-infinite,9,9,False
david-yingai-lo-pan,David Yingai Lo Pan,David Yingai Lo Pan,halo-infinite,halo-infinite,1,halo-infinite,0,0,False
david-yingling,David Yingling,David Yingling,halo-3,halo-3,1,halo-3,0,0,False
david-yoon,David Yoon,David Yoon,halo-infinite,halo-infinite,1,halo-infinite,0,0,False
david-yun,David Yun,David Yun,halo-infinite,halo-infinite,1,halo-infinite,0,0,False
david-zamudio,David Zamudio,David Zamudio,halo-infinite,halo-infinite,1,halo-infinite,0,0,False
davide-di-giannantonio-potente,Davide Di Giannantonio Potente,Davide Di Giannantonio Potente,halo-mcc,halo-mcc,1,halo-mcc,0,0,False
davide-maugeri,Davide Maugeri,Davide Maugeri,halo-campaign-evolved,halo-campaign-evolved,1,halo-campaign-evolved,0,0,False
davina-chan-gallagher,Davina Chan Gallagher,Davina Chan Gallagher|Davina Chan,halo-3,halo-reach,3,halo-3|halo-3-odst|halo-reach,3,2,False
davis-choh,Davis Choh,Davis Choh,halo-4,halo-4,1,halo-4,0,0,False
dawid-wasniewski,Dawid Waśniewski,Dawid Waśniewski,halo-mcc,halo-mcc,1,halo-mcc,0,0,False
dawn-earp,Dawn Earp,Dawn Earp,halo-campaign-evolved,halo-campaign-evolved,1,halo-campaign-evolved,0,0,False
dawn-harms,Dawn Harms,Dawn Harms,halo-mcc,halo-mcc,1,halo-mcc,0,0,False
dawn-hershey-csa,"Dawn Hershey, C.S.A.","Dawn Hershey, C.S.A.|Dawn Hershey",halo-2,halo-2,1,halo-2,0,0,False
dayna-smith,Dayna Smith,Dayna Smith,halo-campaign-evolved,halo-campaign-evolved,1,halo-campaign-evolved,0,0,False
deacon-davis,Deacon Davis,Deacon Davis,halo-4,halo-4,1,halo-4,0,0,False
dean-johnson,Dean Johnson,Dean Johnson,halo-infinite,halo-infinite,1,halo-infinite,0,0,False
dean-mccall,Dean McCall,Dean McCall,halo-cea,halo-infinite,3,halo-cea|halo-4|halo-infinite,10,9,False
deanna-nygren,Deanna Nygren,Deanna Nygren,halo-cea,halo-4,2,halo-cea|halo-4,1,1,False
deanna-raven,Deanna Raven,Deanna Raven,halo-4,halo-5,2,halo-4|halo-5,3,3,False
debbie-widdup,Debbie Widdup,Debbie Widdup,halo-5,halo-5,1,halo-5,0,0,False
debjit-biswas,Debjit Biswas,Debjit Biswas,halo-infinite,halo-infinite,1,halo-infinite,0,0,False
deborah-benedict,Deborah Benedict,Deborah Benedict,halo-mcc,halo-mcc,1,halo-mcc,0,0,False
deborah-fialkow,Deborah Fialkow,Deborah Fialkow,halo-reach,halo-reach,1,halo-reach,0,0,False
deborah-mcfadden,Deborah McFadden,Deborah McFadden,halo-cea,halo-cea,1,halo-cea,0,0,False
deborah-price,Deborah Price,Deborah Price,halo-mcc,halo-mcc,1,halo-mcc,0,0,False
debra-crowley,Debra Crowley,Debra Crowley,halo-infinite,halo-infinite,1,halo-infinite,0,0,False
debra-graves,Debra Graves,Debra Graves,halo-infinite,halo-infinite,1,halo-infinite,0,0,False
debra-wilson,Debra Wilson,Debra Wilson Skelton|Debra Wilson,halo-3,halo-infinite,3,halo-3|halo-3-odst|halo-infinite,14,12,False
declan-paul,Declan Paul,Declan Paul,halo-infinite,halo-infinite,1,halo-infinite,0,0,False
dee-bradley-baker,Dee Bradley Baker,Dee Bradley Baker,halo-2,halo-3,2,halo-2|halo-3,3,3,False
dee-jay-randall,Dee Jay Randall,Dee Jay Randall,halo-infinite,halo-infinite,1,halo-infinite,0,0,False
deepali-bhaqvat,Deepali Bhaqvat,Deepali Bhaqvat|Deepali Bhagvat,halo-infinite,halo-infinite,1,halo-infinite,0,0,False
delano-dyson,Delano Dyson,Delano Dyson,halo-4,halo-4,1,halo-4,0,0,False
delcio-gomes,Delcio Gomes,Delcio Gomes,halo-mcc,halo-mcc,1,halo-mcc,0,0,False
delfino-leong,Delfino Leong,Delfino Leong,halo-4,halo-4,1,halo-4,0,0,False
delia-diaz,Delia Diaz,Delia Diaz,halo-campaign-evolved,halo-campaign-evolved,1,halo-campaign-evolved,0,0,False
deltaraccoons-team,Deltaraccoons Team,Deltaraccoons Team,halo-mcc-2021,halo-mcc-2021,1,halo-mcc-2021,0,0,False
delyan-kolev,Delyan Kolev,Delyan Kolev,halo-infinite,halo-infinite,1,halo-infinite,0,0,False
deng-haodong,Deng Haodong,Deng Haodong,halo-campaign-evolved,halo-campaign-evolved,1,halo-campaign-evolved,0,0,False
deng-weihao,Deng Weihao,Deng Weihao,halo-campaign-evolved,halo-campaign-evolved,1,halo-campaign-evolved,0,0,False
deng-xian,Deng Xian,Deng Xian,halo-campaign-evolved,halo-campaign-evolved,1,halo-campaign-evolved,0,0,False
deng-yafang,Deng Yafang,Deng Yafang,halo-campaign-evolved,halo-campaign-evolved,1,halo-campaign-evolved,0,0,False
denis-blinov,Denis Blinov,Denis Blinov,halo-infinite,halo-infinite,1,halo-infinite,0,0,False
denis-gaponov,Denis Gaponov,Denis Gaponov,halo-infinite,halo-infinite,1,halo-infinite,0,0,False
denis-kroshkin,Denis Kroshkin,Denis Kroshkin,halo-infinite,halo-infinite,1,halo-infinite,0,0,False
denis-kurashev,Denis Kurashev,Denis Kurashev,halo-mcc,halo-mcc,1,halo-mcc,0,0,False
denis-laktionov,Denis Laktionov,Denis Laktionov,halo-infinite,halo-infinite,1,halo-infinite,0,0,False
denis-morozov,Denis Morozov,Denis Morozov,halo-infinite,halo-infinite,1,halo-infinite,0,0,False
denis-osmanbegovic,Denis Osmanbegovic,Denis Osmanbegovic,halo-5,halo-5,1,halo-5,0,0,False
denis-samoilov,Denis Samoilov,Denis Samoilov,halo-4,halo-5,2,halo-4|halo-5,3,3,False
denis-sladkov,Denis Sladkov,Denis Sladkov,halo-cea,halo-cea,1,halo-cea,0,0,False
denis-st-amand,Denis St. Amand,Denis St. Amand,halo-4,halo-4,1,halo-4,0,0,False
denis-streltsov,Denis Streltsov,Denis Streltsov,halo-cea,halo-cea,1,halo-cea,0,0,False
denis-udalov,Denis Udalov,Denis Udalov,halo-mcc,halo-mcc,1,halo-mcc,0,0,False
denise-boles,Denise Boles,Denise Boles,halo-infinite,halo-infinite,1,halo-infinite,0,0,False
denise-novosel,Denise Novosel,Denise Novosel,halo-3,halo-3,1,halo-3,0,0,False
denise-ono,Denise Ono,Denise Ono,halo-infinite,halo-campaign-evolved,2,halo-infinite|halo-campaign-evolved,5,5,False
dennis-bateman,Dennis Bateman,Dennis Bateman,halo-3-odst,halo-3-odst,1,halo-3-odst,0,0,False
dennis-durkin,Dennis Durkin,Dennis Durkin,halo-3,halo-3,1,halo-3,0,0,False
dennis-fraser,Dennis Fraser,Dennis Fraser,halo-infinite,halo-infinite,1,halo-infinite,0,0,False
dennis-reis,Dennis Reis,Dennis Reis,halo-3-odst,halo-3-odst,1,halo-3-odst,0,0,False
dennis-ries,Dennis Ries,Dennis Ries,halo-reach,halo-mcc,4,halo-reach|halo-cea|halo-4|halo-mcc,4,2,False
dennis-sands,Dennis Sands,Dennis Sands,halo-5,halo-5,1,halo-5,0,0,False
derek-carroll,Derek Carrol,Derek Carrol|Derek Carroll,halo-3-odst,halo-reach,2,halo-3-odst|halo-reach,1,1,False
derek-carter,Derek Carter,Derek Carter,halo-infinite,halo-infinite,1,halo-infinite,0,0,False
derek-cloud,Derek Cloud,Derek Cloud,halo-mcc-2021,halo-mcc-2021,1,halo-mcc-2021,0,0,False
derek-cormier,Derek Cormier,Derek Cormier,halo-infinite,halo-infinite,1,halo-infinite,0,0,False
derek-dehoogh,Derek DeHoogh,Derek DeHoogh,halo-infinite,halo-infinite,1,halo-infinite,0,0,False
derek-edwards,Derek Edwards,Derek Edwards,halo-infinite,halo-infinite,1,halo-infinite,0,0,False
derek-esparza,Derek Esparza,Derek Esparza,halo-mcc,halo-mcc,1,halo-mcc,0,0,False
derek-glennon,Derek Glennon,Derek Glennon,halo-infinite,halo-infinite,1,halo-infinite,0,0,False
derek-gruber,Derek Gruber,Derek Gruber,halo-infinite,halo-infinite,1,halo-infinite,0,0,False
derek-macneil,Derek MacNeil,Derek MacNeil,halo-5,halo-campaign-evolved,3,halo-5|halo-infinite|halo-campaign-evolved,11,6,False
derek-mears,Derek Mears,Derek Mears,halo-5,halo-5,1,halo-5,0,0,False
derek-shefveland,Derek Shefveland,Derek Shefveland,halo-3,halo-reach,3,halo-3|halo-3-odst|halo-reach,3,2,False
derrick-ambri,Derrick Ambri,Derrick Ambri,halo-infinite,halo-infinite,1,halo-infinite,0,0,False
derrick-hammond,Derrick Hammond,Derrick Hammond,halo-4,halo-4,1,halo-4,0,0,False
derrick-moore,Derrick Moore,Derrick Moore,halo-ce,halo-ce,1,halo-ce,0,0,False
derron-ross,Derron Ross,Derron Ross,halo-mcc,halo-mcc,1,halo-mcc,0,0,False
desmond-murray,Desmond Murray,Desmond Murray,halo-3-odst,halo-4,3,halo-3-odst|halo-reach|halo-4,3,2,False
desmond-ongpin,Desmond Ongpin,Desmond Ongpin,halo-mcc,halo-mcc,1,halo-mcc,0,0,False
dessislava-stefanova,Dessislava Stefanova,Dessislava Stefanova,halo-4,halo-5,2,halo-4|halo-5,3,3,False
devanshu-bishnoi,Devanshu Bishnoi,Devanshu Bishnoi,halo-infinite,halo-infinite,1,halo-infinite,0,0,False
deven-roshala,Deven Roshala,Deven Roshala,halo-mcc-2021,halo-infinite,2,halo-mcc-2021|halo-infinite,0,0,False
devin-a-rychetnik,Devin Rychetnik,Devin Rychetnik|Devin A. Rychetnik,halo-mcc,halo-5,2,halo-mcc|halo-5,1,1,False
devin-allys,Devin Allys,Devin Allys,halo-mcc-2021,halo-mcc-2021,1,halo-mcc-2021,0,0,False
devin-flora,Devin Flora,Devin Flora,halo-infinite,halo-infinite,1,halo-infinite,0,0,False
devin-jackson-croft,Devin Jackson Croft,Devin Jackson Croft,halo-4,halo-4,1,halo-4,0,0,False
devin-kaas,Devin Kaas,Devin Kaas,halo-infinite,halo-infinite,1,halo-infinite,0,0,False
devin-nickelson,Devin Nickelson,Devin Nickelson,halo-infinite,halo-infinite,1,halo-infinite,0,0,False
devin-thompson,Devin Thompson,Devin Thompson,halo-mcc,halo-mcc,1,halo-mcc,0,0,False
devon-m-smith,Devon Smith,Devon Smith|Devon M. Smith|Devon M Smith,halo-cea,halo-mcc-2021,4,halo-cea|halo-4|halo-mcc|halo-mcc-2021,10,7,False
devon-mcguigan,Devon McGuigan,Devon McGuigan,halo-infinite,halo-infinite,1,halo-infinite,0,0,False
dheeraj-chahal,Dheeraj Chahal,Dheeraj Chahal,halo-infinite,halo-infinite,1,halo-infinite,0,0,False
di-wu,Di Wu,Di Wu,halo-campaign-evolved,halo-campaign-evolved,1,halo-campaign-evolved,0,0,False
diaferio-pasquale,Diaferio Pasquale,Diaferio Pasquale,halo-campaign-evolved,halo-campaign-evolved,1,halo-campaign-evolved,0,0,False
diar-pepiqui,Diar Pepiqui,Diar Pepiqui,halo-campaign-evolved,halo-campaign-evolved,1,halo-campaign-evolved,0,0,False
dick-zondag,Dick Zondag,Dick Zondag,halo-mcc,halo-mcc,1,halo-mcc,0,0,False
diddy-m-kolodziej,Diddy M Kolodziej,Diddy M Kolodziej,halo-infinite,halo-infinite,1,halo-infinite,0,0,False
diego-alejandro-gomez,Diego Alejandro Gomez,Diego Alejandro Gomez,halo-infinite,halo-infinite,1,halo-infinite,0,0,False
diego-fernandez-rodriguez,Diego Fernández Rodríguez,Diego Fernández Rodríguez,halo-mcc-2021,halo-mcc-2021,1,halo-mcc-2021,0,0,False
diego-monroy,Diego Monroy,Diego Monroy,halo-infinite,halo-campaign-evolved,2,halo-infinite|halo-campaign-evolved,5,5,False
diep-hieu-nghia,Diep Hieu Nghia,Diep Hieu Nghia,halo-campaign-evolved,halo-campaign-evolved,1,halo-campaign-evolved,0,0,False
dilip-khimraj,Dilip Khimraj,Dilip Khimraj,halo-infinite,halo-infinite,1,halo-infinite,0,0,False
dilip-khimraj-suthar,Dilip Khimraj Suthar,Dilip Khimraj Suthar,halo-infinite,halo-infinite,1,halo-infinite,0,0,False
dillon-ryan,Dillon Ryan,Dillon Ryan,halo-4,halo-4,1,halo-4,0,0,False
dillon-skiba,Dillon Skiba,Dillon Skiba,halo-infinite,halo-infinite,1,halo-infinite,0,0,False
dima-kremiansky,Dima Kremiansky,Dima Kremiansky,halo-infinite,halo-infinite,1,halo-infinite,0,0,False
dimitri-frazao,Dimitri Frazao,Dimitri Frazao,halo-infinite,halo-infinite,1,halo-infinite,0,0,False
dimitri-marroquin,Dimitri Marroquin,Dimitri Marroquin,halo-infinite,halo-infinite,1,halo-infinite,0,0,False
dimitri-martinezmolzen,Dimitri Martinez-Molzen,Dimitri Martinez-Molzen|Dimitri Molzen,halo-infinite,halo-campaign-evolved,2,halo-infinite|halo-campaign-evolved,5,5,False
dimitri-sirenko,Dimitri Sirenko,Dimitri Sirenko,halo-cea,halo-cea,1,halo-cea,0,0,False
dimitrios-kamileris,Dimitrios Kamileris,Dimitrios Kamileris,halo-mcc-2021,halo-mcc-2021,1,halo-mcc-2021,0,0,False
dimitrius-hawkins,Dimitrius Hawkins,Dimitrius Hawkins,halo-mcc-2021,halo-mcc-2021,1,halo-mcc-2021,0,0,False
dinh-le-quoc-viet,Dinh Le Quoc Viet,Dinh Le Quoc Viet,halo-campaign-evolved,halo-campaign-evolved,1,halo-campaign-evolved,0,0,False
dinu-silviu,Dinu Silviu,Dinu Silviu,halo-mcc,halo-mcc,1,halo-mcc,0,0,False
dio-lee,Dio Lee,Dio Lee,halo-infinite,halo-infinite,1,halo-infinite,0,0,False
dion-sorenson,Dion Sorenson,Dion Sorenson,halo-3,halo-3,1,halo-3,0,0,False
dirk-valk,Dirk Valk,Dirk Valk,halo-mcc,halo-mcc,1,halo-mcc,0,0,False
diviyan-matheendran,Diviyan Matheendran,Diviyan Matheendran,halo-mcc-2021,halo-campaign-evolved,3,halo-mcc-2021|halo-infinite|halo-campaign-evolved,5,5,False
djordje-jovanovic,Djordje Jovanovic,Djordje Jovanovic,halo-infinite,halo-infinite,1,halo-infinite,0,0,False
dmitrii-glukhov,Dmitrii Glukhov,Dmitrii Glukhov,halo-infinite,halo-infinite,1,halo-infinite,0,0,False
dmitriy-andreev,Dmitriy Andreev,Dmitriy Andreev,halo-cea,halo-cea,1,halo-cea,0,0,False
dmitriy-baev,Dmitriy Baev,Dmitriy Baev,halo-infinite,halo-infinite,1,halo-infinite,0,0,False
dmitriy-belov,Dmitriy Belov,Dmitriy Belov,halo-cea,halo-cea,1,halo-cea,0,0,False
dmitriy-berlin,Dmitriy Berlin,Dmitriy Berlin,halo-cea,halo-cea,1,halo-cea,0,0,False
dmitriy-brevdo,Dmitry Brevdo,Dmitry Brevdo|Dmitriy Brevdo,halo-cea,halo-mcc-2021,2,halo-cea|halo-mcc-2021,10,10,False
dmitriy-efimov,Dmitriy Efimov,Dmitriy Efimov,halo-cea,halo-cea,1,halo-cea,0,0,False
dmitriy-jempala,Dmitriy Jempala,Dmitriy Jempala|Dmitry Jempala,halo-cea,halo-mcc,2,halo-cea|halo-mcc,3,3,False
dmitriy-kazhura,Dmitriy Kazhura,Dmitriy Kazhura,halo-infinite,halo-infinite,1,halo-infinite,0,0,False
dmitriy-kholodov,Dmitriy Kholodov,Dmitriy Kholodov|Dmitry Kholodov,halo-cea,halo-mcc-2021,3,halo-cea|halo-mcc|halo-mcc-2021,10,7,False
dmitriy-klyushkin,Dmitriy Klyushkin,Dmitriy Klyushkin,halo-cea,halo-cea,1,halo-cea,0,0,False
dmitriy-kononovich,Dmitriy Kononovich,Dmitriy Kononovich,halo-mcc,halo-mcc,1,halo-mcc,0,0,False
dmitriy-krainuk,Dmitriy Krainuk,Dmitriy Krainuk,halo-mcc,halo-mcc,1,halo-mcc,0,0,False
dmitriy-lvov,Dmitriy Lvov,Dmitriy Lvov,halo-mcc,halo-mcc,1,halo-mcc,0,0,False
dmitriy-maiorov,Dmitriy Maiorov,Dmitriy Maiorov,halo-mcc,halo-mcc,1,halo-mcc,0,0,False
dmitriy-nastasiy,Dmitriy Nastasiy,Dmitriy Nastasiy,halo-campaign-evolved,halo-campaign-evolved,1,halo-campaign-evolved,0,0,False
dmitriy-nazarov,Dmitry Nazimov,Dmitry Nazimov|Dmitriy Nazarov,halo-mcc-2021,halo-infinite,2,halo-mcc-2021|halo-infinite,0,0,False
dmitriy-pisminskiy,Dmitriy Pisminskiy,Dmitriy Pisminskiy|Dmitriy Pisminsky,halo-cea,halo-mcc,2,halo-cea|halo-mcc,3,3,False
dmitriy-popov,Dmitriy Popov,Dmitriy Popov,halo-cea,halo-cea,1,halo-cea,0,0,False
dmitriy-robochiy,Dmitriy Robochiy,Dmitriy Robochiy,halo-mcc,halo-mcc,1,halo-mcc,0,0,False
dmitriy-temchenko,Dmitriy Temchenko,Dmitriy Temchenko,halo-infinite,halo-infinite,1,halo-infinite,0,0,False
dmitriy-vasilev,Dmitriy Vasilev,Dmitriy Vasilev,halo-mcc,halo-mcc,1,halo-mcc,0,0,False
dmitriy-zhukovskiy,Dmitriy Zhukovskiy,Dmitriy Zhukovskiy,halo-cea,halo-cea,1,halo-cea,0,0,False
dmitry-afanasyev,Dmitry Afanasyev,Dmitry Afanasyev,halo-cea,halo-cea,1,halo-cea,0,0,False
dmitry-butenko,Dmitry Butenko,Dmitry Butenko,halo-mcc,halo-mcc,1,halo-mcc,0,0,False
dmitry-emelyanov,Dmitry Emelyanov,Dmitry Emelyanov,halo-infinite,halo-infinite,1,halo-infinite,0,0,False
dmitry-gamov,Dmitry Gamov,Dmitry Gamov,halo-infinite,halo-infinite,1,halo-infinite,0,0,False
dmitry-gorevoy,Dmitry Gorevoy,Dmitry Gorevoy,halo-mcc-2021,halo-mcc-2021,1,halo-mcc-2021,0,0,False
dmitry-ivanov,Dmitry Ivanov,Dmitry Ivanov,halo-mcc-2021,halo-mcc-2021,1,halo-mcc-2021,0,0,False
dmitry-parkin,Dmitry Parkin,Dmitry Parkin,halo-cea,halo-cea,1,halo-cea,0,0,False
dmitry-shevchik,Dmitry Shevchik,Dmitry Shevchik,halo-cea,halo-cea,1,halo-cea,0,0,False
dmitry-smirnov,Dmitry Smirnov,Dmitry Smirnov,halo-mcc-2021,halo-mcc-2021,1,halo-mcc-2021,0,0,False
dmitry-terentyev,Dmitry Terentyev,Dmitry Terentyev,halo-infinite,halo-infinite,1,halo-infinite,0,0,False
dmitry-volkov,Dmitry Volkov,Dmitry Volkov|Dmitriy Volkov,halo-cea,halo-mcc,2,halo-cea|halo-mcc,3,3,False
dmytro-mediukho,Dmytro Mediukho,Dmytro Mediukho,halo-infinite,halo-infinite,1,halo-infinite,0,0,False
do-hai-nhi,Do Hai Nhi,Do Hai Nhi,halo-campaign-evolved,halo-campaign-evolved,1,halo-campaign-evolved,0,0,False
do-hoai-lam,Do Hoai Lam,Do Hoai Lam,halo-campaign-evolved,halo-campaign-evolved,1,halo-campaign-evolved,0,0,False
do-minh-quan,Do Minh Quan,Do Minh Quan,halo-campaign-evolved,halo-campaign-evolved,1,halo-campaign-evolved,0,0,False
do-minh-tam,Do Minh Tam,Do Minh Tam,halo-campaign-evolved,halo-campaign-evolved,1,halo-campaign-evolved,0,0,False
do-phung-nhan-ban,Do Phung Nhan Ban,Do Phung Nhan Ban,halo-campaign-evolved,halo-campaign-evolved,1,halo-campaign-evolved,0,0,False
do-thach-quyet,Do Thach Quyet,Do Thach Quyet,halo-campaign-evolved,halo-campaign-evolved,1,halo-campaign-evolved,0,0,False
doan-ha-kim-anh,Doan Ha Kim Anh,Doan Ha Kim Anh,halo-campaign-evolved,halo-campaign-evolved,1,halo-campaign-evolved,0,0,False
doan-phi-long,Doan Phi Long,Doan Phi Long,halo-campaign-evolved,halo-campaign-evolved,1,halo-campaign-evolved,0,0,False
doan-van-nguyen,Doan Van Nguyen,Doan Van Nguyen,halo-campaign-evolved,halo-campaign-evolved,1,halo-campaign-evolved,0,0,False
dodge-lafnitzegger,Dodge Lafnitzegger,Dodge Lafnitzegger,halo-infinite,halo-infinite,1,halo-infinite,0,0,False
dom-humphrey,Dom Humphrey,Dom Humphrey|Dominick Humphrey,halo-4,halo-4,1,halo-4,0,0,False
domain-brown,Domain Brown,Domain Brown,halo-infinite,halo-infinite,1,halo-infinite,0,0,False
domenic-cristaldi,Domenic Cristaldi,Domenic Cristaldi,halo-infinite,halo-infinite,1,halo-infinite,0,0,False
domian-brown,Domian Brown,Domian Brown,halo-infinite,halo-infinite,1,halo-infinite,0,0,False
dominic-braun,Dominic Braun,Dominic Braun,halo-infinite,halo-infinite,1,halo-infinite,0,0,False
dominic-cabezzas,Dominic Cabezzas,Dominic Cabezzas,halo-infinite,halo-infinite,1,halo-infinite,0,0,False
dominic-koeplin,Domenic Koeplin,Domenic Koeplin|Dominic Koeplin,halo-2,halo-reach,4,halo-2|halo-3|halo-3-odst|halo-reach,6,3,False
dominic-sciortino,Dominic Sciortino,Dominic Sciortino,halo-infinite,halo-infinite,1,halo-infinite,0,0,False
dominic-shaw,Dominic Shaw,Dominic Shaw,halo-campaign-evolved,halo-campaign-evolved,1,halo-campaign-evolved,0,0,False
dominika-farkas,Dominika Farkas,Dominika Farkas,halo-campaign-evolved,halo-campaign-evolved,1,halo-campaign-evolved,0,0,False
dominique-morel,Dominique Morel,Dominique Morel,halo-mcc-2021,halo-mcc-2021,1,halo-mcc-2021,0,0,False
don-alvarez,Don Alvarez,Don Alvarez,halo-4,halo-4,1,halo-4,0,0,False
don-benham,Don Benham,Don Benham,halo-mcc,halo-mcc,1,halo-mcc,0,0,False
don-brady,Don Brady,Don Brady,halo-3-odst,halo-3-odst,1,halo-3-odst,0,0,False
don-de-castro,Don De Castro,Don De Castro,halo-mcc,halo-mcc,1,halo-mcc,0,0,False
don-grey,Don Grey,Don Grey,halo-infinite,halo-infinite,1,halo-infinite,0,0,False
don-liu,Don Liu,Don Liu,halo-infinite,halo-infinite,1,halo-infinite,0,0,False
don-mattrick,Don Mattrick,Don Mattrick|Donald A. Mattrick,halo-4,halo-4,1,halo-4,0,0,False
don-mcgowan,Don McGowan,Don McGowan,halo-3,halo-3,1,halo-3,0,0,False
don-mckenzie,Don McKenzie,Don McKenzie,halo-infinite,halo-infinite,1,halo-infinite,0,0,False
dong-eun-shin,Dong Eun Shin,Dong Eun Shin,halo-4,halo-5,2,halo-4|halo-5,3,3,False
dongseop-kim,Dongseop Kim,Dongseop Kim,halo-infinite,halo-infinite,1,halo-infinite,0,0,False
donna-castillo,Donna Castillo,Donna Castillo,halo-infinite,halo-infinite,1,halo-infinite,0,0,False
donnie-taylor,Donnie Taylor,Donnie Taylor,halo-reach,halo-campaign-evolved,5,halo-reach|halo-4|halo-5|halo-infinite|halo-campaign-evolved,16,6,False
donny-clay,Donny Clay,Donny Clay,halo-5,halo-5,1,halo-5,0,0,False
donovan-burks,Donovan Burks,Donovan Burks,halo-infinite,halo-infinite,1,halo-infinite,0,0,False
donovan-patton,Donovan Patton,Donovan Patton,halo-5,halo-infinite,2,halo-5|halo-infinite,6,6,False
dorean-pelham,Dorean Pelham,Dorean Pelham,halo-mcc-2021,halo-mcc-2021,1,halo-mcc-2021,0,0,False
dorina-markoff,Dorina Markoff,Dorina Markoff,halo-5,halo-5,1,halo-5,0,0,False
doris-lechner,Doris Lechner,Doris Lechner,halo-infinite,halo-infinite,1,halo-infinite,0,0,False
dorje-seattle-bellbrook,Dorje Seattle Bellbrook,Dorje Seattle Bellbrook|Dorje Bellbrook,halo-3,halo-reach,3,halo-3|halo-3-odst|halo-reach,3,2,False
dorottya-kovacs,Dorottya Kovács,Dorottya Kovács,halo-campaign-evolved,halo-campaign-evolved,1,halo-campaign-evolved,0,0,False
doug-barnes,Doug Barnes,Doug Barnes|Douglas Barnes,halo-4,halo-5,2,halo-4|halo-5,3,3,False
doug-boyce,Doug Boyce,Doug Boyce,halo-2,halo-3,2,halo-2|halo-3,3,3,False
doug-gorman-iii,Doug Gorman III,Doug Gorman III,halo-3-odst,halo-3-odst,1,halo-3-odst,0,0,False
doug-hebenthal,Doug Hebenthal,Doug Hebenthal,halo-4,halo-4,1,halo-4,0,0,False
doug-hull,Doug Hull,Doug Hull,halo-mcc,halo-mcc,1,halo-mcc,0,0,False
doug-jelen,Doug Jelen,Doug Jelen,halo-3,halo-3,1,halo-3,0,0,False
doug-juno,Doug Juno,Doug Juno,halo-4,halo-4,1,halo-4,0,0,False
doug-ralphs,Doug Ralphs,Doug Ralphs,halo-3,halo-3,1,halo-3,0,0,False
douglas-lassance,Douglas Lassance,Douglas Lassance,halo-mcc,halo-mcc,1,halo-mcc,0,0,False
douglas-muirhead,Douglas Muirhead,Douglas Muirhead,halo-mcc-2021,halo-mcc-2021,1,halo-mcc-2021,0,0,False
douglas-patrick,Douglas Patrick,Douglas Patrick,halo-3-odst,halo-3-odst,1,halo-3-odst,0,0,False
dov-carson,Dov Carson,Dov Carson,halo-campaign-evolved,halo-campaign-evolved,1,halo-campaign-evolved,0,0,False
downunda-thunda,Downunda Thunda,Downunda Thunda,halo-3,halo-3,1,halo-3,0,0,False
drake-ramsdall,Drake Ramsdall,Drake Ramsdall,halo-infinite,halo-infinite,1,halo-infinite,0,0,False
drew-benz,Drew Benz,Drew Benz,halo-mcc,halo-campaign-evolved,5,halo-mcc|halo-5|halo-mcc-2021|halo-infinite|halo-campaign-evolved,12,6,False
drew-johnson,Drew Johnson,Drew Johnson,halo-infinite,halo-infinite,1,halo-infinite,0,0,False
drew-jordan,Drew Jordan,Drew Jordan,halo-5,halo-5,1,halo-5,0,0,False
drew-shy,Drew Shy,Drew Shy,halo-3-odst,halo-reach,2,halo-3-odst|halo-reach,1,1,False
drew-whitmore,Drew Whitmore,Drew Whitmore,halo-infinite,halo-infinite,1,halo-infinite,0,0,False
drewes-van-der-bleek,Drewes van der Bleek,Drewes van der Bleek|Drewes Van Der Bleek,halo-5,halo-infinite,2,halo-5|halo-infinite,6,6,False
du-bin,Du Bin,Du Bin,halo-campaign-evolved,halo-campaign-evolved,1,halo-campaign-evolved,0,0,False
du-jiang,Du Jiang,Du Jiang,halo-campaign-evolved,halo-campaign-evolved,1,halo-campaign-evolved,0,0,False
du-ming,Du Ming,Du Ming,halo-campaign-evolved,halo-campaign-evolved,1,halo-campaign-evolved,0,0,False
du-ruiyan,Du Ruiyan,Du Ruiyan,halo-campaign-evolved,halo-campaign-evolved,1,halo-campaign-evolved,0,0,False
du-xinmei,Du Xinmei,Du Xinmei,halo-campaign-evolved,halo-campaign-evolved,1,halo-campaign-evolved,0,0,False
duan-sen,Duan Sen,Duan Sen,halo-infinite,halo-infinite,1,halo-infinite,0,0,False
duan-xin,Duan Xin,Duan Xin,halo-campaign-evolved,halo-campaign-evolved,1,halo-campaign-evolved,0,0,False
duan-yang,Duan Yang,Duan Yang,halo-campaign-evolved,halo-campaign-evolved,1,halo-campaign-evolved,0,0,False
duane-powell,Duane Powell,Duane Powell,halo-mcc,halo-mcc,1,halo-mcc,0,0,False
dulguun-dashlkhagva,Dulguun Dashlkhagva,Dulguun Dashlkhagva,halo-infinite,halo-infinite,1,halo-infinite,0,0,False
duncan-brown,Duncan Brown,Duncan Brown,halo-mcc-2021,halo-mcc-2021,1,halo-mcc-2021,0,0,False
duncan-formosa,Duncan Formosa,Duncan Formosa,halo-infinite,halo-infinite,1,halo-infinite,0,0,False
duncan-gillies,Duncan Gillies,Duncan Gillies,halo-campaign-evolved,halo-campaign-evolved,1,halo-campaign-evolved,0,0,False
duncan-harrison,Duncan Harrison,Duncan Harrison,halo-mcc-2021,halo-mcc-2021,1,halo-mcc-2021,0,0,False
duncan-shaffer,Duncan Shaffer,Duncan Shaffer,halo-infinite,halo-campaign-evolved,2,halo-infinite|halo-campaign-evolved,5,5,False
duong-gia-hy,Duong Gia Hy,Duong Gia Hy,halo-campaign-evolved,halo-campaign-evolved,1,halo-campaign-evolved,0,0,False
duong-huy-thanh-phong,Duong Huy Thanh Phong,Duong Huy Thanh Phong,halo-campaign-evolved,halo-campaign-evolved,1,halo-campaign-evolved,0,0,False
duong-minh-khanh,Duong Minh Khanh,Duong Minh Khanh,halo-campaign-evolved,halo-campaign-evolved,1,halo-campaign-evolved,0,0,False
duong-thi-my-trang,Duong Thi My Trang,Duong Thi My Trang,halo-campaign-evolved,halo-campaign-evolved,1,halo-campaign-evolved,0,0,False
duong-xuan-duc,Duong Xuan Duc,Duong Xuan Duc,halo-campaign-evolved,halo-campaign-evolved,1,halo-campaign-evolved,0,0,False
dustin-adair,Dustin Adair,Dustin Adair,halo-3,halo-3,1,halo-3,0,0,False
dustin-assmuteit,Dustin Assmuteit,Dustin Assmuteit,halo-campaign-evolved,halo-campaign-evolved,1,halo-campaign-evolved,0,0,False
dustin-backlund,Dustin Backlund,Dustin Backlund,halo-3,halo-3,1,halo-3,0,0,False
dustin-crenna,Dustin Crenna,Dustin Crenna,halo-4,halo-4,1,halo-4,0,0,False
dustin-holmes,Dustin Holmes,Dustin Holmes,halo-infinite,halo-infinite,1,halo-infinite,0,0,False
dustin-lukas,Dustin Lukas,Dustin Lukas,halo-4,halo-mcc,2,halo-4|halo-mcc,2,2,False
dustin-randall,Dustin Randall,Dustin Randall,halo-campaign-evolved,halo-campaign-evolved,1,halo-campaign-evolved,0,0,False
dustin-rexroat,Dustin Rexroat,Dustin Rexroat,halo-infinite,halo-infinite,1,halo-infinite,0,0,False
dustin-ward,Dustin Ward,Dustin Ward,halo-5,halo-campaign-evolved,4,halo-5|halo-mcc-2021|halo-infinite|halo-campaign-evolved,11,6,False
dwayne-condon,Dwayne Condon,Dwayne Condon,halo-mcc,halo-mcc,1,halo-mcc,0,0,False
dwight-tomalty,Dwight Tomalty,Dwight Tomalty,halo-5,halo-5,1,halo-5,0,0,False
dylan-bensen,Dylan Bensen,Dylan Bensen,halo-mcc-2021,halo-mcc-2021,1,halo-mcc-2021,0,0,False
dylan-damitz,Dylan Damitz,Dylan Damitz,halo-campaign-evolved,halo-campaign-evolved,1,halo-campaign-evolved,0,0,False
dzmitry-lipnevich,Dzmitry Lipnevich,Dzmitry Lipnevich,halo-infinite,halo-infinite,1,halo-infinite,0,0,False
eamon-mckenzie,Eamon McKenzie,Eamon McKenzie,halo-ce,halo-reach,5,halo-ce|halo-2|halo-3|halo-3-odst|halo-reach,9,3,False
eamon-thornton,Eamon Thornton,Eamon Thornton,halo-mcc-2021,halo-mcc-2021,1,halo-mcc-2021,0,0,False
ed-kalletta,Ed Kalletta,Ed Kalletta,halo-4,halo-infinite,3,halo-4|halo-mcc-2021|halo-infinite,9,9,False
ed-masiello,Ed Masiello,Ed Masiello|Edward Masiello,halo-infinite,halo-infinite,1,halo-infinite,0,0,False
ed-reyes-medina,Ed Reyes,Ed Reyes|Ed Reyes Medina,halo-infinite,halo-campaign-evolved,2,halo-infinite|halo-campaign-evolved,5,5,False
ed-stewart,Ed Stewart,Ed Stewart,halo-mcc-2021,halo-mcc-2021,1,halo-mcc-2021,0,0,False
ed-sutton,Ed Sutton,Ed Sutton,halo-campaign-evolved,halo-campaign-evolved,1,halo-campaign-evolved,0,0,False
eddie-chew,Eddie Chew,Eddie Chew,halo-infinite,halo-infinite,1,halo-infinite,0,0,False
eddie-jackson,Eddie Jackson,Eddie Jackson,halo-infinite,halo-campaign-evolved,2,halo-infinite|halo-campaign-evolved,5,5,False
eddie-kim,Eddie Kim,Eddie Kim,halo-reach,halo-reach,1,halo-reach,0,0,False
eddie-lipan,Eddie Lipan,Eddie Lipan,halo-infinite,halo-campaign-evolved,2,halo-infinite|halo-campaign-evolved,5,5,False
eddie-nunez,Eddie Nunez,Eddie Nunez,halo-3-odst,halo-reach,2,halo-3-odst|halo-reach,1,1,False
eddie-smith-iii,Eddie Smith,Eddie Smith|Eddie Smith III,halo-2,halo-cea,2,halo-2|halo-cea,7,7,False
eddie-wu,Eddie Wu,Eddie Wu,halo-5,halo-5,1,halo-5,0,0,False
eddie-xia,Eddie Xia,Eddie Xia,halo-campaign-evolved,halo-campaign-evolved,1,halo-campaign-evolved,0,0,False
edel-ojeda,Edel Ojeda,Edel Ojeda,halo-infinite,halo-infinite,1,halo-infinite,0,0,False
eduard-ostrovsky,Eduard Ostrovsky,Eduard Ostrovsky,halo-mcc,halo-infinite,3,halo-mcc|halo-5|halo-infinite,7,6,False
eduardo-belmonte-acero,Eduardo Belmonte Acero,Eduardo Belmonte Acero,halo-mcc-2021,halo-mcc-2021,1,halo-mcc-2021,0,0,False
eduardo-berron,Eduardo Berron,Eduardo Berron,halo-infinite,halo-infinite,1,halo-infinite,0,0,False
eduardo-chavez,Eduardo Chavez,Eduardo Chavez|Eduardo Chávez,halo-infinite,halo-campaign-evolved,2,halo-infinite|halo-campaign-evolved,5,5,False
edward-arriesgado,Edward Arriesgado,Edward Arriesgado|Eddie Arriesgado,halo-mcc,halo-infinite,4,halo-mcc|halo-5|halo-mcc-2021|halo-infinite,7,6,False
edward-l-moore-jr,Edward L. Moore Jr.,Edward L. Moore Jr.,halo-mcc-2021,halo-mcc-2021,1,halo-mcc-2021,0,0,False
edward-lytton,Edward Lytton,Edward Lytton,halo-infinite,halo-infinite,1,halo-infinite,0,0,False
edward-reyes,Edward Reyes,Edward Reyes,halo-infinite,halo-infinite,1,halo-infinite,0,0,False
edwin-jactthar,Edwin Jactthar,Edwin Jactthar,halo-infinite,halo-campaign-evolved,2,halo-infinite|halo-campaign-evolved,5,5,False
efgeni-bischoff,Efgeni Bischoff,Efgeni Bischoff,halo-4,halo-4,1,halo-4,0,0,False
egan-woolf,Egan Woolf,Egan Woolf,halo-5,halo-5,1,halo-5,0,0,False
egor-makhlushev,Egor Makhlushev,Egor Makhlushev,halo-mcc-2021,halo-mcc-2021,1,halo-mcc-2021,0,0,False
egor-suboch,Egor Suboch,Egor Suboch,halo-mcc-2021,halo-mcc-2021,1,halo-mcc-2021,0,0,False
eileen-meredith,Eileen Meredith,Eileen Meredith,halo-mcc,halo-mcc,1,halo-mcc,0,0,False
ekaterina-dremalina,Ekaterina Dremalina,Ekaterina Dremalina,halo-infinite,halo-infinite,1,halo-infinite,0,0,False
ekaterina-mikhaltsova,Ekaterina Mikhaltsova,Ekaterina Mikhaltsova,halo-infinite,halo-infinite,1,halo-infinite,0,0,False
ekaterina-tarnovskaya,Ekaterina Tarnovskaya,Ekaterina Tarnovskaya,halo-mcc-2021,halo-mcc-2021,1,halo-mcc-2021,0,0,False
elan-gleiber,Elan Gleiber,Elan Gleiber,halo-infinite,halo-infinite,1,halo-infinite,0,0,False
eldar-shkolnikov,Eldar Shkolnikov,Eldar Shkolnikov,halo-infinite,halo-infinite,1,halo-infinite,0,0,False
eleanor-forrest,Eleanor Forrest,Eleanor Forrest,halo-infinite,halo-infinite,1,halo-infinite,0,0,False
elena-bondareva,Elena Bondareva,Elena Bondareva,halo-cea,halo-mcc-2021,2,halo-cea|halo-mcc-2021,10,10,False
elena-canibano,Elena CañIbano,Elena CañIbano,halo-campaign-evolved,halo-campaign-evolved,1,halo-campaign-evolved,0,0,False
elena-distefano,Elena Distefano,Elena Distefano,halo-infinite,halo-infinite,1,halo-infinite,0,0,False
elena-lomakina,Elena Lomakina,Elena Lomakina,halo-cea,halo-cea,1,halo-cea,0,0,False
elena-tarnovskaia,Elena Tarnovskaya,Elena Tarnovskaya|Elena Tarnovskaia,halo-cea,halo-mcc-2021,2,halo-cea|halo-mcc-2021,10,10,False
elfy-liu,Elfy Liu,Elfy Liu,halo-infinite,halo-infinite,1,halo-infinite,0,0,False
eli-gershenfeld,Eli Gershenfeld,Eli Gershenfeld,halo-infinite,halo-infinite,1,halo-infinite,0,0,False
eli-hanselman,Eli Hanselman,Eli Hanselman,halo-4,halo-5,2,halo-4|halo-5,3,3,False
elias-bachaalany,Elias Bachaalany,Elias Bachaalany,halo-infinite,halo-infinite,1,halo-infinite,0,0,False
elias-nirea,Elias Nirea,Elias Nirea,halo-infinite,halo-infinite,1,halo-infinite,0,0,False
elic-agler,Elic Agler,Elic Agler,halo-4,halo-5,2,halo-4|halo-5,3,3,False
elijah-mcneal,Elijah McNeal,Elijah McNeal,halo-infinite,halo-campaign-evolved,2,halo-infinite|halo-campaign-evolved,5,5,False
elijah-tee-xi-en,Elijah Tee Xi En,Elijah Tee Xi En,halo-campaign-evolved,halo-campaign-evolved,1,halo-campaign-evolved,0,0,False
eliot-connors,Eliot Connors,Eliot Connors|Eliot R. Connors,halo-cea,halo-mcc,2,halo-cea|halo-mcc,3,3,False
elisa-rice,Elisa Rice,Elisa Rice,halo-5,halo-5,1,halo-5,0,0,False
elisa-wolfenden,Elisa Wolfenden,Elisa Wolfenden,halo-mcc,halo-mcc,1,halo-mcc,0,0,False
elisabeth-walter,Elisabeth Walter,Elisabeth Walter,halo-4,halo-4,1,halo-4,0,0,False
elix-ceballos,Elix Ceballos,Elix Ceballos,halo-campaign-evolved,halo-campaign-evolved,1,halo-campaign-evolved,0,0,False
elizabeth-kirby,Elizabeth Kirby,Elizabeth Kirby,halo-4,halo-infinite,3,halo-4|halo-5|halo-infinite,9,6,False
elizabeth-lowry,Elizabeth Lowry,Elizabeth Lowry,halo-infinite,halo-infinite,1,halo-infinite,0,0,False
elizabeth-mehl,Elizabeth Mehl,Elizabeth Mehl,halo-mcc-2021,halo-mcc-2021,1,halo-mcc-2021,0,0,False
elizabeth-van-wyck,Elizabeth Van Wyck,Elizabeth Van Wyck,halo-mcc,halo-campaign-evolved,5,halo-mcc|halo-5|halo-mcc-2021|halo-infinite|halo-campaign-evolved,12,6,False
elizabeth-walkey,Elizabeth Walkey,Elizabeth Walkey,halo-infinite,halo-infinite,1,halo-infinite,0,0,False
elizabeth-yskes,Elizabeth Yskes,Elizabeth Yskes,halo-infinite,halo-infinite,1,halo-infinite,0,0,False
ella-mcnally,Ella McNally,Ella McNally,halo-infinite,halo-infinite,1,halo-infinite,0,0,False
elle-newlands,Elle Newlands,Elle Newlands,halo-4,halo-4,1,halo-4,0,0,False
elle-yu,Elle Yu,Elle Yu,halo-infinite,halo-infinite,1,halo-infinite,0,0,False
ellen-yang,Ellen Yang,Ellen Yang,halo-5,halo-infinite,2,halo-5|halo-infinite,6,6,False
elli-salcedo,Elli Salcedo,Elli Salcedo,halo-mcc-2021,halo-mcc-2021,1,halo-mcc-2021,0,0,False
elliot-kuykendall,Elliot Kuykendall,Elliot Kuykendall,halo-mcc-2021,halo-infinite,2,halo-mcc-2021|halo-infinite,0,0,False
elliott-franks,Elliott Franks,Elliott Franks,halo-mcc,halo-mcc,1,halo-mcc,0,0,False
ellory-hartnett,Ellory Hartnett,Ellory Hartnett,halo-4,halo-4,1,halo-4,0,0,False
elodie-delune,Elodie Delune,Elodie Delune,halo-campaign-evolved,halo-campaign-evolved,1,halo-campaign-evolved,0,0,False
elsio-perazzini-nieto,Elsio Perazzini Nieto,Elsio Perazzini Nieto,halo-infinite,halo-infinite,1,halo-infinite,0,0,False
elvina-antonova,Elvina Antonova,Elvina Antonova,halo-infinite,halo-infinite,1,halo-infinite,0,0,False
ember-leaf,Ember Leaf,Ember Leaf,halo-mcc-2021,halo-infinite,2,halo-mcc-2021|halo-infinite,0,0,False
emerson-brooks,Emerson Brooks,Emerson Brooks,halo-4,halo-5,2,halo-4|halo-5,3,3,False
emil-miland,Emil Miland,Emil Miland,halo-mcc,halo-mcc,1,halo-mcc,0,0,False
emilio-gandin,Emilio Gandin,Emilio Gandin,halo-3,halo-3,1,halo-3,0,0,False
emilio-ghorayeb,Emilio Ghorayeb,Emilio Ghorayeb|Emile Ghorayeb,halo-3,halo-3-odst,2,halo-3|halo-3-odst,2,2,False
emily-laws,Emily Laws,Emily Laws,halo-mcc-2021,halo-mcc-2021,1,halo-mcc-2021,0,0,False
emily-morgan,Emily Morgan,Emily Morgan,halo-campaign-evolved,halo-campaign-evolved,1,halo-campaign-evolved,0,0,False
emily-onderdonk,Emily Onderdonk,Emily Onderdonk,halo-mcc,halo-mcc,1,halo-mcc,0,0,False
emily-peterson,Emily Peterson,Emily Peterson,halo-infinite,halo-infinite,1,halo-infinite,0,0,False
emily-r-steele,Emily R. Steele,Emily R. Steele,halo-campaign-evolved,halo-campaign-evolved,1,halo-campaign-evolved,0,0,False
emily-schweber,Emily Schweber,Emily Schweber,halo-mcc,halo-mcc,1,halo-mcc,0,0,False
emlyn-singleton,Emlyn Singleton,Emlyn Singleton,halo-5,halo-5,1,halo-5,0,0,False
emma-black,Emma Black,Emma Black,halo-5,halo-5,1,halo-5,0,0,False
emma-emrich,Emma Emrich,Emma Emrich,halo-infinite,halo-infinite,1,halo-infinite,0,0,False
emma-mckenna,Emma McKenna,Emma McKenna,halo-infinite,halo-infinite,1,halo-infinite,0,0,False
emma-weston,Emma Weston,Emma Weston,halo-5,halo-5,1,halo-5,0,0,False
emrys-stempien,Emrys Stempien,Emrys Stempien,halo-infinite,halo-infinite,1,halo-infinite,0,0,False
eniko-fulop,Enikő Fülöp,Enikő Fülöp,halo-campaign-evolved,halo-campaign-evolved,1,halo-campaign-evolved,0,0,False
enrique-ventura,Enrique Ventura,Enrique Ventura,halo-infinite,halo-infinite,1,halo-infinite,0,0,False
ephrem-m-tolla,Ephrem Tolla,Ephrem Tolla|Ephrem M Tolla,halo-mcc,halo-5,2,halo-mcc|halo-5,1,1,False
eric-alatorre,Eric Alatorre,Eric Alatorre,halo-cea,halo-cea,1,halo-cea,0,0,False
eric-anderson,Eric Anderson,Eric Anderson,halo-4,halo-4,1,halo-4,0,0,False
eric-arroyo,Eric Arroyo,Eric Arroyo,halo-ce,halo-3,3,halo-ce|halo-2|halo-3,6,3,False
eric-black,Eric Black,Eric Black,halo-4,halo-5,2,halo-4|halo-5,3,3,False
eric-borzello,Eric Borzello,Eric Borzello,halo-5,halo-5,1,halo-5,0,0,False
eric-boughton,Eric Boughton,Eric Boughton,halo-3,halo-3,1,halo-3,0,0,False
eric-c-chan,Eric Chan,Eric Chan|Eric C Chan,halo-mcc,halo-infinite,2,halo-mcc|halo-infinite,7,7,False
eric-carter,Eric Carter,Eric Carter,halo-reach,halo-reach,1,halo-reach,0,0,False
eric-dies,Eric Dies,Eric Dies,halo-4,halo-infinite,5,halo-4|halo-mcc|halo-5|halo-mcc-2021|halo-infinite,9,6,False
eric-durante,Eric Durante,Eric Durante,halo-mcc,halo-mcc,1,halo-mcc,0,0,False
eric-elton,Eric Elton,Eric Elton,halo-3,halo-reach,3,halo-3|halo-3-odst|halo-reach,3,2,False
eric-ferdinand,Eric Ferdinand,Eric Ferdinand,halo-5,halo-campaign-evolved,4,halo-5|halo-mcc-2021|halo-infinite|halo-campaign-evolved,11,6,False
eric-fredrickson,Eric Fredrickson,Eric Fredrickson,halo-3,halo-3,1,halo-3,0,0,False
eric-gooch,Eric Gooch,Eric Gooch,halo-5,halo-5,1,halo-5,0,0,False
eric-guerra,Eric Guerra,Eric Guerra,halo-5,halo-5,1,halo-5,0,0,False
eric-helbig,Eric Helbig,Eric Helbig,halo-3,halo-infinite,8,halo-3|halo-3-odst|halo-reach|halo-cea|halo-4|halo-mcc|halo-mcc-2021|halo-infinite,14,7,False
eric-hewitt,Eric Hewitt,Eric Hewitt|Eric “GH057ayame” Hewitt,halo-mcc,halo-5,2,halo-mcc|halo-5,1,1,False
eric-hsu,Eric Hsu,Eric Hsu,halo-mcc-2021,halo-infinite,2,halo-mcc-2021|halo-infinite,0,0,False
eric-huang,Eric Huang,Eric Huang,halo-reach,halo-reach,1,halo-reach,0,0,False
eric-jarvi,Eric Jarvi,Eric Jarvi,halo-infinite,halo-campaign-evolved,2,halo-infinite|halo-campaign-evolved,5,5,False
eric-kramer,Eric Kramer,Eric Kramer,halo-reach,halo-4,2,halo-reach|halo-4,2,2,False
eric-leavell,Eric Leavell,Eric Leavell,halo-cea,halo-mcc,2,halo-cea|halo-mcc,3,3,False
eric-lessard,Eric Lessard,Eric Lessard,halo-3,halo-3,1,halo-3,0,0,False
eric-leyva,Eric Leyva,Eric Leyva,halo-campaign-evolved,halo-campaign-evolved,1,halo-campaign-evolved,0,0,False
eric-lin,Eric Lin,Eric Lin,halo-5,halo-infinite,2,halo-5|halo-infinite,6,6,False
eric-marinho,Eric Marinho,Eric Marinho,halo-infinite,halo-infinite,1,halo-infinite,0,0,False
eric-miller,Eric Miller,Eric Miller,halo-cea,halo-4,2,halo-cea|halo-4,1,1,False
eric-nylund,Eric Nylund,Eric Nylund,halo-reach,halo-reach,1,halo-reach,0,0,False
eric-olsen,Eric Olsen,Eric Olsen,halo-infinite,halo-infinite,1,halo-infinite,0,0,False
eric-osborne,Eric Osborne,Eric Osborne,halo-3-odst,halo-reach,2,halo-3-odst|halo-reach,1,1,False
eric-ramirez,Eric Ramirez,Eric Ramirez,halo-infinite,halo-infinite,1,halo-infinite,0,0,False
eric-richter,Eric Richter,Eric Richter,halo-infinite,halo-infinite,1,halo-infinite,0,0,False
eric-roberts,Eric Roberts,Eric Roberts,halo-infinite,halo-infinite,1,halo-infinite,0,0,False
eric-s-trautmann,Eric S. Trautmann,Eric S. Trautmann,halo-ce,halo-ce,1,halo-ce,0,0,False
eric-saxon,Eric Saxon,Eric Saxon,halo-infinite,halo-infinite,1,halo-infinite,0,0,False
eric-schuh,Eric Schuh,Eric Schuh,halo-3-odst,halo-mcc-2021,4,halo-3-odst|halo-cea|halo-4|halo-mcc-2021,12,9,False
eric-sung,Eric Sung,Eric Sung,halo-mcc,halo-mcc,1,halo-mcc,0,0,False
eric-toews,Eric Toews,Eric Toews,halo-mcc,halo-mcc,1,halo-mcc,0,0,False
eric-troost,Eric Troost,Eric Troost,halo-mcc-2021,halo-mcc-2021,1,halo-mcc-2021,0,0,False
eric-voreis,Eric Voreis,Eric Voreis,halo-mcc,halo-mcc,1,halo-mcc,0,0,False
eric-wada,Eric Wada,Eric Wada,halo-cea,halo-cea,1,halo-cea,0,0,False
eric-will,Eric Will,Eric Will,halo-4,halo-5,2,halo-4|halo-5,3,3,False
eric-woo,Eric Woo,Eric Woo,halo-mcc-2021,halo-infinite,2,halo-mcc-2021|halo-infinite,0,0,False
erica-davis,Erica Davis,Erica Davis,halo-mcc-2021,halo-mcc-2021,1,halo-mcc-2021,0,0,False
erica-ho,Erica Ho,Erica Ho,halo-infinite,halo-infinite,1,halo-infinite,0,0,False
erica-mehallo,Erica Mehallo,Erica Mehallo,halo-campaign-evolved,halo-campaign-evolved,1,halo-campaign-evolved,0,0,False
erich-clauss,Erich Clauss,Erich Clauss,halo-campaign-evolved,halo-campaign-evolved,1,halo-campaign-evolved,0,0,False
erich-stratmann,Erich Stratmann,Erich Stratmann,halo-mcc,halo-mcc,1,halo-mcc,0,0,False
erick-baca-aguilar,Eric Aguilar,Eric Aguilar,halo-mcc-2021,halo-mcc-2021,1,halo-mcc-2021,0,0,False
erick-e-ferez-matamoros,Erick E. Ferez Matamoros,Erick E. Ferez Matamoros,halo-campaign-evolved,halo-campaign-evolved,1,halo-campaign-evolved,0,0,False
erick-mariscal-diaz,Erick Mariscal Diaz,Erick Mariscal Diaz,halo-mcc-2021,halo-mcc-2021,1,halo-mcc-2021,0,0,False
erick-reyes,Erick Reyes,Erick Reyes,halo-reach,halo-reach,1,halo-reach,0,0,False
erick-schiele,Erick Schiele,Erick Schiele,halo-mcc,halo-mcc,1,halo-mcc,0,0,False
erick-t-mathews,Erick T. Mathews,Erick T. Mathews,halo-mcc,halo-mcc,1,halo-mcc,0,0,False
erick-ward,Erick Ward,Erick Ward,halo-mcc,halo-mcc,1,halo-mcc,0,0,False
erik-amezcua,Erik Amezcua,Erik Amezcua,halo-5,halo-infinite,2,halo-5|halo-infinite,6,6,False
erik-avalos,Erik Avalos,Erik Avalos,halo-infinite,halo-infinite,1,halo-infinite,0,0,False
erik-bastianen,Erik Bastianen,Erik Bastianen,halo-mcc-2021,halo-mcc-2021,1,halo-mcc-2021,0,0,False
erik-bertellotti,Erik Bertellotti,Erik Bertellotti,halo-3,halo-reach,3,halo-3|halo-3-odst|halo-reach,3,2,False
erik-davis,Erik Davis,Erik Davis,halo-ce,halo-ce,1,halo-ce,0,0,False
erik-gamache,Erik Gamache,Erik Gamache,halo-mcc,halo-mcc,1,halo-mcc,0,0,False
erik-kangas,Erik Kangas,Erik Kangas,halo-infinite,halo-infinite,1,halo-infinite,0,0,False
erik-mcclure,Erik McClure,Erik McClure,halo-infinite,halo-infinite,1,halo-infinite,0,0,False
erik-morton,Erik Morton,Erik Morton,halo-4,halo-4,1,halo-4,0,0,False
erik-torres-aguilar,Erik Torres,Erik Torres|Erik Torres Aguilar,halo-infinite,halo-campaign-evolved,2,halo-infinite|halo-campaign-evolved,5,5,False
erika-ishii,Erika Ishii,Erika Ishii,halo-infinite,halo-infinite,1,halo-infinite,0,0,False
erika-l-johnson,Erika L. Johnson,Erika L. Johnson|Erika Johnson,halo-mcc-2021,halo-infinite,2,halo-mcc-2021|halo-infinite,0,0,False
erika-martinez,Erika Martinez,Erika Martinez,halo-infinite,halo-infinite,1,halo-infinite,0,0,False
erika-scott,Erika Scott,Erika Scott,halo-infinite,halo-infinite,1,halo-infinite,0,0,False
erin-holmes,Erin Holmes,Erin Holmes,halo-campaign-evolved,halo-campaign-evolved,1,halo-campaign-evolved,0,0,False
erin-krell,Erin Krell,Erin Krell,halo-infinite,halo-infinite,1,halo-infinite,0,0,False
erin-maiorino,Erin Maiorino,Erin Maiorino,halo-mcc,halo-mcc,1,halo-mcc,0,0,False
erin-neff,Erin Neff,Erin Neff,halo-mcc,halo-mcc,1,halo-mcc,0,0,False
erin-reed,Erin Reed,Erin Reed,halo-cea,halo-4,2,halo-cea|halo-4,1,1,False
ernest-andrew-belousek-jr,Ernest Andrew Belousek Jr.,Ernest Andrew Belousek Jr.,halo-3,halo-3,1,halo-3,0,0,False
ernesto-cabanes-sanchis,Ernesto Cabanes Sanchis,Ernesto Cabanes Sanchis,halo-3,halo-3,1,halo-3,0,0,False
ernesto-martinez,Ernesto Martinez,Ernesto Martinez,halo-infinite,halo-infinite,1,halo-infinite,0,0,False
errol-hanham,Errol Hanham,Errol Hanham,halo-infinite,halo-infinite,1,halo-infinite,0,0,False
erwin-evegaars,Erwin Evegaars,Erwin Evegaars,halo-4,halo-4,1,halo-4,0,0,False
erwin-tang,Erwin Tang,Erwin Tang,halo-mcc,halo-mcc,1,halo-mcc,0,0,False
eryn-mault,Eryn Mault,Eryn Mault,halo-campaign-evolved,halo-campaign-evolved,1,halo-campaign-evolved,0,0,False
esequiel-garcia,Esequiel Garcia,Esequiel Garcia|Esequiel Ramon Garcia,halo-reach,halo-reach,1,halo-reach,0,0,False
esmeralda-mcquillan,Esmerelda McQuillan,Esmerelda McQuillan|Esmeralda McQuillan,halo-2,halo-3,2,halo-2|halo-3,3,3,False
espen-saetervik,Espen Saetervik,Espen Saetervik|Espen Sætervik,halo-infinite,halo-infinite,1,halo-infinite,0,0,False
esteban-chaidez,Esteban Chaidez,Esteban Chaidez,halo-infinite,halo-infinite,1,halo-infinite,0,0,False
esteban-cueto,Esteban Cueto,Esteban Cueto,halo-mcc,halo-mcc,1,halo-mcc,0,0,False
esteban-lora,Esteban Lora,Esteban Lora,halo-mcc-2021,halo-mcc-2021,1,halo-mcc-2021,0,0,False
estelle-skeels,Estelle Skeels,Estelle Skeels,halo-mcc,halo-infinite,2,halo-mcc|halo-infinite,7,7,False
eszter-zsoldos,Eszter Zsoldos,Eszter Zsoldos,halo-campaign-evolved,halo-campaign-evolved,1,halo-campaign-evolved,0,0,False
eternal-time-space,Eternal Time & Space,Eternal Time & Space,halo-infinite,halo-infinite,1,halo-infinite,0,0,False
ethan-chen,Ethan Chen,Ethan Chen,halo-mcc,halo-mcc,1,halo-mcc,0,0,False
ethan-criss,Ethan Criss,Ethan Criss,halo-infinite,halo-infinite,1,halo-infinite,0,0,False
ethan-gibbons,Ethan Gibbons,Ethan Gibbons,halo-infinite,halo-infinite,1,halo-infinite,0,0,False
ethan-henseleit,Ethan Henseleit,Ethan Henseleit,halo-campaign-evolved,halo-campaign-evolved,1,halo-campaign-evolved,0,0,False
ethan-houle,Ethan Houle,Ethan Houle|Ethan Houlé,halo-mcc,halo-mcc-2021,2,halo-mcc|halo-mcc-2021,7,7,False
ethan-kuvent,Ethan Kuvent,Ethan Kuvent,halo-mcc-2021,halo-mcc-2021,1,halo-mcc-2021,0,0,False
ethan-lind,Ethan Lind,Ethan Lind,halo-5,halo-5,1,halo-5,0,0,False
ethan-olson,Ethan Olson,Ethan Olson,halo-campaign-evolved,halo-campaign-evolved,1,halo-campaign-evolved,0,0,False
ethan-peck,Ethan Peck,Ethan Peck,halo-4,halo-4,1,halo-4,0,0,False
ethan-verrall,Ethan Verrall,Ethan Verrall,halo-infinite,halo-infinite,1,halo-infinite,0,0,False
etienne-jabbour,Etienne Jabbour,Etienne Jabbour,halo-mcc,halo-mcc,1,halo-mcc,0,0,False
euan-gaul,Euan Gaul,Euan Gaul,halo-mcc-2021,halo-mcc-2021,1,halo-mcc-2021,0,0,False
euan-wilson,Euan Wilson,Euan Wilson,halo-mcc-2021,halo-mcc-2021,1,halo-mcc-2021,0,0,False
eugene-davydenko,Eugene Davydenko,Eugene Davydenko,halo-cea,halo-cea,1,halo-cea,0,0,False
eugene-kasyan,Eugene Kasyan,Eugene Kasyan,halo-campaign-evolved,halo-campaign-evolved,1,halo-campaign-evolved,0,0,False
eugene-nesci,Eugene Nesci,Eugene Nesci,halo-infinite,halo-infinite,1,halo-infinite,0,0,False
eugenia-porrashernandez,Eugenia Porras-Hernandez,Eugenia Porras-Hernandez,halo-mcc,halo-5,2,halo-mcc|halo-5,1,1,False
eunice-tamayo,Eunice Tamayo,Eunice Tamayo,halo-infinite,halo-infinite,1,halo-infinite,0,0,False
eva-krzeminski,Eva Krzeminski,Eva Krzeminski,halo-infinite,halo-infinite,1,halo-infinite,0,0,False
eva-lin,Eva Lin,Eva Lin,halo-3,halo-3,1,halo-3,0,0,False
evan-armstrong,Evan Armstrong,Evan Armstrong,halo-infinite,halo-infinite,1,halo-infinite,0,0,False
evan-arny,Evan Arny,Evan Arny,halo-infinite,halo-infinite,1,halo-infinite,0,0,False
evan-birkby,Evan Birkby,Evan Birkby,halo-cea,halo-cea,1,halo-cea,0,0,False
evan-brandt,Evan Brandt,Evan Brandt,halo-3,halo-3,1,halo-3,0,0,False
evan-colson,Evan Colson,Evan Colson,halo-infinite,halo-infinite,1,halo-infinite,0,0,False
evan-darling,Evan Darling,Evan Darling,halo-mcc-2021,halo-infinite,2,halo-mcc-2021|halo-infinite,0,0,False
evan-freitas,Evan Freitas,Evan Freitas,halo-infinite,halo-infinite,1,halo-infinite,0,0,False
evan-griffiths,Evan Griffiths,Evan Griffiths,halo-mcc,halo-5,2,halo-mcc|halo-5,1,1,False
evan-liaw,Evan Liaw,Evan Liaw,halo-infinite,halo-infinite,1,halo-infinite,0,0,False
evan-mcconnaughey,Evan McConnaughey,Evan McConnaughey,halo-3,halo-3,1,halo-3,0,0,False
evan-miles,Evan Miles,Evan Miles,halo-infinite,halo-infinite,1,halo-infinite,0,0,False
evan-price,Evan Price,Evan Price,halo-mcc,halo-mcc,1,halo-mcc,0,0,False
evan-rodabaugh,Evan Rodabaugh,Evan Rodabaugh,halo-infinite,halo-infinite,1,halo-infinite,0,0,False
evan-sforza,Evan Sforza,Evan Sforza,halo-5,halo-5,1,halo-5,0,0,False
evan-tiapula,Evan Tiapula,Evan Tiapula,halo-mcc,halo-mcc,1,halo-mcc,0,0,False
eve-maquelin,Eve Maquelin,Eve Maquelin,halo-infinite,halo-infinite,1,halo-infinite,0,0,False
evelin-szoke,Evelin Szőke,Evelin Szőke,halo-campaign-evolved,halo-campaign-evolved,1,halo-campaign-evolved,0,0,False
evelyn-huber,Evelyn Huber,Evelyn Huber,halo-campaign-evolved,halo-campaign-evolved,1,halo-campaign-evolved,0,0,False
evelyn-trippo,Evelyn Trippo,Evelyn Trippo,halo-campaign-evolved,halo-campaign-evolved,1,halo-campaign-evolved,0,0,False
everton-nelson,Everton Nelson,Everton Nelson,halo-5,halo-5,1,halo-5,0,0,False
evgenia-cherkasova,Evgenia Cherkasova,Evgenia Cherkasova|Evgeniya Cherkasova,halo-infinite,halo-infinite,1,halo-infinite,0,0,False
evgeniy-cimbaluk,Evgeniy Cimbaluk,Evgeniy Cimbaluk,halo-cea,halo-cea,1,halo-cea,0,0,False
evgeniy-dybchinskiy,Evgeniy Dybchinskiy,Evgeniy Dybchinskiy,halo-cea,halo-cea,1,halo-cea,0,0,False
evgeniy-fokin,Evgeniy Fokin,Evgeniy Fokin,halo-cea,halo-cea,1,halo-cea,0,0,False
evgeniy-gubenko,Evgeniy Gubenko,Evgeniy Gubenko,halo-mcc-2021,halo-mcc-2021,1,halo-mcc-2021,0,0,False
evgeniy-karanov,Evgeniy Karanov,Evgeniy Karanov,halo-infinite,halo-infinite,1,halo-infinite,0,0,False
evgeniy-kozlov,Evgeniy Kozlov,Evgeniy Kozlov,halo-mcc,halo-mcc,1,halo-mcc,0,0,False
evgeniy-melnikov,Evgeniy Melnikov,Evgeniy Melnikov,halo-mcc-2021,halo-mcc-2021,1,halo-mcc-2021,0,0,False
evgeniy-pichugin,Evgeniy Pichugin,Evgeniy Pichugin,halo-mcc,halo-mcc,1,halo-mcc,0,0,False
evgeniy-popkov,Evgeniy Popkov,Evgeniy Popkov,halo-cea,halo-cea,1,halo-cea,0,0,False
evgeniy-shipilo,Evgeniy Shipilo,Evgeniy Shipilo,halo-mcc,halo-mcc,1,halo-mcc,0,0,False
evgeniy-stepanov,Evgeniy Stepanov,Evgeniy Stepanov,halo-cea,halo-cea,1,halo-cea,0,0,False
evgeniy-zaporozhets,Evgeniy Zaporozhets,Evgeniy Zaporozhets|Evgeny Zaporozhets,halo-infinite,halo-infinite,1,halo-infinite,0,0,False
evgeniya-drozdova,Evgeniya Drozdova,Evgeniya Drozdova,halo-mcc,halo-mcc,1,halo-mcc,0,0,False
evgeniya-sankova,Evgeniya Sankova,Evgeniya Sankova,halo-infinite,halo-infinite,1,halo-infinite,0,0,False
evgeniya-vlazneva,Evgeniya Vlazneva,Evgeniya Vlazneva,halo-infinite,halo-infinite,1,halo-infinite,0,0,False
evgeny-cimbalyuk,Evgeny Cimbalyuk,Evgeny Cimbalyuk,halo-mcc,halo-mcc,1,halo-mcc,0,0,False
evgeny-davidenko,Evgeny Davidenko,Evgeny Davidenko,halo-mcc,halo-mcc,1,halo-mcc,0,0,False
evgeny-kashin,Evgeny Kashin,Evgeny Kashin,halo-infinite,halo-infinite,1,halo-infinite,0,0,False
evgeny-pashikyan,Evgeny Pashikyan,Evgeny Pashikyan,halo-mcc-2021,halo-mcc-2021,1,halo-mcc-2021,0,0,False
evon-forrest-waters,Evon Forrest Waters,Evon Forrest Waters,halo-infinite,halo-infinite,1,halo-infinite,0,0,False
ewan-wright,Ewan Wright,Ewan Wright,halo-infinite,halo-infinite,1,halo-infinite,0,0,False
ezequiel-medrano-corrales,Ezequiel Medrano Corrales,Ezequiel Medrano Corrales,halo-infinite,halo-infinite,1,halo-infinite,0,0,False
fabian-cruz,Fabian Cruz,Fabian Cruz,halo-infinite,halo-campaign-evolved,2,halo-infinite|halo-campaign-evolved,5,5,False
fabian-rios,Fabian Rios,Fabian Rios,halo-mcc-2021,halo-mcc-2021,1,halo-mcc-2021,0,0,False
falcorian-sabbat,Falcorian Sabbat,Falcorian Sabbat,halo-mcc-2021,halo-mcc-2021,1,halo-mcc-2021,0,0,False
fan-xinyi,Fan Xinyi,Fan Xinyi,halo-campaign-evolved,halo-campaign-evolved,1,halo-campaign-evolved,0,0,False
fang-jie,Fang Jie,Fang Jie,halo-campaign-evolved,halo-campaign-evolved,1,halo-campaign-evolved,0,0,False
fang-ze,Fang Ze,Fang Ze,halo-campaign-evolved,halo-campaign-evolved,1,halo-campaign-evolved,0,0,False
fanni-vekony,Fanni Vékony,Fanni Vékony,halo-campaign-evolved,halo-campaign-evolved,1,halo-campaign-evolved,0,0,False
farah-nasri,Farah Nasri,Farah Nasri,halo-mcc-2021,halo-mcc-2021,1,halo-mcc-2021,0,0,False
farhod-naimov,Farhod Naimov,Farhod Naimov,halo-infinite,halo-infinite,1,halo-infinite,0,0,False
farrukh-rahman,Farrukh Rahman,Farrukh Rahman,halo-campaign-evolved,halo-campaign-evolved,1,halo-campaign-evolved,0,0,False
farzad-morshed,Farzad Morshed,Farzad Morshed,halo-infinite,halo-infinite,1,halo-infinite,0,0,False
fedir-yurchenko,Fedir Yurchenko,Fedir Yurchenko,halo-campaign-evolved,halo-campaign-evolved,1,halo-campaign-evolved,0,0,False
fedor-guilmoutdinov,Fedor Guilmoutdinov,Fedor Guilmoutdinov,halo-mcc,halo-mcc,1,halo-mcc,0,0,False
fedor-matveev,Fedor Matveev,Fedor Matveev,halo-infinite,halo-infinite,1,halo-infinite,0,0,False
fedor-novikov,Fedor Novikov,Fedor Novikov,halo-infinite,halo-infinite,1,halo-infinite,0,0,False
fei-haoran,Fei Haoran,Fei Haoran,halo-campaign-evolved,halo-campaign-evolved,1,halo-campaign-evolved,0,0,False
felipe-magallon,Felipe Magallon,Felipe Magallon,halo-campaign-evolved,halo-campaign-evolved,1,halo-campaign-evolved,0,0,False
felipe-yonekawa,Felipe Yonekawa,Felipe Yonekawa,halo-mcc,halo-mcc,1,halo-mcc,0,0,False
feng-shuai,Feng Shuai,Feng Shuai,halo-campaign-evolved,halo-campaign-evolved,1,halo-campaign-evolved,0,0,False
feng-ya,Feng Ya,Feng Ya,halo-campaign-evolved,halo-campaign-evolved,1,halo-campaign-evolved,0,0,False
feng-yibo,Feng Yibo,Feng Yibo,halo-infinite,halo-infinite,1,halo-infinite,0,0,False
ferenc-jakab,Ferenc Jakab,Ferenc Jakab,halo-campaign-evolved,halo-campaign-evolved,1,halo-campaign-evolved,0,0,False
ferenc-petrovics,Ferenc Petrovics,Ferenc Petrovics,halo-campaign-evolved,halo-campaign-evolved,1,halo-campaign-evolved,0,0,False
fernando-aguilar,Fernando Aguilar,Fernando Aguilar,halo-campaign-evolved,halo-campaign-evolved,1,halo-campaign-evolved,0,0,False
fernando-castillo,Fernando Castillo,Fernando Castillo,halo-campaign-evolved,halo-campaign-evolved,1,halo-campaign-evolved,0,0,False
fernando-reyes-medina,Fernando Reyes Medina,Fernando Reyes Medina,halo-infinite,halo-infinite,1,halo-infinite,0,0,False
fernando-talles,"Fernando, Talles","Fernando, Talles",halo-campaign-evolved,halo-campaign-evolved,1,halo-campaign-evolved,0,0,False
filip-foksowicz,Filip Foksowicz,Filip Foksowicz,halo-infinite,halo-infinite,1,halo-infinite,0,0,False
filipp-ivanov,Filipp Ivanov,Filipp Ivanov,halo-mcc-2021,halo-mcc-2021,1,halo-mcc-2021,0,0,False
filipp-kryuchkovskiy,Filipp Kryuchkovskiy,Filipp Kryuchkovskiy,halo-infinite,halo-infinite,1,halo-infinite,0,0,False
finn-feng,Finn Feng,Finn Feng,halo-infinite,halo-infinite,1,halo-infinite,0,0,False
fiona-bonds,Fiona Bonds,Fiona Bonds,halo-5,halo-5,1,halo-5,0,0,False
fiona-chen,Fiona Chen,Fiona Chen,halo-infinite,halo-infinite,1,halo-infinite,0,0,False
fiona-cherbak,Fiona Cherbak,Fiona Cherbak,halo-mcc,halo-mcc,1,halo-mcc,0,0,False
fiona-lynch,Fiona Lynch,Fiona Lynch,halo-infinite,halo-infinite,1,halo-infinite,0,0,False
fionn-hand,Fionn Hand,Fionn Hand,halo-campaign-evolved,halo-campaign-evolved,1,halo-campaign-evolved,0,0,False
fireteam-gameplay-mechanic,Josh Rodgers,Josh Rodgers|Joshua Rodgers,halo-3,halo-reach,3,halo-3|halo-3-odst|halo-reach,3,2,False
flash-kowaleski,Flash Kowaleski,Flash Kowaleski,halo-infinite,halo-infinite,1,halo-infinite,0,0,False
fletcher-kinnear,Fletcher Kinnear,Fletcher Kinnear,halo-infinite,halo-infinite,1,halo-infinite,0,0,False
floyd-billingy,Floyd Billingy,Floyd Billingy,halo-infinite,halo-infinite,1,halo-infinite,0,0,False
forest-baker,Forest Baker,Forest Baker,halo-5,halo-campaign-evolved,3,halo-5|halo-infinite|halo-campaign-evolved,11,6,False
forrest-smith,Forrest Smith,Forrest Smith,halo-infinite,halo-infinite,1,halo-infinite,0,0,False
forrest-soderlind,Forrest Soderlind,Forrest Soderlind,halo-reach,halo-reach,1,halo-reach,0,0,False
frances-ingraham,Frances Ingraham,Frances Ingraham,halo-4,halo-4,1,halo-4,0,0,False
francesco-panfili,Francesco Panfili,Francesco Panfili,halo-campaign-evolved,halo-campaign-evolved,1,halo-campaign-evolved,0,0,False
francisco-a-cortina,Francisco A. Cortina,Francisco A. Cortina,halo-mcc,halo-mcc,1,halo-mcc,0,0,False
francisco-bustamante,Francisco Bustamante,Francisco Bustamante,halo-campaign-evolved,halo-campaign-evolved,1,halo-campaign-evolved,0,0,False
francisco-javier-espejo-gargallo,Francisco Javier Espejo Gargallo,Francisco Javier Espejo Gargallo,halo-mcc-2021,halo-mcc-2021,1,halo-mcc-2021,0,0,False
francisco-nascimento,Francisco Nascimento,Francisco Nascimento,halo-campaign-evolved,halo-campaign-evolved,1,halo-campaign-evolved,0,0,False
franck-balson,Franck Balson,Franck Balson,halo-mcc,halo-mcc,1,halo-mcc,0,0,False
frank-capezzuto,Frank Capezzutto III,Frank Capezzutto III|Frank Capezzuto,halo-2,halo-reach,4,halo-2|halo-3|halo-3-odst|halo-reach,6,3,False
frank-cheng,Frank Cheng,Frank Cheng,halo-5,halo-5,1,halo-5,0,0,False
frank-criscione,Frank Criscione,Frank Criscione,halo-mcc-2021,halo-mcc-2021,1,halo-mcc-2021,0,0,False
frank-oconnor,Frank O'Connor,Frank O'Connor|Frank O’Connor,halo-2,halo-infinite,8,halo-2|halo-3|halo-cea|halo-4|halo-mcc|halo-5|halo-mcc-2021|halo-infinite,17,6,False
frank-pape,Frank Pape,Frank Pape,halo-3,halo-3,1,halo-3,0,0,False
frank-petreikis,Frank Petreikis,Frank Petreikis,halo-infinite,halo-infinite,1,halo-infinite,0,0,False
frank-ricotti,Frank Ricotti,Frank Ricotti,halo-5,halo-5,1,halo-5,0,0,False
frank-schaefer,Frank Schaefer,Frank Schaefer,halo-5,halo-5,1,halo-5,0,0,False
frank-trzcinski,Frank Trzcinski,Frank Trzcinski,halo-4,halo-4,1,halo-4,0,0,False
frank-winfield,Frank Winfield,Frank Winfield,halo-infinite,halo-infinite,1,halo-infinite,0,0,False
frank-xu,Frank Xu,Frank Xu,halo-infinite,halo-infinite,1,halo-infinite,0,0,False
franscois-bouchergenesse,Franscois Boucher-Genesse,Franscois Boucher-Genesse,halo-3,halo-3,1,halo-3,0,0,False
franziska-wischmann,Franziska Wischmann,Franziska Wischmann,halo-infinite,halo-infinite,1,halo-infinite,0,0,False
franzy-milanio,Franzy Milanio,Franzy Milanio,halo-mcc-2021,halo-mcc-2021,1,halo-mcc-2021,0,0,False
frazier-moore,Frazier Moore,Frazier Moore,halo-4,halo-4,1,halo-4,0,0,False
fred-barkley,Fred Barkley,Fred Barkley,halo-campaign-evolved,halo-campaign-evolved,1,halo-campaign-evolved,0,0,False
fred-matthews,Fred Matthews,Fred Matthews,halo-mcc,halo-mcc,1,halo-mcc,0,0,False
fred-merritt,Fred Merritt,Fred Merritt,halo-mcc-2021,halo-infinite,2,halo-mcc-2021|halo-infinite,0,0,False
fred-tatasciore,Fred Tatasciore,Fred Tatasciore,halo-3,halo-infinite,6,halo-3|halo-3-odst|halo-cea|halo-4|halo-5|halo-infinite,14,6,False
freddy-bosche,Freddy Bosche,Freddy Bosche,halo-reach,halo-reach,1,halo-reach,0,0,False
freddy-rangel,Freddy Rangel,Freddy Rangel,halo-4,halo-4,1,halo-4,0,0,False
frederic-cote,Frederic Cote,Frederic Cote,halo-3,halo-3-odst,2,halo-3|halo-3-odst,2,2,False
fredrik-persson,"Fredrik ""Fidde"" Persson","Fredrik ""Fidde"" Persson|Fredrik Persson",halo-4,halo-5,2,halo-4|halo-5,3,3,False
fredy-sanguinetti-iii,Fredy Sanguinetti III,Fredy Sanguinetti III,halo-mcc-2021,halo-mcc-2021,1,halo-mcc-2021,0,0,False
freeman-thomason,Freeman Thomason,Freeman Thomason,halo-infinite,halo-infinite,1,halo-infinite,0,0,False
friedl-jooste,Friedl Jooste,Friedl Jooste,halo-infinite,halo-infinite,1,halo-infinite,0,0,False
fruzsina-viczai,Fruzsina Viczai,Fruzsina Viczai,halo-campaign-evolved,halo-campaign-evolved,1,halo-campaign-evolved,0,0,False
fu-guanwen,Fu Guanwen,Fu Guanwen,halo-campaign-evolved,halo-campaign-evolved,1,halo-campaign-evolved,0,0,False
fue-saephan,Fue Saephan,Fue Saephan,halo-campaign-evolved,halo-campaign-evolved,1,halo-campaign-evolved,0,0,False
fulvio-sestito,Fulvio Sestito,Fulvio Sestito,halo-mcc,halo-mcc,1,halo-mcc,0,0,False
furio-tedeschi,Furio Tedeschi,Furio Tedeschi,halo-mcc,halo-mcc,1,halo-mcc,0,0,False
future-mawindi,Future Mawindi,Future Mawindi,halo-campaign-evolved,halo-campaign-evolved,1,halo-campaign-evolved,0,0,False
gabe-deyerle,Gabe Deyerle,Gabe Deyerle,halo-5,halo-5,1,halo-5,0,0,False
gabe-reis,Gabe Reis,Gabe Reis,halo-campaign-evolved,halo-campaign-evolved,1,halo-campaign-evolved,0,0,False
gabe-selinger,Gabe Selinger,Gabe Selinger,halo-infinite,halo-infinite,1,halo-infinite,0,0,False
gabor-babucsik,Gábor Babucsik,Gábor Babucsik,halo-campaign-evolved,halo-campaign-evolved,1,halo-campaign-evolved,0,0,False
gabor-kali,Gábor Káli,Gábor Káli,halo-campaign-evolved,halo-campaign-evolved,1,halo-campaign-evolved,0,0,False
gabor-szeman,Gábor Szemán,Gábor Szemán,halo-campaign-evolved,halo-campaign-evolved,1,halo-campaign-evolved,0,0,False
gabor-toro,Gabor Toro,Gabor Toro,halo-infinite,halo-infinite,1,halo-infinite,0,0,False
gabor-vaszkun,Gábor Vaszkun,Gábor Vaszkun,halo-campaign-evolved,halo-campaign-evolved,1,halo-campaign-evolved,0,0,False
gabriel-castro-jr,Gabriel Castro Jr,Gabriel Castro Jr,halo-infinite,halo-infinite,1,halo-infinite,0,0,False
gabriel-duncan,Gabriel Duncan,Gabriel Duncan,halo-campaign-evolved,halo-campaign-evolved,1,halo-campaign-evolved,0,0,False
gabriel-esquivel,Gabriel Esquivel,Gabriel Esquivel,halo-infinite,halo-infinite,1,halo-infinite,0,0,False
gabriel-fernandes,Gabriel Fernandes,Gabriel Fernandes,halo-campaign-evolved,halo-campaign-evolved,1,halo-campaign-evolved,0,0,False
gabriel-garza,Gabriel Garza,"Gabriel ""robogabo"" Garza",halo-4,halo-4,1,halo-4,0,0,False
gabriel-gliwic,Gabriel Gliwic,Gabriel Gliwic,halo-mcc-2021,halo-infinite,2,halo-mcc-2021|halo-infinite,0,0,False
gabriel-kliot,Gabriel Kliot,Gabriel Kliot,halo-5,halo-5,1,halo-5,0,0,False
gabriel-kutuzov,Gabriel Kutuzov,Gabriel Kutuzov,halo-campaign-evolved,halo-campaign-evolved,1,halo-campaign-evolved,0,0,False
gabriel-mainhood,Gabriel Mainhood,Gabriel Mainhood,halo-mcc,halo-mcc,1,halo-mcc,0,0,False
gabriel-neville,Gabriel Neville,Gabriel Neville,halo-infinite,halo-infinite,1,halo-infinite,0,0,False
gabriel-oliveira,Gabriel Oliveira,Gabriel Oliveira,halo-campaign-evolved,halo-campaign-evolved,1,halo-campaign-evolved,0,0,False
gabriel-rudner,Gabriel Rudner,Gabriel Rudner,halo-infinite,halo-infinite,1,halo-infinite,0,0,False
gabriel-santos,Gabriel Santos,Gabriel Santos,halo-infinite,halo-infinite,1,halo-infinite,0,0,False
gabriela-juarez,Gabriela Juarez,Gabriela Juarez,halo-infinite,halo-infinite,1,halo-infinite,0,0,False
gabriella-banfalvi,Gabriella Bánfalvi,Gabriella Bánfalvi,halo-campaign-evolved,halo-campaign-evolved,1,halo-campaign-evolved,0,0,False
gabryl-adarne,Gabryl Adarne,Gabryl Adarne,halo-mcc,halo-mcc,1,halo-mcc,0,0,False
gaby-lester,Gaby Lester,Gaby Lester,halo-5,halo-5,1,halo-5,0,0,False
gael-giraudeau,Gael Giraudeau,Gael Giraudeau,halo-infinite,halo-infinite,1,halo-infinite,0,0,False
gaetan-barel,Gaetan Barel,Gaetan Barel,halo-mcc-2018,halo-mcc-2018,1,halo-mcc-2018,0,0,False
gaetan-schurrer,Gaetan Schurrer,Gaetan Schurrer,halo-4,halo-4,1,halo-4,0,0,False
gage-broussard,Gage Broussard,Gage Broussard,halo-infinite,halo-infinite,1,halo-infinite,0,0,False
gage-hedden,Gage Hedden,Gage Hedden,halo-mcc,halo-mcc,1,halo-mcc,0,0,False
gale-evangelista,Gale Evangelista,Gale Evangelista,halo-infinite,halo-infinite,1,halo-infinite,0,0,False
gao-hongwei,Gao Hongwei,Gao Hongwei,halo-campaign-evolved,halo-campaign-evolved,1,halo-campaign-evolved,0,0,False
gao-jiali,Gao Jiali,Gao Jiali,halo-campaign-evolved,halo-campaign-evolved,1,halo-campaign-evolved,0,0,False
gao-qiantao,Gao Qiantao,Gao Qiantao,halo-campaign-evolved,halo-campaign-evolved,1,halo-campaign-evolved,0,0,False
gao-xin,Gao Xin,Gao Xin,halo-campaign-evolved,halo-campaign-evolved,1,halo-campaign-evolved,0,0,False
gareth-coker,Gareth Coker,Gareth Coker,halo-infinite,halo-infinite,1,halo-infinite,0,0,False
gareth-griffiths,Gareth Griffiths,Gareth Griffiths,halo-4,halo-4,1,halo-4,0,0,False
gareth-lough,Gareth Lough,Gareth Lough,halo-3,halo-campaign-evolved,6,halo-3|halo-reach|halo-4|halo-5|halo-infinite|halo-campaign-evolved,19,6,False
gareth-repton,Gareth Repton,Gareth Repton,halo-infinite,halo-infinite,1,halo-infinite,0,0,False
garfield-jackson,Garfield Jackson,Garfield Jackson,halo-5,halo-5,1,halo-5,0,0,False
garin-rk-richards,Garin R K Richards,Garin R K Richards|Garin RK Richards,halo-infinite,halo-infinite,1,halo-infinite,0,0,False
garret-hoffman,Garret Hoffman,Garret Hoffman|Garret B. Hoffman,halo-infinite,halo-infinite,1,halo-infinite,0,0,False
garrett-bemis,Garrett Bemis,Garrett Bemis|Garrett “The Beems” Bemis,halo-reach,halo-5,4,halo-reach|halo-4|halo-mcc|halo-5,5,2,False
garrett-breaux,Garrett Breaux,Garrett Breaux,halo-mcc,halo-mcc,1,halo-mcc,0,0,False
garrett-brodie,Garrett Brodie,Garrett Brodie,halo-campaign-evolved,halo-campaign-evolved,1,halo-campaign-evolved,0,0,False
garrett-brown,Garrett Brown,Garrett Brown,halo-infinite,halo-infinite,1,halo-infinite,0,0,False
garrett-jones,Garrett Jones,Garrett Jones,halo-4,halo-4,1,halo-4,0,0,False
garrett-may,Garrett May,Garrett May,halo-infinite,halo-infinite,1,halo-infinite,0,0,False
garrett-montgomery,Garrett Montgomery MPSE,Garrett Montgomery MPSE|Garrett Montgomery,halo-infinite,halo-infinite,1,halo-infinite,0,0,False
garrett-norlin,Garrett Norlin,Garrett Norlin,halo-3,halo-3,1,halo-3,0,0,False
garrett-skelton,Garrett Skelton,Garrett Skelton|Garret Skelton,halo-mcc-2021,halo-infinite,2,halo-mcc-2021|halo-infinite,0,0,False
garth-bardsley,Garth Bardsley,Garth Bardsley,halo-5,halo-5,1,halo-5,0,0,False
gary-allegretto,Gary Allegretto,Gary Allegretto,halo-4,halo-4,1,halo-4,0,0,False
gary-bergeron,Gary Bergeron,Gary Bergeron,halo-infinite,halo-infinite,1,halo-infinite,0,0,False
gary-christian,Gary Christian,Gary Christian,halo-mcc,halo-mcc,1,halo-mcc,0,0,False
gary-hecker,Gary Hecker,Gary Hecker,halo-cea,halo-cea,1,halo-cea,0,0,False
gary-huang,Gary Huang,Gary Huang,halo-reach,halo-reach,1,halo-reach,0,0,False
gary-spinrad,Gary Spinrad,Gary Spinrad,halo-infinite,halo-infinite,1,halo-infinite,0,0,False
gary-talbot,Gary Talbot,Gary Talbot,halo-3,halo-3,1,halo-3,0,0,False
gary-texmo,Gary Texmo,Gary Texmo,halo-infinite,halo-infinite,1,halo-infinite,0,0,False
gary-whitton,Gary Whitton,Gary Whitton,halo-mcc-2021,halo-mcc-2021,1,halo-mcc-2021,0,0,False
gaurav-kumar,Gaurav Kumar,Gaurav Kumar,halo-infinite,halo-infinite,1,halo-infinite,0,0,False
gaurav-nonihal,Gaurav Nonihal,Gaurav Nonihal,halo-infinite,halo-infinite,1,halo-infinite,0,0,False
gavin-bird,Gavin Bird,Gavin Bird,halo-infinite,halo-infinite,1,halo-infinite,0,0,False
gavin-carter,Gavin Carter,Gavin Carter,halo-4,halo-4,1,halo-4,0,0,False
gavin-cummins,Gavin Cummins,Gavin Cummins,halo-3-odst,halo-3-odst,1,halo-3-odst,0,0,False
gavin-greenaway,Gavin Greenaway,Gavin Greenaway,halo-5,halo-5,1,halo-5,0,0,False
gavin-hammon,Gavin Hammon,Gavin Hammon,halo-4,halo-4,1,halo-4,0,0,False
gavin-kennedy,Gavin Kennedy,Gavin Kennedy,halo-4,halo-infinite,4,halo-4|halo-mcc|halo-mcc-2021|halo-infinite,9,7,False
gavin-luo,Gavin Luo,Gavin Luo,halo-infinite,halo-infinite,1,halo-infinite,0,0,False
gavin-mclean,Gavin McLean,Gavin McLean,halo-reach,halo-reach,1,halo-reach,0,0,False
gavin-russell,Gavin Russell,Gavin Russell,halo-infinite,halo-infinite,1,halo-infinite,0,0,False
gavriil-klimov,Gavriil Klimov,Gavriil Klimov,halo-mcc,halo-mcc,1,halo-mcc,0,0,False
gayatri-goda,Gayatri Goda,Gayatri Goda,halo-infinite,halo-infinite,1,halo-infinite,0,0,False
gayle-chonzena,Gayle Chonzena,Gayle Chonzena,halo-3-odst,halo-3-odst,1,halo-3-odst,0,0,False
gayle-dhondt,Gayle d'Hondt,Gayle d'Hondt,halo-reach,halo-reach,1,halo-reach,0,0,False
gaylord-stewart,Gaylord Stewart,Gaylord Stewart,halo-mcc,halo-5,2,halo-mcc|halo-5,1,1,False
gaz-iqbal,Gaz Iqbal,Gaz Iqbal,halo-mcc,halo-mcc,1,halo-mcc,0,0,False
gaz-liddon,Gaz Liddon,Gaz Liddon,halo-mcc-2021,halo-mcc-2021,1,halo-mcc-2021,0,0,False
gena-souchek,Gena Souchek,Gena Souchek,halo-infinite,halo-infinite,1,halo-infinite,0,0,False
gene-blakefield,Gene Blakefield,Gene Blakefield,halo-reach,halo-reach,1,halo-reach,0,0,False
gene-duenas,Gene Duenas,Gene Duenas,halo-infinite,halo-infinite,1,halo-infinite,0,0,False
gene-magtoto,Gene Magtoto,Gene Magtoto,halo-mcc,halo-mcc,1,halo-mcc,0,0,False
gene-miguel-sanmillan,Gene Miguel Sanmillan,Gene Miguel Sanmillan,halo-campaign-evolved,halo-campaign-evolved,1,halo-campaign-evolved,0,0,False
geneson-cruz,Geneson Cruz,Geneson Cruz,halo-mcc-2021,halo-mcc-2021,1,halo-mcc-2021,0,0,False
geoff-foster,Geoff Foster,Geoff Foster,halo-4,halo-5,2,halo-4|halo-5,3,3,False
geoff-haugan,Geoff Haugan,Geoff Haugan,halo-5,halo-infinite,2,halo-5|halo-infinite,6,6,False
geoff-landskov,Geoff Landskov,Geoff Landskov,halo-5,halo-5,1,halo-5,0,0,False
geoff-luttrell,Geoff Luttrell,Geoff Luttrell,halo-mcc,halo-mcc,1,halo-mcc,0,0,False
geoff-ramsey,Geoff Ramsey,Geoff Ramsey|Geoffrey Lazer Ramsey,halo-3,halo-3,1,halo-3,0,0,False
geoff-taylor,Geoff Taylor,Geoff Taylor,halo-cea,halo-infinite,2,halo-cea|halo-infinite,10,10,False
geoff-watenpaugh,Geoff Watenpaugh,Geoff Watenpaugh,halo-3,halo-3,1,halo-3,0,0,False
geoffrey-fisher,Geoffrey Fisher,Geoffrey Fisher,halo-infinite,halo-infinite,1,halo-infinite,0,0,False
geoffrey-m-haugan,Geoffrey M Haugan,Geoffrey M Haugan,halo-mcc,halo-mcc,1,halo-mcc,0,0,False
geoffrey-riggs-jr,Geoffrey Riggs Jr,Geoffrey Riggs Jr,halo-infinite,halo-infinite,1,halo-infinite,0,0,False
geoffroy-de-nanteuil,Geoffroy de Nanteuil,Geoffroy de Nanteuil,halo-infinite,halo-infinite,1,halo-infinite,0,0,False
george-banks,George Banks,George Banks,halo-3-odst,halo-3-odst,1,halo-3-odst,0,0,False
george-brown,George Brown,George Brown,halo-mcc-2021,halo-mcc-2021,1,halo-mcc-2021,0,0,False
george-ivanov,George Ivanov,George Ivanov,halo-infinite,halo-infinite,1,halo-infinite,0,0,False
george-juravlev,George Juravlev,George Juravlev|Georgiy Juravlev,halo-mcc,halo-mcc-2021,2,halo-mcc|halo-mcc-2021,7,7,False
george-li,George Li,George Li,halo-infinite,halo-infinite,1,halo-infinite,0,0,False
george-pelletier,George Pelletier,George Pelletier|George C. Pelletier,halo-mcc,halo-infinite,4,halo-mcc|halo-5|halo-mcc-2021|halo-infinite,7,6,False
george-pereyra,George Pereyra,George Pereyra,halo-mcc,halo-mcc,1,halo-mcc,0,0,False
george-persaud,George Persaud,George Persaud,halo-infinite,halo-infinite,1,halo-infinite,0,0,False
george-reed,George Reed,George Reed,halo-infinite,halo-infinite,1,halo-infinite,0,0,False
george-strezov,George Strezov,George Strezov,halo-infinite,halo-infinite,1,halo-infinite,0,0,False
george-wright,George Wright,George Wright,halo-mcc-2021,halo-mcc-2021,1,halo-mcc-2021,0,0,False
georgi-elenkov,Georgi Elenkov PhD,Georgi Elenkov PhD|Georgi Elenkov,halo-infinite,halo-infinite,1,halo-infinite,0,0,False
georgia-butler,Georgia Butler,Georgia Butler,halo-mcc-2021,halo-mcc-2021,1,halo-mcc-2021,0,0,False
georgiy-artemenko,Georgiy Artemenko,Georgiy Artemenko,halo-infinite,halo-infinite,1,halo-infinite,0,0,False
georgiy-belyaev,Georgiy Belyaev,Georgiy Belyaev,halo-cea,halo-cea,1,halo-cea,0,0,False
georgiy-efremov,Georgiy Efremov,Georgiy Efremov,halo-infinite,halo-infinite,1,halo-infinite,0,0,False
georgiy-kolokolcev,Georgiy Kolokolcev,Georgiy Kolokolcev,halo-mcc,halo-mcc,1,halo-mcc,0,0,False
georgiy-paute,Georgiy Paute,Georgiy Paute|Georgii Paute,halo-cea,halo-mcc-2021,3,halo-cea|halo-mcc|halo-mcc-2021,10,7,False
georgiy-suvorov,Georgiy Suvorov,Georgiy Suvorov,halo-cea,halo-cea,1,halo-cea,0,0,False
georgsebastian-dresser,Georg-Sebastian Dresser,Georg-Sebastian Dresser,halo-infinite,halo-infinite,1,halo-infinite,0,0,False
gerald-jackson,Gerry Jackson,Gerry Jackson|Gerald Jackson,halo-3-odst,halo-4,2,halo-3-odst|halo-4,3,3,False
gerald-teng,Gerald Teng,Gerald Teng,halo-campaign-evolved,halo-campaign-evolved,1,halo-campaign-evolved,0,0,False
gerardo-alberto-de-la-cruz-rivera,Gerardo De La Cruz,Gerardo De La Cruz|Gerardo De La Cruz Rivera,halo-infinite,halo-campaign-evolved,2,halo-infinite|halo-campaign-evolved,5,5,False
gerardo-cedillo-vargas,Gerardo Cedillo Vargas,Gerardo Cedillo Vargas,halo-campaign-evolved,halo-campaign-evolved,1,halo-campaign-evolved,0,0,False
gerardo-malpartida-vela,Gerardo Malpartida Vela,Gerardo Malpartida Vela,halo-infinite,halo-infinite,1,halo-infinite,0,0,False
gerell-octavio-burris,Gerell Octavio Burris,Gerell Octavio Burris,halo-mcc-2021,halo-mcc-2021,1,halo-mcc-2021,0,0,False
gergely-hegedus,Gergely Hegedűs,Gergely Hegedűs,halo-campaign-evolved,halo-campaign-evolved,1,halo-campaign-evolved,0,0,False
gergely-radai,Gergely Rádai,Gergely Rádai,halo-campaign-evolved,halo-campaign-evolved,1,halo-campaign-evolved,0,0,False
gergo-csosz,Gergő Csősz,Gergő Csősz,halo-campaign-evolved,halo-campaign-evolved,1,halo-campaign-evolved,0,0,False
gergo-kis-istvan,Gergő Kis István,Gergő Kis István,halo-campaign-evolved,halo-campaign-evolved,1,halo-campaign-evolved,0,0,False
germain-chazot,Germain Chazot,Germain Chazot,halo-mcc-2018,halo-mcc-2018,1,halo-mcc-2018,0,0,False
gerry-hsu,Gerry Hsu,Gerry Hsu,halo-mcc,halo-mcc,1,halo-mcc,0,0,False
gersh-payzer,Gersh Payzer,Gersh Payzer,halo-mcc,halo-mcc,1,halo-mcc,0,0,False
ghaleoneb,Ghaleoneb,Ghaleoneb,halo-3-odst,halo-3-odst,1,halo-3-odst,0,0,False
gian-menossi,Gian Menossi,Gian Menossi,halo-campaign-evolved,halo-campaign-evolved,1,halo-campaign-evolved,0,0,False
gianni-truzzi,Gianni Truzzi,Gianni Truzzi,halo-5,halo-5,1,halo-5,0,0,False
gibson-weitzel,Gibson Weitzel,Gibson Weitzel,halo-infinite,halo-infinite,1,halo-infinite,0,0,False
gideon-emery,Gideon Emery,Gideon Emery,halo-5,halo-5,1,halo-5,0,0,False
gijs-kaerts,Gijs Kaerts,Gijs Kaerts,halo-5,halo-infinite,2,halo-5|halo-infinite,6,6,False
gil-reis-da-costa,Gil Reis Da Costa,Gil Reis Da Costa,halo-infinite,halo-infinite,1,halo-infinite,0,0,False
gilbert-munoz,Gilbert Munoz,Gilbert Munoz,halo-campaign-evolved,halo-campaign-evolved,1,halo-campaign-evolved,0,0,False
gilles-langourieux,Gilles Langourieux,Gilles Langourieux,halo-campaign-evolved,halo-campaign-evolved,1,halo-campaign-evolved,0,0,False
gillian-findlay,Gillian Findlay,Gillian Findlay,halo-5,halo-5,1,halo-5,0,0,False
gin-hammond,Gin Hammond,Gin Hammond,halo-3-odst,halo-3-odst,1,halo-3-odst,0,0,False
gina-fiore,Gina Fiore,Gina Fiore,halo-3,halo-3,1,halo-3,0,0,False
gina-kirkland,Gina Kirkland,Gina Kirkland,halo-mcc-2021,halo-infinite,2,halo-mcc-2021|halo-infinite,0,0,False
ginny-baldwin,Ginny Baldwin,Ginny Baldwin,halo-3,halo-3-odst,2,halo-3|halo-3-odst,2,2,False
gio-coutinho,Gio Coutinho,Gio Coutinho,halo-infinite,halo-infinite,1,halo-infinite,0,0,False
gio-raphael-burgos,Gio Raphael Burgos,Gio Raphael Burgos,halo-mcc,halo-mcc,1,halo-mcc,0,0,False
giorgio-grecu,Giorgio Grecu,Giorgio Grecu,halo-3,halo-3,1,halo-3,0,0,False
giorgio-pasculli,Giorgio Pasculli,Giorgio Pasculli,halo-campaign-evolved,halo-campaign-evolved,1,halo-campaign-evolved,0,0,False
giovanni-simonato,Giovanni Simonato,Giovanni Simonato,halo-infinite,halo-infinite,1,halo-infinite,0,0,False
giuliano-salvatore,Giuliano Salvatore,Giuliano Salvatore,halo-campaign-evolved,halo-campaign-evolved,1,halo-campaign-evolved,0,0,False
glen-swarts,Glen Swarts,Glen Swarts,halo-mcc,halo-mcc,1,halo-mcc,0,0,False
glenn-israel,Glenn Israel,Glenn Israel,halo-3-odst,halo-infinite,4,halo-3-odst|halo-4|halo-5|halo-infinite,12,6,False
glenn-watson,Glenn Watson,Glenn Watson,halo-5,halo-5,1,halo-5,0,0,False
glenson-abao,Glenson Abao,Glenson Abao,halo-infinite,halo-infinite,1,halo-infinite,0,0,False
glory-robinson,Glory Robinson,Glory Robinson,halo-infinite,halo-infinite,1,halo-infinite,0,0,False
glyn-robinson,Glyn Robinson,Glyn Robinson,halo-infinite,halo-infinite,1,halo-infinite,0,0,False
go-endo,Go Endo,Go Endo,halo-campaign-evolved,halo-campaign-evolved,1,halo-campaign-evolved,0,0,False
go-komatsu,Go Komatsu,Go Komatsu,halo-3,halo-cea,3,halo-3|halo-3-odst|halo-cea,4,2,False
gohar-kanungo,Gohar Kanungo,Gohar Kanungo,halo-5,halo-infinite,2,halo-5|halo-infinite,6,6,False
gong-zhengang,Gong Zhengang,Gong Zhengang,halo-campaign-evolved,halo-campaign-evolved,1,halo-campaign-evolved,0,0,False
gonzalo-suarez,Gonzalo Suárez,Gonzalo Suárez,halo-infinite,halo-campaign-evolved,2,halo-infinite|halo-campaign-evolved,5,5,False
gordon-alexander,Gordon Alexander,Gordon Alexander,halo-cea,halo-cea,1,halo-cea,0,0,False
gordon-biggans,Gordon Biggans,Gordon Biggans,halo-mcc,halo-mcc,1,halo-mcc,0,0,False
gordon-lee,Gordon Lee,Gordon Lee,halo-reach,halo-reach,1,halo-reach,0,0,False
gouen-lee,Gouen Lee,Gouen Lee,halo-5,halo-5,1,halo-5,0,0,False
grace-tuoheykay,Grace Tuohey-Kay,Grace Tuohey-Kay,halo-infinite,halo-infinite,1,halo-infinite,0,0,False
graeme-fotheringham,Graeme Fotheringham,Graeme Fotheringham,halo-campaign-evolved,halo-campaign-evolved,1,halo-campaign-evolved,0,0,False
graeme-jennings,Graeme Jennings,Graeme Jennings,halo-4,halo-4,1,halo-4,0,0,False
graeme-mccormack,Graeme McCormack,Graeme McCormack,halo-mcc,halo-mcc,1,halo-mcc,0,0,False
graeme-revell,Graeme Revell,Graeme Revell,halo-3,halo-3,1,halo-3,0,0,False
graham-bartlett,Graham Bartlett,Graham Bartlett,halo-2,halo-reach,4,halo-2|halo-3|halo-3-odst|halo-reach,6,3,False
graham-donnelly,Graham Donnelly,Graham Donnelly,halo-infinite,halo-infinite,1,halo-infinite,0,0,False
graham-hughes,Graham Hughes,Graham Hughes,halo-mcc-2021,halo-mcc-2021,1,halo-mcc-2021,0,0,False
grant-johnson,Grant Johnson,Grant Johnson,halo-campaign-evolved,halo-campaign-evolved,1,halo-campaign-evolved,0,0,False
grant-lewis,Grant Lewis,Grant Lewis,halo-infinite,halo-infinite,1,halo-infinite,0,0,False
graylin-johnson,Graylin Johnson,Graylin Johnson,halo-infinite,halo-infinite,1,halo-infinite,0,0,False
grayson-hughbanks,Grayson Hughbanks,Grayson Hughbanks,halo-infinite,halo-infinite,1,halo-infinite,0,0,False
greg-b-jones,Greg Jones,Greg Jones,halo-4,halo-4,1,halo-4,0,0,False
greg-clayton,Greg Clayton,Greg Clayton,halo-mcc-2021,halo-mcc-2021,1,halo-mcc-2021,0,0,False
greg-cox,Greg Cox,Greg Cox,halo-4,halo-infinite,3,halo-4|halo-5|halo-infinite,9,6,False
greg-dennen,Greg Dennen,Greg Dennen,halo-4,halo-4,1,halo-4,0,0,False
greg-grunberg,Greg Grunberg,Greg Grunberg,halo-reach,halo-campaign-evolved,2,halo-reach|halo-campaign-evolved,16,16,False
greg-hermann,Greg Hermann,Greg Hermann,halo-3-odst,halo-campaign-evolved,8,halo-3-odst|halo-reach|halo-cea|halo-4|halo-mcc|halo-mcc-2021|halo-infinite|halo-campaign-evolved,17,7,False
greg-maclean,Greg MacLean,Greg MacLean,halo-infinite,halo-infinite,1,halo-infinite,0,0,False
greg-mattson,Greg Mattson,Greg Mattson,halo-reach,halo-reach,1,halo-reach,0,0,False
greg-mintus,Greg Mintus,Greg Mintus,halo-4,halo-4,1,halo-4,0,0,False
greg-sevilla,Greg Sevilla,Greg Sevilla|Gregrey Sevilla,halo-mcc,halo-mcc,1,halo-mcc,0,0,False
greg-snook,Greg Snook,Greg Snook,halo-2,halo-5,4,halo-2|halo-3|halo-4|halo-5,11,5,False
greg-stone,Greg Stone,Greg Stone|Gregory Stone,halo-infinite,halo-infinite,1,halo-infinite,0,0,False
greg-tinga,Greg Tinga,Greg Tinga,halo-infinite,halo-infinite,1,halo-infinite,0,0,False
greg-towner,Greg Towner,Greg Towner,halo-5,halo-infinite,2,halo-5|halo-infinite,6,6,False
gregg-barbanell,Gregg Barbanell,Gregg Barbanell,halo-mcc,halo-mcc,1,halo-mcc,0,0,False
gregor-hofer,Gregor Hofer,Gregor Hofer,halo-infinite,halo-infinite,1,halo-infinite,0,0,False
gregory-andolshek,Gregory Andolshek,Gregory Andolshek,halo-5,halo-5,1,halo-5,0,0,False
gregory-haas,Greg Haas,Greg Haas|Gregory Hass|Gregory Haas,halo-mcc-2021,halo-campaign-evolved,3,halo-mcc-2021|halo-infinite|halo-campaign-evolved,5,5,False
gregory-j-gordon,Gregory J. Gordon,Gregory J. Gordon,halo-cea,halo-cea,1,halo-cea,0,0,False
gregory-j-hester,Gregory J. Hester,Gregory J. Hester,halo-reach,halo-reach,1,halo-reach,0,0,False
gregory-keefe,Gregory Keefe,Gregory Keefe,halo-mcc-2021,halo-mcc-2021,1,halo-mcc-2021,0,0,False
gregory-murphy,Greg Murphy,Greg Murphy|Gregory Murphy,halo-4,halo-campaign-evolved,4,halo-4|halo-5|halo-infinite|halo-campaign-evolved,14,6,False
gregory-peebles,Gregory Peebles,Gregory Peebles,halo-cea,halo-cea,1,halo-cea,0,0,False
gregory-shevtsov,Gregory Shevtsov,Gregory Shevtsov,halo-infinite,halo-infinite,1,halo-infinite,0,0,False
gretchen-spieler,Gretchen Spieler,Gretchen Spieler,halo-infinite,halo-infinite,1,halo-infinite,0,0,False
griff-jenkins,Griff Jenkins,Griff Jenkins,halo-mcc-2021,halo-mcc-2021,1,halo-mcc-2021,0,0,False
griffin-watson,Griffin Watson,Griffin Watson,halo-campaign-evolved,halo-campaign-evolved,1,halo-campaign-evolved,0,0,False
grishin-palem,Grishin Palem,Grishin Palem,halo-infinite,halo-campaign-evolved,2,halo-infinite|halo-campaign-evolved,5,5,False
gryphon-blazier,Gryphon Blazier,Gryphon Blazier,halo-campaign-evolved,halo-campaign-evolved,1,halo-campaign-evolved,0,0,False
grzegorz-biskup,Grzegorz Biskup,Grzegorz Biskup,halo-mcc-2021,halo-mcc-2021,1,halo-mcc-2021,0,0,False
grzegorz-kohorewicz,Grzegorz Kohorewicz,Grzegorz Kohorewicz,halo-infinite,halo-campaign-evolved,2,halo-infinite|halo-campaign-evolved,5,5,False
gu-yiren,Gu Yiren,Gu Yiren,halo-campaign-evolved,halo-campaign-evolved,1,halo-campaign-evolved,0,0,False
gu-zhengkai,Gu Zhengkai,Gu Zhengkai,halo-campaign-evolved,halo-campaign-evolved,1,halo-campaign-evolved,0,0,False
guan-yuchen,Guan Yuchen,Guan Yuchen,halo-campaign-evolved,halo-campaign-evolved,1,halo-campaign-evolved,0,0,False
gudushauri-giga,Gudushauri Giga,Gudushauri Giga,halo-campaign-evolved,halo-campaign-evolved,1,halo-campaign-evolved,0,0,False
gui-da-silva,Gui Da Silva,Gui Da Silva,halo-mcc,halo-mcc,1,halo-mcc,0,0,False
gui-zhuchen,Gui Zhuchen,Gui Zhuchen,halo-campaign-evolved,halo-campaign-evolved,1,halo-campaign-evolved,0,0,False
guilherme-carnevale,Guilherme Carnevale,Guilherme Carnevale,halo-infinite,halo-infinite,1,halo-infinite,0,0,False
guillaume-capitan,Guillaume Capitan,Guillaume Capitan,halo-campaign-evolved,halo-campaign-evolved,1,halo-campaign-evolved,0,0,False
guillaume-colomb,Guillaume Colomb,Guillaume Colomb,halo-5,halo-5,1,halo-5,0,0,False
guillermo-garduno,Guillermo Garduño,Guillermo Garduño,halo-infinite,halo-campaign-evolved,2,halo-infinite|halo-campaign-evolved,5,5,False
guirec-le-goff,Guirec Le Goff,Guirec Le Goff,halo-mcc-2018,halo-mcc-2018,1,halo-mcc-2018,0,0,False
gun-park,Gun Park,Gun Park,halo-mcc,halo-mcc,1,halo-mcc,0,0,False
gunnar-grismore,Gunnar Grismore,Gunnar Grismore,halo-infinite,halo-infinite,1,halo-infinite,0,0,False
gunner-tutokey,Gunner Tutokey,Gunner Tutokey,halo-mcc-2021,halo-campaign-evolved,3,halo-mcc-2021|halo-infinite|halo-campaign-evolved,5,5,False
guo-bohai,Guo Bohai,Guo Bohai,halo-campaign-evolved,halo-campaign-evolved,1,halo-campaign-evolved,0,0,False
guo-xin,Guo Xin,Guo Xin,halo-campaign-evolved,halo-campaign-evolved,1,halo-campaign-evolved,0,0,False
gus-beyer,Gus Beyer,Gus Beyer,halo-5,halo-5,1,halo-5,0,0,False
gus-sorola,Gus Sorola,Gus Sorola,halo-3,halo-3,1,halo-3,0,0,False
gustave-mashensic,Gustave Mashensic,Gustave Mashensic,halo-mcc-2021,halo-mcc-2021,1,halo-mcc-2021,0,0,False
gustavo-rasche,Gustavo Rasche,Gustavo Rasche,halo-4,halo-infinite,2,halo-4|halo-infinite,9,9,False
guy-de-woolfson,Guy De Woolfson,Guy De Woolfson,halo-infinite,halo-infinite,1,halo-infinite,0,0,False
gyorgy-fabos,György Fábos,György Fábos,halo-campaign-evolved,halo-campaign-evolved,1,halo-campaign-evolved,0,0,False
gyorgy-janossy,György Jánossy,György Jánossy,halo-campaign-evolved,halo-campaign-evolved,1,halo-campaign-evolved,0,0,False
gyorgy-takacs,György Takács,György Takács,halo-campaign-evolved,halo-campaign-evolved,1,halo-campaign-evolved,0,0,False
gyorgy-toth,György Tóth,György Tóth,halo-campaign-evolved,halo-campaign-evolved,1,halo-campaign-evolved,0,0,False
ha-thai-bao,Ha Thai Bao,Ha Thai Bao,halo-campaign-evolved,halo-campaign-evolved,1,halo-campaign-evolved,0,0,False
hadobas-szilard,Hadobás Szilárd,Hadobás Szilárd,halo-campaign-evolved,halo-campaign-evolved,1,halo-campaign-evolved,0,0,False
haeyong-cho,Haeyong Cho,Haeyong Cho,halo-4,halo-4,1,halo-4,0,0,False
haeyong-gho,Haeyong Gho,Haeyong Gho,halo-4,halo-4,1,halo-4,0,0,False
hajnalka-horvath,Hajnalka Horváth,Hajnalka Horváth,halo-campaign-evolved,halo-campaign-evolved,1,halo-campaign-evolved,0,0,False
hakeem-kae-kazin,Hakim Kazim,Hakim Kazim|Hakeem Kae-Kazim|Hakeem Kae Kazin,halo-3-odst,halo-reach,2,halo-3-odst|halo-reach,1,1,False
haley-campbell,Haley Campbell,Haley Campbell,halo-infinite,halo-infinite,1,halo-infinite,0,0,False
hamilton-camp,Hamilton Camp,Hamilton Camp,halo-2,halo-2,1,halo-2,0,0,False
hamilton-chu,Hamilton Chu,Hamilton Chu,halo-ce,halo-2,2,halo-ce|halo-2,3,3,False
hamish-mitchell,Hamish Mitchell,Hamish Mitchell,halo-infinite,halo-infinite,1,halo-infinite,0,0,False
hamou-nessib,Hamou Nessib,Hamou Nessib,halo-mcc,halo-mcc,1,halo-mcc,0,0,False
han-chenjia,Han Chenjia,Han Chenjia,halo-campaign-evolved,halo-campaign-evolved,1,halo-campaign-evolved,0,0,False
han-wanni,Han Wanni,Han Wanni,halo-campaign-evolved,halo-campaign-evolved,1,halo-campaign-evolved,0,0,False
hanhee-lee,Hanhee Lee,Hanhee Lee|Hanhee Hailey Lee,halo-5,halo-5,1,halo-5,0,0,False
hanna-dvoinikova,Hanna Dvoinikova,Hanna Dvoinikova,halo-campaign-evolved,halo-campaign-evolved,1,halo-campaign-evolved,0,0,False
hanna-harmon,Hanna Harmon,Hanna Harmon,halo-campaign-evolved,halo-campaign-evolved,1,halo-campaign-evolved,0,0,False
hanna-vartok,Hanna Vártok,Hanna Vártok,halo-campaign-evolved,halo-campaign-evolved,1,halo-campaign-evolved,0,0,False
hannah-russ,Hannah Russ,Hannah Russ,halo-infinite,halo-infinite,1,halo-infinite,0,0,False
hannah-viera,Hannah Viera,Hannah Viera,halo-infinite,halo-infinite,1,halo-infinite,0,0,False
hans-altwies,Hans Altwies,Hans Altwies|Hans Altweis,halo-reach,halo-reach,1,halo-reach,0,0,False
hans-benson,Hans Benson,Hans Benson,halo-2,halo-2,1,halo-2,0,0,False
hao-chen,Hao Chen,Hao Chen,halo-2,halo-reach,4,halo-2|halo-3|halo-3-odst|halo-reach,6,3,False
hao-han,Hao Han,Hao Han,halo-campaign-evolved,halo-campaign-evolved,1,halo-campaign-evolved,0,0,False
hardy-lebel,Hardy LeBel,Hardy LeBel|Hardy F. LeBel Sr.,halo-ce,halo-2,2,halo-ce|halo-2,3,3,False
harish-kumar-chandrappa,Harish Kumar Chandrappa,Harish Kumar Chandrappa,halo-mcc,halo-mcc,1,halo-mcc,0,0,False
harita-tipparaju,Harita Tipparaju,Harita Tipparaju,halo-mcc,halo-5,2,halo-mcc|halo-5,1,1,False
hark-singh,Hark Singh,Hark Singh,halo-infinite,halo-infinite,1,halo-infinite,0,0,False
harold-hirsch,Harold Hirsch,Harold Hirsch,halo-5,halo-infinite,2,halo-5|halo-infinite,6,6,False
harold-lamb,Harold Lamb,Harold Lamb,halo-3,halo-3,1,halo-3,0,0,False
harold-ryan,Harold Ryan,Harold Ryan,halo-ce,halo-reach,5,halo-ce|halo-2|halo-3|halo-3-odst|halo-reach,9,3,False
harpreet-gill,Harpreet Gill,Harpreet Gill,halo-3,halo-3,1,halo-3,0,0,False
harrison-garvin,Harrison Garvin,Harrison Garvin,halo-infinite,halo-infinite,1,halo-infinite,0,0,False
harrison-magby,Harrison Magby,Harrison Magby,halo-infinite,halo-campaign-evolved,2,halo-infinite|halo-campaign-evolved,5,5,False
harrison-mulder,Harrison Mulder,Harrison Mulder,halo-infinite,halo-infinite,1,halo-infinite,0,0,False
harrison-post,Harrison Post,Harrison Post,halo-mcc-2021,halo-mcc-2021,1,halo-mcc-2021,0,0,False
harry-gray,Harry Gray,Harry Gray,halo-campaign-evolved,halo-campaign-evolved,1,halo-campaign-evolved,0,0,False
harry-patel,Harry Patel,Harry Patel,halo-campaign-evolved,halo-campaign-evolved,1,halo-campaign-evolved,0,0,False
harry-shen,Harry Shen,Harry Shen,halo-infinite,halo-infinite,1,halo-infinite,0,0,False
hayden-gibson,Hayden Gibson,Hayden Gibson,halo-infinite,halo-infinite,1,halo-infinite,0,0,False
hayden-jackson,Hayden Jackson,Hayden Jackson,halo-infinite,halo-infinite,1,halo-infinite,0,0,False
hayley-perkins,Hayley Perkins,Hayley Perkins,halo-mcc,halo-mcc,1,halo-mcc,0,0,False
hazel-whorley,Hazel Whorley,Hazel Whorley,halo-4,halo-4,1,halo-4,0,0,False
he-jialin,He Jialin,He Jialin,halo-campaign-evolved,halo-campaign-evolved,1,halo-campaign-evolved,0,0,False
he-jianlin,He Jianlin,He Jianlin,halo-campaign-evolved,halo-campaign-evolved,1,halo-campaign-evolved,0,0,False
he-junqi,He Junqi,He Junqi,halo-campaign-evolved,halo-campaign-evolved,1,halo-campaign-evolved,0,0,False
he-lang,He Lang,He Lang,halo-campaign-evolved,halo-campaign-evolved,1,halo-campaign-evolved,0,0,False
he-lili,He Lili,He Lili,halo-campaign-evolved,halo-campaign-evolved,1,halo-campaign-evolved,0,0,False
he-maolin,He Maolin,He Maolin,halo-campaign-evolved,halo-campaign-evolved,1,halo-campaign-evolved,0,0,False
he-qichen,He Qichen,He Qichen,halo-campaign-evolved,halo-campaign-evolved,1,halo-campaign-evolved,0,0,False
he-rui,He Rui,He Rui,halo-campaign-evolved,halo-campaign-evolved,1,halo-campaign-evolved,0,0,False
he-yinian,He Yinian,He Yinian,halo-campaign-evolved,halo-campaign-evolved,1,halo-campaign-evolved,0,0,False
he-zhaoxing,He Zhaoxing,He Zhaoxing,halo-campaign-evolved,halo-campaign-evolved,1,halo-campaign-evolved,0,0,False
he-zhiqiang,He Zhiqiang,He Zhiqiang,halo-infinite,halo-infinite,1,halo-infinite,0,0,False
heather-dyer,Heather Dyer,Heather Dyer,halo-infinite,halo-infinite,1,halo-infinite,0,0,False
hector-correa,Hector Correa,Hector Correa,halo-infinite,halo-infinite,1,halo-infinite,0,0,False
hector-rivera-jr,Hector Rivera Jr,Hector Rivera Jr,halo-infinite,halo-infinite,1,halo-infinite,0,0,False
heidi-waterman,Heidi Waterman,Heidi Waterman,halo-mcc,halo-mcc,1,halo-mcc,0,0,False
heidi-wilcox,Heidi Wilcox,Heidi Wilcox,halo-mcc,halo-mcc,1,halo-mcc,0,0,False
helen-g-addis,Helen Addis,Helen Addis|Helen G. Addis,halo-mcc,halo-5,2,halo-mcc|halo-5,1,1,False
helena-barrett,Helena Barrett,Helena Barrett,halo-5,halo-5,1,halo-5,0,0,False
henri-tan,Henri Tan,Henri Tan,halo-5,halo-infinite,2,halo-5|halo-infinite,6,6,False
henry-h-somuah,Henry H Somuah,Henry H Somuah,halo-mcc,halo-mcc,1,halo-mcc,0,0,False
henry-halvorson,Henry Halvorson,Henry Halvorson,halo-infinite,halo-infinite,1,halo-infinite,0,0,False
henry-winder,Henry Winder,Henry Winder,halo-mcc-2021,halo-mcc-2021,1,halo-mcc-2021,0,0,False
henry-yu,Henry Yu,Henry Yu,halo-mcc,halo-mcc,1,halo-mcc,0,0,False
hideki-yamashita,Hideki Yamashita,Hideki Yamashita,halo-cea,halo-cea,1,halo-cea,0,0,False
hillary-thomas,Hillary Thomas,Hillary Thomas,halo-4,halo-4,1,halo-4,0,0,False
hirak-banerjee,Hirak Banerjee,Hirak Banerjee,halo-infinite,halo-infinite,1,halo-infinite,0,0,False
hiroki-kobayashi,Hiroki Kobayashi,Hiroki Kobayashi,halo-2,halo-2,1,halo-2,0,0,False
hironobu-kikuchi,Hironobu Kikuchi,Hironobu Kikuchi,halo-infinite,halo-infinite,1,halo-infinite,0,0,False
hlib-sitnichenko,Hlib Sitnichenko,Hlib Sitnichenko,halo-campaign-evolved,halo-campaign-evolved,1,halo-campaign-evolved,0,0,False
hnedel-maximore,Hnedel Maximore,Hnedel Maximore,halo-mcc,halo-mcc,1,halo-mcc,0,0,False
ho-huu-tien,Ho Huu Tien,Ho Huu Tien,halo-campaign-evolved,halo-campaign-evolved,1,halo-campaign-evolved,0,0,False
hoang-kieu-trang,Hoang Kieu Trang,Hoang Kieu Trang,halo-campaign-evolved,halo-campaign-evolved,1,halo-campaign-evolved,0,0,False
holden-harrison,Holden Harrison,Holden Harrison,halo-mcc-2021,halo-mcc-2021,1,halo-mcc-2021,0,0,False
hollis-lehv,Hollis Lehv,Hollis Lehv,halo-infinite,halo-infinite,1,halo-infinite,0,0,False
holly-barbacovi,Holly Barbacovi,Holly Barbacovi,halo-mcc,halo-5,2,halo-mcc|halo-5,1,1,False
holly-cha,Holly Cha,Holly Cha,halo-campaign-evolved,halo-campaign-evolved,1,halo-campaign-evolved,0,0,False
holly-chaney,Holly Chaney,Holly Chaney,halo-mcc-2021,halo-mcc-2021,1,halo-mcc-2021,0,0,False
honey-vela-wiltse,Honey Vela Wiltse,Honey Vela Wiltse,halo-infinite,halo-campaign-evolved,2,halo-infinite|halo-campaign-evolved,5,5,False
hong-hyun-ki,Hong Hyun Ki,Hong Hyun Ki,halo-campaign-evolved,halo-campaign-evolved,1,halo-campaign-evolved,0,0,False
hongwei-david-liu,Hong-Wei David Liu,Hong-Wei David Liu,halo-reach,halo-4,2,halo-reach|halo-4,2,2,False
hongwen-huai,Hongwen Huai,Hongwen Huai,halo-5,halo-5,1,halo-5,0,0,False
hoop-somuah,Hoop Somuah,Hoop Somuah,halo-4,halo-5,2,halo-4|halo-5,3,3,False
horia-dociu,Horia Dociu,Horia Dociu,halo-mcc-2021,halo-infinite,2,halo-mcc-2021|halo-infinite,0,0,False
hortense-gambino,Hortense Gambino,Hortense Gambino,halo-campaign-evolved,halo-campaign-evolved,1,halo-campaign-evolved,0,0,False
hou-yushan,Hou Yushan,Hou Yushan,halo-campaign-evolved,halo-campaign-evolved,1,halo-campaign-evolved,0,0,False
howard-coulby,Howard Coulby,Howard Coulby,halo-4,halo-infinite,3,halo-4|halo-5|halo-infinite,9,6,False
howard-schargel,Howard Schargel,Howard Schargel,halo-4,halo-4,1,halo-4,0,0,False
hr-manager,HR Manager,HR Manager,halo-mcc-2021,halo-mcc-2021,1,halo-mcc-2021,0,0,False
hu-hongfei,Hu Hongfei,Hu Hongfei,halo-campaign-evolved,halo-campaign-evolved,1,halo-campaign-evolved,0,0,False
hu-huayu,Hu Huayu,Hu Huayu,halo-campaign-evolved,halo-campaign-evolved,1,halo-campaign-evolved,0,0,False
hu-long,Hu Long,Hu Long,halo-campaign-evolved,halo-campaign-evolved,1,halo-campaign-evolved,0,0,False
hu-rui,Hu Rui,Hu Rui,halo-campaign-evolved,halo-campaign-evolved,1,halo-campaign-evolved,0,0,False
hu-tao,Hu Tao,Hu Tao,halo-campaign-evolved,halo-campaign-evolved,1,halo-campaign-evolved,0,0,False
hu-xiaowen,Hu Xiaowen,Hu Xiaowen,halo-campaign-evolved,halo-campaign-evolved,1,halo-campaign-evolved,0,0,False
hu-yongliang,Hu Yongliang,Hu Yongliang,halo-campaign-evolved,halo-campaign-evolved,1,halo-campaign-evolved,0,0,False
hu-yuanyuan,Hu Yuanyuan,Hu Yuanyuan,halo-campaign-evolved,halo-campaign-evolved,1,halo-campaign-evolved,0,0,False
huang-jiaqi,Huang Jiaqi,Huang Jiaqi,halo-campaign-evolved,halo-campaign-evolved,1,halo-campaign-evolved,0,0,False
huang-tianchen,Huang Tianchen,Huang Tianchen,halo-campaign-evolved,halo-campaign-evolved,1,halo-campaign-evolved,0,0,False
huang-weifei,Huang Weifei,Huang Weifei,halo-campaign-evolved,halo-campaign-evolved,1,halo-campaign-evolved,0,0,False
huang-wenmin,Huang Wenmin,Huang Wenmin,halo-infinite,halo-infinite,1,halo-infinite,0,0,False
huang-yanuo,Huang Yanuo,Huang Yanuo,halo-campaign-evolved,halo-campaign-evolved,1,halo-campaign-evolved,0,0,False
huang-yi,Huang Yi,Huang Yi,halo-campaign-evolved,halo-campaign-evolved,1,halo-campaign-evolved,0,0,False
huang-yuming,Huang Yuming,Huang Yuming,halo-campaign-evolved,halo-campaign-evolved,1,halo-campaign-evolved,0,0,False
hudson-martins,Hudson Martins,Hudson Martins,halo-infinite,halo-infinite,1,halo-infinite,0,0,False
hugh-sider,Hugh Sider,Hugh Sider,halo-4,halo-4,1,halo-4,0,0,False
hugo-mares,Hugo Mares,Hugo Mares|Hugo Gutierrez Mares,halo-infinite,halo-infinite,1,halo-infinite,0,0,False
humberto-castaneda,Humberto Castañeda,Humberto Castañeda|Humberto Castaneda,halo-4,halo-mcc,2,halo-4|halo-mcc,2,2,False
hunghsi-chen,Hung-Hsi Chen,Hung-Hsi Chen,halo-2,halo-2,1,halo-2,0,0,False
hunter-derrick,Hunter Derrick,Hunter Derrick,halo-infinite,halo-campaign-evolved,2,halo-infinite|halo-campaign-evolved,5,5,False
hunter-kent,Hunter Kent,Hunter Kent,halo-mcc,halo-mcc,1,halo-mcc,0,0,False
hunter-schline,Hunter Schline,Hunter Schline,halo-mcc-2021,halo-infinite,2,halo-mcc-2021|halo-infinite,0,0,False
hunter-von-dehn,Hunter von Dehn,Hunter von Dehn,halo-mcc,halo-5,2,halo-mcc|halo-5,1,1,False
hunter-young,Hunter Young,Hunter Young,halo-infinite,halo-infinite,1,halo-infinite,0,0,False
huynh-do-hieu-hanh,Huynh Do Hieu Hanh,Huynh Do Hieu Hanh,halo-campaign-evolved,halo-campaign-evolved,1,halo-campaign-evolved,0,0,False
huynh-duy-khanh,Huynh Duy Khanh,Huynh Duy Khanh,halo-campaign-evolved,halo-campaign-evolved,1,halo-campaign-evolved,0,0,False
huynh-kim-chi,Huynh Kim Chi,Huynh Kim Chi,halo-campaign-evolved,halo-campaign-evolved,1,halo-campaign-evolved,0,0,False
huynh-tan-phat,Huynh Tan Phat,Huynh Tan Phat,halo-campaign-evolved,halo-campaign-evolved,1,halo-campaign-evolved,0,0,False
huynh-thi-hong-ngan,Huynh Thi Hong Ngan,Huynh Thi Hong Ngan,halo-campaign-evolved,halo-campaign-evolved,1,halo-campaign-evolved,0,0,False
hyung-kim,Hyung Kim,Hyung Kim,halo-infinite,halo-infinite,1,halo-infinite,0,0,False
i-fan-hsieh,I Fan Hsieh,I Fan Hsieh,halo-campaign-evolved,halo-campaign-evolved,1,halo-campaign-evolved,0,0,False
iain-farrington,Iain Farrington,Iain Farrington,halo-5,halo-5,1,halo-5,0,0,False
iain-forsyth,Iain Forsyth,Iain Forsyth,halo-mcc-2021,halo-mcc-2021,1,halo-mcc-2021,0,0,False
ian-atherton,Ian Atherton,Ian Atherton,halo-infinite,halo-infinite,1,halo-infinite,0,0,False
ian-barniskis,Ian Barniskis,Ian Barniskis,halo-infinite,halo-infinite,1,halo-infinite,0,0,False
ian-blough,Ian Blough,Ian Blough,halo-mcc,halo-mcc,1,halo-mcc,0,0,False
ian-burdge,Ian Burdge,Ian Burdge,halo-5,halo-5,1,halo-5,0,0,False
ian-charles-eller,Ian Eller,Ian Eller|Ian Charles Eller,halo-cea,halo-4,2,halo-cea|halo-4,1,1,False
ian-cox,Ian Cox,Ian Cox,halo-infinite,halo-infinite,1,halo-infinite,0,0,False
ian-dela-cruz,Ian Dela Cruz,Ian Dela Cruz,halo-infinite,halo-infinite,1,halo-infinite,0,0,False
ian-froning,Ian Froning,Ian Froning,halo-mcc-2021,halo-infinite,2,halo-mcc-2021|halo-infinite,0,0,False
ian-galvin,Ian Galvin,Ian Galvin,halo-infinite,halo-infinite,1,halo-infinite,0,0,False
ian-gargle,Ian Gargle,Ian Gargle,halo-infinite,halo-infinite,1,halo-infinite,0,0,False
ian-girard,Ian Girard,Ian Girard,halo-mcc-2021,halo-mcc-2021,1,halo-mcc-2021,0,0,False
ian-goldsmith,Ian Goldsmith,Ian Goldsmith,halo-infinite,halo-infinite,1,halo-infinite,0,0,False
ian-holt,Ian Holt,Ian Holt,halo-mcc-2021,halo-mcc-2021,1,halo-mcc-2021,0,0,False
ian-humphries,Ian Humphries,Ian Humphries,halo-5,halo-5,1,halo-5,0,0,False
ian-jones,Ian Jones,Ian Jones,halo-4,halo-infinite,3,halo-4|halo-5|halo-infinite,9,6,False
ian-kirby,Ian Kirby,Ian Kirby,halo-cea,halo-cea,1,halo-cea,0,0,False
ian-mccall,Ian McCall,Ian McCall,halo-infinite,halo-infinite,1,halo-infinite,0,0,False
ian-michael-guevarra,Ian Michael Guevarra,Ian Michael Guevarra,halo-mcc-2021,halo-mcc-2021,1,halo-mcc-2021,0,0,False
ian-moore,Ian Moore,Ian Moore,halo-mcc-2021,halo-mcc-2021,1,halo-mcc-2021,0,0,False
ian-ralph-slutz,Ian Slutz,Ian Slutz|Ian Ralph Slutz,halo-infinite,halo-campaign-evolved,2,halo-infinite|halo-campaign-evolved,5,5,False
ian-reichertwatts,Ian Reichert-Watts,Ian Reichert-Watts,halo-infinite,halo-infinite,1,halo-infinite,0,0,False
ian-robertson,Ian Robertson,Ian Robertson,halo-mcc,halo-mcc,1,halo-mcc,0,0,False
ian-ryan,Ian Ryan,Ian Ryan,halo-4,halo-mcc,2,halo-4|halo-mcc,2,2,False
ian-saterdalen,Ian Saterdalen,Ian Saterdalen,halo-infinite,halo-infinite,1,halo-infinite,0,0,False
ian-savage,Ian Savage,Ian Savage,halo-infinite,halo-infinite,1,halo-infinite,0,0,False
ian-schmidt,Ian Schmidt,Ian Schmidt,halo-infinite,halo-infinite,1,halo-infinite,0,0,False
ian-taylor,Ian Taylor,Ian Taylor,halo-infinite,halo-infinite,1,halo-infinite,0,0,False
ian-vogel,Ian Vogel,Ian Vogel,halo-4,halo-4,1,halo-4,0,0,False
ian-walsh,Ian Walsh,Ian Walsh,halo-2,halo-cea,3,halo-2|halo-3-odst|halo-cea,7,5,False
igor-alexandrov,Igor Alexandrov,Igor Alexandrov,halo-mcc-2021,halo-mcc-2021,1,halo-mcc-2021,0,0,False
igor-andreev,Igor Andreev,Igor Andreev,halo-mcc-2021,halo-mcc-2021,1,halo-mcc-2021,0,0,False
igor-budalovskiy,Igor Budalovskiy,Igor Budalovskiy,halo-cea,halo-cea,1,halo-cea,0,0,False
igor-frolov,Igor Frolov,Igor Frolov,halo-mcc-2021,halo-mcc-2021,1,halo-mcc-2021,0,0,False
igor-gorkovenko,Igor Gorkovenko,Igor Gorkovenko,halo-infinite,halo-infinite,1,halo-infinite,0,0,False
igor-kochnev,Igor Kochnev,Igor Kochnev,halo-mcc,halo-mcc,1,halo-mcc,0,0,False
igor-kolyshkin,Igor Kolyshkin,Igor Kolyshkin,halo-infinite,halo-infinite,1,halo-infinite,0,0,False
igor-kondratenko,Igor Kondratenko,Igor Kondratenko,halo-mcc,halo-mcc,1,halo-mcc,0,0,False
igor-kushvid,Igor Kushvid,Igor Kushvid,halo-infinite,halo-infinite,1,halo-infinite,0,0,False
igor-kuzmin,Igor Kuzmin,Igor Kuzmin,halo-5,halo-5,1,halo-5,0,0,False
igor-ostanin,Igor Ostanin,Igor Ostanin,halo-infinite,halo-infinite,1,halo-infinite,0,0,False
igor-reshetnikov,Igor Reshetnikov,Igor Reshetnikov,halo-infinite,halo-infinite,1,halo-infinite,0,0,False
igor-sokolov,Igor Sokolov,Igor Sokolov,halo-infinite,halo-infinite,1,halo-infinite,0,0,False
ihsu-yoon,Ihsu Yoon,Ihsu Yoon,halo-mcc,halo-mcc,1,halo-mcc,0,0,False
ike-amadi,Ike Amadi,Ike Amadi|Ikechukwu Prince Amadi,halo-5,halo-infinite,2,halo-5|halo-infinite,6,6,False
ike-mclaughlin,Ike McLaughlin,Ike McLaughlin,halo-mcc-2021,halo-mcc-2021,1,halo-mcc-2021,0,0,False
ilana-franklin,Ilana Franklin,Ilana Franklin,halo-infinite,halo-infinite,1,halo-infinite,0,0,False
ilia-soskin,Ilia Soskin,Ilia Soskin,halo-mcc-2021,halo-mcc-2021,1,halo-mcc-2021,0,0,False
iliya-babayan,Iliya Babayan,Iliya Babayan,halo-infinite,halo-infinite,1,halo-infinite,0,0,False
ilnar-bikmaev,Ilnar Bikmaev,Ilnar Bikmaev,halo-infinite,halo-infinite,1,halo-infinite,0,0,False
ilya-babichev,Ilya Babichev,Ilya Babichev,halo-infinite,halo-infinite,1,halo-infinite,0,0,False
ilya-belyy,Ilya Belyy,Ilya Belyy,halo-mcc,halo-mcc,1,halo-mcc,0,0,False
ilya-glushchenko,Ilya Glushchenko,Ilya Glushchenko,halo-infinite,halo-infinite,1,halo-infinite,0,0,False
ilya-klimko,Ilya Klimko,Ilya Klimko,halo-mcc-2021,halo-mcc-2021,1,halo-mcc-2021,0,0,False
ilya-kormin,Ilya Kormin,Ilya Kormin,halo-mcc,halo-mcc,1,halo-mcc,0,0,False
ilya-kulshin,Ilya Kulshin,Ilya Kulshin|Ilya Kushin,halo-mcc-2021,halo-infinite,2,halo-mcc-2021|halo-infinite,0,0,False
ilya-kuzmichev,Ilya Kuzmichev,Ilya Kuzmichev,halo-mcc,halo-mcc,1,halo-mcc,0,0,False
ilya-makarov,Ilya Makarov,Ilya Makarov,halo-infinite,halo-infinite,1,halo-infinite,0,0,False
ilya-ovchinnikov,Ilya Ovchinnikov,Ilya Ovchinnikov,halo-mcc,halo-mcc,1,halo-mcc,0,0,False
ilya-pavlov,Ilya Pavlov,Ilya Pavlov,halo-infinite,halo-infinite,1,halo-infinite,0,0,False
ilya-safonov,Ilya Safonov,Ilya Safonov,halo-mcc-2021,halo-mcc-2021,1,halo-mcc-2021,0,0,False
ilya-vasilev,Ilya Vasilev,Ilya Vasilev,halo-infinite,halo-infinite,1,halo-infinite,0,0,False
imari-williams,Imari Williams,Imari Williams,halo-infinite,halo-infinite,1,halo-infinite,0,0,False
imran-goychayev,Imran Goychayev,Imran Goychayev,halo-3,halo-3,1,halo-3,0,0,False
imre-toke,Imre Tőke,Imre Tőke,halo-campaign-evolved,halo-campaign-evolved,1,halo-campaign-evolved,0,0,False
in-goo-kwon,In Goo Kwon,In Goo Kwon|In Goo Kwan,halo-2,halo-3-odst,3,halo-2|halo-3|halo-3-odst,5,3,False
in-young-yang,In Young Yang,In Young Yang,halo-4,halo-4,1,halo-4,0,0,False
india-zak,India Zak,India Zak,halo-5,halo-5,1,halo-5,0,0,False
ines-ruiz-rodriguez,Inés Ruiz Rodríguez,Inés Ruiz Rodríguez,halo-mcc-2021,halo-mcc-2021,1,halo-mcc-2021,0,0,False
ingo-voparil,Ingo Voparil,Ingo Voparil,halo-2,halo-2,1,halo-2,0,0,False
inma-l-socias,Inma L. Socias,Inma L. Socias,halo-cea,halo-cea,1,halo-cea,0,0,False
inna-pendyur,Inna Pendyur,Inna Pendyur,halo-infinite,halo-infinite,1,halo-infinite,0,0,False
innes-brown,Innes Brown,Innes Brown,halo-campaign-evolved,halo-campaign-evolved,1,halo-campaign-evolved,0,0,False
inwook-yi,Inwook Yi,Inwook Yi,halo-campaign-evolved,halo-campaign-evolved,1,halo-campaign-evolved,0,0,False
ioan-dumitrescu,Ioan Dumitrescu,Ioan Dumitrescu,halo-mcc,halo-mcc,1,halo-mcc,0,0,False
iona-preda,Iona Preda,Iona Preda|Ioana Preda,halo-4,halo-4,1,halo-4,0,0,False
ira-owens,Ira Owens,Ira Owens,halo-4,halo-4,1,halo-4,0,0,False
iran-de-la-rosa,Irán de la Rosa,Irán de la Rosa,halo-campaign-evolved,halo-campaign-evolved,1,halo-campaign-evolved,0,0,False
irene-weaver,Irene Weaver,Irene Weaver,halo-infinite,halo-infinite,1,halo-infinite,0,0,False
irene-zhu,Irene Zhu,Irene Zhu,halo-infinite,halo-infinite,1,halo-infinite,0,0,False
irina-pak,Irina Pak,Irina Pak,halo-infinite,halo-infinite,1,halo-infinite,0,0,False
irina-sergeeva,Irina Sergeeva,Irina Sergeeva,halo-infinite,halo-infinite,1,halo-infinite,0,0,False
iris-hager,Iris Hager,Iris Hager,halo-infinite,halo-infinite,1,halo-infinite,0,0,False
irving-zhang,Irving Zhang,Irving Zhang,halo-5,halo-5,1,halo-5,0,0,False
iryna-vishnetskaia,Iryna Vishnetskaia,Iryna Vishnetskaia,halo-campaign-evolved,halo-campaign-evolved,1,halo-campaign-evolved,0,0,False
isaac-bender,Isaac Bender,Isaac Bender,halo-mcc,halo-infinite,2,halo-mcc|halo-infinite,7,7,False
isaac-christian,Isaac Christian,Isaac Christian,halo-mcc,halo-mcc,1,halo-mcc,0,0,False
isaac-hannaford,Isaac Hannaford,Isaac Hannaford,halo-3,halo-reach,3,halo-3|halo-3-odst|halo-reach,3,2,False
isaac-hunt,Isaac Hunt,Isaac Hunt,halo-campaign-evolved,halo-campaign-evolved,1,halo-campaign-evolved,0,0,False
isaac-oster,Isaac Oster,Isaac Oster,halo-mcc,halo-mcc,1,halo-mcc,0,0,False
isaac-singleton,Isaac Singleton,Isaac Singleton|Isaac C. Singleton Jr.,halo-4,halo-infinite,2,halo-4|halo-infinite,9,9,False
isabel-martinez,Isabel Martínez,Isabel Martínez,halo-campaign-evolved,halo-campaign-evolved,1,halo-campaign-evolved,0,0,False
isabella-schiavoni,Isabella Schiavoni,Isabella Schiavoni,halo-campaign-evolved,halo-campaign-evolved,1,halo-campaign-evolved,0,0,False
isabelle-gould,Isabelle Gould,Isabelle Gould,halo-mcc-2021,halo-mcc-2021,1,halo-mcc-2021,0,0,False
isaiah-sanchez,Isaiah Sanchez,Isaiah Sanchez,halo-infinite,halo-infinite,1,halo-infinite,0,0,False
isha-sharma,Isha Sharma,Isha Sharma,halo-infinite,halo-infinite,1,halo-infinite,0,0,False
ishun-lo,I-Shun Lo,I-Shun Lo,halo-infinite,halo-infinite,1,halo-infinite,0,0,False
isobel-griffiths,Isobel Griffiths,Isobel Griffiths,halo-5,halo-5,1,halo-5,0,0,False
israel-hernandez,Israel Hernandez,Israel Hernandez,halo-campaign-evolved,halo-campaign-evolved,1,halo-campaign-evolved,0,0,False
israel-rodriguez,Israel Rodriguez,Israel Rodriguez,halo-5,halo-5,1,halo-5,0,0,False
istvan-draco-markolt,István Draco Markolt,István Draco Markolt,halo-campaign-evolved,halo-campaign-evolved,1,halo-campaign-evolved,0,0,False
istvan-kacsirek,István Kacsirek,István Kacsirek,halo-campaign-evolved,halo-campaign-evolved,1,halo-campaign-evolved,0,0,False
istvan-kovacs,István Kovács,István Kovács,halo-campaign-evolved,halo-campaign-evolved,1,halo-campaign-evolved,0,0,False
istvan-zorkoczy,István Zorkóczy,István Zorkóczy,halo-campaign-evolved,halo-campaign-evolved,1,halo-campaign-evolved,0,0,False
itzel-martinez,Itzel Martinez,Itzel Martinez,halo-infinite,halo-infinite,1,halo-infinite,0,0,False
iurii-ekimov,Iurii Ekimov,Iurii Ekimov,halo-mcc-2021,halo-mcc-2021,1,halo-mcc-2021,0,0,False
iurii-kurashov,Iurii Kurashov,Iurii Kurashov,halo-mcc-2021,halo-mcc-2021,1,halo-mcc-2021,0,0,False
iva-lindstrom,Iva Lindstrom,Iva Lindstrom,halo-mcc-2021,halo-infinite,2,halo-mcc-2021|halo-infinite,0,0,False
ivan-alaferov,Ivan Alaferov,Ivan Alaferov,halo-cea,halo-cea,1,halo-cea,0,0,False
ivan-andrianov,Ivan Andrianov,Ivan Andrianov,halo-cea,halo-cea,1,halo-cea,0,0,False
ivan-colon,Ivan Colon,Ivan Colon,halo-campaign-evolved,halo-campaign-evolved,1,halo-campaign-evolved,0,0,False
ivan-filin,Ivan Filin,Ivan Filin,halo-mcc-2021,halo-mcc-2021,1,halo-mcc-2021,0,0,False
ivan-fix,Ivan Fix,Ivan Fix,halo-cea,halo-mcc,2,halo-cea|halo-mcc,3,3,False
ivan-lebedev,Ivan Lebedev,Ivan Lebedev,halo-mcc-2021,halo-mcc-2021,1,halo-mcc-2021,0,0,False
ivan-leon,Ivan Leon,Ivan Leon,halo-campaign-evolved,halo-campaign-evolved,1,halo-campaign-evolved,0,0,False
ivan-lopez,Ivan Lopez,Ivan Lopez,halo-infinite,halo-infinite,1,halo-infinite,0,0,False
ivan-nevraev,Ivan Nevraev,Ivan Nevraev,halo-infinite,halo-infinite,1,halo-infinite,0,0,False
ivan-remez,Ivan Remez,Ivan Remez,halo-infinite,halo-infinite,1,halo-infinite,0,0,False
ivan-shishkin,Ivan Shishkin,Ivan Shishkin,halo-mcc-2021,halo-mcc-2021,1,halo-mcc-2021,0,0,False
ivan-vasiliev,Ivan Vasiliev,Ivan Vasiliev,halo-infinite,halo-infinite,1,halo-infinite,0,0,False
ivan-yakushev,Ivan Yakushev,Ivan Yakushev,halo-infinite,halo-infinite,1,halo-infinite,0,0,False
ivo-beltchev,Ivo Beltchev,Ivo Beltchev,halo-4,halo-infinite,3,halo-4|halo-5|halo-infinite,9,6,False
ivo-horvat,Ivo Horvat,Ivo Horvat,halo-mcc,halo-mcc,1,halo-mcc,0,0,False
ivy-wu,Ivy Wu,Ivy Wu,halo-infinite,halo-campaign-evolved,2,halo-infinite|halo-campaign-evolved,5,5,False
j-david-atherton,J. David Atherton,J. David Atherton,halo-2,halo-2,1,halo-2,0,0,False
j-goldberg,J Goldberg,J Goldberg,halo-infinite,halo-infinite,1,halo-infinite,0,0,False
j-kevin-connolly,J. Kevin Connolly,J. Kevin Connolly,halo-mcc,halo-mcc,1,halo-mcc,0,0,False
j-m-albertson,J. M. Albertson,J. M. Albertson,halo-4,halo-5,2,halo-4|halo-5,3,3,False
j-waylon-rains,J. Waylon Rains,J. Waylon Rains,halo-reach,halo-reach,1,halo-reach,0,0,False
jaala-pickering,Jaala Pickering,Jaala Pickering,halo-4,halo-4,1,halo-4,0,0,False
jace-kim,Jace Kim,Jace Kim,halo-mcc,halo-mcc,1,halo-mcc,0,0,False
jace-trimmer,Jace Trimmer,Jace Trimmer,halo-mcc,halo-mcc,1,halo-mcc,0,0,False
jace-wittig,Jace Wittig,Jace Wittig,halo-cea,halo-cea,1,halo-cea,0,0,False
jack-ehrler,Jack Ehrler,Jack Ehrler,halo-infinite,halo-infinite,1,halo-infinite,0,0,False
jack-elliott,Jack Elliott,Jack Elliott|Jack Elliot,halo-infinite,halo-infinite,1,halo-infinite,0,0,False
jack-fletcher,Jack Fletcher,Jack Fletcher,halo-campaign-evolved,halo-campaign-evolved,1,halo-campaign-evolved,0,0,False
jack-hidde-glavimans,Jack Hidde Glavimans,Jack Hidde Glavimans,halo-campaign-evolved,halo-campaign-evolved,1,halo-campaign-evolved,0,0,False
jack-hodgkinson,Jack Hodgkinson,Jack Hodgkinson,halo-infinite,halo-campaign-evolved,2,halo-infinite|halo-campaign-evolved,5,5,False
jack-mills,Jack Mills,Jack Mills,halo-infinite,halo-infinite,1,halo-infinite,0,0,False
jack-staley,Jack Staley,Jack Staley,halo-infinite,halo-campaign-evolved,2,halo-infinite|halo-campaign-evolved,5,5,False
jack-wilson,Jack Wilson,Jack Wilson,halo-campaign-evolved,halo-campaign-evolved,1,halo-campaign-evolved,0,0,False
jackie-fromme,Jackie Fromme,Jackie Fromme,halo-infinite,halo-infinite,1,halo-infinite,0,0,False
jacob-atkins,Jacob Atkins,Jacob Atkins,halo-mcc-2021,halo-mcc-2021,1,halo-mcc-2021,0,0,False
jacob-barr,Jacob Barr,Jacob Barr,halo-infinite,halo-infinite,1,halo-infinite,0,0,False
jacob-benton,Jacob Benton,Jacob Benton,halo-4,halo-4,1,halo-4,0,0,False
jacob-brinkly,Jacob Brinkly,Jacob Brinkly,halo-5,halo-5,1,halo-5,0,0,False
jacob-craner,Jacob Craner,Jacob Craner,halo-infinite,halo-infinite,1,halo-infinite,0,0,False
jacob-crow,Jacob Crow,Jacob Crow,halo-4,halo-4,1,halo-4,0,0,False
jacob-daher,Jacob Daher,Jacob Daher,halo-infinite,halo-infinite,1,halo-infinite,0,0,False
jacob-giles,Jacob Giles,Jacob Giles,halo-infinite,halo-infinite,1,halo-infinite,0,0,False
jacob-grandstaff,Jacob Grandstaff,Jacob Grandstaff,halo-mcc,halo-5,2,halo-mcc|halo-5,1,1,False
jacob-kelly,Jacob Kelly,Jacob Kelly,halo-mcc-2021,halo-mcc-2021,1,halo-mcc-2021,0,0,False
jacob-kirkpatrick,Jacob Kirkpatrick,Jacob Kirkpatrick,halo-infinite,halo-infinite,1,halo-infinite,0,0,False
jacob-krarup,Jacob Krarup,Jacob Krarup,halo-5,halo-infinite,2,halo-5|halo-infinite,6,6,False
jacob-layton,Jacob Layton,Jacob Layton,halo-mcc-2021,halo-mcc-2021,1,halo-mcc-2021,0,0,False
jacob-liechty,Jacob Liechty,Jacob Liechty,halo-4,halo-4,1,halo-4,0,0,False
jacob-manley,Jacob Manley,Jacob Manley,halo-5,halo-5,1,halo-5,0,0,False
jacob-mcalear,Jacob McAlear,Jacob McAlear,halo-infinite,halo-infinite,1,halo-infinite,0,0,False
jacob-miner,Jacob Miner,Jacob Miner,halo-reach,halo-reach,1,halo-reach,0,0,False
jacob-norwood,Jacob Norwood,Jacob Norwood,halo-campaign-evolved,halo-campaign-evolved,1,halo-campaign-evolved,0,0,False
jacob-owens,Jacob Owens,Jacob Owens,halo-cea,halo-cea,1,halo-cea,0,0,False
jacob-pagliarulo,Jacob Pagliarulo,Jacob Pagliarulo,halo-mcc-2021,halo-mcc-2021,1,halo-mcc-2021,0,0,False
jacob-penner,Jacob Penner,Jacob Penner,halo-mcc,halo-mcc,1,halo-mcc,0,0,False
jacob-portugal,Jacob Portugal,Jacob Portugal,halo-infinite,halo-campaign-evolved,2,halo-infinite|halo-campaign-evolved,5,5,False
jacob-rodriguez,Jacob Rodriguez,Jacob Rodriguez,halo-infinite,halo-infinite,1,halo-infinite,0,0,False
jacob-rosenow,Jacob Rosenow,Jacob Rosenow,halo-infinite,halo-infinite,1,halo-infinite,0,0,False
jacob-saueressig,Jacob Saueressig,Jacob Saueressig,halo-infinite,halo-infinite,1,halo-infinite,0,0,False
jacob-shadwick,Jacob Shadwick,Jacob Shadwick,halo-infinite,halo-infinite,1,halo-infinite,0,0,False
jacob-sitler,Jacob Sitler,Jacob Sitler,halo-mcc-2021,halo-mcc-2021,1,halo-mcc-2021,0,0,False
jacob-snyder,Jacob Snyder,Jacob Snyder|Jacob R Snyder,halo-mcc,halo-infinite,4,halo-mcc|halo-5|halo-mcc-2021|halo-infinite,7,6,False
jacob-stone,Jacob Stone,Jacob Stone,halo-5,halo-infinite,2,halo-5|halo-infinite,6,6,False
jacob-sweador,Jacob Sweador,Jacob Sweador,halo-mcc-2021,halo-infinite,2,halo-mcc-2021|halo-infinite,0,0,False
jacob-weatherspoon,Jacob Weatherspoon,Jacob Weatherspoon,halo-4,halo-5,2,halo-4|halo-5,3,3,False
jacque-wilson,Jacque Wilson,Jacque Wilson,halo-mcc,halo-mcc,1,halo-mcc,0,0,False
jacqueline-kalisch,Jacqueline Kalisch,Jacqueline Kalisch,halo-infinite,halo-infinite,1,halo-infinite,0,0,False
jacqueline-obrien,Jacqueline O'Brien,Jacqueline O'Brien|Jacqueline O’Brien,halo-mcc-2021,halo-infinite,2,halo-mcc-2021|halo-infinite,0,0,False
jacques-palermo,Jacques Palermo,Jacques Palermo,halo-mcc,halo-mcc,1,halo-mcc,0,0,False
jade-pietri,Jade Pietri,Jade Pietri,halo-campaign-evolved,halo-campaign-evolved,1,halo-campaign-evolved,0,0,False
jade-valeri-de-souza,Jade Valeri De Souza,Jade Valeri De Souza,halo-campaign-evolved,halo-campaign-evolved,1,halo-campaign-evolved,0,0,False
jae-lake,Jae Lake,Jae Lake,halo-infinite,halo-infinite,1,halo-infinite,0,0,False
jae-parks,Jae Parks,Jae Parks,halo-3-odst,halo-reach,2,halo-3-odst|halo-reach,1,1,False
jae-youn-kim,Jae Youn Kim,Jae Youn Kim,halo-3-odst,halo-3-odst,1,halo-3-odst,0,0,False
jaemus-wurzbach,Jaemus Wurzbach,Jaemus Wurzbach,halo-4,halo-5,2,halo-4|halo-5,3,3,False
jag-singh,Jag Singh,Jag Singh,halo-campaign-evolved,halo-campaign-evolved,1,halo-campaign-evolved,0,0,False
jagdeep-rana,Jagdeep Rana,Jagdeep Rana,halo-infinite,halo-infinite,1,halo-infinite,0,0,False
jahnel-curfman,Jahnel Curfman,Jahnel Curfman,halo-5,halo-5,1,halo-5,0,0,False
jai-salzwedel,Jai Salzwedel,Jai Salzwedel,halo-3-odst,halo-3-odst,1,halo-3-odst,0,0,False
jail-koo,Ja-il Koo,Ja-il Koo|Ja-Il Koo,halo-3-odst,halo-3-odst,1,halo-3-odst,0,0,False
jaime-carcamo,Jaime Carcamo,Jaime Carcamo,halo-4,halo-4,1,halo-4,0,0,False
jaime-griesemer,Jaime Griesemer,Jaime Griesemer,halo-ce,halo-reach,4,halo-ce|halo-2|halo-3|halo-reach,9,3,False
jaime-jones,Jaime Jones,Jaime Jones,halo-3-odst,halo-reach,2,halo-3-odst|halo-reach,1,1,False
jaime-juan-soteras,Jaime Juan Soteras,Jaime Juan Soteras,halo-campaign-evolved,halo-campaign-evolved,1,halo-campaign-evolved,0,0,False
jaime-quiano-jr,Jaime Quiaño Jr.,Jaime Quiaño Jr.,halo-infinite,halo-infinite,1,halo-infinite,0,0,False
jake-bottelberghe,Jake Bottelberghe,Jake Bottelberghe,halo-mcc-2021,halo-mcc-2021,1,halo-mcc-2021,0,0,False
jake-chambers,Jake Chambers,Jake Chambers,halo-5,halo-5,1,halo-5,0,0,False
jake-digennaro,Jake Digennaro,Jake Digennaro,halo-campaign-evolved,halo-campaign-evolved,1,halo-campaign-evolved,0,0,False
jake-eberle,Jake Eberle,Jake Eberle,halo-4,halo-4,1,halo-4,0,0,False
jake-fenske,Jake Fenske,Jake Fenske,halo-mcc,halo-mcc,1,halo-mcc,0,0,False
jake-fusco,Jake Fusco,Jake Fusco,halo-infinite,halo-infinite,1,halo-infinite,0,0,False
jake-husted,Jake Husted,Jake Husted,halo-infinite,halo-infinite,1,halo-infinite,0,0,False
jake-jarvis,Jake Jarvis,Jake Jarvis,halo-3-odst,halo-mcc-2021,3,halo-3-odst|halo-reach|halo-mcc-2021,12,11,False
jake-rigsby,Jake Rigsby,Jake Rigsby,halo-mcc-2021,halo-infinite,2,halo-mcc-2021|halo-infinite,0,0,False
jake-spiegel,Jake Spiegel,Jake Spiegel,halo-infinite,halo-infinite,1,halo-infinite,0,0,False
jake-walker,Jake Walker,Jake Walker,halo-5,halo-5,1,halo-5,0,0,False
jakoby-etchells,Jakoby Etchells,Jakoby Etchells,halo-5,halo-5,1,halo-5,0,0,False
jakub-romanowski,Jakub Romanowski,Jakub Romanowski,halo-campaign-evolved,halo-campaign-evolved,1,halo-campaign-evolved,0,0,False
jakub-vondra,Jakub Vondra,Jakub Vondra,halo-infinite,halo-infinite,1,halo-infinite,0,0,False
jalaysia-vasser,Jalaysia Vasser,Jalaysia Vasser,halo-infinite,halo-infinite,1,halo-infinite,0,0,False
jalee-strayhand,Jalee Strayhand,Jalee Strayhand,halo-mcc-2021,halo-infinite,2,halo-mcc-2021|halo-infinite,0,0,False
jamaal-spencer,Jamaal Spencer,Jamaal Spencer,halo-infinite,halo-infinite,1,halo-infinite,0,0,False
james-allen,James Allen,James Allen,halo-cea,halo-cea,1,halo-cea,0,0,False
james-atilano,James Atilano,James Atilano,halo-mcc,halo-mcc,1,halo-mcc,0,0,False
james-bachici,James Bachici,James Bachici,halo-reach,halo-infinite,5,halo-reach|halo-4|halo-5|halo-mcc-2021|halo-infinite,11,6,False
james-barker,James Barker,James Barker,halo-mcc,halo-mcc,1,halo-mcc,0,0,False
james-beauchamp,James Beauchamp,James Beauchamp,halo-infinite,halo-infinite,1,halo-infinite,0,0,False
james-beck,James Beck,James Beck,halo-4,halo-4,1,halo-4,0,0,False
james-brady,James Brady,James Brady,halo-infinite,halo-infinite,1,halo-infinite,0,0,False
james-brough,James Brough,James Brough,halo-campaign-evolved,halo-campaign-evolved,1,halo-campaign-evolved,0,0,False
james-bucalo,James Bucalo,James Bucalo,halo-mcc-2021,halo-mcc-2021,1,halo-mcc-2021,0,0,False
james-cassidy,James Cassidy,James Cassidy,halo-4,halo-4,1,halo-4,0,0,False
james-chaytor,Jim Chaytor,Jim Chaytor|James Chaytor,halo-infinite,halo-campaign-evolved,2,halo-infinite|halo-campaign-evolved,5,5,False
james-chew,James Chew,James Chew,halo-4,halo-4,1,halo-4,0,0,False
james-cleaveland,James Cleaveland,James Cleaveland,halo-4,halo-4,1,halo-4,0,0,False
james-comstock,James Comstock,James Comstock,halo-3,halo-3,1,halo-3,0,0,False
james-cook,James Cook,James Cook,halo-mcc,halo-mcc,1,halo-mcc,0,0,False
james-costello,James Costello,James Costello|James M. Costello,halo-3,halo-3,1,halo-3,0,0,False
james-crowder,James Crowder,James Crowder,halo-5,halo-infinite,2,halo-5|halo-infinite,6,6,False
james-denholm,James Denholm,James Denholm,halo-campaign-evolved,halo-campaign-evolved,1,halo-campaign-evolved,0,0,False
james-fitzpatrick,James Fitzpatrick,James Fitzpatrick,halo-5,halo-5,1,halo-5,0,0,False
james-folk,James Folk,James Folk,halo-infinite,halo-infinite,1,halo-infinite,0,0,False
james-goddard,James Goddard,James Goddard,halo-infinite,halo-infinite,1,halo-infinite,0,0,False
james-guarda,James Guard,James Guard|James Guarda,halo-infinite,halo-campaign-evolved,2,halo-infinite|halo-campaign-evolved,5,5,False
james-harper,James Harper,James Harper,halo-4,halo-4,1,halo-4,0,0,False
james-hatheway,James Hatheway,James Hatheway,halo-infinite,halo-infinite,1,halo-infinite,0,0,False
james-haywood,James Haywood,James Haywood,halo-3,halo-reach,3,halo-3|halo-3-odst|halo-reach,3,2,False
james-jethro-toledo,James Jethro Toledo,James Jethro Toledo,halo-mcc-2021,halo-mcc-2021,1,halo-mcc-2021,0,0,False
james-johnston,James Johnston,James Johnston,halo-5,halo-5,1,halo-5,0,0,False
james-kirk,James Kirk,James Kirk,halo-campaign-evolved,halo-campaign-evolved,1,halo-campaign-evolved,0,0,False
james-kuk,James Ku,James Ku,halo-mcc,halo-mcc,1,halo-mcc,0,0,False
james-ludden,James Ludden,James Ludden,halo-4,halo-4,1,halo-4,0,0,False
james-lyle,James Lyle,James Lyle,halo-campaign-evolved,halo-campaign-evolved,1,halo-campaign-evolved,0,0,False
james-marcus,James Marcus,James Marcus,halo-mcc,halo-mcc,1,halo-mcc,0,0,False
james-mathieu-jr,James Mathieu Jr,James Mathieu Jr,halo-infinite,halo-infinite,1,halo-infinite,0,0,False
james-mcgraw,James McGraw,James McGraw,halo-campaign-evolved,halo-campaign-evolved,1,halo-campaign-evolved,0,0,False
james-medway,James Medway,James Medway,halo-infinite,halo-infinite,1,halo-infinite,0,0,False
james-monosmith,James Monosmith,James Monosmith,halo-5,halo-infinite,2,halo-5|halo-infinite,6,6,False
james-moriana,James Moriana,James Moriana,halo-cea,halo-cea,1,halo-cea,0,0,False
james-munroe,James Munroe,James Munroe,halo-4,halo-infinite,3,halo-4|halo-5|halo-infinite,9,6,False
james-nixon,James Nixon,James Nixon,halo-campaign-evolved,halo-campaign-evolved,1,halo-campaign-evolved,0,0,False
james-parks,James Parks,James Parks|James Parks III|James Park,halo-3,halo-mcc,2,halo-3|halo-mcc,7,7,False
james-patrick-davis,Jim Davis,Jim Davis,halo-3,halo-3,1,halo-3,0,0,False
james-pekola,James Pekola,James Pekola,halo-4,halo-4,1,halo-4,0,0,False
james-phillips,James Phillips,James Phillips,halo-3,halo-reach,3,halo-3|halo-3-odst|halo-reach,3,2,False
james-reeves,James Reeves,James Reeves,halo-reach,halo-reach,1,halo-reach,0,0,False
james-reilly,James Reilly,James Reilly,halo-mcc-2021,halo-mcc-2021,1,halo-mcc-2021,0,0,False
james-ritossa,James Ritossa,James Ritossa,halo-infinite,halo-infinite,1,halo-infinite,0,0,False
james-rogers,James Rogers,James Rogers,halo-infinite,halo-infinite,1,halo-infinite,0,0,False
james-rynearson,James Rynearson,James Rynearson,halo-infinite,halo-infinite,1,halo-infinite,0,0,False
james-sanderson,James Sanderson,James Sanderson,halo-infinite,halo-campaign-evolved,2,halo-infinite|halo-campaign-evolved,5,5,False
james-shafer,James Shafer,James Shafer,halo-mcc,halo-5,2,halo-mcc|halo-5,1,1,False
james-stanard,James Stanard,James Stanard,halo-infinite,halo-infinite,1,halo-infinite,0,0,False
james-thatcher,James Thatcher,James Thatcher,halo-infinite,halo-infinite,1,halo-infinite,0,0,False
james-the-godfather-brown,James “The Godfather” Brown,James “The Godfather” Brown,halo-infinite,halo-infinite,1,halo-infinite,0,0,False
james-thoma,James Thoma,James Thoma,halo-infinite,halo-infinite,1,halo-infinite,0,0,False
james-thomas,James Thomas,James Thomas,halo-infinite,halo-infinite,1,halo-infinite,0,0,False
james-tjaden,James Tjaden,James Tjaden,halo-4,halo-4,1,halo-4,0,0,False
james-tsai,James Tsai,James Tsai,halo-reach,halo-reach,1,halo-reach,0,0,False
james-william-richie-iii,James William Richie III,James William Richie III,halo-mcc-2021,halo-mcc-2021,1,halo-mcc-2021,0,0,False
james-wrench,James Wrench,James Wrench,halo-infinite,halo-infinite,1,halo-infinite,0,0,False
james-yavorsky,James Yavorsky,James Yavorsky,halo-campaign-evolved,halo-campaign-evolved,1,halo-campaign-evolved,0,0,False
james-yu-da-lee,James Yu Da Lee,James Yu Da Lee,halo-infinite,halo-infinite,1,halo-infinite,0,0,False
james-zachary-steacy,James Zachary Steacy,James Zachary Steacy,halo-4,halo-4,1,halo-4,0,0,False
james-zolyak,James Zolyak,James Zolyak,halo-infinite,halo-infinite,1,halo-infinite,0,0,False
jamie-alexander,Jamie Alexander,Jamie Alexander,halo-4,halo-4,1,halo-4,0,0,False
jamie-collyer,Jamie Collyer,Jamie Collyer,halo-infinite,halo-infinite,1,halo-infinite,0,0,False
jamie-evans,Jamie Evans,Jamie Evans,halo-2,halo-reach,4,halo-2|halo-3|halo-3-odst|halo-reach,6,3,False
jamie-griesmer,Jamie Griesmer,Jamie Griesmer,halo-3-odst,halo-3-odst,1,halo-3-odst,0,0,False
jamie-hector,Jamie Hector,Jamie Hector,halo-reach,halo-reach,1,halo-reach,0,0,False
jamie-mortellaro,Jamie Mortellaro,Jamie Mortellaro|James D. Mortellaro,halo-5,halo-5,1,halo-5,0,0,False
jamie-murray,Jamie Murray,Jamie Murray,halo-infinite,halo-infinite,1,halo-infinite,0,0,False
jamie-oconnell,Jamie O'Connell,Jamie O'Connell,halo-3,halo-3,1,halo-3,0,0,False
jamie-osborne,Jamie Osborne,Jamie Osborne|James Osborne,halo-infinite,halo-infinite,1,halo-infinite,0,0,False
jamie-ro,Jamie Ro,Jamie Ro,halo-campaign-evolved,halo-campaign-evolved,1,halo-campaign-evolved,0,0,False
jan-emmanuel-borja,Jan Emmanuel Borja,Jan Emmanuel Borja,halo-mcc-2021,halo-mcc-2021,1,halo-mcc-2021,0,0,False
jan-holzner,Jan Holzner,Jan Holzner,halo-5,halo-5,1,halo-5,0,0,False
jan-sychowicz,Jan Sychowicz,Jan Sychowicz,halo-mcc,halo-mcc,1,halo-mcc,0,0,False
janet-ketchum,Janet Ketchum,Janet Ketchum,halo-cea,halo-cea,1,halo-cea,0,0,False
janet-rankin,Janet Rankin,Janet Rankin,halo-cea,halo-campaign-evolved,3,halo-cea|halo-mcc-2021|halo-campaign-evolved,15,10,False
janet-ung,Janet Ung,Janet Ung,halo-5,halo-5,1,halo-5,0,0,False
janis-robertson,Janis Robertson,Janis Robertson,halo-mcc,halo-mcc,1,halo-mcc,0,0,False
janos-tikovits,János Tikovits,János Tikovits,halo-campaign-evolved,halo-campaign-evolved,1,halo-campaign-evolved,0,0,False
jared-barnhill,Jared Barnhill,Jared Barnhill,halo-campaign-evolved,halo-campaign-evolved,1,halo-campaign-evolved,0,0,False
jared-brunner,Jared Brunner,Jared Brunner,halo-5,halo-5,1,halo-5,0,0,False
jared-bryant,Jared Bryant,Jared Bryant,halo-4,halo-4,1,halo-4,0,0,False
jared-chow,Jared Chow,Jared Chow,halo-4,halo-4,1,halo-4,0,0,False
jared-coulston,Jared Coulston,Jared Coulston,halo-infinite,halo-infinite,1,halo-infinite,0,0,False
jared-hargiss,Jared Hargiss,Jared Hargiss,halo-infinite,halo-infinite,1,halo-infinite,0,0,False
jared-ives,Jared Ives,Jared Ives,halo-5,halo-mcc-2021,2,halo-5|halo-mcc-2021,6,6,False
jared-jackson,Jared Jackson,Jared Jackson,halo-5,halo-5,1,halo-5,0,0,False
jared-kline,Jared Kline,Jared Kline,halo-mcc-2021,halo-mcc-2021,1,halo-mcc-2021,0,0,False
jared-lesczynski,Jared Lesczynski,Jared Lesczynski,halo-infinite,halo-infinite,1,halo-infinite,0,0,False
jared-neuss,Jared Neuss,Jared Neuss,halo-5,halo-5,1,halo-5,0,0,False
jared-smith,Jared Smith,Jared Smith,halo-4,halo-infinite,5,halo-4|halo-mcc|halo-5|halo-mcc-2021|halo-infinite,9,6,False
jared-thomson,Jared Thomson,Jared Thomson,halo-infinite,halo-infinite,1,halo-infinite,0,0,False
jared-tripp,Jared Tripp,Jared Tripp,halo-mcc,halo-mcc,1,halo-mcc,0,0,False
jareth-turner,Jareth Turner,Jareth Turner,halo-campaign-evolved,halo-campaign-evolved,1,halo-campaign-evolved,0,0,False
jaron-lifsey,Jaron Lifsey,Jaron Lifsey,halo-mcc-2021,halo-mcc-2021,1,halo-mcc-2021,0,0,False
jarred-ward,Jarred Ward,Jarred Ward,halo-infinite,halo-infinite,1,halo-infinite,0,0,False
jarrod-evans,Jarrod Evans,Jarrod Evans,halo-mcc-2021,halo-infinite,2,halo-mcc-2021|halo-infinite,0,0,False
jarrod-mackay,Jarrod MacKay,Jarrod MacKay,halo-infinite,halo-infinite,1,halo-infinite,0,0,False
jarrod-shaw,Jarrod Shaw,Jarrod Shaw,halo-4,halo-4,1,halo-4,0,0,False
jaryd-snover,Jaryd Snover,Jaryd Snover,halo-infinite,halo-infinite,1,halo-infinite,0,0,False
jasmine-chapin,Jasmine Chapin,Jasmine Chapin,halo-infinite,halo-infinite,1,halo-infinite,0,0,False
jason-arentz,Jason Arentz,Jason Arentz,halo-infinite,halo-infinite,1,halo-infinite,0,0,False
jason-baggett,Jason Baggett,Jason Baggett,halo-3,halo-3,1,halo-3,0,0,False
jason-baskett,Jason Baskett,Jason Baskett|Jason C. Baskett,halo-infinite,halo-infinite,1,halo-infinite,0,0,False
jason-basse,Jason Basse,Jason Basse,halo-infinite,halo-infinite,1,halo-infinite,0,0,False
jason-behr,Jason Behr,Jason Behr,halo-4,halo-4,1,halo-4,0,0,False
jason-borne,Jason Borne,Jason Borne,halo-4,halo-infinite,2,halo-4|halo-infinite,9,9,False
jason-bowld,Jason Bowld,Jason Bowld,halo-mcc,halo-mcc,1,halo-mcc,0,0,False
jason-bretz,Jason Bretz,Jason Bretz,halo-cea,halo-infinite,3,halo-cea|halo-4|halo-infinite,10,9,False
jason-charles-miller,Jason Charles Miller,Jason Charles Miller,halo-infinite,halo-infinite,1,halo-infinite,0,0,False
jason-clarke,Jason Clarke,Jason Clarke,halo-3-odst,halo-3-odst,1,halo-3-odst,0,0,False
jason-cole,Jason Cole,Jason Cole,halo-3,halo-3,1,halo-3,0,0,False
jason-ericson,Jason Ericson,Jason Ericson,halo-5,halo-5,1,halo-5,0,0,False
jason-eubank,Jason Eubank,Jason Eubank,halo-cea,halo-4,2,halo-cea|halo-4,1,1,False
jason-fernandez,Jason Fernandez,Jason Fernandez,halo-infinite,halo-infinite,1,halo-infinite,0,0,False
jason-fleming,Jason Fleming,Jason Fleming,halo-infinite,halo-campaign-evolved,2,halo-infinite|halo-campaign-evolved,5,5,False
jason-gholston,Jason Gholston,Jason Gholston,halo-infinite,halo-infinite,1,halo-infinite,0,0,False
jason-graf,Jason Graf,Jason Graf,halo-4,halo-4,1,halo-4,0,0,False
jason-hendrich,Jason Hendrich,Jason Hendrich,halo-mcc,halo-mcc,1,halo-mcc,0,0,False
jason-henke,Jason Henke,Jason Henke,halo-mcc,halo-mcc,1,halo-mcc,0,0,False
jason-hewitt,Jason Hewitt,Jason Hewitt,halo-mcc,halo-mcc,1,halo-mcc,0,0,False
jason-holt,Jason Holt,Jason Holt,halo-5,halo-infinite,2,halo-5|halo-infinite,6,6,False
jason-hopkins,Jason Hopkins,Jason Hopkins,halo-4,halo-4,1,halo-4,0,0,False
jason-j-bragg,Jason Bragg,Jason Bragg|Jason J Bragg,halo-mcc,halo-5,2,halo-mcc|halo-5,1,1,False
jason-jones,Jason Jones,Jason Jones|Jason Garris Jones,halo-ce,halo-reach,4,halo-ce|halo-2|halo-3-odst|halo-reach,9,5,False
jason-keith,Jason Keith,Jason Keith|Jason R. Keith,halo-3,halo-reach,3,halo-3|halo-3-odst|halo-reach,3,2,False
jason-kepner,Jason Kepner,Jason Kepner,halo-mcc,halo-mcc,1,halo-mcc,0,0,False
jason-kim,Jason Kim,Jason Kim,halo-campaign-evolved,halo-campaign-evolved,1,halo-campaign-evolved,0,0,False
jason-lackie,Jason Lackie,Jason Lackie,halo-infinite,halo-infinite,1,halo-infinite,0,0,False
jason-lamparty,Jason Lamparty,Jason Lamparty,halo-5,halo-5,1,halo-5,0,0,False
jason-lavender,Jason Lavender,Jason Lavender,halo-infinite,halo-infinite,1,halo-infinite,0,0,False
jason-lee,Jason Lee,Jason Lee,halo-campaign-evolved,halo-campaign-evolved,1,halo-campaign-evolved,0,0,False
jason-lewis,Jason Lewis,Jason Lewis|Jason J. Lewis,halo-5,halo-5,1,halo-5,0,0,False
jason-lovett,Jason Lovett,Jason Lovett,halo-infinite,halo-infinite,1,halo-infinite,0,0,False
jason-lyons,Jason Lyons,Jason Lyons,halo-4,halo-4,1,halo-4,0,0,False
jason-major,Jason Major,Jason Major,halo-ce,halo-4,3,halo-ce|halo-2|halo-4,11,8,False
jason-minters,Jason Minters,Jason Minters,halo-infinite,halo-infinite,1,halo-infinite,0,0,False
jason-mitchell,Jason Mitchell,Jason Mitchell,halo-4,halo-4,1,halo-4,0,0,False
jason-mock,Jason Mock,Jason Mock,halo-infinite,halo-infinite,1,halo-infinite,0,0,False
jason-morne,Jason Morne,Jason Morne,halo-cea,halo-cea,1,halo-cea,0,0,False
jason-morrill,Jason Morrill,Jason Morrill,halo-5,halo-infinite,3,halo-5|halo-mcc-2021|halo-infinite,6,6,False
jason-nollan,Jason Nollan,Jason Nollan,halo-infinite,halo-infinite,1,halo-infinite,0,0,False
jason-olsan,Jason Olsan,Jason Olsan,halo-4,halo-4,1,halo-4,0,0,False
jason-pace,Jason Pace,Jason Pace,halo-cea,halo-4,2,halo-cea|halo-4,1,1,False
jason-pate,Jason Pate,Jason Pate,halo-reach,halo-reach,1,halo-reach,0,0,False
jason-preston,Jason Preston,Jason Preston,halo-campaign-evolved,halo-campaign-evolved,1,halo-campaign-evolved,0,0,False
jason-reis,Jason Reis,Jason Reis,halo-infinite,halo-infinite,1,halo-infinite,0,0,False
jason-rex-miller,Jason Rex Miller,Jason Rex Miller,halo-mcc,halo-5,2,halo-mcc|halo-5,1,1,False
jason-robertson,Jason Robertson,Jason Robertson,halo-3,halo-reach,3,halo-3|halo-3-odst|halo-reach,3,2,False
jason-rush,Jason Rush,Jason Rush,halo-mcc,halo-mcc,1,halo-mcc,0,0,False
jason-saldana,Jason Saldana,Jason Saldana,halo-3,halo-mcc-2021,2,halo-3|halo-mcc-2021,14,14,False
jason-sarton,Jason Sarton,Jason Sarton,halo-mcc,halo-mcc,1,halo-mcc,0,0,False
jason-shifley,Jason Shifley,Jason Shifley,halo-reach,halo-reach,1,halo-reach,0,0,False
jason-shifter,Jason Shifter,Jason Shifter,halo-campaign-evolved,halo-campaign-evolved,1,halo-campaign-evolved,0,0,False
jason-shirley,Jason Shirley,Jason Shirley,halo-2,halo-infinite,6,halo-2|halo-3|halo-3-odst|halo-cea|halo-mcc-2021|halo-infinite,17,10,False
jason-snead,Jason Snead,Jason Snead,halo-campaign-evolved,halo-campaign-evolved,1,halo-campaign-evolved,0,0,False
jason-sussman,Jason Sussman,Jason Sussman,halo-3,halo-reach,3,halo-3|halo-3-odst|halo-reach,3,2,False
jason-ta,Jason Ta,Jason Ta,halo-5,halo-5,1,halo-5,0,0,False
jason-tennent,Jason Tennent,Jason Tennent,halo-mcc-2021,halo-mcc-2021,1,halo-mcc-2021,0,0,False
jason-unck,Jason Unck,Jason Unck,halo-mcc-2021,halo-infinite,2,halo-mcc-2021|halo-infinite,0,0,False
jason-vance,Jason Vance,Jason Vance,halo-4,halo-4,1,halo-4,0,0,False
jason-yacalis,Jason Yacalis,Jason Yacalis,halo-5,halo-infinite,2,halo-5|halo-infinite,6,6,False
jasper-lemaster,Jasper LeMaster,Jasper LeMaster,halo-infinite,halo-infinite,1,halo-infinite,0,0,False
javan-reid,Javan Reid,Javan Reid,halo-campaign-evolved,halo-campaign-evolved,1,halo-campaign-evolved,0,0,False
javid-bynum,Javid Bynum,Javid Bynum,halo-cea,halo-cea,1,halo-cea,0,0,False
javier-burgos,Javier Burgos,Javier Burgos,halo-3-odst,halo-reach,2,halo-3-odst|halo-reach,1,1,False
javier-de-jesus,Javier De Jesus,Javier De Jesus,halo-cea,halo-4,2,halo-cea|halo-4,1,1,False
javier-rodriguez,Javier Rodriguez,Javier Rodriguez,halo-campaign-evolved,halo-campaign-evolved,1,halo-campaign-evolved,0,0,False
jay-adams,Jay Adams,Jay Adams,halo-infinite,halo-infinite,1,halo-infinite,0,0,False
jay-box,Jay Box,Jay Box,halo-5,halo-5,1,halo-5,0,0,False
jay-braswell,Jay Braswell,Jay Braswell,halo-mcc-2021,halo-mcc-2021,1,halo-mcc-2021,0,0,False
jay-el-jefe-maestro-juneau,Jay “El Jefe Maestro” Juneau,Jay “El Jefe Maestro” Juneau|Jay Juneau,halo-mcc,halo-mcc,1,halo-mcc,0,0,False
jay-frechette,Jay Frechette,Jay Frechette,halo-4,halo-5,2,halo-4|halo-5,3,3,False
jay-mccleery,Jay McCleery,Jay McCleery,halo-4,halo-5,2,halo-4|halo-5,3,3,False
jay-piette,Jay Piette,Jay Piette,halo-mcc-2021,halo-infinite,2,halo-mcc-2021|halo-infinite,0,0,False
jay-prochaska,Jay Prochaska,Jay Prochaska,halo-mcc,halo-mcc,1,halo-mcc,0,0,False
jay-snow,Jay Snow,Jay Snow,halo-infinite,halo-campaign-evolved,2,halo-infinite|halo-campaign-evolved,5,5,False
jay-springer,Jay Springer,Jay Springer,halo-campaign-evolved,halo-campaign-evolved,1,halo-campaign-evolved,0,0,False
jay-w-jennings,Jay W. Jennings,Jay W. Jennings,halo-mcc,halo-mcc,1,halo-mcc,0,0,False
jay-weinland,Jay Weinland,Jay Weinland,halo-ce,halo-reach,5,halo-ce|halo-2|halo-3|halo-3-odst|halo-reach,9,3,False
jayce-diaz,Jayce Diaz,Jayce Diaz,halo-4,halo-infinite,3,halo-4|halo-5|halo-infinite,9,6,False
jayden-eckert,Jayden Eckert,Jayden Eckert,halo-mcc-2021,halo-mcc-2021,1,halo-mcc-2021,0,0,False
jaymi-zamudio,Jaymi Zamudio,Jaymi Zamudio,halo-infinite,halo-infinite,1,halo-infinite,0,0,False
jayson-miller,Jayson Miller,Jayson Miller|Jay Miller,halo-5,halo-infinite,2,halo-5|halo-infinite,6,6,False
jd-cowles,JD Cowles,JD Cowles,halo-mcc,halo-mcc,1,halo-mcc,0,0,False
jean-gilpin,Jean Gilpin,Jean Gilpin,halo-5,halo-5,1,halo-5,0,0,False
jean-louchez,Jean Louchez,Jean Louchez,halo-mcc-2018,halo-mcc-2018,1,halo-mcc-2018,0,0,False
jean-meyblum,Jean Meyblum,Jean Meyblum,halo-mcc-2018,halo-mcc-2018,1,halo-mcc-2018,0,0,False
jeanfrancois-morin,Jean-François Morin,Jean-François Morin,halo-mcc-2018,halo-mcc-2018,1,halo-mcc-2018,0,0,False
jeanfrederic-vachon,Jean-Frédéric Vachon,Jean-Frédéric Vachon,halo-mcc-2018,halo-mcc-2018,1,halo-mcc-2018,0,0,False
jeanloup-gailly,Jean-loup Gailly,Jean-loup Gailly,halo-3-odst,halo-3-odst,1,halo-3-odst,0,0,False
jeannie-voiringerde,Jeannie Voirin,Jeannie Voirin|Jeannie Voirin-Gerde,halo-2,halo-3,2,halo-2|halo-3,3,3,False
jeannine-isaacs,Jeannine Isaacs,Jeannine Isaacs,halo-4,halo-4,1,halo-4,0,0,False
jef-johnstone,Jef Johnstone,Jef Johnstone,halo-5,halo-infinite,2,halo-5|halo-infinite,6,6,False
jeff-blazier,Jeff Blazier,Jeff Blazier,halo-mcc,halo-mcc,1,halo-mcc,0,0,False
jeff-brown,Jeff Brown,Jeff Brown,halo-4,halo-4,1,halo-4,0,0,False
jeff-budin,Jeff Budin,Jeff Budin,halo-mcc,halo-mcc,1,halo-mcc,0,0,False
jeff-carnahan,Jeff Carnahan,Jeff Carnahan|Jeffrey D. Carnahan,halo-4,halo-campaign-evolved,6,halo-4|halo-mcc|halo-5|halo-mcc-2021|halo-infinite|halo-campaign-evolved,14,6,False
jeff-christy,Jeff Christy,Jeff Christy,halo-4,halo-infinite,3,halo-4|halo-5|halo-infinite,9,6,False
jeff-davis,Jeff Davis,Jeff Davis,halo-infinite,halo-infinite,1,halo-infinite,0,0,False
jeff-doba,Jeff Doba,Jeff Doba,halo-4,halo-4,1,halo-4,0,0,False
jeff-dubrule,Jeff Dubrule,Jeff Dubrule,halo-4,halo-campaign-evolved,4,halo-4|halo-5|halo-infinite|halo-campaign-evolved,14,6,False
jeff-easterling,Jeff Easterling,Jeff Easterling,halo-mcc,halo-campaign-evolved,5,halo-mcc|halo-5|halo-mcc-2021|halo-infinite|halo-campaign-evolved,12,6,False
jeff-edwards,Jeff Edwards,Jeff Edwards,halo-4,halo-4,1,halo-4,0,0,False
jeff-fausz,Jeff Fausz,Jeff Fausz,halo-reach,halo-reach,1,halo-reach,0,0,False
jeff-guy,Jeff Guy,Jeff Guy,halo-4,halo-infinite,2,halo-4|halo-infinite,9,9,False
jeff-holbrook,Jeff Holbrook,Jeff Holbrook,halo-mcc-2021,halo-infinite,2,halo-mcc-2021|halo-infinite,0,0,False
jeff-kafer,Jeff Kafer,Jeff Kafer,halo-ce,halo-ce,1,halo-ce,0,0,False
jeff-king,Jeff King,Jeff King,halo-infinite,halo-infinite,1,halo-infinite,0,0,False
jeff-macdermot,Jeff MacDermot,Jeff MacDermot,halo-infinite,halo-infinite,1,halo-infinite,0,0,False
jeff-mattson,Jeff Mattson,Jeff Mattson,halo-reach,halo-reach,1,halo-reach,0,0,False
jeff-mccrory,Jeff McCrory,Jeff McCrory,halo-mcc-2021,halo-mcc-2021,1,halo-mcc-2021,0,0,False
jeff-miller,Jeff Miller,Jeff Miller,halo-mcc,halo-mcc,1,halo-mcc,0,0,False
jeff-oconnell,Jeff O’Connell,Jeff O’Connell,halo-mcc,halo-mcc,1,halo-mcc,0,0,False
jeff-pineda-jr,Jeff Pineda,Jeff Pineda,halo-infinite,halo-infinite,1,halo-infinite,0,0,False
jeff-regis,Jeff Regis,Jeff Regis,halo-mcc-2018,halo-mcc-2018,1,halo-mcc-2018,0,0,False
jeff-steitzer,Jeff Steitzer,Jeff Steitzer,halo-ce,halo-infinite,7,halo-ce|halo-3|halo-3-odst|halo-reach|halo-4|halo-5|halo-infinite,20,6,False
jeff-wang,Jeff Wang,Jeff Wang,halo-2,halo-2,1,halo-2,0,0,False
jeff-wilhoit,Jeff Wilhoit,Jeff Wilhoit|Jeffrey Wilhoit,halo-cea,halo-mcc,2,halo-cea|halo-mcc,3,3,False
jeff-wilson,Jeff Wilson,Jeff Wilson,halo-ce,halo-ce,1,halo-ce,0,0,False
jefferson-ng,Jefferson Ng,Jefferson Ng,halo-mcc,halo-mcc,1,halo-mcc,0,0,False
jeffery-beeland,Jeffery Beeland,Jeffery Beeland,halo-mcc,halo-mcc,1,halo-mcc,0,0,False
jeffery-hansberry,Jeffery Hansberry,Jeffery Hansberry,halo-4,halo-4,1,halo-4,0,0,False
jeffery-liao,Jeffery Liao,Jeffery Liao,halo-campaign-evolved,halo-campaign-evolved,1,halo-campaign-evolved,0,0,False
jeffrey-cabiliza,Jeffrey Cabiliza,Jeffrey Cabiliza,halo-mcc-2021,halo-mcc-2021,1,halo-mcc-2021,0,0,False
jeffrey-cook,Jeffrey Cook,Jeffrey Cook,halo-infinite,halo-infinite,1,halo-infinite,0,0,False
jeffrey-davis,Jeffrey Davis,Jeffrey Davis,halo-infinite,halo-campaign-evolved,2,halo-infinite|halo-campaign-evolved,5,5,False
jeffrey-e-cloud,Jeffrey E Cloud,Jeffrey E Cloud,halo-2,halo-2,1,halo-2,0,0,False
jeffrey-hines,Jeffrey Hines,Jeffrey Hines,halo-campaign-evolved,halo-campaign-evolved,1,halo-campaign-evolved,0,0,False
jeffrey-kleinman,Jeffrey Kleinman,Jeffrey Kleinman,halo-3,halo-reach,3,halo-3|halo-3-odst|halo-reach,3,2,False
jeffrey-palmer,Jeffrey Palmer,Jeffrey Palmer|Jeff Palmer,halo-reach,halo-5,3,halo-reach|halo-4|halo-5,5,3,False
jeffrey-rojas,Jeffrey Rojas,Jeffrey Rojas,halo-infinite,halo-infinite,1,halo-infinite,0,0,False
jegark-oh,Jegark Oh,Jegark Oh,halo-infinite,halo-infinite,1,halo-infinite,0,0,False
jelena-kuzmic,Jelena Kuzmic,Jelena Kuzmic,halo-campaign-evolved,halo-campaign-evolved,1,halo-campaign-evolved,0,0,False
jen-anderson,Jen Anderson,Jen Anderson,halo-5,halo-5,1,halo-5,0,0,False
jen-dang,Jen Dang,Jen Dang,halo-infinite,halo-infinite,1,halo-infinite,0,0,False
jen-owens,Jen Owens,Jen Owens,halo-campaign-evolved,halo-campaign-evolved,1,halo-campaign-evolved,0,0,False
jen-taylor,Jen Taylor,Jen Taylor,halo-ce,halo-campaign-evolved,8,halo-ce|halo-2|halo-3|halo-reach|halo-4|halo-5|halo-infinite|halo-campaign-evolved,25,6,False
jenn-hur,Jenn Hur,Jenn Hur,halo-campaign-evolved,halo-campaign-evolved,1,halo-campaign-evolved,0,0,False
jenna-melfi,Jenna Melfi,Jenna Melfi,halo-mcc,halo-mcc,1,halo-mcc,0,0,False
jennifer-chandler,Jennifer Chandler,Jennifer Chandler,halo-infinite,halo-infinite,1,halo-infinite,0,0,False
jennifer-christensen,Jennifer Christensen,Jennifer Christensen,halo-4,halo-4,1,halo-4,0,0,False
jennifer-green,Jennifer Green,Jennifer Green,halo-infinite,halo-infinite,1,halo-infinite,0,0,False
jennifer-hale,Jennifer Hale,Jennifer Hale|Jen Hale,halo-4,halo-5,2,halo-4|halo-5,3,3,False
jennifer-hendrich,Jennifer Hendrich,Jennifer Hendrich,halo-mcc,halo-mcc,1,halo-mcc,0,0,False
jennifer-miller,Jennifer Miller,Jennifer Miller,halo-mcc,halo-mcc,1,halo-mcc,0,0,False
jennipher-judge,Jennipher Judge,Jennipher Judge,halo-mcc,halo-mcc,1,halo-mcc,0,0,False
jenny-cho,Jenny Cho,Jenny Cho,halo-mcc,halo-mcc,1,halo-mcc,0,0,False
jenny-kang,Jenny Kang,Jenny Kang,halo-campaign-evolved,halo-campaign-evolved,1,halo-campaign-evolved,0,0,False
jenny-park,Jenny Park,Jenny Park,halo-mcc,halo-mcc,1,halo-mcc,0,0,False
jens-hauch,Jens Hauch,Jens Hauch,halo-infinite,halo-infinite,1,halo-infinite,0,0,False
jens-wisser,Jens Wisser,Jens Wisser,halo-infinite,halo-infinite,1,halo-infinite,0,0,False
jeramy-koepping,Jeramy Koepping,Jeramy Koepping,halo-5,halo-infinite,2,halo-5|halo-infinite,6,6,False
jere-torkelsen,Jere Torkelsen,Jere Torkelsen,halo-mcc,halo-mcc,1,halo-mcc,0,0,False
jeremia-sheehan,Jeremia Sheehan,Jeremia Sheehan,halo-infinite,halo-infinite,1,halo-infinite,0,0,False
jeremiah-izzard,Jeremiah Izzard,Jeremiah Izzard,halo-mcc,halo-mcc,1,halo-mcc,0,0,False
jeremiah-pieschl,Jeremiah Pieschel,Jeremiah Pieschel|Jeremiah Pieschl,halo-2,halo-reach,3,halo-2|halo-3|halo-reach,6,3,False
jeremiah-strong,Jeremiah Strong,Jeremiah Strong,halo-3,halo-5,2,halo-3|halo-5,8,8,False
jeremie-passerin,Jeremie Passerin,Jeremie Passerin,halo-mcc,halo-mcc,1,halo-mcc,0,0,False
jeremy-andress,Jeremy Andress,Jeremy Andress,halo-4,halo-4,1,halo-4,0,0,False
jeremy-c-silvis,Jeremy C. Silvis,Jeremy C. Silvis,halo-4,halo-4,1,halo-4,0,0,False
jeremy-cohen,Jeremy Cohen,Jeremy Cohen,halo-mcc,halo-mcc,1,halo-mcc,0,0,False
jeremy-constant,Jeremy Constant,Jeremy Constant,halo-mcc,halo-mcc,1,halo-mcc,0,0,False
jeremy-donahue,Jeremy Donahue,Jeremy Donahue,halo-mcc,halo-mcc,1,halo-mcc,0,0,False
jeremy-evers,Jeremy Evers,Jeremy Evers,halo-mcc,halo-mcc,1,halo-mcc,0,0,False
jeremy-fischer,Jeremy Fischer,Jeremy Fischer,halo-2,halo-campaign-evolved,4,halo-2|halo-5|halo-infinite|halo-campaign-evolved,22,11,False
jeremy-fones,Jeremy Fones,Jeremy Fones,halo-2,halo-3-odst,3,halo-2|halo-3|halo-3-odst,5,3,False
jeremy-fuller,Jeremy Fuller,Jeremy Fuller,halo-infinite,halo-infinite,1,halo-infinite,0,0,False
jeremy-grigsby-sr,Jeremy Grigsby Sr.,Jeremy Grigsby Sr.,halo-mcc-2021,halo-mcc-2021,1,halo-mcc-2021,0,0,False
jeremy-hall,Jeremy Hall,Jeremy Hall,halo-mcc,halo-mcc,1,halo-mcc,0,0,False
jeremy-heatley,Jeremy Heatley,Jeremy Heatley,halo-4,halo-4,1,halo-4,0,0,False
jeremy-hill,Jeremy Hill,Jeremy Hill,halo-5,halo-campaign-evolved,3,halo-5|halo-infinite|halo-campaign-evolved,11,6,False
jeremy-holland-smith,Jeremy Holland Smith,Jeremy Holland Smith|Jeremy Holland-Smith,halo-4,halo-4,1,halo-4,0,0,False
jeremy-johnson,Jeremy Johnson,Jeremy Johnson,halo-infinite,halo-infinite,1,halo-infinite,0,0,False
jeremy-katsumata,Jeremy Katsumata,Jeremy Katsumata,halo-infinite,halo-infinite,1,halo-infinite,0,0,False
jeremy-levy,Jeremy Levy,Jeremy Levy,halo-infinite,halo-infinite,1,halo-infinite,0,0,False
jeremy-morhaime,Jeremy Morhaime,Jeremy Morhaime,halo-infinite,halo-infinite,1,halo-infinite,0,0,False
jeremy-patenaude,Jeremy Patenaude,Jeremy Patenaude,halo-cea,halo-infinite,6,halo-cea|halo-4|halo-mcc|halo-5|halo-mcc-2021|halo-infinite,10,6,False
jeremy-raymond,Jeremy Raymond,Jeremy Raymond,halo-cea,halo-5,3,halo-cea|halo-4|halo-5,4,3,False
jeremy-slavin,Jeremy Slavin,Jeremy Slavin,halo-3,halo-3,1,halo-3,0,0,False
jeremy-szostak,Jeremy Szostak,Jeremy Szostak,halo-mcc,halo-mcc,1,halo-mcc,0,0,False
jerod-sellhorn,Jerod Sellhorn,Jerod Sellhorn,halo-4,halo-5,2,halo-4|halo-5,3,3,False
jerome-denjean,Jerome Denjean,Jerome Denjean,halo-mcc,halo-mcc,1,halo-mcc,0,0,False
jerome-irving-go,Jerome Irving Go,Jerome Irving Go,halo-infinite,halo-infinite,1,halo-infinite,0,0,False
jerome-simpson,Jerry Simpson,Jerry Simpson|Jerrome Simpson|Jerome Simpson,halo-3,halo-reach,3,halo-3|halo-3-odst|halo-reach,3,2,False
jerrod-dutcher,Jerrod Dutcher,Jerrod Dutcher,halo-infinite,halo-campaign-evolved,2,halo-infinite|halo-campaign-evolved,5,5,False
jerry-hook,Jerry Hook,Jerry Hook,halo-4,halo-infinite,3,halo-4|halo-mcc|halo-infinite,9,7,False
jerry-jia,Jerry Jia,Jerry Jia,halo-infinite,halo-infinite,1,halo-infinite,0,0,False
jerry-lee,Jerry Lee,Jerry Lee,halo-campaign-evolved,halo-campaign-evolved,1,halo-campaign-evolved,0,0,False
jerry-stone,Jerry Stone,Jerry Stone,halo-infinite,halo-infinite,1,halo-infinite,0,0,False
jerry-zhou,Jerry Zhou,Jerry Zhou,halo-infinite,halo-infinite,1,halo-infinite,0,0,False
jesper-andersson,Jesper Andersson,Jesper Andersson,halo-mcc-2021,halo-mcc-2021,1,halo-mcc-2021,0,0,False
jess-guido,Jess Guido,Jess Guido,halo-mcc-2021,halo-mcc-2021,1,halo-mcc-2021,0,0,False
jess-sills,Jess Sills,Jess Sills,halo-campaign-evolved,halo-campaign-evolved,1,halo-campaign-evolved,0,0,False
jess-yu,Jess Yu,Jess Yu,halo-mcc-2021,halo-infinite,2,halo-mcc-2021|halo-infinite,0,0,False
jesse-ceja,Jesse Ceja,Jesse Ceja,halo-campaign-evolved,halo-campaign-evolved,1,halo-campaign-evolved,0,0,False
jesse-d-squire,Jesse Squire,Jesse Squire|Jesse D. Squire,halo-mcc,halo-5,2,halo-mcc|halo-5,1,1,False
jesse-divnich,Jesse Divnich,Jesse Divnich,halo-campaign-evolved,halo-campaign-evolved,1,halo-campaign-evolved,0,0,False
jesse-griefenberg,Jesse Griefenberg,Jesse Griefenberg,halo-infinite,halo-infinite,1,halo-infinite,0,0,False
jesse-hall,Jesse Hall,Jesse Hall,halo-reach,halo-4,2,halo-reach|halo-4,2,2,False
jesse-kosalka,Jesse Kosalka,Jesse Kosalka,halo-infinite,halo-infinite,1,halo-infinite,0,0,False
jesse-larsen,Jesse Larsen,Jesse Larsen,halo-4,halo-4,1,halo-4,0,0,False
jesse-moser,Jesse Moser,Jesse Moser,halo-infinite,halo-infinite,1,halo-infinite,0,0,False
jesse-olmer,Jesse Olmer,Jesse Olmer,halo-4,halo-5,3,halo-4|halo-mcc|halo-5,3,2,False
jesse-puype,Jesse Puype,Jesse Puype,halo-campaign-evolved,halo-campaign-evolved,1,halo-campaign-evolved,0,0,False
jesse-roberts,Jesse Roberts,Jesse Roberts,halo-mcc,halo-mcc,1,halo-mcc,0,0,False
jesse-rope,Jesse Rope,Jesse Rope,halo-4,halo-4,1,halo-4,0,0,False
jesse-sandifer,Jesse Sandifer,Jesse Sandifer,halo-mcc,halo-mcc,1,halo-mcc,0,0,False
jesse-snyder,Jesse Snyder,Jesse Snyder,halo-4,halo-4,1,halo-4,0,0,False
jesse-steffensen,Jesse Steffensen,Jesse Steffensen,halo-campaign-evolved,halo-campaign-evolved,1,halo-campaign-evolved,0,0,False
jesse-stipek,Jesse Stipek,Jesse Stipek,halo-mcc,halo-infinite,4,halo-mcc|halo-5|halo-mcc-2021|halo-infinite,7,6,False
jesse-thompson,Jesse Thompson,Jesse Thompson,halo-5,halo-5,1,halo-5,0,0,False
jesse-welch,Jesse Welch,Jesse Welch,halo-infinite,halo-infinite,1,halo-infinite,0,0,False
jessi-fisher,Jessi Fisher,Jessi Fisher,halo-mcc,halo-mcc,1,halo-mcc,0,0,False
jessi-ruselowski,Jessi Ruselowski,Jessi Ruselowski|Jessica Ruselowski,halo-mcc-2021,halo-campaign-evolved,3,halo-mcc-2021|halo-infinite|halo-campaign-evolved,5,5,False
jessica-aaron,Jessica Aaron,Jessica Aaron,halo-infinite,halo-infinite,1,halo-infinite,0,0,False
jessica-boettiger,Jessica Boettiger,Jessica Boettiger,halo-4,halo-4,1,halo-4,0,0,False
jessica-caesar,Jessica Caesar,Jessica Caesar,halo-4,halo-4,1,halo-4,0,0,False
jessica-coombs,Jessica Coombs,Jessica Coombs,halo-reach,halo-reach,1,halo-reach,0,0,False
jessica-hunter,Jessica Hunter,Jessica Hunter,halo-campaign-evolved,halo-campaign-evolved,1,halo-campaign-evolved,0,0,False
jessica-jones,Jessica Jones,Jessica Jones,halo-mcc-2021,halo-mcc-2021,1,halo-mcc-2021,0,0,False
jessica-li,Jessica Li,Jessica Li,halo-2,halo-2,1,halo-2,0,0,False
jessica-livengood,Jessica Livengood,Jessica Livengood,halo-infinite,halo-infinite,1,halo-infinite,0,0,False
jessica-medina,Jessica Medina,Jessica Medina,halo-mcc,halo-mcc,1,halo-mcc,0,0,False
jessica-owens,Jessica Owens,Jessica Owens,halo-reach,halo-reach,1,halo-reach,0,0,False
jessica-shea,Jessica Shea,Jessica Shea,halo-cea,halo-5,3,halo-cea|halo-4|halo-5,4,3,False
jessica-skerritt,Jessica Skerritt,Jessica Skerritt,halo-4,halo-4,1,halo-4,0,0,False
jessica-spence,Jessica Spence,Jessica Spence,halo-4,halo-4,1,halo-4,0,0,False
jessica-weiss,Jessica Weiss,Jessica Weiss,halo-infinite,halo-infinite,1,halo-infinite,0,0,False
jessica-williams,Jessica Williams,Jessica Williams,halo-5,halo-5,1,halo-5,0,0,False
jessie-medlin,Jessie Medlin,Jessie Medlin,halo-infinite,halo-infinite,1,halo-infinite,0,0,False
jessie-mendoza,Jessie Mendoza,Jessie Mendoza,halo-mcc-2021,halo-infinite,2,halo-mcc-2021|halo-infinite,0,0,False
jessie-roi-bautista,Jessie Roi Bautista,Jessie Roi Bautista,halo-mcc-2021,halo-mcc-2021,1,halo-mcc-2021,0,0,False
jesus-iglesias,Jesus Iglesias,Jesus Iglesias,halo-mcc-2021,halo-mcc-2021,1,halo-mcc-2021,0,0,False
jesus-lloret,Jesús Lloret,Jesús Lloret,halo-campaign-evolved,halo-campaign-evolved,1,halo-campaign-evolved,0,0,False
jesus-murillo,Jesus Murillo,Jesus Murillo|Jesus C. Murillo,halo-infinite,halo-infinite,1,halo-infinite,0,0,False
jhon-adams,Jhon Adams,Jhon Adams,halo-infinite,halo-infinite,1,halo-infinite,0,0,False
ji-hong,Ji Hong,Ji Hong,halo-ce,halo-ce,1,halo-ce,0,0,False
ji-hoon-kim,Ji Hoon Kim,Ji Hoon Kim|Ji hoon Kim,halo-5,halo-infinite,2,halo-5|halo-infinite,6,6,False
ji-lanting,Ji Lanting,Ji Lanting,halo-infinite,halo-infinite,1,halo-infinite,0,0,False
ji-rongxin,Ji Rongxin,Ji Rongxin,halo-campaign-evolved,halo-campaign-evolved,1,halo-campaign-evolved,0,0,False
ji-xiaoxuan,Ji Xiaoxuan,Ji Xiaoxuan,halo-campaign-evolved,halo-campaign-evolved,1,halo-campaign-evolved,0,0,False
ji-young-kim,Ji Young Kim,Ji Young Kim,halo-2,halo-2,1,halo-2,0,0,False
jia-ruan,Jia Ruan,Jia Ruan,halo-5,halo-5,1,halo-5,0,0,False
jia-xinzhe,Jia Xinzhe,Jia Xinzhe,halo-campaign-evolved,halo-campaign-evolved,1,halo-campaign-evolved,0,0,False
jia-yuheng,Jia Yuheng,Jia Yuheng,halo-campaign-evolved,halo-campaign-evolved,1,halo-campaign-evolved,0,0,False
jiang-hong,Jiang Hong,Jiang Hong,halo-infinite,halo-infinite,1,halo-infinite,0,0,False
jiang-xingqi,Jiang Xingqi,Jiang Xingqi,halo-infinite,halo-infinite,1,halo-infinite,0,0,False
jiaqi-qiqi-wang,"Jiaqi ""Qiqi"" Wang","Jiaqi ""Qiqi"" Wang",halo-campaign-evolved,halo-campaign-evolved,1,halo-campaign-evolved,0,0,False
jihoon-kim,Jihoon Kim,Jihoon Kim,halo-4,halo-4,1,halo-4,0,0,False
jill-miller,Jill Miller,Jill Miller,halo-infinite,halo-infinite,1,halo-infinite,0,0,False
jillian-aversa,Jillian Aversa,Jillian Aversa,halo-cea,halo-mcc,2,halo-cea|halo-mcc,3,3,False
jillian-bennett,Jillian Bennett,Jillian Bennett,halo-4,halo-4,1,halo-4,0,0,False
jim-alvarez,Jim Alvarez,Jim Alvarez,halo-infinite,halo-infinite,1,halo-infinite,0,0,False
jim-atkins,Jim Atkins,Jim Atkins,halo-infinite,halo-infinite,1,halo-infinite,0,0,False
jim-broglio,Jim Broglio,Jim Broglio,halo-cea,halo-cea,1,halo-cea,0,0,False
jim-donovan,Jim Donovan,Jim Donovan,halo-4,halo-5,2,halo-4|halo-5,3,3,False
jim-dunne,Jim Dunne,Jim Dunne,halo-infinite,halo-infinite,1,halo-infinite,0,0,False
jim-garrity,Jim Garrity,Jim Garrity,halo-infinite,halo-infinite,1,halo-infinite,0,0,False
jim-h-pirri,Jim H. Pirri,Jim H. Pirri,halo-mcc,halo-mcc,1,halo-mcc,0,0,False
jim-mcleod,Jim McLeod,Jim McLeod,halo-5,halo-5,1,halo-5,0,0,False
jim-mcquillan,Jim McQuillan,James McQuillan,halo-3,halo-reach,3,halo-3|halo-3-odst|halo-reach,3,2,False
jim-munios,Jim Munios,Jim Munios,halo-mcc,halo-mcc,1,halo-mcc,0,0,False
jim-skerritt,Jim Skerritt,Jim Skerritt,halo-infinite,halo-infinite,1,halo-infinite,0,0,False
jim-veevaert,James Veevaert,James Veevaert|Jim Veevaert,halo-3,halo-3-odst,2,halo-3|halo-3-odst,2,2,False
jim-wordelman,Jim Wordelman,Jim Wordelman,halo-infinite,halo-infinite,1,halo-infinite,0,0,False
jimmy-bischoff,Jimmy Bischoff,Jimmy Bischoff,halo-3-odst,halo-campaign-evolved,7,halo-3-odst|halo-cea|halo-4|halo-mcc|halo-mcc-2021|halo-infinite|halo-campaign-evolved,17,7,False
jimmy-chen,Jimmy Chen,Jimmy Chen,halo-infinite,halo-infinite,1,halo-infinite,0,0,False
jimmy-griffin,Jimmy Griffin,Jimmy Griffin,halo-infinite,halo-infinite,1,halo-infinite,0,0,False
jimmy-tao,Jimmy Tao,Jimmy Tao,halo-campaign-evolved,halo-campaign-evolved,1,halo-campaign-evolved,0,0,False
jing-hao-yao,Jing Hao Yao,Jing Hao Yao,halo-infinite,halo-infinite,1,halo-infinite,0,0,False
jing-xuan,Jing Xuan,Jing Xuan,halo-campaign-evolved,halo-campaign-evolved,1,halo-campaign-evolved,0,0,False
jinho-jang,Jinho Jang,Jinho Jang,halo-mcc,halo-mcc,1,halo-mcc,0,0,False
jinhwa-song,Jinhwa Song,Jinhwa Song,halo-campaign-evolved,halo-campaign-evolved,1,halo-campaign-evolved,0,0,False
jiye-lee,Jiye Lee,Jiye Lee,halo-campaign-evolved,halo-campaign-evolved,1,halo-campaign-evolved,0,0,False
jiyoung-lee,Jiyoung Lee,Jiyoung Lee,halo-3,halo-3,1,halo-3,0,0,False
jm-albertson,JM Albertson,JM Albertson,halo-4,halo-5,2,halo-4|halo-5,3,3,False
joan-toigo,Joan Toigo,Joan Toigo,halo-reach,halo-reach,1,halo-reach,0,0,False
joanna-eteson,Joanna Eteson,Joanna Eteson,halo-5,halo-5,1,halo-5,0,0,False
joanna-forbes-lestrange,Joanna Forbes L'Estrange,Joanna Forbes L'Estrange,halo-5,halo-5,1,halo-5,0,0,False
joanna-ossowska,Joanna Ossowska,Joanna Ossowska,halo-campaign-evolved,halo-campaign-evolved,1,halo-campaign-evolved,0,0,False
joanna-walkowiakpachnik,Joanna Walkowiak-Pachnik,Joanna Walkowiak-Pachnik,halo-infinite,halo-infinite,1,halo-infinite,0,0,False
joanne-williams,JoAnne Williams,JoAnne Williams|Joanne Williams,halo-2,halo-3,2,halo-2|halo-3,3,3,False
joao-lucas-guberman-raza,Joao Lucas Guberman Raza,Joao Lucas Guberman Raza,halo-mcc,halo-5,2,halo-mcc|halo-5,1,1,False
joao-marcos-dos-santos,João Marcos dos Santos,João Marcos dos Santos,halo-cea,halo-cea,1,halo-cea,0,0,False
joao-ramos-filho,Joao Ramos Filho,Joao Ramos Filho,halo-mcc,halo-mcc,1,halo-mcc,0,0,False
joaquin-bolbrugge,Joaquin Bolbrugge,Joaquin Bolbrugge,halo-mcc-2021,halo-infinite,2,halo-mcc-2021|halo-infinite,0,0,False
jodi-feaster,Jodi Feaster,Jodi Feaster,halo-infinite,halo-infinite,1,halo-infinite,0,0,False
joe-bell,Joe Bell,Joe Bell,halo-campaign-evolved,halo-campaign-evolved,1,halo-campaign-evolved,0,0,False
joe-claw-kelsay,"Joe ""Claw"" Kelsay","Joe ""Claw"" Kelsay|Joe Kelsay",halo-3,halo-3,1,halo-3,0,0,False
joe-coleman,Joe Coleman,Joe Coleman,halo-mcc,halo-mcc,1,halo-mcc,0,0,False
joe-delgado-iv,Joe Delgado IV,Joe Delgado IV,halo-mcc-2021,halo-mcc-2021,1,halo-mcc-2021,0,0,False
joe-djorgee,Joe Djorgee,Joe Djorgee,halo-4,halo-mcc,2,halo-4|halo-mcc,2,2,False
joe-edelberg,Joe Edelberg,Joe Edelberg,halo-mcc,halo-mcc,1,halo-mcc,0,0,False
joe-ferstl,Joe Ferstl,Joe Ferstl|Joseph Ferstl,halo-infinite,halo-infinite,1,halo-infinite,0,0,False
joe-garhan,Joe Garhan,Joe Garhan,halo-5,halo-5,1,halo-5,0,0,False
joe-gibson,Joe Gibson,Joe Gibson,halo-mcc-2021,halo-mcc-2021,1,halo-mcc-2021,0,0,False
joe-kam,Joe Kam,Joe Kam,halo-campaign-evolved,halo-campaign-evolved,1,halo-campaign-evolved,0,0,False
joe-mcdonagh,Joe McDonagh,Joe McDonagh,halo-infinite,halo-infinite,1,halo-infinite,0,0,False
joe-park,Joe Park,Joe Park|Joseph Park,halo-infinite,halo-infinite,1,halo-infinite,0,0,False
joe-romano,Joe Romano,Joe Romano,halo-infinite,halo-infinite,1,halo-infinite,0,0,False
joe-saban,Joe Saban,Joe Saban,halo-infinite,halo-infinite,1,halo-infinite,0,0,False
joe-stifferman,Joe Sifferman,Joe Sifferman|Joe Sufferman|Joe Stifferman,halo-3,halo-reach,3,halo-3|halo-3-odst|halo-reach,3,2,False
joe-strasser,Joe Strasser,Joe Strasser,halo-mcc,halo-mcc,1,halo-mcc,0,0,False
joe-thiel,Joe Thiel,Joe Thiel,halo-infinite,halo-infinite,1,halo-infinite,0,0,False
joe-valdez,Joe Valdez,Joe Valdez,halo-campaign-evolved,halo-campaign-evolved,1,halo-campaign-evolved,0,0,False
joe-waters,Joe Waters,Joe Waters,halo-reach,halo-4,2,halo-reach|halo-4,2,2,False
joe-whitman,Joe Whitman,Joe Whitman,halo-4,halo-infinite,3,halo-4|halo-5|halo-infinite,9,6,False
joe-winter,Joe Winter,Joe Winter,halo-infinite,halo-infinite,1,halo-infinite,0,0,False
joel-corelitz,Joel Corelitz,Joel Corelitz,halo-infinite,halo-infinite,1,halo-infinite,0,0,False
joel-day,Joel Day,Joel Day,halo-3,halo-reach,3,halo-3|halo-3-odst|halo-reach,3,2,False
joel-furtado,Joel Furtado,Joel Furtado,halo-4,halo-4,1,halo-4,0,0,False
joel-gifford,Joel Gifford,Joel Gifford,halo-reach,halo-infinite,4,halo-reach|halo-4|halo-5|halo-infinite,11,6,False
joel-heyman,Joel Heyman,Joel Heyman,halo-3,halo-3,1,halo-3,0,0,False
joel-kramer,Joel Kramer,Joel Kramer,halo-5,halo-5,1,halo-5,0,0,False
joel-pelley,Joel Pelley,Joel Pelley,halo-mcc,halo-5,2,halo-mcc|halo-5,1,1,False
joel-valles,Joel Valles,Joel Valles,halo-4,halo-4,1,halo-4,0,0,False
joel-vidmore,Joel Vidmore,Joel Vidmore,halo-4,halo-4,1,halo-4,0,0,False
joel-yarger,Joel Yarger,Joel Yarger,halo-infinite,halo-campaign-evolved,2,halo-infinite|halo-campaign-evolved,5,5,False
joey-adey,Joey Adey,Joey Adey,halo-4,halo-4,1,halo-4,0,0,False
joey-langley,Joey Langley,Joey Langley,halo-mcc-2021,halo-mcc-2021,1,halo-mcc-2021,0,0,False
johan-knivsberg-moe,Johan Knivsberg Moe,Johan Knivsberg Moe,halo-4,halo-4,1,halo-4,0,0,False
johann-tang,Johann Tang,Johann Tang,halo-3,halo-3,1,halo-3,0,0,False
johanne-fratesi,Johanne Fratesi,Johanne Fratesi,halo-campaign-evolved,halo-campaign-evolved,1,halo-campaign-evolved,0,0,False
john-adams,Jonathan Adams,Jonathan Adams|John Adams|John M. Adams,halo-4,halo-infinite,2,halo-4|halo-infinite,9,9,False
john-barclay,John Barclay,John Barclay,halo-infinite,halo-infinite,1,halo-infinite,0,0,False
john-barrett,John Barrett,John Barrett,halo-5,halo-5,1,halo-5,0,0,False
john-baunsgard,John Baunsgard,John Baunsgard,halo-infinite,halo-infinite,1,halo-infinite,0,0,False
john-bentley,John Bentley,John Bentley|John Eric Bentley,halo-5,halo-5,1,halo-5,0,0,False
john-bischoff,John Bischoff,John Bischoff,halo-mcc,halo-mcc,1,halo-mcc,0,0,False
john-bradbury,John Bradbury,John Bradbury,halo-5,halo-5,1,halo-5,0,0,False
john-breese,John Breese,John Breese,halo-5,halo-5,1,halo-5,0,0,False
john-butkus,John Butkus,John Butkus,halo-2,halo-3,2,halo-2|halo-3,3,3,False
john-comstock,John Comstock,John Comstock,halo-3-odst,halo-3-odst,1,halo-3-odst,0,0,False
john-coven,John Coven,John Coven,halo-4,halo-4,1,halo-4,0,0,False
john-coyle,John Coyle,John Coyle,halo-infinite,halo-infinite,1,halo-infinite,0,0,False
john-cygan,John Cygan,John Cygan,halo-4,halo-4,1,halo-4,0,0,False
john-dennison,John Dennison,John Dennison,halo-4,halo-4,1,halo-4,0,0,False
john-dimaggio,John DiMaggio,John DiMaggio,halo-3,halo-3-odst,2,halo-3|halo-3-odst,2,2,False
john-doyle,John Doyle,John Doyle|Jon Doyle,halo-3,halo-infinite,2,halo-3|halo-infinite,14,14,True
john-dumala,John Dumala,John Dumala,halo-infinite,halo-campaign-evolved,2,halo-infinite|halo-campaign-evolved,5,5,False
john-edwards,John Edwards,John Edwards,halo-4,halo-infinite,3,halo-4|halo-5|halo-infinite,9,6,False
john-erickson,John Erickson,John Erickson,halo-infinite,halo-infinite,1,halo-infinite,0,0,False
john-evans,John Evans,John Evans|John T. Evans,halo-5,halo-5,1,halo-5,0,0,False
john-evanson,John Evanson,John Evanson,halo-5,halo-5,1,halo-5,0,0,False
john-fasal,John Fasal,John Fasal|John Paul Fasal,halo-5,halo-infinite,2,halo-5|halo-infinite,6,6,False
john-fitzgibbons,John Fitzgibbons,John Fitzgibbons,halo-infinite,halo-infinite,1,halo-infinite,0,0,False
john-flath,John Flath,John Flath,halo-4,halo-campaign-evolved,4,halo-4|halo-5|halo-infinite|halo-campaign-evolved,14,6,False
john-frey,John Frey,John Frey,halo-ce,halo-ce,1,halo-ce,0,0,False
john-friend,John Friend,John Friend,halo-5,halo-infinite,2,halo-5|halo-infinite,6,6,False
john-gavin-fischer,John Gavin Fischer,John Gavin Fischer,halo-infinite,halo-infinite,1,halo-infinite,0,0,False
john-graham,John Graham,John Graham,halo-3,halo-3,1,halo-3,0,0,False
john-gronquist,John Gronquist,John Gronquist,halo-3,halo-3-odst,2,halo-3|halo-3-odst,2,2,False
john-grubner,John Grubner,John Grubner,halo-cea,halo-infinite,3,halo-cea|halo-4|halo-infinite,10,9,False
john-guesnier,John Guesnier,John Guesnier,halo-4,halo-4,1,halo-4,0,0,False
john-harris,John Harris,John Harris,halo-3,halo-4,4,halo-3|halo-reach|halo-cea|halo-4,5,3,False
john-hopson,John Hopson,John Hopson,halo-2,halo-reach,4,halo-2|halo-3|halo-3-odst|halo-reach,6,3,False
john-howard,John Howard,John Howard,halo-ce,halo-ce,1,halo-ce,0,0,False
john-hoyle-rymer,John Hoyle Rymer,John Hoyle Rymer,halo-campaign-evolved,halo-campaign-evolved,1,halo-campaign-evolved,0,0,False
john-ikera,John Ikera,John Ikera,halo-mcc,halo-mcc,1,halo-mcc,0,0,False
john-imus,John Imus,John Imus,halo-4,halo-4,1,halo-4,0,0,False
john-junyszek,John Junyszek,John Junyszek,halo-mcc-2021,halo-campaign-evolved,3,halo-mcc-2021|halo-infinite|halo-campaign-evolved,5,5,False
john-kassir,John Kassir,John Kassir,halo-2,halo-5,2,halo-2|halo-5,11,11,False
john-kinzey,John Kinzey,John Kinzey,halo-mcc-2021,halo-infinite,2,halo-mcc-2021|halo-infinite,0,0,False
john-konkle,John Konkle,John Konkle|John H Konkle,halo-4,halo-campaign-evolved,6,halo-4|halo-mcc|halo-5|halo-mcc-2021|halo-infinite|halo-campaign-evolved,14,6,False
john-loranger,John Loranger,John Loranger,halo-infinite,halo-infinite,1,halo-infinite,0,0,False
john-martini,John Martini,John Martini,halo-mcc,halo-mcc,1,halo-mcc,0,0,False
john-michael-higgins,John Michael Higgins,John Michael Higgins,halo-2,halo-2,1,halo-2,0,0,False
john-michael-taha-carreon,John Michael Taha Carreon,John Michael Taha Carreon,halo-mcc-2021,halo-mcc-2021,1,halo-mcc-2021,0,0,False
john-mulkey,John Mulkey,John Mulkey,halo-infinite,halo-infinite,1,halo-infinite,0,0,False
john-nelson,John Nelson,John Nelson,halo-mcc,halo-mcc,1,halo-mcc,0,0,False
john-noonan,John Noonan,John Noonan,halo-4,halo-4,1,halo-4,0,0,False
john-numata,John Numata,John Numata,halo-infinite,halo-infinite,1,halo-infinite,0,0,False
john-osullivan,John O'Sullivan,John O'Sullivan,halo-cea,halo-cea,1,halo-cea,0,0,False
john-patrick-lowrie,John Patrick Lowrie,John Patrick Lowrie,halo-3-odst,halo-reach,2,halo-3-odst|halo-reach,1,1,False
john-pickens,John Pickens,John Pickens,halo-infinite,halo-infinite,1,halo-infinite,0,0,False
john-prestage,John Prestage,John Prestage,halo-5,halo-5,1,halo-5,0,0,False
john-reitenbach,John Reitenbach,John Reitenbach,halo-4,halo-4,1,halo-4,0,0,False
john-roesch-mpse,John Roesch,John Roesch|John Roesch MPSE,halo-5,halo-infinite,2,halo-5|halo-infinite,6,6,False
john-ryan,John Ryan,John Ryan,halo-5,halo-5,1,halo-5,0,0,False
john-shirkey,John Shirkey,John Shirkey,halo-4,halo-4,1,halo-4,0,0,False
john-stamos,John Stamos,John Stamos,halo-mcc,halo-mcc,1,halo-mcc,0,0,False
john-stvan,John Stvan,John Stvan,halo-reach,halo-reach,1,halo-reach,0,0,False
john-velazquez,John Velazquez,John Velazquez,halo-3,halo-3-odst,2,halo-3|halo-3-odst,2,2,False
john-w-chapman,John W. Chapman,John W. Chapman,halo-5,halo-5,1,halo-5,0,0,False
john-wallin-liberto,John Wallin Liberto,John Wallin Liberto|John Salvatore Wallin Liberto,halo-4,halo-4,1,halo-4,0,0,False
john-walsh,John Walsh,John Walsh,halo-infinite,halo-infinite,1,halo-infinite,0,0,False
john-wilson,John Wilson,John Wilson,halo-infinite,halo-infinite,1,halo-infinite,0,0,False
john-wong,John Wong,John Wong,halo-mcc,halo-mcc,1,halo-mcc,0,0,False
john-yip,John Yip,John Yip,halo-3,halo-5,2,halo-3|halo-5,8,8,False
john-zagorski,John Zagorski,John Zagorski,halo-cea,halo-4,2,halo-cea|halo-4,1,1,False
john-zhang,John Zhang,John Zhang,halo-mcc-2021,halo-mcc-2021,1,halo-mcc-2021,0,0,False
johnathan-chu,Johnathan Chu,Johnathan Chu,halo-cea,halo-cea,1,halo-cea,0,0,False
johnathon-jacques,Johnathon Jacques,Johnathon Jacques,halo-mcc-2021,halo-mcc-2021,1,halo-mcc-2021,0,0,False
johnney-nguyen,Johnney Nguyen,Johnney Nguyen,halo-3,halo-3-odst,2,halo-3|halo-3-odst,2,2,False
johnny-le,Johnny Le,Johnny Le,halo-infinite,halo-infinite,1,halo-infinite,0,0,False
johnny-p-van-zelm,Johnny P. van Zelm,Johnny P. van Zelm,halo-4,halo-4,1,halo-4,0,0,False
johnny-renquist,Johnny Renquist,Johnny Renquist,halo-reach,halo-reach,1,halo-reach,0,0,False
jolanta-pers,Jolanta Pers,Jolanta Pers,halo-campaign-evolved,halo-campaign-evolved,1,halo-campaign-evolved,0,0,False
joleen-lundberg,Joleen Lundberg,Joleen Lundberg,halo-infinite,halo-infinite,1,halo-infinite,0,0,False
jomo-kangethe,Jomo Kangethe,Jomo Kangethe,halo-infinite,halo-infinite,1,halo-infinite,0,0,False
jon-adams,Jon Adams,Jon Adams,halo-infinite,halo-infinite,1,halo-infinite,0,0,False
jon-beeston,Jon Beeston,Jon Beeston,halo-infinite,halo-infinite,1,halo-infinite,0,0,False
jon-berezan,Jon Berezan,Jon Berezan,halo-infinite,halo-infinite,1,halo-infinite,0,0,False
jon-boulanger,Jon Boulanger,Jon Boulanger,halo-mcc-2021,halo-infinite,2,halo-mcc-2021|halo-infinite,0,0,False
jon-cable,Jon Cable,Jon Cable,halo-3,halo-reach,3,halo-3|halo-3-odst|halo-reach,3,2,False
jon-head,Jon Head,Jon Head,halo-infinite,halo-infinite,1,halo-infinite,0,0,False
jon-huertas,Jon Huertas,Jon Huertas,halo-reach,halo-campaign-evolved,2,halo-reach|halo-campaign-evolved,16,16,False
jon-jordan,Jon Jordan,Jon Jordan,halo-mcc,halo-mcc,1,halo-mcc,0,0,False
jon-kimmich,Jon Kimmich,Jon Kimmich,halo-ce,halo-ce,1,halo-ce,0,0,False
jon-koelzer,Jon Koelzer,Jon Koelzer,halo-infinite,halo-infinite,1,halo-infinite,0,0,False
jon-lancelle,Jon Lancelle,Jon Lancelle,halo-mcc,halo-mcc,1,halo-mcc,0,0,False
jon-lobaugh,Jonathan Lobaugh,Jonathan Lobaugh|Jon Lobaugh,halo-4,halo-5,3,halo-4|halo-mcc|halo-5,3,2,False
jon-malloy,Jon Malloy,Jon Malloy|Jonathan Malloy,halo-infinite,halo-infinite,1,halo-infinite,0,0,False
jon-olson,Jon Olson,Jon Olson,halo-infinite,halo-infinite,1,halo-infinite,0,0,False
jon-price,Jon Price,Jon Price,halo-3,halo-3,1,halo-3,0,0,False
jon-racine,Jon Racine,Jon Racine,halo-infinite,halo-infinite,1,halo-infinite,0,0,False
jon-rasmussen,Jon Rasmussen,Jon Rasmussen,halo-4,halo-4,1,halo-4,0,0,False
jon-stevens,Jon Stevens,Jon Stevens|Jon David Stevens,halo-infinite,halo-infinite,1,halo-infinite,0,0,False
jon-vincent,Jon Vincent,Jon Vincent,halo-campaign-evolved,halo-campaign-evolved,1,halo-campaign-evolved,0,0,False
jon-weisnewski,Jon Weisnewski,Jon Weisnewski,halo-3,halo-reach,3,halo-3|halo-3-odst|halo-reach,3,2,False
jon-wood,Jonathan Wood,Jonathan Wood|Jonathan Woods|Jon Wood,halo-4,halo-5,2,halo-4|halo-5,3,3,False
jon-worthington,Jon Worthington,Jon Worthington,halo-mcc-2021,halo-mcc-2021,1,halo-mcc-2021,0,0,False
jon-yeo,Jon Yeo,Jon Yeo,halo-infinite,halo-infinite,1,halo-infinite,0,0,False
jona-akelipa,Jona Akelipa,Jona Akelipa,halo-infinite,halo-infinite,1,halo-infinite,0,0,False
jonas-keating,Jonas Keating,Jonas Keating,halo-4,halo-4,1,halo-4,0,0,False
jonathan-abenhaim,Jonathan Abenhaim,Jonathan Abenhaim,halo-3,halo-3,1,halo-3,0,0,False
jonathan-aube,Jonathan Aube,Jonathan Aube,halo-4,halo-5,2,halo-4|halo-5,3,3,False
jonathan-bercu,Jonathan Bercu,Jonathan Bercu,halo-mcc-2018,halo-mcc-2018,1,halo-mcc-2018,0,0,False
jonathan-borrayo,Jonathan Borrayo,Jonathan Borrayo,halo-infinite,halo-infinite,1,halo-infinite,0,0,False
jonathan-castro-chico,Jonathan Castro Chico,Jonathan Castro Chico,halo-infinite,halo-infinite,1,halo-infinite,0,0,False
jonathan-evansjones,Jonathan Evans-Jones,Jonathan Evans-Jones,halo-5,halo-5,1,halo-5,0,0,False
jonathan-falomir,Jonathan Falomir,Jonathan Falomir,halo-infinite,halo-infinite,1,halo-infinite,0,0,False
jonathan-ficcadenti,Jonathan Ficcadenti,Jonathan Ficcadenti,halo-mcc,halo-mcc,1,halo-mcc,0,0,False
jonathan-fourie,Jonathan Fourie,Jonathan Fourie,halo-infinite,halo-infinite,1,halo-infinite,0,0,False
jonathan-gage,Jonathan Gage,Jonathan Gage,halo-4,halo-mcc-2021,2,halo-4|halo-mcc-2021,9,9,False
jonathan-goff,Jonathan Goff,Jonathan Goff,halo-4,halo-4,1,halo-4,0,0,False
jonathan-graham,Jonathan Graham,Jonathan Graham,halo-infinite,halo-infinite,1,halo-infinite,0,0,False
jonathan-green,Jonathan Green,Jonathan Green,halo-reach,halo-reach,1,halo-reach,0,0,False
jonathan-grover,Jonathan Grover,Jonathan Grover,halo-campaign-evolved,halo-campaign-evolved,1,halo-campaign-evolved,0,0,False
jonathan-kinsley,Jonathan Kinsley,Jonathan Kinsley,halo-infinite,halo-infinite,1,halo-infinite,0,0,False
jonathan-kubo,Jonathan Kubo,Jonathan Kubo,halo-3-odst,halo-3-odst,1,halo-3-odst,0,0,False
jonathan-lee,Jonathan Lee,Jonathan Lee,halo-infinite,halo-infinite,1,halo-infinite,0,0,False
jonathan-lindblom,Jonathan Lindblom,Jonathan Lindblom,halo-5,halo-5,1,halo-5,0,0,False
jonathan-marchlik,Jonathan Marchlik,Jonathan Marchlik,halo-mcc-2021,halo-mcc-2021,1,halo-mcc-2021,0,0,False
jonathan-ochs,Jonathan Ochs,Jonathan Ochs|Johnathan Ochs,halo-4,halo-4,1,halo-4,0,0,False
jonathan-okleberry,Jonathan Okleberry,Jonathan Okleberry,halo-infinite,halo-infinite,1,halo-infinite,0,0,False
jonathan-pedrosojodry,Jonathan Pedroso-Jodry,Jonathan Pedroso-Jodry,halo-mcc-2018,halo-mcc-2018,1,halo-mcc-2018,0,0,False
jonathan-peros,Jonathan Peros,Jonathan Peros,halo-campaign-evolved,halo-campaign-evolved,1,halo-campaign-evolved,0,0,False
jonathan-poiana,Jonathan Poiana,Jonathan Poiana,halo-infinite,halo-infinite,1,halo-infinite,0,0,False
jonathan-ray,Jonathan Ray,Jonathan Ray,halo-infinite,halo-infinite,1,halo-infinite,0,0,False
jonathan-ring,Jonathan Ring,Jonathan Ring,halo-mcc,halo-mcc,1,halo-mcc,0,0,False
jonathan-rowe,Jonathan Rowe,Jonathan Rowe,halo-mcc-2021,halo-mcc-2021,1,halo-mcc-2021,0,0,False
jonathan-savoie,Jonathan Savoie,Jonathan Savoie,halo-mcc-2018,halo-mcc-2018,1,halo-mcc-2018,0,0,False
jonathan-schwartz,Jonathan Schwartz,Jonathan Schwartz|John Schratz,halo-4,halo-5,3,halo-4|halo-mcc|halo-5,3,2,False
jonathan-segall,Jonathan Segall,Jonathan Segall,halo-mcc-2021,halo-infinite,2,halo-mcc-2021|halo-infinite,0,0,False
jonathan-strange,Jonathan Strange,Jonathan Strange,halo-5,halo-5,1,halo-5,0,0,False
jonathan-tang,Jonathan Tang,Jonathan Tang,halo-campaign-evolved,halo-campaign-evolved,1,halo-campaign-evolved,0,0,False
jonathan-tims,Jonathan Tims,Jonathan Tims,halo-infinite,halo-infinite,1,halo-infinite,0,0,False
jonathan-tittley,Jonathan Tittley,Jonathan Tittley,halo-infinite,halo-infinite,1,halo-infinite,0,0,False
jonathan-vega,Jonathan Vega,Jonathan Vega,halo-infinite,halo-infinite,1,halo-infinite,0,0,False
jonathan-villariasa,Jonathan Villariasa,Jonathan Villariasa,halo-infinite,halo-infinite,1,halo-infinite,0,0,False
jonathan-vossler,Jonathan Vossler,Jonathan Vossler,halo-infinite,halo-infinite,1,halo-infinite,0,0,False
jonathan-w-hathaway,Jon Hathaway,Jon Hathaway|Jonathan W. Hathaway,halo-mcc,halo-5,2,halo-mcc|halo-5,1,1,False
jonathan-wilhite,Jonathan Wilhite,Jonathan Wilhite,halo-infinite,halo-infinite,1,halo-infinite,0,0,False
jonathan-williams,Jonathan Williams,Jonathan Williams,halo-5,halo-5,1,halo-5,0,0,False
jonathon-chavez,Jonathon Chavez,Jonathon Chavez,halo-infinite,halo-infinite,1,halo-infinite,0,0,False
jonathon-doggs,Jonathon Doggs,Jonathon Doggs,halo-campaign-evolved,halo-campaign-evolved,1,halo-campaign-evolved,0,0,False
jonathon-rook,Jonathon Rook,Jonathon Rook|Jon Rook,halo-4,halo-4,1,halo-4,0,0,False
jonathon-smucker,Jonathon Smucker,Jonathon Smucker,halo-mcc,halo-mcc,1,halo-mcc,0,0,False
jonny-severn,Jonny Severn,Jonny Severn,halo-infinite,halo-infinite,1,halo-infinite,0,0,False
jonny-stacey,Jonny Stacey,Jonny Stacey,halo-campaign-evolved,halo-campaign-evolved,1,halo-campaign-evolved,0,0,False
jono-lee,Jono Lee,Jono Lee,halo-infinite,halo-infinite,1,halo-infinite,0,0,False
jonty-barnes,Jonty Barnes,Jonty Barnes,halo-3,halo-reach,3,halo-3|halo-3-odst|halo-reach,3,2,False
joon-kim,Joon Kim,Joon Kim,halo-4,halo-4,1,halo-4,0,0,False
joon-sim,Joon Sim,Joon Sim,halo-3-odst,halo-3-odst,1,halo-3-odst,0,0,False
joon-yang,Joon Yang,Joon Yang,halo-3,halo-3,1,halo-3,0,0,False
joram-forcado,Joram Forcado,Joram Forcado,halo-mcc-2021,halo-mcc-2021,1,halo-mcc-2021,0,0,False
joram-jacob-cruz,Joram Jacob Cruz,Joram Jacob Cruz|Joram Jacob L. Cruz,halo-infinite,halo-infinite,1,halo-infinite,0,0,False
jordan-anderson,Jordan Anderson,Jordan Anderson,halo-4,halo-4,1,halo-4,0,0,False
jordan-brown,Jordan Brown,Jordan Brown,halo-infinite,halo-infinite,1,halo-infinite,0,0,False
jordan-charette,Jordan Charette,Jordan Charette,halo-infinite,halo-infinite,1,halo-infinite,0,0,False
jordan-crockett,Jordan Crockett,Jordan Crockett,halo-infinite,halo-infinite,1,halo-infinite,0,0,False
jordan-cumming,Jordan Cumming,Jordan Cumming,halo-4,halo-4,1,halo-4,0,0,False
jordan-garvey,Jordan Garvey,Jordan Garvey,halo-infinite,halo-infinite,1,halo-infinite,0,0,False
jordan-heredia,Jordan Heredia,Jordan Heredia,halo-infinite,halo-infinite,1,halo-infinite,0,0,False
jordan-higgins,Jordan Higgins,Jordan Higgins,halo-infinite,halo-infinite,1,halo-infinite,0,0,False
jordan-kulm,Jordan Kulm,Jordan Kulm,halo-infinite,halo-infinite,1,halo-infinite,0,0,False
jordan-pack,Jordan Pack,Jordan Pack,halo-infinite,halo-infinite,1,halo-infinite,0,0,False
jordan-parker,Jordan Parker,Jordan Parker,halo-infinite,halo-infinite,1,halo-infinite,0,0,False
jordan-randolph,Jordan Randolph,Jordan Randolph,halo-mcc-2021,halo-mcc-2021,1,halo-mcc-2021,0,0,False
jordan-rathburn,Jordan Rathburn,Jordan Rathburn,halo-infinite,halo-infinite,1,halo-infinite,0,0,False
jordan-roher,Jordan Roher,Jordan Roher,halo-mcc,halo-5,2,halo-mcc|halo-5,1,1,False
jordan-s-lewis,Jordan Lewis,Jordan Lewis|Jordan S. Lewis,halo-mcc,halo-5,2,halo-mcc|halo-5,1,1,False
jordan-saunders,Jordan Saunders,Jordan Saunders,halo-infinite,halo-infinite,1,halo-infinite,0,0,False
jordan-seigel,Jordan Seigel,Jordan Seigel,halo-infinite,halo-infinite,1,halo-infinite,0,0,False
jordan-stephens,Jordan Stephens,Jordan Stephens,halo-campaign-evolved,halo-campaign-evolved,1,halo-campaign-evolved,0,0,False
jorge-barboza,Jorge Barboza,Jorge Barboza,halo-4,halo-4,1,halo-4,0,0,False
jorge-gonzalez-hidalgo,Jorge González Hidalgo,Jorge González Hidalgo,halo-campaign-evolved,halo-campaign-evolved,1,halo-campaign-evolved,0,0,False
jorge-javan-monsivais-bernal,Jorge Javan Monsivais Bernal,Jorge Javan Monsivais Bernal,halo-infinite,halo-infinite,1,halo-infinite,0,0,False
jorge-sanchez,Jorge Sánchez,Jorge Sánchez,halo-infinite,halo-campaign-evolved,2,halo-infinite|halo-campaign-evolved,5,5,False
jose-bello,Jose Bello,Jose Bello,halo-campaign-evolved,halo-campaign-evolved,1,halo-campaign-evolved,0,0,False
jose-daniel-sanchez-lopez,José Daniel Sánchez López,José Daniel Sánchez López,halo-mcc-2021,halo-mcc-2021,1,halo-mcc-2021,0,0,False
jose-domato,Jose Domato,Jose Domato,halo-infinite,halo-infinite,1,halo-infinite,0,0,False
jose-gamboa,Jose Gamboa,Jose Gamboa,halo-4,halo-4,1,halo-4,0,0,False
jose-gonzalez,Jose Gonzalez,Jose Gonzalez,halo-infinite,halo-infinite,1,halo-infinite,0,0,False
jose-ignacio-hualde,Jose Ignacio Hualde,Jose Ignacio Hualde,halo-mcc-2021,halo-mcc-2021,1,halo-mcc-2021,0,0,False
jose-manuel-linares-lopez,Jose Manuel Linares Lopez,Jose Manuel Linares Lopez,halo-mcc,halo-mcc,1,halo-mcc,0,0,False
jose-martinez,Jose Martinez,Jose Martinez|Jose Vicente de María Martínez,halo-infinite,halo-infinite,1,halo-infinite,0,0,False
jose-rivera,Jose Rivera,Jose Rivera,halo-infinite,halo-infinite,1,halo-infinite,0,0,False
jose-rivera-zambrano,Jose Rivera-Zambrano,Jose Rivera-Zambrano|Jose Rivera Zambrano,halo-mcc-2021,halo-infinite,2,halo-mcc-2021|halo-infinite,0,0,False
jose-simbulan,Jose Simbulan,Jose Simbulan,halo-infinite,halo-infinite,1,halo-infinite,0,0,False
jose-torres-ruiz,Jose Torres Ruiz,Jose Torres Ruiz,halo-mcc-2021,halo-mcc-2021,1,halo-mcc-2021,0,0,False
josef-bsharah,Josef Bsharah,Josef Bsharah,halo-infinite,halo-infinite,1,halo-infinite,0,0,False
joseph-ainsworth,Joseph Ainsworth,Joseph Ainsworth,halo-reach,halo-reach,1,halo-reach,0,0,False
joseph-baca,Joseph Baca,Joseph Baca,halo-mcc-2021,halo-campaign-evolved,3,halo-mcc-2021|halo-infinite|halo-campaign-evolved,5,5,False
joseph-cheng,Joseph Cheng,Joseph Cheng,halo-5,halo-infinite,3,halo-5|halo-mcc-2021|halo-infinite,6,6,False
joseph-chisholm,Joseph Chisholm,Joseph Chisholm,halo-campaign-evolved,halo-campaign-evolved,1,halo-campaign-evolved,0,0,False
joseph-cuen,Joseph Cuen,Joseph Cuen,halo-mcc-2021,halo-mcc-2021,1,halo-mcc-2021,0,0,False
joseph-e-ezell,Joseph E Ezell,Joseph E Ezell,halo-2,halo-2,1,halo-2,0,0,False
joseph-harford,Joseph Harford,Joseph Harford,halo-infinite,halo-infinite,1,halo-infinite,0,0,False
joseph-hayashi,Joseph Hayashi,Joseph Hayashi,halo-campaign-evolved,halo-campaign-evolved,1,halo-campaign-evolved,0,0,False
joseph-hill,Joseph Hill,Joseph Hill,halo-4,halo-4,1,halo-4,0,0,False
joseph-hoback,Joseph Hoback,Joseph Hoback,halo-mcc,halo-mcc,1,halo-mcc,0,0,False
joseph-keigher,Joseph Keigher,Joseph Keigher,halo-mcc-2021,halo-infinite,2,halo-mcc-2021|halo-infinite,0,0,False
joseph-may,Joseph May,Joseph May,halo-campaign-evolved,halo-campaign-evolved,1,halo-campaign-evolved,0,0,False
joseph-mendez,Joseph Mendez,Joseph Mendez,halo-mcc-2021,halo-mcc-2021,1,halo-mcc-2021,0,0,False
joseph-moyle,Joseph Moyle,Joseph Moyle,halo-infinite,halo-infinite,1,halo-infinite,0,0,False
joseph-nguyen,Joseph Nguyen,Joseph Nguyen,halo-4,halo-4,1,halo-4,0,0,False
joseph-olson,Joseph Olson,Joseph Olson|Joe Olson,halo-4,halo-4,1,halo-4,0,0,False
joseph-perez,Joseph Perez,Joseph Perez,halo-mcc-2021,halo-mcc-2021,1,halo-mcc-2021,0,0,False
joseph-ross,Joseph Ross,Joseph Ross,halo-mcc,halo-mcc,1,halo-mcc,0,0,False
joseph-smock,Joseph Smock,Joseph Smock,halo-infinite,halo-infinite,1,halo-infinite,0,0,False
joseph-spataro,Joseph Spataro,Joseph Spataro|Joe Spataro,halo-3-odst,halo-reach,2,halo-3-odst|halo-reach,1,1,False
joseph-staten,Joseph Staten,Joseph Staten|Joe Staten,halo-ce,halo-campaign-evolved,9,halo-ce|halo-2|halo-3|halo-3-odst|halo-reach|halo-5|halo-mcc-2021|halo-infinite|halo-campaign-evolved,25,6,False
joseph-still,Joseph Still,Joseph Still,halo-4,halo-4,1,halo-4,0,0,False
joseph-thompson-ii,Joseph Thompson II,Joseph Thompson II,halo-infinite,halo-infinite,1,halo-infinite,0,0,False
joseph-tung,Joseph Tung,Joseph Tung,halo-3,halo-reach,3,halo-3|halo-3-odst|halo-reach,3,2,False
josh-bell,Josh Bell,Josh Bell,halo-4,halo-campaign-evolved,4,halo-4|halo-5|halo-infinite|halo-campaign-evolved,14,6,False
josh-corn,Josh Corn,Josh Corn,halo-infinite,halo-infinite,1,halo-infinite,0,0,False
josh-dean,Josh Dean,Josh Dean,halo-5,halo-campaign-evolved,3,halo-5|halo-infinite|halo-campaign-evolved,11,6,False
josh-dime,Josh Dime,Josh Dime,halo-4,halo-4,1,halo-4,0,0,False
josh-eash,Josh Eash,Josh Eash,halo-mcc-2021,halo-infinite,2,halo-mcc-2021|halo-infinite,0,0,False
josh-fogle,Josh Fogle,Josh Fogle,halo-infinite,halo-campaign-evolved,2,halo-infinite|halo-campaign-evolved,5,5,False
josh-fortt,Josh Fortt,Josh Fortt,halo-mcc-2021,halo-mcc-2021,1,halo-mcc-2021,0,0,False
josh-fuller,Josh Fuller,Josh Fuller,halo-mcc-2021,halo-mcc-2021,1,halo-mcc-2021,0,0,False
josh-gregory,Josh Gregory,Josh Gregory,halo-infinite,halo-campaign-evolved,2,halo-infinite|halo-campaign-evolved,5,5,False
josh-hamrick,Josh Hamrick,Josh Hamrick,halo-reach,halo-reach,1,halo-reach,0,0,False
josh-harvey,Josh Harvey,Josh Harvey|Josh Edward Harvey,halo-infinite,halo-infinite,1,halo-infinite,0,0,False
josh-heisey,Josh Heisey,Josh Heisey,halo-infinite,halo-campaign-evolved,2,halo-infinite|halo-campaign-evolved,5,5,False
josh-hoida,Josh Hoida,Josh Hoida|Joshua Hoida,halo-infinite,halo-infinite,1,halo-infinite,0,0,False
josh-holmes,Josh Holmes,Josh Holmes,halo-reach,halo-5,3,halo-reach|halo-4|halo-5,5,3,False
josh-hurley,Josh Hurley,Josh Hurley,halo-5,halo-5,1,halo-5,0,0,False
josh-hutchins,Josh Hutchins,Josh Hutchins,halo-mcc,halo-mcc,1,halo-mcc,0,0,False
josh-kao,Josh Kao,Josh Kao,halo-4,halo-5,2,halo-4|halo-5,3,3,False
josh-kerwin,Josh Kerwin,Josh Kerwin,halo-reach,halo-reach,1,halo-reach,0,0,False
josh-lindquist,Joshua Lindquist,Joshua Lindquist|Josh Lindquist,halo-4,halo-infinite,3,halo-4|halo-5|halo-infinite,9,6,False
josh-marvel,Joshua Marvel,Joshua Marvel|Josh Marvel,halo-4,halo-infinite,3,halo-4|halo-5|halo-infinite,9,6,False
josh-mattoon,Josh Mattoon,Josh Mattoon,halo-4,halo-infinite,3,halo-4|halo-5|halo-infinite,9,6,False
josh-menke,Josh Menke,Josh Menke,halo-mcc,halo-infinite,2,halo-mcc|halo-infinite,7,7,False
josh-mosser,Josh Mosser,Josh Mosser,halo-mcc,halo-mcc,1,halo-mcc,0,0,False
josh-mulanax,Josh Mulanax,Josh Mulanax,halo-mcc,halo-mcc,1,halo-mcc,0,0,False
josh-paraventi,Josh Paraventi,Josh Paraventi,halo-4,halo-campaign-evolved,3,halo-4|halo-5|halo-campaign-evolved,14,11,False
josh-powers,Josh Powers,Josh Powers|Joshua Powers,halo-cea,halo-mcc,3,halo-cea|halo-4|halo-mcc,3,2,False
josh-rife,Josh Rife,Josh Rife,halo-infinite,halo-campaign-evolved,2,halo-infinite|halo-campaign-evolved,5,5,False
josh-russell,Josh Russell,Josh Russell,halo-infinite,halo-campaign-evolved,2,halo-infinite|halo-campaign-evolved,5,5,False
josh-sager,Josh Sager,Josh Sager,halo-4,halo-infinite,3,halo-4|halo-5|halo-infinite,9,6,False
josh-smith,Josh Smith,Josh Smith,halo-4,halo-4,1,halo-4,0,0,False
josh-sturgis,Josh Sturgis,Josh Sturgis|Joshua Sturgis,halo-infinite,halo-infinite,1,halo-infinite,0,0,False
josh-suko,Josh Suko,Josh Suko,halo-4,halo-5,2,halo-4|halo-5,3,3,False
josh-tyrell,Josh Tyrell,Josh Tyrell,halo-cea,halo-cea,1,halo-cea,0,0,False
josh-watson,Josh Watson,Josh Watson,halo-5,halo-infinite,2,halo-5|halo-infinite,6,6,False
josh-wilkinson,Josh Wilkinson,Josh Wilkinson|Joshua Wilkinson,halo-mcc,halo-infinite,2,halo-mcc|halo-infinite,7,7,False
joshawa-salyers,Joshawa Salyers,Joshawa Salyers,halo-4,halo-4,1,halo-4,0,0,False
joshua-alan-frasier,Joshua Alan Frasier,Joshua Alan Frasier,halo-mcc,halo-mcc,1,halo-mcc,0,0,False
joshua-anderson,Joshua Anderson,Joshua Anderson|Josh Anderson,halo-reach,halo-reach,1,halo-reach,0,0,False
joshua-andrews,Joshua Andrews,Joshua Andrews,halo-mcc-2021,halo-mcc-2021,1,halo-mcc-2021,0,0,False
joshua-aoki,Joshua Aoki,Joshua Aoki,halo-infinite,halo-infinite,1,halo-infinite,0,0,False
joshua-bandy,Joshua Bandy,Joshua Bandy,halo-5,halo-infinite,2,halo-5|halo-infinite,6,6,False
joshua-baran,Joshua Baran,Joshua Baran,halo-3,halo-3,1,halo-3,0,0,False
joshua-brader,Joshua Brader,Joshua Brader,halo-4,halo-4,1,halo-4,0,0,False
joshua-breese,Josh Breese,Josh Breese|Joshua Breese,halo-mcc,halo-5,2,halo-mcc|halo-5,1,1,False
joshua-cogswell,Joshua Cogswell,Joshua Cogswell,halo-mcc,halo-mcc,1,halo-mcc,0,0,False
joshua-daniels,Joshua Daniels,Joshua Daniels|Josh Daniels,halo-3,halo-campaign-evolved,2,halo-3|halo-campaign-evolved,19,19,True
joshua-davis,Joshua Davis,Joshua Davis|Joshua M. Davis,halo-mcc,halo-5,2,halo-mcc|halo-5,1,1,False
joshua-du-chene,Joshua Du Chene,Joshua Du Chene,halo-infinite,halo-infinite,1,halo-infinite,0,0,False
joshua-espasandin,Joshua Espasandin,Joshua Espasandin,halo-5,halo-5,1,halo-5,0,0,False
joshua-garrett,Joshua Garrett,Joshua Garrett,halo-5,halo-5,1,halo-5,0,0,False
joshua-grass,Joshua Grass,Joshua Grass,halo-ce,halo-ce,1,halo-ce,0,0,False
joshua-gregory,Joshua Gregory,Joshua Gregory,halo-infinite,halo-infinite,1,halo-infinite,0,0,False
joshua-gwenard,Joshua Gwenard,Joshua Gwenard,halo-mcc,halo-mcc,1,halo-mcc,0,0,False
joshua-hanna,Joshua Hanna,Joshua Hanna,halo-mcc-2021,halo-mcc-2021,1,halo-mcc-2021,0,0,False
joshua-hnosko,Josh Hnosko,Josh Hnosko|Joshua Hnosko,halo-mcc-2021,halo-infinite,2,halo-mcc-2021|halo-infinite,0,0,False
joshua-james-shaw,Joshua James Shaw,Joshua James Shaw,halo-mcc,halo-mcc,1,halo-mcc,0,0,False
joshua-jenkins,Joshua Jenkins,Joshua Jenkins,halo-infinite,halo-infinite,1,halo-infinite,0,0,False
joshua-kalinowski,Joshua Kalinowski,Joshua Kalinowski,halo-infinite,halo-infinite,1,halo-infinite,0,0,False
joshua-maiche,Joshua Maiche,Joshua Maiche,halo-4,halo-4,1,halo-4,0,0,False
joshua-scott,Joshua Scott,Joshua Scott,halo-mcc-2021,halo-infinite,2,halo-mcc-2021|halo-infinite,0,0,False
joshua-velasquez,Joshua Velasquez,Joshua Velasquez,halo-infinite,halo-infinite,1,halo-infinite,0,0,False
joshua-waguespack,Joshua Waguespack,Joshua Waguespack,halo-5,halo-5,1,halo-5,0,0,False
joshua-wilson,Joshua Wilson,Joshua Wilson,halo-infinite,halo-infinite,1,halo-infinite,0,0,False
josiah-bolek,Josiah Bolek,Josiah Bolek,halo-3,halo-4,5,halo-3|halo-3-odst|halo-reach|halo-cea|halo-4,5,2,False
jourdan-tuffan,Jourdan Tuffan,Jourdan Tuffan,halo-infinite,halo-infinite,1,halo-infinite,0,0,False
joy-easley,Joy Easley,Joy Easley,halo-2,halo-2,1,halo-2,0,0,False
joy-kim,Joy Kim,Joy Kim,halo-infinite,halo-infinite,1,halo-infinite,0,0,False
jozsef-belenyi,József Belényi,József Belényi,halo-campaign-evolved,halo-campaign-evolved,1,halo-campaign-evolved,0,0,False
jozsef-fodor,József Fodor,József Fodor,halo-campaign-evolved,halo-campaign-evolved,1,halo-campaign-evolved,0,0,False
jozsef-seres,József Seres,József Seres,halo-campaign-evolved,halo-campaign-evolved,1,halo-campaign-evolved,0,0,False
jp-eaton,JP Eaton,JP Eaton,halo-mcc,halo-mcc,1,halo-mcc,0,0,False
jp-kariliak,JP Kariliak,JP Kariliak,halo-infinite,halo-infinite,1,halo-infinite,0,0,False
juan-carlos-arevalo-baeza,Juan Carlos Arevalo Baeza,Juan Carlos Arevalo Baeza,halo-4,halo-4,1,halo-4,0,0,False
juan-carlos-larrea,Juan Carlos Larrea,Juan Carlos Larrea|JuanCarlos Larrea,halo-4,halo-infinite,3,halo-4|halo-5|halo-infinite,9,6,False
juan-escobar,Juan Escobar,Juan Escobar,halo-infinite,halo-campaign-evolved,2,halo-infinite|halo-campaign-evolved,5,5,False
juan-hernandez,Juan Hernández,Juan Hernández,halo-campaign-evolved,halo-campaign-evolved,1,halo-campaign-evolved,0,0,False
juan-nicolas-sanchez-murillo,Juan Nicolás Sánchez Murillo,Juan Nicolás Sánchez Murillo,halo-mcc-2021,halo-mcc-2021,1,halo-mcc-2021,0,0,False
juan-ramirez,Juan Ramirez,Juan Ramirez|Juan Remirez,halo-ce,halo-2,2,halo-ce|halo-2,3,3,False
juan-ruiz,Juan Ruiz,Juan Ruiz,halo-3,halo-3,1,halo-3,0,0,False
juan-solis-garcia,Juan Solís García,Juan Solís García,halo-mcc,halo-mcc,1,halo-mcc,0,0,False
judi-shekoni,Judi Shekoni,Judi Shekoni,halo-4,halo-4,1,halo-4,0,0,False
judith-kriess,Judith Kriess,Judith Kriess,halo-3-odst,halo-3-odst,1,halo-3-odst,0,0,False
judy-chan,Judy Chan,Judy Chan,halo-3,halo-3,1,halo-3,0,0,False
judy-kirschner,Judy Kirschner,Judy Kirschner,halo-cea,halo-mcc,2,halo-cea|halo-mcc,3,3,False
judy-rees,Judy Rees,Judy Rees,halo-5,halo-5,1,halo-5,0,0,False
judy-wheeler,Judy Wheeler,Judy Wheeler,halo-campaign-evolved,halo-campaign-evolved,1,halo-campaign-evolved,0,0,False
juhan-lee,Juhan Lee,Juhan Lee,halo-cea,halo-cea,1,halo-cea,0,0,False
julen-urrutia,Julen Urrutia,Julen Urrutia,halo-infinite,halo-infinite,1,halo-infinite,0,0,False
julen-urrutia-perez,Julen Urrutia Pérez,Julen Urrutia Pérez,halo-infinite,halo-infinite,1,halo-infinite,0,0,False
juli-reynolds,Juli Reynolds,Juli Reynolds,halo-campaign-evolved,halo-campaign-evolved,1,halo-campaign-evolved,0,0,False
julia-balyshkova,Julia Balyshkova,Julia Balyshkova,halo-infinite,halo-infinite,1,halo-infinite,0,0,False
julia-bianco,Julia Bianco,Julia Bianco,halo-cea,halo-cea,1,halo-cea,0,0,False
julia-bianco-schoeffling,Julia Bianco Schoeffling,Julia Bianco Schoeffling,halo-mcc,halo-mcc,1,halo-mcc,0,0,False
julia-graham,Julia Graham,Julia Graham,halo-5,halo-5,1,halo-5,0,0,False
julia-knight,Julia Knight,Julia Knight,halo-5,halo-5,1,halo-5,0,0,False
julia-kurle,Julia Kurle,Julia Kurle,halo-campaign-evolved,halo-campaign-evolved,1,halo-campaign-evolved,0,0,False
julia-miksztajn,Julia Miksztajn,Julia Miksztajn,halo-campaign-evolved,halo-campaign-evolved,1,halo-campaign-evolved,0,0,False
julia-misul,Julia Misul,Julia Misul,halo-mcc,halo-mcc,1,halo-mcc,0,0,False
julia-nacsady,Júlia Nacsády,Júlia Nacsády,halo-campaign-evolved,halo-campaign-evolved,1,halo-campaign-evolved,0,0,False
julia-wang,Julia Wang,Julia Wang,halo-infinite,halo-infinite,1,halo-infinite,0,0,False
julian-dominguez,Julian Dominguez,Julian Dominguez,halo-mcc,halo-5,2,halo-mcc|halo-5,1,1,False
julian-fitzpatrick,Julian Fitzpatrick,Julian Fitzpatrick,halo-mcc,halo-mcc,1,halo-mcc,0,0,False
julian-moseley,Julian Moseley,Julian Moseley,halo-4,halo-campaign-evolved,2,halo-4|halo-campaign-evolved,14,14,False
julian-stone,Julian Stone,Julian Stone|Julian D. Stone,halo-infinite,halo-infinite,1,halo-infinite,0,0,False
julian-yip,Julian Yip,Julian Yip|Julian Yio,halo-infinite,halo-infinite,1,halo-infinite,0,0,False
julianna-alo,Julianna Alo,Julianna Alo,halo-infinite,halo-infinite,1,halo-infinite,0,0,False
julie-benz,Julie Benz,Julie Benz,halo-2,halo-2,1,halo-2,0,0,False
julie-diramio,Julie Diramio,Julie Diramio,halo-4,halo-4,1,halo-4,0,0,False
julie-kim,Julie Kim,Julie Kim,halo-mcc,halo-mcc,1,halo-mcc,0,0,False
julie-loucks,Julie Loucks,Julie Loucks,halo-mcc-2021,halo-mcc-2021,1,halo-mcc-2021,0,0,False
julie-marechal,Julie Maréchal,Julie Maréchal,halo-campaign-evolved,halo-campaign-evolved,1,halo-campaign-evolved,0,0,False
julie-mcniven,Julie McNiven,Julie McNiven,halo-infinite,halo-infinite,1,halo-infinite,0,0,False
julie-nathanson,Julie Nathanson,Julie Nathanson,halo-5,halo-campaign-evolved,3,halo-5|halo-infinite|halo-campaign-evolved,11,6,False
julien-balestrieri,Julien Balestrieri,Julien Balestrieri,halo-mcc-2018,halo-mcc-2018,1,halo-mcc-2018,0,0,False
julien-tolszczukjalbert,Julien Tolszczuk-Jalbert,Julien Tolszczuk-Jalbert,halo-mcc-2018,halo-mcc-2018,1,halo-mcc-2018,0,0,False
julien-van-putten,Julien Van Putten,Julien Van Putten,halo-infinite,halo-infinite,1,halo-infinite,0,0,False
juliet-talcott,Juliet Talcott,Juliet Talcott,halo-5,halo-5,1,halo-5,0,0,False
julio-alas,Julio Alas,Julio Alas|Julia Alas,halo-infinite,halo-infinite,1,halo-infinite,0,0,False
julio-tong,Julio Tong,Julio Tong,halo-mcc-2021,halo-mcc-2021,1,halo-mcc-2021,0,0,False
julius-marion-sabillo,Julius Marion Sabillo,Julius Marion Sabillo,halo-mcc-2021,halo-mcc-2021,1,halo-mcc-2021,0,0,False
jun-fu,Jun Fu,Jun Fu,halo-infinite,halo-campaign-evolved,2,halo-infinite|halo-campaign-evolved,5,5,False
jun-kim,Jun Kim,Jun Kim,halo-2,halo-3-odst,2,halo-2|halo-3-odst,5,5,False
junko-tamura,Junko Tamura,Junko Tamura,halo-4,halo-5,2,halo-4|halo-5,3,3,False
justice-shultz,Justice Shultz,Justice Shultz,halo-infinite,halo-infinite,1,halo-infinite,0,0,False
justin-anderson,Justin Anderson,Justin Anderson,halo-mcc-2021,halo-mcc-2021,1,halo-mcc-2021,0,0,False
justin-banke,Justin Banke,Justin Banke,halo-infinite,halo-infinite,1,halo-infinite,0,0,False
justin-buschow,Justin Buschow,Justin Buschow,halo-campaign-evolved,halo-campaign-evolved,1,halo-campaign-evolved,0,0,False
justin-cagle,Justin Cagle,Justin Cagle,halo-infinite,halo-infinite,1,halo-infinite,0,0,False
justin-callanan,Justin Callanan,Justin Callanan,halo-mcc,halo-mcc,1,halo-mcc,0,0,False
justin-cepeda,Justin Cepeda,Justin Cepeda,halo-mcc-2021,halo-mcc-2021,1,halo-mcc-2021,0,0,False
justin-charles-phillips,Justin Charles Phillips,Justin Charles Phillips|Justin Phillips,halo-3,halo-5,2,halo-3|halo-5,8,8,False
justin-cross,Justin Cross,Justin Cross,halo-infinite,halo-infinite,1,halo-infinite,0,0,False
justin-darrington,Justin Darrington,Justin Darrington,halo-mcc-2021,halo-infinite,2,halo-mcc-2021|halo-infinite,0,0,False
justin-davey,Justin Davey,Justin Davey,halo-mcc,halo-mcc,1,halo-mcc,0,0,False
justin-dinges,Justin Dinges,Justin Dinges,halo-4,halo-infinite,3,halo-4|halo-5|halo-infinite,9,6,False
justin-ewert,Justin Ewert,Justin Ewert,halo-3-odst,halo-reach,2,halo-3-odst|halo-reach,1,1,False
justin-fleming,Justin Fleming,Justin Fleming,halo-infinite,halo-infinite,1,halo-infinite,0,0,False
justin-giordano,Justin Giordano,Justin Giordano,halo-mcc-2021,halo-mcc-2021,1,halo-mcc-2021,0,0,False
justin-harrison,Justin Harrison,Justin Harrison,halo-4,halo-4,1,halo-4,0,0,False
justin-hayward,Justin Hayward,Justin Hayward,halo-2,halo-reach,4,halo-2|halo-3|halo-3-odst|halo-reach,6,3,False
justin-ireland,Justin Ireland,Justin Ireland,halo-4,halo-infinite,3,halo-4|halo-5|halo-infinite,9,6,False
justin-jones,Justin Jones,Justin Jones,halo-2,halo-2,1,halo-2,0,0,False
justin-jumani,Justin Jumani,Justin Jumani,halo-3,halo-3,1,halo-3,0,0,False
justin-kauffman,Justin Kauffman,Justin Kauffman,halo-4,halo-4,1,halo-4,0,0,False
justin-kernan,Justin Kernan,Justin Kernan,halo-mcc,halo-mcc,1,halo-mcc,0,0,False
justin-key,Justin Key,Justin Key,halo-5,halo-mcc-2021,2,halo-5|halo-mcc-2021,6,6,False
justin-klaassen,Justin Klaassen,Justin Klaassen,halo-reach,halo-reach,1,halo-reach,0,0,False
justin-korthof,Justin Korthof,Justin Korthof,halo-4,halo-4,1,halo-4,0,0,False
justin-langley,Justin Langley,Justin Langley|Justin Langely,halo-cea,halo-cea,1,halo-cea,0,0,False
justin-lankin,Justin Lakin,Justin Lakin|Justin Lankin,halo-3,halo-reach,3,halo-3|halo-3-odst|halo-reach,3,2,False
justin-lippert,Justin Lippert,Justin Lippert,halo-4,halo-5,2,halo-4|halo-5,3,3,False
justin-loden,Justin Loden,Justin Loden,halo-campaign-evolved,halo-campaign-evolved,1,halo-campaign-evolved,0,0,False
justin-m-greywolf,Justin Greywolf,Justin Greywolf|Justin M Greywolf,halo-mcc,halo-5,2,halo-mcc|halo-5,1,1,False
justin-mijal,Justin Mijal,Justin Mijal,halo-mcc,halo-mcc,1,halo-mcc,0,0,False
justin-oaksford,Justin Oaksford,Justin Oaksford,halo-4,halo-5,2,halo-4|halo-5,3,3,False
justin-price,Justin Price,Justin Price,halo-4,halo-5,2,halo-4|halo-5,3,3,False
justin-roberts,Justin Roberts,Justin Roberts,halo-mcc-2021,halo-mcc-2021,1,halo-mcc-2021,0,0,False
justin-robey,Justin Robey,Justin Robey,halo-infinite,halo-infinite,1,halo-infinite,0,0,False
justin-sharma,Justin Sharma,Justin Sharma,halo-mcc,halo-mcc,1,halo-mcc,0,0,False
justin-sutch,Justin Sutch,Justin Sutch,halo-infinite,halo-campaign-evolved,2,halo-infinite|halo-campaign-evolved,5,5,False
justin-terry,Justin Terry,Justin Terry,halo-infinite,halo-infinite,1,halo-infinite,0,0,False
justin-thompsonorr,Justin Thompson-Orr,Justin Thompson-Orr,halo-mcc,halo-mcc,1,halo-mcc,0,0,False
justin-truman,Justin Truman,Justin Truman,halo-reach,halo-reach,1,halo-reach,0,0,False
justin-walters,Justin Walters,Justin Walters,halo-mcc,halo-mcc,1,halo-mcc,0,0,False
justine-grauel,Justine Grauel,Justine Grauel,halo-mcc-2021,halo-mcc-2021,1,halo-mcc-2021,0,0,False
justine-hsu,Justine Hsu,Justine Hsu,halo-infinite,halo-campaign-evolved,2,halo-infinite|halo-campaign-evolved,5,5,False
justis-bolding,Justis Bolding,Justis Bolding,halo-3,halo-3,1,halo-3,0,0,False
kade-cenatiempo,Kade Cenatiempo,Kade Cenatiempo,halo-infinite,halo-infinite,1,halo-infinite,0,0,False
kael-hammond,Kael Hammond,Kael Hammond,halo-4,halo-4,1,halo-4,0,0,False
kai-sawamoto,Kai Sawamoto,Kai Sawamoto,halo-infinite,halo-infinite,1,halo-infinite,0,0,False
kaiden-mae-hansen,Kaiden Mae Hansen,Kaiden Mae Hansen,halo-infinite,halo-infinite,1,halo-infinite,0,0,False
kaila-warfieldmeadowcroft,Kaila Warfield-Meadowcroft,Kaila Warfield-Meadowcroft,halo-mcc-2021,halo-mcc-2021,1,halo-mcc-2021,0,0,False
kaite-kelly,Kaite Kelly,Kaite Kelly,halo-infinite,halo-campaign-evolved,2,halo-infinite|halo-campaign-evolved,5,5,False
kaitlin-fields,Kaitlin Fields,Kaitlin Fields,halo-mcc-2021,halo-mcc-2021,1,halo-mcc-2021,0,0,False
kaitlin-lissandrello-brown,Kaitlin Lissandrello Brown,Kaitlin Lissandrello Brown,halo-campaign-evolved,halo-campaign-evolved,1,halo-campaign-evolved,0,0,False
kala-ramachandran,Kala Ramachandran,Kala Ramachandran,halo-infinite,halo-infinite,1,halo-infinite,0,0,False
kale-stutzman,Kale Stutzman,Kale Stutzman,halo-3,halo-3,1,halo-3,0,0,False
kaleb-aylsworth,Kaleb Aylsworth,Kaleb Aylsworth,halo-infinite,halo-infinite,1,halo-infinite,0,0,False
kaleb-martin,Kaleb Martin,Kaleb Martin,halo-infinite,halo-infinite,1,halo-infinite,0,0,False
kaleb-morris,Kaleb Morris,Kaleb Morris,halo-infinite,halo-infinite,1,halo-infinite,0,0,False
kaleb-nekumanesh,Kaleb Nekumanesh,Kaleb Nekumanesh,halo-infinite,halo-infinite,1,halo-infinite,0,0,False
kaleb-novak,Kaleb Novak,Kaleb Novak,halo-mcc-2021,halo-mcc-2021,1,halo-mcc-2021,0,0,False
kalon-jelen,Kalon Jelen,Kalon Jelen,halo-campaign-evolved,halo-campaign-evolved,1,halo-campaign-evolved,0,0,False
kamel-perez,Kamel Perez,Kamel Perez|Kamel Dupuis-Perez,halo-mcc,halo-mcc,1,halo-mcc,0,0,False
kamil-bazydlo,Kamil Bazydlo,Kamil Bazydlo|Kamil Bazydło,halo-mcc,halo-mcc,1,halo-mcc,0,0,False
kamil-kacprzak,Kamil Kacprzak,Kamil Kacprzak,halo-mcc-2021,halo-mcc-2021,1,halo-mcc-2021,0,0,False
kamil-urbanek,Kamil Urbanek,Kamil Urbanek,halo-campaign-evolved,halo-campaign-evolved,1,halo-campaign-evolved,0,0,False
kamyar-allahverdi,Kamyar Allahverdi,Kamyar Allahverdi,halo-infinite,halo-infinite,1,halo-infinite,0,0,False
kan-liu,Kan Liu,Kan Liu,halo-campaign-evolved,halo-campaign-evolved,1,halo-campaign-evolved,0,0,False
kan-sun,Kan Sun,Kan Sun,halo-campaign-evolved,halo-campaign-evolved,1,halo-campaign-evolved,0,0,False
kansas-spence,Kansas Spence,Kansas Spence,halo-infinite,halo-infinite,1,halo-infinite,0,0,False
kara-hasel,Kara Hasel,Kara Hasel,halo-mcc,halo-mcc,1,halo-mcc,0,0,False
kara-swenson,Kara Swenson,Kara Swenson,halo-4,halo-4,1,halo-4,0,0,False
kareem-shuman,Kareem Shuman,Kareem Shuman,halo-5,halo-5,1,halo-5,0,0,False
karen-fishman,Karen Fishman,Karen Fishman,halo-5,halo-5,1,halo-5,0,0,False
karen-sadow,Karen Sadow,Karen Sadow,halo-infinite,halo-campaign-evolved,2,halo-infinite|halo-campaign-evolved,5,5,False
karen-sor,Karen Sor,Karen Sor,halo-mcc,halo-mcc,1,halo-mcc,0,0,False
karen-winnerhuff,Karen Winner-Huff,Karen Winner-Huff,halo-mcc,halo-mcc,1,halo-mcc,0,0,False
kari-erickson,Kari Erickson,Kari Erickson,halo-3,halo-3-odst,2,halo-3|halo-3-odst,2,2,False
kari-sepkowski,Kari Sepkowski,Kari Sepkowski,halo-3-odst,halo-3-odst,1,halo-3-odst,0,0,False
kari-toyama,Kari Toyama,Kari Toyama,halo-3,halo-3,1,halo-3,0,0,False
kari-wahlgren,Kari Wahlgren,Kari Wahlgren,halo-4,halo-infinite,3,halo-4|halo-5|halo-infinite,9,6,False
karim-luccin,Karim Luccin,Karim Luccin|Karim A. Luccin,halo-infinite,halo-infinite,1,halo-infinite,0,0,False
karin-jaques,Karin Jaques,Karin Jaques,halo-ce,halo-ce,1,halo-ce,0,0,False
karl-hohnstein,Karl Hohnstein,Karl Hohnstein,halo-5,halo-5,1,halo-5,0,0,False
karl-kohlman,Karl Kohlman,Karl Kohlman,halo-5,halo-5,1,halo-5,0,0,False
karley-donnell,Karley Donnell,Karley Donnell,halo-reach,halo-reach,1,halo-reach,0,0,False
karol-kotowicz,Karol Kotowicz,Karol Kotowicz,halo-infinite,halo-infinite,1,halo-infinite,0,0,False
karol-zalewski,Karol Zalewski,Karol Zalewski,halo-campaign-evolved,halo-campaign-evolved,1,halo-campaign-evolved,0,0,False
kat-neale,Kat Neale,Kat Neale,halo-campaign-evolved,halo-campaign-evolved,1,halo-campaign-evolved,0,0,False
kat-pang,Kat Pang,Kat Pang,halo-mcc-2021,halo-mcc-2021,1,halo-mcc-2021,0,0,False
katarina-karaivan,Katarina Karaivan,Katarina Karaivan,halo-campaign-evolved,halo-campaign-evolved,1,halo-campaign-evolved,0,0,False
katarzyna-smyk,Katarzyna Smyk,Katarzyna Smyk,halo-mcc,halo-mcc,1,halo-mcc,0,0,False
kate-christenson,Kate Christenson,Kate Christenson,halo-3,halo-3,1,halo-3,0,0,False
kate-higgins,Kate Higgins,Kate Higgins|Catherine Davis Higgins,halo-4,halo-4,1,halo-4,0,0,False
kate-johnson,Kate Johnson,Kate Johnson,halo-infinite,halo-infinite,1,halo-infinite,0,0,False
kate-landry,Kate Landry,Kate Landry,halo-campaign-evolved,halo-campaign-evolved,1,halo-campaign-evolved,0,0,False
kate-lane,Kate Lane,Kate Lane,halo-4,halo-4,1,halo-4,0,0,False
kate-lindsay,Kate Lindsay,Kate Lindsay,halo-mcc-2021,halo-mcc-2021,1,halo-mcc-2021,0,0,False
kate-moore,Kate Moore,Kate Moore,halo-5,halo-5,1,halo-5,0,0,False
kate-musker,Kate Musker,Kate Musker,halo-5,halo-5,1,halo-5,0,0,False
kate-stenberg,Kate Stenberg,Kate Stenberg,halo-mcc,halo-mcc,1,halo-mcc,0,0,False
katee-sackhoff,Katee Sackhoff,Katee Sackhoff,halo-3,halo-3,1,halo-3,0,0,False
kathleen-asbury,Kathleen Asbury,Kathleen Asbury,halo-cea,halo-cea,1,halo-cea,0,0,False
kathleen-dugan,Kathleen Dugan,Kathleen Dugan,halo-5,halo-infinite,3,halo-5|halo-mcc-2021|halo-infinite,6,6,False
kathleen-sanders,Kat Sanders,Kat Sanders|Kathleen Sanders,halo-mcc,halo-5,2,halo-mcc|halo-5,1,1,False
kathryn-amyotte,Kathryn Amyotte,Kathryn Amyotte,halo-mcc,halo-mcc,1,halo-mcc,0,0,False
kathryn-bates-williams,Kathryn Bates Williams,Kathryn Bates Williams,halo-mcc,halo-mcc,1,halo-mcc,0,0,False
kathy-gehrig,Kathy Gehrig,Kathy Gehrig,halo-4,halo-4,1,halo-4,0,0,False
kathy-gowers,Kathy Gowers,Kathy Gowers,halo-5,halo-5,1,halo-5,0,0,False
kathy-le,Kathy Le,Kathy Le,halo-infinite,halo-infinite,1,halo-infinite,0,0,False
kathy-marshall,Kathy Marshall,Kathy Marshall,halo-mcc,halo-mcc,1,halo-mcc,0,0,False
kathy-mckee,Kathy McKee,Kathy McKee,halo-mcc,halo-mcc,1,halo-mcc,0,0,False
katia-romero,Katia Romero,Katia Romero,halo-infinite,halo-infinite,1,halo-infinite,0,0,False
katie-evans,Katie Evans,Katie Evans,halo-campaign-evolved,halo-campaign-evolved,1,halo-campaign-evolved,0,0,False
katie-fajardo,Katie Fajardo,Katie Fajardo,halo-infinite,halo-infinite,1,halo-infinite,0,0,False
katie-houston,Katie Houston,Katie Houston,halo-4,halo-4,1,halo-4,0,0,False
katie-jerauld,Katie Jerauld,Katie Jerauld,halo-mcc-2021,halo-infinite,2,halo-mcc-2021|halo-infinite,0,0,False
katie-stone-perez,Katie Stone Perez,Katie Stone Perez,halo-mcc,halo-mcc,1,halo-mcc,0,0,False
katie-tarrant,Katie Tarrant,Katie Tarrant,halo-campaign-evolved,halo-campaign-evolved,1,halo-campaign-evolved,0,0,False
katie-young,Katie Young,Katie Young,halo-campaign-evolved,halo-campaign-evolved,1,halo-campaign-evolved,0,0,False
katrina-le,Katrina Le,Katrina Le,halo-4,halo-4,1,halo-4,0,0,False
katy-davis,Katy Davis,Katy Davis,halo-mcc-2021,halo-mcc-2021,1,halo-mcc-2021,0,0,False
katy-fairbanks,Katy Fairbanks,Katy Fairbanks,halo-5,halo-5,1,halo-5,0,0,False
katy-woolley,Katy Woolley,Katy Woolley,halo-5,halo-5,1,halo-5,0,0,False
kavita-myneni,Kavita Myneni,Kavita Myneni,halo-mcc-2021,halo-mcc-2021,1,halo-mcc-2021,0,0,False
kay-arutyunyan,Kay Arutyunyan,Kay Arutyunyan,halo-infinite,halo-infinite,1,halo-infinite,0,0,False
kayl-myers,Kayl Myers,Kayl Myers,halo-reach,halo-reach,1,halo-reach,0,0,False
kayla-calloway,Kayla Calloway,Kayla Calloway,halo-mcc,halo-mcc,1,halo-mcc,0,0,False
kayla-cherry,Kayla Cherry,Kayla Cherry,halo-infinite,halo-infinite,1,halo-infinite,0,0,False
kayla-godard,Kayla Godard,Kayla Godard,halo-infinite,halo-infinite,1,halo-infinite,0,0,False
kayla-lee,Kayla Lee,Kayla Lee,halo-infinite,halo-infinite,1,halo-infinite,0,0,False
kaytie-rose,Kaytie Rose,Kaytie Rose,halo-infinite,halo-infinite,1,halo-infinite,0,0,False
kazuma-jinnouchi,Kazuma Jinnouchi,Kazuma Jinnouchi,halo-4,halo-5,2,halo-4|halo-5,3,3,False
kazuto-maekawa,Kazuto Maekawa,Kazuto Maekawa,halo-campaign-evolved,halo-campaign-evolved,1,halo-campaign-evolved,0,0,False
kazuya-tachibana,Kazuya Tachibana,Kazuya Tachibana,halo-infinite,halo-infinite,1,halo-infinite,0,0,False
keaton-hendershot,Keaton Hendershot,Keaton Hendershot,halo-infinite,halo-infinite,1,halo-infinite,0,0,False
keegan-jones,Keegan Jones,Keegan Jones,halo-infinite,halo-infinite,1,halo-infinite,0,0,False
keegan-mccoy,Keegan Mccoy,Keegan Mccoy|Keegan McCoy,halo-infinite,halo-campaign-evolved,2,halo-infinite|halo-campaign-evolved,5,5,False
keegan-sullivan,Keegan Sullivan,Keegan Sullivan,halo-infinite,halo-infinite,1,halo-infinite,0,0,False
keelan-ohara,Keelan O'Hara,Keelan O'Hara,halo-campaign-evolved,halo-campaign-evolved,1,halo-campaign-evolved,0,0,False
keely-alexander,Keely Alexander,Keely Alexander,halo-cea,halo-cea,1,halo-cea,0,0,False
keenan-civiero,Keenan Civiero,Keenan Civiero,halo-infinite,halo-infinite,1,halo-infinite,0,0,False
kei-matsumoto,Kei Matsumoto,Kei Matsumoto,halo-campaign-evolved,halo-campaign-evolved,1,halo-campaign-evolved,0,0,False
keir-smith,Keir Smith,Keir Smith,halo-mcc-2021,halo-mcc-2021,1,halo-mcc-2021,0,0,False
keith-cagney,Keith Cagney,Keith Cagney,halo-campaign-evolved,halo-campaign-evolved,1,halo-campaign-evolved,0,0,False
keith-cirillo,Keith Cirillo,Keith Cirillo,halo-ce,halo-ce,1,halo-ce,0,0,False
keith-david,Keith David,Keith David,halo-2,halo-5,3,halo-2|halo-3|halo-5,11,8,False
keith-dela-cruz,Keith Dela Cruz,Keith Dela Cruz,halo-infinite,halo-infinite,1,halo-infinite,0,0,False
keith-jackson,Keith Jackson,Keith Jackson,halo-mcc-2021,halo-mcc-2021,1,halo-mcc-2021,0,0,False
keith-kline,Keith Kline,Keith Kline,halo-mcc,halo-mcc,1,halo-mcc,0,0,False
keith-lawrence,Keith Lawrence,Keith Lawrence,halo-mcc,halo-mcc,1,halo-mcc,0,0,False
keith-luczywo,Keith luczywo,Keith luczywo,halo-mcc,halo-mcc,1,halo-mcc,0,0,False
keith-martin,Keith Martin,Keith Martin,halo-4,halo-4,1,halo-4,0,0,False
keith-mcnicoll,Keith McNicoll,Keith McNicoll,halo-5,halo-5,1,halo-5,0,0,False
keith-ottaway,Keith Ottaway,Keith Ottaway,halo-infinite,halo-infinite,1,halo-infinite,0,0,False
keith-silverstein,Keith Silverstein,Keith Silverstein,halo-4,halo-campaign-evolved,2,halo-4|halo-campaign-evolved,14,14,False
keith-steury,Keith Steury,Keith Steury,halo-ce,halo-2,2,halo-ce|halo-2,3,3,False
keith-szarabajka,Keith Szarabajka,Keith Szarabajka,halo-4,halo-infinite,2,halo-4|halo-infinite,9,9,False
keith-thoma,Keith Thoma,Keith Thoma,halo-infinite,halo-infinite,1,halo-infinite,0,0,False
keith-thomas,Keith Thomas,Keith Thomas,halo-infinite,halo-infinite,1,halo-infinite,0,0,False
keli-smith,Keli Smith,Keli Smith,halo-mcc-2021,halo-campaign-evolved,3,halo-mcc-2021|halo-infinite|halo-campaign-evolved,5,5,False
kelley-maulbetsch,Kelley Maulbetsch,Kelley Maulbetsch,halo-mcc,halo-mcc,1,halo-mcc,0,0,False
kelly-gawne,Kelly Gawne,Kelly Gawne,halo-infinite,halo-infinite,1,halo-infinite,0,0,False
kelly-leonpearce,Kelly Leon-Pearce,Kelly Leon-Pearce,halo-mcc,halo-mcc,1,halo-mcc,0,0,False
kelly-rains,Kelly Rains,Kelly Rains,halo-2,halo-5,2,halo-2|halo-5,11,11,False
kelly-rios,Kelly Rios,Kelly Rios,halo-4,halo-4,1,halo-4,0,0,False
kelly-starke,Kelly Starke,Kelly Starke,halo-infinite,halo-infinite,1,halo-infinite,0,0,False
kelly-wilson,Kelly Wilson,Kelly Wilson,halo-cea,halo-cea,1,halo-cea,0,0,False
kelly-young,Kelly Young,Kelly Young,halo-4,halo-4,1,halo-4,0,0,False
kelsey-davis,Kelsey Davis,Kelsey Davis,halo-infinite,halo-infinite,1,halo-infinite,0,0,False
kelsey-fukuhara,Kelsey Fukuhara,Kelsey Fukuhara,halo-4,halo-4,1,halo-4,0,0,False
kelsey-lansdowne,Kelsey Lansdowne,Kelsey Lansdowne,halo-infinite,halo-infinite,1,halo-infinite,0,0,False
kelsey-larson,Kelsey Larson,Kelsey Larson,halo-infinite,halo-infinite,1,halo-infinite,0,0,False
kelsey-morales,Kelsey Morales,Kelsey Morales,halo-campaign-evolved,halo-campaign-evolved,1,halo-campaign-evolved,0,0,False
keltn-cartwright,Keltn Cartwright,Keltn Cartwright,halo-infinite,halo-infinite,1,halo-infinite,0,0,False
kelvin-denver,Kelvin Denver,Kelvin Denver,halo-mcc,halo-mcc,1,halo-mcc,0,0,False
ken-boynton,Ken Boynton,Ken Boynton,halo-ce,halo-campaign-evolved,6,halo-ce|halo-2|halo-3|halo-3-odst|halo-reach|halo-campaign-evolved,25,16,False
ken-fisher,Ken Fisher,Ken Fisher,halo-mcc,halo-mcc,1,halo-mcc,0,0,False
ken-kato,Ken Kato,Ken Kato,halo-4,halo-5,2,halo-4|halo-5,3,3,False
ken-kavanagh,Ken Kavanagh,Ken Kavanagh,halo-5,halo-5,1,halo-5,0,0,False
ken-king,Ken King,Ken King,halo-mcc,halo-mcc,1,halo-mcc,0,0,False
ken-malcolm,Ken Malcolm,Ken Malcolm|Ken Malcom,halo-reach,halo-reach,1,halo-reach,0,0,False
ken-miller,Ken Miller,Ken Miller,halo-infinite,halo-infinite,1,halo-infinite,0,0,False
kendall-deacon-davis,Kendall Deacon Davis,Kendall Deacon Davis,halo-4,halo-4,1,halo-4,0,0,False
kendyl-romero,Kendyl Romero,Kendyl Romero,halo-infinite,halo-infinite,1,halo-infinite,0,0,False
kenji-dinh,Kenji Dinh,Kenji Dinh,halo-campaign-evolved,halo-campaign-evolved,1,halo-campaign-evolved,0,0,False
kenna-junt,Kenna Junt,Kenna Junt,halo-campaign-evolved,halo-campaign-evolved,1,halo-campaign-evolved,0,0,False
kenneth-camaro,Kenneth Camaro,Kenneth Camaro|Kenneth F. Camaro,halo-infinite,halo-infinite,1,halo-infinite,0,0,False
kenneth-doronin,Kenneth Doronin,Kenneth Doronin,halo-infinite,halo-infinite,1,halo-infinite,0,0,False
kenneth-faulkner,Kenneth Faulkner,Kenneth Faulkner,halo-infinite,halo-infinite,1,halo-infinite,0,0,False
kenneth-frueh,Kenneth Frueh,Kenneth Frueh,halo-infinite,halo-infinite,1,halo-infinite,0,0,False
kenneth-peters,Kenneth Peters,Kenneth Peters,halo-mcc,halo-campaign-evolved,5,halo-mcc|halo-5|halo-mcc-2021|halo-infinite|halo-campaign-evolved,12,6,False
kenneth-scott,Kenneth Scott,Kenneth Scott,halo-4,halo-4,1,halo-4,0,0,False
kenny-chinn,Kenny Chinn,Kenny Chinn,halo-infinite,halo-infinite,1,halo-infinite,0,0,False
kenny-jackson,Kenny Jackson,Kenny Jackson,halo-3-odst,halo-3-odst,1,halo-3-odst,0,0,False
kenny-magnusson,Kenny Magnusson,Kenny Magnusson|Kenny Magnussen,halo-4,halo-5,2,halo-4|halo-5,3,3,False
kenny-pangilinan,Kenny Pangilinan,Kenny Pangilinan,halo-mcc-2021,halo-mcc-2021,1,halo-mcc-2021,0,0,False
kent-culotta,Kent Culotta,Kent Culotta,halo-infinite,halo-infinite,1,halo-infinite,0,0,False
kentarou-taya,Kentarou Taya,Kentarou Taya|Ken Taya,halo-3,halo-reach,3,halo-3|halo-3-odst|halo-reach,3,2,False
keoki-welsh,Keoki Welsh,Keoki Welsh,halo-mcc,halo-infinite,2,halo-mcc|halo-infinite,7,7,False
keston-john,Keston John,Keston John,halo-campaign-evolved,halo-campaign-evolved,1,halo-campaign-evolved,0,0,False
kevin-alexandre-boissonneault,Kevin Alexandre Boissonneault,Kevin Alexandre Boissonneault,halo-mcc-2018,halo-mcc-2018,1,halo-mcc-2018,0,0,False
kevin-atkins,Kevin Atkins,Kevin Atkins,halo-infinite,halo-infinite,1,halo-infinite,0,0,False
kevin-beato,Kevin Beato,Kevin Beato,halo-infinite,halo-infinite,1,halo-infinite,0,0,False
kevin-bowen,Kevin Bowen,Kevin Bowen,halo-5,halo-infinite,2,halo-5|halo-infinite,6,6,False
kevin-burns,Kevin Burns,Kevin Burns,halo-4,halo-4,1,halo-4,0,0,False
kevin-buttle,Kevin Buttle,Kevin Buttle,halo-mcc-2018,halo-mcc-2018,1,halo-mcc-2018,0,0,False
kevin-claus,Kevin Claus,Kevin Claus,halo-3,halo-3,1,halo-3,0,0,False
kevin-dalziel,Kevin Dalziel,Kevin Dalziel,halo-3-odst,halo-infinite,5,halo-3-odst|halo-reach|halo-4|halo-5|halo-infinite,12,6,False
kevin-de-leon,Kevin De Leon,Kevin De Leon,halo-infinite,halo-infinite,1,halo-infinite,0,0,False
kevin-decatoire,Kevin Decatoire,Kevin Decatoire,halo-infinite,halo-infinite,1,halo-infinite,0,0,False
kevin-donaldson,Kevin Donaldson,Kevin Donaldson,halo-mcc-2021,halo-mcc-2021,1,halo-mcc-2021,0,0,False
kevin-englund,Kevin Englund,Kevin Englund,halo-cea,halo-cea,1,halo-cea,0,0,False
kevin-franklin,Kevin Franklin,Kevin Franklin,halo-4,halo-5,2,halo-4|halo-5,3,3,False
kevin-g-ochsner,Kevin Ochsner,Kevin Ochsner|Kevin G. Ochsner,halo-mcc,halo-5,2,halo-mcc|halo-5,1,1,False
kevin-gonzalez,Kevin Gonzalez,Kevin Gonzalez,halo-infinite,halo-infinite,1,halo-infinite,0,0,False
kevin-gordon,Kevin Gordon,Kevin Gordon,halo-reach,halo-reach,1,halo-reach,0,0,False
kevin-grace,Kevin Grace,Kevin Grace,halo-3,halo-5,6,halo-3|halo-3-odst|halo-cea|halo-4|halo-mcc|halo-5,8,2,False
kevin-grismore,Kevin Grismore,Kevin Grismore,halo-5,halo-5,1,halo-5,0,0,False
kevin-hanschen,Kevin Hanschen,Kevin Hanschen,halo-reach,halo-reach,1,halo-reach,0,0,False
kevin-hart,Kevin Hart,Kevin Hart,halo-4,halo-4,1,halo-4,0,0,False
kevin-hsu,Kevin Hsu,Kevin Hsu|Kevin Yi-Chia Hsu,halo-infinite,halo-infinite,1,halo-infinite,0,0,False
kevin-kaneta,Kevin Kaneta,Kevin Kaneta,halo-infinite,halo-infinite,1,halo-infinite,0,0,False
kevin-kaufman,Kevin Kaufman,Kevin Kaufman,halo-infinite,halo-infinite,1,halo-infinite,0,0,False
kevin-kauth,Kevin Kauth,Kevin Kauth,halo-5,halo-5,1,halo-5,0,0,False
kevin-loza,Kevin Loza,Kevin Loza,halo-infinite,halo-campaign-evolved,2,halo-infinite|halo-campaign-evolved,5,5,False
kevin-m-forsyth,Kevin M. Forsyth,Kevin M. Forsyth,halo-infinite,halo-infinite,1,halo-infinite,0,0,False
kevin-m-mcmullan,Kevin M. McMullan,Kevin M. McMullan,halo-mcc,halo-mcc,1,halo-mcc,0,0,False
kevin-margo,Kevin Margo,Kevin Margo,halo-mcc,halo-mcc,1,halo-mcc,0,0,False
kevin-mcdade,Kevin McDade,Kevin McDade,halo-infinite,halo-infinite,1,halo-infinite,0,0,False
kevin-mcginnis,Kevin McGinnis,Kevin McGinnis,halo-5,halo-5,1,halo-5,0,0,False
kevin-michael-richardson,Kevin Michael Richardson,Kevin Michael Richardson,halo-2,halo-2,1,halo-2,0,0,False
kevin-miller,Kevin Miller,Kevin Miller,halo-mcc-2021,halo-mcc-2021,1,halo-mcc-2021,0,0,False
kevin-paul,Kevin Paul,Kevin Paul|Kevin “KP” Paul,halo-3,halo-infinite,5,halo-3|halo-mcc|halo-5|halo-mcc-2021|halo-infinite,14,7,False
kevin-price,Kevin Price,Kevin Price,halo-campaign-evolved,halo-campaign-evolved,1,halo-campaign-evolved,0,0,False
kevin-salcedo,Kevin Salcedo,Kevin Salcedo,halo-cea,halo-cea,1,halo-cea,0,0,False
kevin-schmitt,Kevin Schmitt,Kevin Schmitt,halo-4,halo-infinite,3,halo-4|halo-5|halo-infinite,9,6,False
kevin-stocker,Kevin Stocker,Kevin Stocker,halo-infinite,halo-infinite,1,halo-infinite,0,0,False
kevin-szkudlapski,Kevin Szkudlapski,Kevin Szkudlapski,halo-infinite,halo-infinite,1,halo-infinite,0,0,False
kevin-thiesen,Kevin Thiesen,Kevin Thiesen,halo-5,halo-5,1,halo-5,0,0,False
kevin-tighe,Kevin Tighe,Kevin Tighe,halo-4,halo-4,1,halo-4,0,0,False
kevin-vander-horn,Kevin Vander Horn,Kevin Vander Horn,halo-infinite,halo-infinite,1,halo-infinite,0,0,False
kevin-verboort,Kevin Verboort,Kevin Verboort,halo-4,halo-4,1,halo-4,0,0,False
kevin-w-forsyth,Kevin W. Forsyth,Kevin W. Forsyth,halo-infinite,halo-infinite,1,halo-infinite,0,0,False
kevin-yam,Kevin Yam,Kevin Yam,halo-infinite,halo-campaign-evolved,2,halo-infinite|halo-campaign-evolved,5,5,False
kevin-zhen,Kevin Zhen,Kevin Zhen,halo-infinite,halo-infinite,1,halo-infinite,0,0,False
keyan-mynhardt,Keyan Mynhardt,Keyan Mynhardt,halo-infinite,halo-infinite,1,halo-infinite,0,0,False
khoi-duong,Khoi Duong,Khoi Duong,halo-4,halo-4,1,halo-4,0,0,False
kiera-schroeder,Kiera Schroeder,Kiera Schroeder,halo-mcc-2021,halo-infinite,2,halo-mcc-2021|halo-infinite,0,0,False
kieran-de-leonhorton,Kieran De Leon-Horton,Kieran De Leon-Horton,halo-mcc,halo-mcc,1,halo-mcc,0,0,False
kieran-phillips,Kieran Phillips,Kieran Phillips|Kieran “Lenox” Phillips,halo-mcc,halo-5,2,halo-mcc|halo-5,1,1,False
kieth-conner,Kieth Conner,Kieth Conner,halo-3,halo-3,1,halo-3,0,0,False
kieu-phuong-thao,Kieu Phuong Thao,Kieu Phuong Thao,halo-campaign-evolved,halo-campaign-evolved,1,halo-campaign-evolved,0,0,False
kiki-saintonge,Kiki Saintonge,Kiki Saintonge,halo-infinite,halo-infinite,1,halo-infinite,0,0,False
kiki-wolfkill,Kiki Wolfkill,Kiki Wolfkill,halo-4,halo-infinite,5,halo-4|halo-mcc|halo-5|halo-mcc-2021|halo-infinite,9,6,False
kim-haines,Kim Haines,Kim Haines|Kimberly A. Haines,halo-4,halo-infinite,3,halo-4|halo-5|halo-infinite,9,6,False
kim-kirchstein,Kim Kirchstein,Kim Kirchstein,halo-infinite,halo-infinite,1,halo-infinite,0,0,False
kim-mickle,Kim Mickle,Kim Mickle,halo-5,halo-5,1,halo-5,0,0,False
kim-quiachon,Kim Quiachon,Kim Quiachon,halo-infinite,halo-infinite,1,halo-infinite,0,0,False
kimball-belliston,Kimball Belliston,Kimball Belliston,halo-campaign-evolved,halo-campaign-evolved,1,halo-campaign-evolved,0,0,False
kimberly-brooks,Kimberly Brooks,Kimberly Brooks|Kimberly D. Brooks,halo-5,halo-5,1,halo-5,0,0,False
kinnon-stephens,Kinnon Stephens,Kinnon Stephens,halo-4,halo-4,1,halo-4,0,0,False
kiplan-case,Kiplan Case,Kiplan Case,halo-infinite,halo-infinite,1,halo-infinite,0,0,False
kira-anderson,Kira Anderson,Kira Anderson,halo-4,halo-infinite,3,halo-4|halo-5|halo-infinite,9,6,False
kiran-adcock,Kiran Adcock,Kiran Adcock,halo-mcc-2021,halo-infinite,2,halo-mcc-2021|halo-infinite,0,0,False
kirby-miller,Kirby Miller,Kirby Miller,halo-mcc,halo-mcc,1,halo-mcc,0,0,False
kirill-arefev,Kirill Arefev,Kirill Arefev,halo-mcc,halo-mcc,1,halo-mcc,0,0,False
kirill-boutourlin,Kirill Boutourlin,Kirill Boutourlin,halo-infinite,halo-infinite,1,halo-infinite,0,0,False
kirill-chepizhko,Kirill Chepizhko,Kirill Chepizhko,halo-infinite,halo-infinite,1,halo-infinite,0,0,False
kirill-dmitrenko,Kirill Dmitrenko,Kirill Dmitrenko,halo-mcc-2021,halo-mcc-2021,1,halo-mcc-2021,0,0,False
kirill-korepanov,Kirill Korepanov,Kirill Korepanov,halo-mcc,halo-mcc,1,halo-mcc,0,0,False
kirill-kornilov,Kirill Kornilov,Kirill Kornilov,halo-infinite,halo-infinite,1,halo-infinite,0,0,False
kirill-sekachev,Kirill Sekachev,Kirill Sekachev,halo-mcc-2021,halo-mcc-2021,1,halo-mcc-2021,0,0,False
kirill-zaytsev,Kirill Zaytsev,Kirill Zaytsev,halo-cea,halo-cea,1,halo-cea,0,0,False
kirk-rodgers,Kirk Rodgers,Kirk Rodgers,halo-cea,halo-cea,1,halo-cea,0,0,False
kirk-thornton,Kirk Thornton,Kirk Thornton,halo-mcc,halo-mcc,1,halo-mcc,0,0,False
kirk-williford,Kirk Williford,Kirk Williford,halo-5,halo-5,1,halo-5,0,0,False
kirsten-duvall,Kirsten Duvall,Kirsten Duvall,halo-3,halo-3,1,halo-3,0,0,False
kirsten-kapteijns,Kirsten Kapteijns,Kirsten Kapteijns,halo-mcc-2021,halo-mcc-2021,1,halo-mcc-2021,0,0,False
kirsten-scoles,Kirsten Scoles,Kirsten Scoles,halo-mcc,halo-mcc,1,halo-mcc,0,0,False
kishore-kotteri,Kishore Kotteri,Kishore Kotteri,halo-infinite,halo-infinite,1,halo-infinite,0,0,False
kiwi-domingues,Kiwi Domingues,Kiwi Domingues,halo-campaign-evolved,halo-campaign-evolved,1,halo-campaign-evolved,0,0,False
kjell-anderson,Kjell Anderson,Kjell Anderson,halo-infinite,halo-infinite,1,halo-infinite,0,0,False
kochun-hu,Kochun Hu,Kochun Hu,halo-infinite,halo-infinite,1,halo-infinite,0,0,False
kol-crosbie,Kol Crosbie,Kol Crosbie,halo-4,halo-4,1,halo-4,0,0,False
kolbe-payne,Kolbe Payne,Kolbe Payne,halo-infinite,halo-infinite,1,halo-infinite,0,0,False
kolby-jukes,Kolby Jukes,Kolby Jukes,halo-4,halo-5,2,halo-4|halo-5,3,3,False
kong-xiangsi,Kong Xiangsi,Kong Xiangsi,halo-campaign-evolved,halo-campaign-evolved,1,halo-campaign-evolved,0,0,False
konrad-chmielewski,Konrad Chmielewski,Konrad Chmielewski,halo-mcc,halo-mcc,1,halo-mcc,0,0,False
konrad-lesiak,Konrad Lesiak,Konrad Lesiak,halo-mcc-2021,halo-mcc-2021,1,halo-mcc-2021,0,0,False
konstantin-akulin,Konstantin Akulin,Konstantin Akulin,halo-infinite,halo-infinite,1,halo-infinite,0,0,False
konstantin-chulanov,Konstantin Chulanov,Konstantin Chulanov,halo-mcc,halo-mcc,1,halo-mcc,0,0,False
konstantin-pail,Konstantin Pail,Konstantin Pail,halo-mcc-2021,halo-mcc-2021,1,halo-mcc-2021,0,0,False
konstantinos-fotopoulos,Konstantinos Fotopoulos,Konstantinos Fotopoulos,halo-campaign-evolved,halo-campaign-evolved,1,halo-campaign-evolved,0,0,False
konstatin-poliakov,Konstatin Poliakov,Konstatin Poliakov,halo-mcc-2021,halo-mcc-2021,1,halo-mcc-2021,0,0,False
korina-olegario,Korina Olegario,Korina Olegario,halo-infinite,halo-infinite,1,halo-infinite,0,0,False
kory-hubbell,Kory Hubbell,Kory Hubbell,halo-4,halo-5,2,halo-4|halo-5,3,3,False
kory-mcmaster,Kory McMaster,Kory McMaster,halo-campaign-evolved,halo-campaign-evolved,1,halo-campaign-evolved,0,0,False
kory-reid,Kory Reid,Kory Reid,halo-cea,halo-cea,1,halo-cea,0,0,False
koyo-sonae,Koyo Sonae,Koyo Sonae,halo-4,halo-4,1,halo-4,0,0,False
kris-cabrera,Kris Cabrera,Kris Cabrera,halo-mcc,halo-mcc,1,halo-mcc,0,0,False
kris-hamper,Kris Hamper,Kris Hamper,halo-3-odst,halo-3-odst,1,halo-3-odst,0,0,False
kris-kaufman,Kris Kaufman,Kris Kaufman,halo-mcc,halo-mcc,1,halo-mcc,0,0,False
kris-keeker,Kris Keeker,Kris Keeker,halo-mcc-2021,halo-mcc-2021,1,halo-mcc-2021,0,0,False
kris-morend,Kris Morend,Kris Morend,halo-3,halo-3,1,halo-3,0,0,False
kris-sletten,Kris Sletten,Kris Sletten,halo-4,halo-4,1,halo-4,0,0,False
krist-stevens,Krist Stevens,Krist Stevens,halo-infinite,halo-campaign-evolved,2,halo-infinite|halo-campaign-evolved,5,5,False
krista-warnock,Krista Warnock,Krista Warnock,halo-infinite,halo-infinite,1,halo-infinite,0,0,False
kristiaan-cain,Kristiaan Cain,Kristiaan Cain,halo-campaign-evolved,halo-campaign-evolved,1,halo-campaign-evolved,0,0,False
kristie-fisher,Kristie Fisher,Kristie Fisher,halo-mcc,halo-mcc,1,halo-mcc,0,0,False
kristienne-micah-de-los-angeles,Kristienne Micah de los Angeles,Kristienne Micah de los Angeles,halo-infinite,halo-infinite,1,halo-infinite,0,0,False
kristine-young,Kristine Young,Kristine Young,halo-mcc-2021,halo-mcc-2021,1,halo-mcc-2021,0,0,False
kristof-lovas,Kristóf Lovas,Kristóf Lovas,halo-campaign-evolved,halo-campaign-evolved,1,halo-campaign-evolved,0,0,False
kristofer-hall,Kristofer Hall,Kristofer Hall,halo-4,halo-4,1,halo-4,0,0,False
kristoffer-larson,Kristoffer Larson,Kristoffer Larson,halo-4,halo-campaign-evolved,2,halo-4|halo-campaign-evolved,14,14,False
kristopher-lafountaine,Kristopher LaFountaine,Kristopher LaFountaine,halo-mcc-2021,halo-mcc-2021,1,halo-mcc-2021,0,0,False
krisztian-fabian,Krisztián Fábián,Krisztián Fábián,halo-campaign-evolved,halo-campaign-evolved,1,halo-campaign-evolved,0,0,False
krisztian-sereg,Krisztián Sereg,Krisztián Sereg,halo-campaign-evolved,halo-campaign-evolved,1,halo-campaign-evolved,0,0,False
krizia-bajos,Krizia Bajos,Krizia Bajos,halo-4,halo-infinite,3,halo-4|halo-5|halo-infinite,9,6,False
kross-adewoye,Kross Adewoye,Kross Adewoye,halo-5,halo-5,1,halo-5,0,0,False
krysta-biondo,Krysta Biondo,Krysta Biondo,halo-mcc,halo-mcc,1,halo-mcc,0,0,False
krystian-skawinski,Krystian Skawiński,Krystian Skawiński,halo-mcc,halo-mcc,1,halo-mcc,0,0,False
krzysztof-cywicki,Krzysztof Cywicki,Krzysztof Cywicki,halo-campaign-evolved,halo-campaign-evolved,1,halo-campaign-evolved,0,0,False
krzysztof-sitko,Krzysztof Sitko,Krzysztof Sitko,halo-mcc,halo-mcc,1,halo-mcc,0,0,False
ksenia-borisova,Ksenia Borisova,Ksenia Borisova,halo-infinite,halo-infinite,1,halo-infinite,0,0,False
ksenia-eremeeva,Ksenia Eremeeva,Ksenia Eremeeva,halo-mcc-2021,halo-mcc-2021,1,halo-mcc-2021,0,0,False
kuba-kryszak,Kuba Kryszak,Kuba Kryszak,halo-campaign-evolved,halo-campaign-evolved,1,halo-campaign-evolved,0,0,False
kuenglon-ho,Kueng-Lon Ho,Kueng-Lon Ho,halo-campaign-evolved,halo-campaign-evolved,1,halo-campaign-evolved,0,0,False
kun-zhou,Kun Zhou,Kun Zhou,halo-3,halo-3,1,halo-3,0,0,False
kurt-diegert,Kurt Diegert,Kurt Diegert,halo-infinite,halo-infinite,1,halo-infinite,0,0,False
kurt-jessen,Kurt Jessen,Kurt Jessen,halo-4,halo-4,1,halo-4,0,0,False
kurt-kupser,Kurt Kupser,Kurt Kupser,halo-infinite,halo-infinite,1,halo-infinite,0,0,False
kurt-li,Kurt Li,Kurt Li,halo-infinite,halo-infinite,1,halo-infinite,0,0,False
kurt-nellis,Kurt Nellis,Kurt Nellis,halo-3,halo-reach,3,halo-3|halo-3-odst|halo-reach,3,2,False
kurt-sandstrom,Kurt Sandstrom,Kurt Sandstrom,halo-infinite,halo-infinite,1,halo-infinite,0,0,False
kurtis-chinn,Kurtis Chinn,Kurtis Chinn,halo-4,halo-4,1,halo-4,0,0,False
kushagra-jain,Kushagra Jain,Kushagra Jain,halo-infinite,halo-infinite,1,halo-infinite,0,0,False
kutta-srinivasan,Kutta Srinivasan,Kutta Srinivasan,halo-3,halo-4,3,halo-3|halo-3-odst|halo-4,5,3,False
kyle-brunson,Kyle Brunson,Kyle Brunson,halo-infinite,halo-infinite,1,halo-infinite,0,0,False
kyle-bussoli,Kyle Bussoli,Kyle Bussoli,halo-mcc-2021,halo-infinite,2,halo-mcc-2021|halo-infinite,0,0,False
kyle-chittenden,Kyle Chittenden,Kyle Chittenden,halo-infinite,halo-infinite,1,halo-infinite,0,0,False
kyle-dahl,Kyle Dahl,Kyle Dahl,halo-5,halo-5,1,halo-5,0,0,False
kyle-dolan,Kyle Dolan,Kyle Dolan,halo-cea,halo-5,4,halo-cea|halo-4|halo-mcc|halo-5,4,2,False
kyle-fraser,Kyle Fraser,Kyle Fraser,halo-4,halo-infinite,3,halo-4|halo-5|halo-infinite,9,6,False
kyle-fredrickson,Kyle Fredrickson,Kyle Fredrickson,halo-mcc-2021,halo-mcc-2021,1,halo-mcc-2021,0,0,False
kyle-gedemer,Kyle Gedemer,Kyle Gedemer,halo-infinite,halo-infinite,1,halo-infinite,0,0,False
kyle-greene,Kyle Greene,Kyle Greene,halo-reach,halo-reach,1,halo-reach,0,0,False
kyle-guinther,Kyle Guinther,Kyle Guinther,halo-mcc-2021,halo-mcc-2021,1,halo-mcc-2021,0,0,False
kyle-hefley,Kyle Hefley,Kyle Hefley,halo-4,halo-5,2,halo-4|halo-5,3,3,False
kyle-hornberger,Kyle Hornberger,Kyle Hornberger,halo-reach,halo-cea,2,halo-reach|halo-cea,1,1,False
kyle-hug,Kyle Hug,Kyle Hug,halo-reach,halo-reach,1,halo-reach,0,0,False
kyle-hunter,Kyle Hunter,Kyle Hunter,halo-5,halo-5,1,halo-5,0,0,False
kyle-izu,Kyle Izu,Kyle Izu,halo-infinite,halo-infinite,1,halo-infinite,0,0,False
kyle-kirkpatrick,Kyle Kirkpatrick,Kyle Kirkpatrick,halo-3,halo-3,1,halo-3,0,0,False
kyle-odell,Kyle Odell,Kyle Odell|Kyle O'Dell,halo-infinite,halo-campaign-evolved,2,halo-infinite|halo-campaign-evolved,5,5,False
kyle-pontier,Kyle Pontier,Kyle Pontier,halo-4,halo-4,1,halo-4,0,0,False
kyle-powell,Kyle Powell,Kyle Powell,halo-infinite,halo-infinite,1,halo-infinite,0,0,False
kyle-renteria,Kyle Renteria,Kyle Renteria,halo-infinite,halo-infinite,1,halo-infinite,0,0,False
kyle-rochlin,Kyle Rochlin,Kyle Rochlin,halo-5,halo-5,1,halo-5,0,0,False
kyle-symonds,Kyle Symonds,Kyle Symonds,halo-3,halo-cea,4,halo-3|halo-3-odst|halo-reach|halo-cea,4,2,False
kyle-tidrick,Kyle Tidrick,Kyle Tidrick,halo-infinite,halo-infinite,1,halo-infinite,0,0,False
kyle-uberman,Kyle Uberman,Kyle Uberman,halo-cea,halo-4,2,halo-cea|halo-4,1,1,False
kyle-willer,Kyle Willer,Kyle Willer,halo-infinite,halo-infinite,1,halo-infinite,0,0,False
kylie-lewis,Kylie Lewis,Kylie Lewis,halo-mcc,halo-5,2,halo-mcc|halo-5,1,1,False
kylor-kersavage,Kylor Kersavage,Kylor Kersavage,halo-mcc-2021,halo-infinite,2,halo-mcc-2021|halo-infinite,0,0,False
kynan-pearson,Kynan Pearson,Kynan Pearson,halo-4,halo-4,1,halo-4,0,0,False
kyntrell-mitchellvaughn,Kyntrell Mitchell-Vaughn,Kyntrell Mitchell-Vaughn,halo-infinite,halo-campaign-evolved,2,halo-infinite|halo-campaign-evolved,5,5,False
kyoichiro-ishiyama,Kyoichiro Ishiyama,Kyoichiro Ishiyama,halo-campaign-evolved,halo-campaign-evolved,1,halo-campaign-evolved,0,0,False
kyoung-han-yoon,Kyoung Han Yoon,Kyoung Han Yoon,halo-3,halo-3,1,halo-3,0,0,False
kyoung-ho-han,Kyoung Ho Han,Kyoung Ho Han,halo-2,halo-3,2,halo-2|halo-3,3,3,False
kyungseo-min,Kyungseo Min,Kyungseo Min,halo-campaign-evolved,halo-campaign-evolved,1,halo-campaign-evolved,0,0,False
lace-yamamoto,Lace Yamamoto,Lace Yamamoto,halo-mcc-2021,halo-campaign-evolved,3,halo-mcc-2021|halo-infinite|halo-campaign-evolved,5,5,False
lai-li,Lai Li,Lai Li,halo-campaign-evolved,halo-campaign-evolved,1,halo-campaign-evolved,0,0,False
laila-tleimat,Laila Tleimat,Laila Tleimat,halo-5,halo-5,1,halo-5,0,0,False
lake-murray,Lake Murray,Lake Murray,halo-mcc-2021,halo-mcc-2021,1,halo-mcc-2021,0,0,False
lalit-kumar-sharma,Lalit Kumar Sharma,Lalit Kumar Sharma,halo-infinite,halo-infinite,1,halo-infinite,0,0,False
lalo-torres,Lalo Torres,Lalo Torres,halo-mcc-2021,halo-campaign-evolved,3,halo-mcc-2021|halo-infinite|halo-campaign-evolved,5,5,False
lan-hao,Lan Hao,Lan Hao,halo-campaign-evolved,halo-campaign-evolved,1,halo-campaign-evolved,0,0,False
lan-shuo,Lan Shuo,Lan Shuo,halo-campaign-evolved,halo-campaign-evolved,1,halo-campaign-evolved,0,0,False
lance-winter,Lance Winter,Lance Winter,halo-mcc-2021,halo-mcc-2021,1,halo-mcc-2021,0,0,False
landin-williams,Landin Williams,Landin Williams,halo-mcc,halo-5,2,halo-mcc|halo-5,1,1,False
landon-austill,Landon Austill,Landon Austill,halo-mcc-2021,halo-mcc-2021,1,halo-mcc-2021,0,0,False
landon-greene,Landon Greene,Landon Greene,halo-infinite,halo-infinite,1,halo-infinite,0,0,False
lani-blazier,Lani Blazier,Lani Blazier,halo-4,halo-5,2,halo-4|halo-5,3,3,False
lanting-ji,Lanting Ji,Lanting Ji,halo-infinite,halo-infinite,1,halo-infinite,0,0,False
larisa-ilyasova,Larisa Ilyasova,Larisa Ilyasova,halo-infinite,halo-infinite,1,halo-infinite,0,0,False
larry-brown-jr,Larry Brown Jr,Larry Brown Jr,halo-infinite,halo-infinite,1,halo-infinite,0,0,False
larry-di-stefano,Larry Di Stefano,Larry Di Stefano,halo-cea,halo-cea,1,halo-cea,0,0,False
lars-bakken,Lars Bakken,Lars Bakken,halo-3,halo-reach,3,halo-3|halo-3-odst|halo-reach,3,2,False
lars-olson,Lars Olson,Lars Olson,halo-infinite,halo-infinite,1,halo-infinite,0,0,False
laryssa-brown,Laryssa Brown,Laryssa Brown,halo-infinite,halo-infinite,1,halo-infinite,0,0,False
laryssa-chan,Laryssa Chan,Laryssa Chan,halo-infinite,halo-infinite,1,halo-infinite,0,0,False
laszlo-kali,László Káli,László Káli,halo-campaign-evolved,halo-campaign-evolved,1,halo-campaign-evolved,0,0,False
laszlo-kiss,Laszlo Kiss,Laszlo Kiss,halo-3,halo-3,1,halo-3,0,0,False
laszlo-nagy,László Nagy,László Nagy,halo-campaign-evolved,halo-campaign-evolved,1,halo-campaign-evolved,0,0,False
laszlo-termeg,László Térmeg,László Térmeg,halo-campaign-evolved,halo-campaign-evolved,1,halo-campaign-evolved,0,0,False
laszlo-vitai,László Vitai,László Vitai,halo-campaign-evolved,halo-campaign-evolved,1,halo-campaign-evolved,0,0,False
laura-akers,Laura Akers,Laura Akers,halo-4,halo-4,1,halo-4,0,0,False
laura-albers,Laura Albers,Laura Albers,halo-mcc,halo-mcc,1,halo-mcc,0,0,False
laura-anderson,Laura Anderson,Laura Anderson,halo-mcc,halo-mcc,1,halo-mcc,0,0,False
laura-bailey,Laura Bailey,Laura Bailey,halo-4,halo-5,2,halo-4|halo-5,3,3,False
laura-griffiths,Laura Griffiths,Laura Griffiths,halo-mcc,halo-mcc,1,halo-mcc,0,0,False
laura-hawkins,Laura Hawkins,Laura Hawkins,halo-4,halo-4,1,halo-4,0,0,False
laura-kenny,Laura Kenny,Laura Kenny,halo-3-odst,halo-3-odst,1,halo-3-odst,0,0,False
laura-macmahon,Laura MacMahon,Laura MacMahon,halo-infinite,halo-infinite,1,halo-infinite,0,0,False
laura-melhuish,Laura Melhuish,Laura Melhuish,halo-5,halo-5,1,halo-5,0,0,False
laura-piest,Laura Piest,Laura Piest,halo-campaign-evolved,halo-campaign-evolved,1,halo-campaign-evolved,0,0,False
laura-prepon,Laura Prepon,Laura Prepon,halo-2,halo-2,1,halo-2,0,0,False
laura-taylor,Laura Taylor,Laura Taylor,halo-infinite,halo-infinite,1,halo-infinite,0,0,False
laura-yeo,Laura Yeo,Laura Yeo,halo-infinite,halo-infinite,1,halo-infinite,0,0,False
laura-zimmermann,Laura Zimmermann,Laura Zimmermann,halo-mcc,halo-mcc,1,halo-mcc,0,0,False
laurel-cameron,Laurel Cameron,Laurel Cameron,halo-mcc,halo-mcc,1,halo-mcc,0,0,False
laurel-durkan,Laurel Durkan,Laurel Durkan,halo-infinite,halo-infinite,1,halo-infinite,0,0,False
lauren-bennardo-apau,Lauren Bennardo Apau,Lauren Bennardo Apau,halo-infinite,halo-infinite,1,halo-infinite,0,0,False
lauren-brake,Lauren Brake,Lauren Brake,halo-campaign-evolved,halo-campaign-evolved,1,halo-campaign-evolved,0,0,False
lauren-simpson,Lauren Simpson,Lauren Simpson,halo-infinite,halo-infinite,1,halo-infinite,0,0,False
lauren-toomey,Lauren Toomey,Lauren Toomey,halo-infinite,halo-infinite,1,halo-infinite,0,0,False
lauren-whisnant,Lauren Whisnant,Lauren Whisnant,halo-campaign-evolved,halo-campaign-evolved,1,halo-campaign-evolved,0,0,False
laurence-anslow,Laurence Anslow,Laurence Anslow,halo-5,halo-infinite,2,halo-5|halo-infinite,6,6,False
laurence-berardmondou,Laurence Bérard-Mondou,Laurence Bérard-Mondou,halo-mcc-2018,halo-mcc-2018,1,halo-mcc-2018,0,0,False
laurence-davies,Laurence Davies,Laurence Davies,halo-5,halo-5,1,halo-5,0,0,False
laurence-schwarz,Laurence Schwarz,Laurence Schwarz,halo-mcc,halo-mcc,1,halo-mcc,0,0,False
laurent-leriche,Laurent Leriche,Laurent Leriche,halo-campaign-evolved,halo-campaign-evolved,1,halo-campaign-evolved,0,0,False
laurie-duncan,Laurie Duncan,Laurie Duncan,halo-campaign-evolved,halo-campaign-evolved,1,halo-campaign-evolved,0,0,False
lavanya-nalluraj,Lavanya Nalluraj,Lavanya Nalluraj,halo-4,halo-4,1,halo-4,0,0,False
lawrence-c-metten,Lawrence Metten,Lawrence Metten,halo-5,halo-5,1,halo-5,0,0,False
lawrence-wallington,Lawrence Wallington,Lawrence Wallington,halo-5,halo-5,1,halo-5,0,0,False
lawrence-wu,Lawrence Wu,Lawrence Wu,halo-infinite,halo-infinite,1,halo-infinite,0,0,False
laxminarayan-ghara,Laxminarayan Ghara,Laxminarayan Ghara,halo-infinite,halo-infinite,1,halo-infinite,0,0,False
lay-quoc-tuan,Lay Quoc Tuan,Lay Quoc Tuan,halo-campaign-evolved,halo-campaign-evolved,1,halo-campaign-evolved,0,0,False
layn-scott-holman,Layn Scott Holman,Layn Scott Holman,halo-mcc,halo-mcc,1,halo-mcc,0,0,False
layne-johnson,Layne Johnson,Layne Johnson,halo-infinite,halo-infinite,1,halo-infinite,0,0,False
lazaros-ananiadis,Lazaros Ananiadis,Lazaros Ananiadis,halo-mcc,halo-mcc,1,halo-mcc,0,0,False
le-hoang-nguyen-thuy,Le Hoang Nguyen Thuy,Le Hoang Nguyen Thuy,halo-campaign-evolved,halo-campaign-evolved,1,halo-campaign-evolved,0,0,False
le-khac-thai,Le Khac Thai,Le Khac Thai,halo-campaign-evolved,halo-campaign-evolved,1,halo-campaign-evolved,0,0,False
le-minh-thuan-thien,Le Minh Thuan Thien,Le Minh Thuan Thien,halo-campaign-evolved,halo-campaign-evolved,1,halo-campaign-evolved,0,0,False
le-minh-tu,Le Minh Tu,Le Minh Tu,halo-campaign-evolved,halo-campaign-evolved,1,halo-campaign-evolved,0,0,False
le-quang-vu,Le Quang Vu,Le Quang Vu,halo-campaign-evolved,halo-campaign-evolved,1,halo-campaign-evolved,0,0,False
le-tan-huynh,Le Tan Huynh,Le Tan Huynh,halo-campaign-evolved,halo-campaign-evolved,1,halo-campaign-evolved,0,0,False
le-thanh-nghi,Le Thanh Nghi,Le Thanh Nghi,halo-campaign-evolved,halo-campaign-evolved,1,halo-campaign-evolved,0,0,False
le-thi-bich-ngoc,Le Thi Bich Ngoc,Le Thi Bich Ngoc,halo-campaign-evolved,halo-campaign-evolved,1,halo-campaign-evolved,0,0,False
le-thi-diem-mi,Le Thi Diem Mi,Le Thi Diem Mi,halo-campaign-evolved,halo-campaign-evolved,1,halo-campaign-evolved,0,0,False
le-thi-nguyet-anh,Le Thi Nguyet Anh,Le Thi Nguyet Anh,halo-campaign-evolved,halo-campaign-evolved,1,halo-campaign-evolved,0,0,False
le-thuy-phuong-thuy,Le Thuy Phuong Thuy,Le Thuy Phuong Thuy,halo-campaign-evolved,halo-campaign-evolved,1,halo-campaign-evolved,0,0,False
le-tran-hoang-long,Le Tran Hoang Long,Le Tran Hoang Long,halo-campaign-evolved,halo-campaign-evolved,1,halo-campaign-evolved,0,0,False
le-van-tuan,Le Van Tuan,Le Van Tuan,halo-campaign-evolved,halo-campaign-evolved,1,halo-campaign-evolved,0,0,False
le-vu-quang,Le Vu Quang,Le Vu Quang,halo-campaign-evolved,halo-campaign-evolved,1,halo-campaign-evolved,0,0,False
le-xuan-tung,Le Xuan Tung,Le Xuan Tung,halo-campaign-evolved,halo-campaign-evolved,1,halo-campaign-evolved,0,0,False
leah-barlow,Leah Barlow,Leah Barlow,halo-5,halo-5,1,halo-5,0,0,False
leah-purton,Leah Purton,Leah Purton,halo-mcc-2021,halo-mcc-2021,1,halo-mcc-2021,0,0,False
leanne-cox,Leanne Cox,Leanne Cox,halo-mcc-2021,halo-mcc-2021,1,halo-mcc-2021,0,0,False
lee-musgrave,Lee Musgrave,Lee Musgrave,halo-3,halo-3,1,halo-3,0,0,False
lee-uren,Lee Uren,Lee Uren,halo-infinite,halo-infinite,1,halo-infinite,0,0,False
lee-wilson,Lee Wilson,Lee Wilson|Lee R. Wilson,halo-ce,halo-reach,5,halo-ce|halo-2|halo-3|halo-3-odst|halo-reach,9,3,False
lei-jiaying,Lei Jiaying,Lei Jiaying,halo-campaign-evolved,halo-campaign-evolved,1,halo-campaign-evolved,0,0,False
lei-zhong,Lei Zhong,Lei Zhong,halo-infinite,halo-infinite,1,halo-infinite,0,0,False
leif-duysen,Leif Duysen,Leif Duysen,halo-campaign-evolved,halo-campaign-evolved,1,halo-campaign-evolved,0,0,False
leif-robles,Leif Robles,Leif Robles,halo-cea,halo-4,2,halo-cea|halo-4,1,1,False
leigh-bird,Leigh Bird,Leigh Bird,halo-mcc-2021,halo-mcc-2021,1,halo-mcc-2021,0,0,False
leland-dantzler,Leland Dantzler,Leland Dantzler,halo-4,halo-4,1,halo-4,0,0,False
lena-couty,Lena Couty,Lena Couty,halo-campaign-evolved,halo-campaign-evolved,1,halo-campaign-evolved,0,0,False
lena-klassen,Lena Klassen,Lena Klassen,halo-mcc,halo-infinite,3,halo-mcc|halo-5|halo-infinite,7,6,False
lenin-valdivia-virgen,Lenin Valdivia Virgen,Lenin Valdivia Virgen,halo-campaign-evolved,halo-campaign-evolved,1,halo-campaign-evolved,0,0,False
lennie-moore,Lennie Moore,Lennie Moore,halo-cea,halo-mcc,2,halo-cea|halo-mcc,3,3,False
lennon-montejo,Lennon Montejo,Lennon Montejo,halo-mcc,halo-mcc,1,halo-mcc,0,0,False
lenny-lim,Lenny Lim,Lenny Lim,halo-3,halo-3,1,halo-3,0,0,False
leo-angell,Leo Angell,Leo Angell,halo-mcc-2021,halo-mcc-2021,1,halo-mcc-2021,0,0,False
leo-gonzalez,Leo Gonzalez,Leo Gonzalez,halo-mcc,halo-mcc,1,halo-mcc,0,0,False
leo-ibanez,Leo Ibañez,Leo Ibañez,halo-campaign-evolved,halo-campaign-evolved,1,halo-campaign-evolved,0,0,False
leo-krajden,Leo Krajden,Leo Krajden,halo-mcc,halo-mcc,1,halo-mcc,0,0,False
leo-lin,Leo Lin,Leo Lin,halo-infinite,halo-infinite,1,halo-infinite,0,0,False
leo-martinez,Leo Martinez,Leo Martinez,halo-reach,halo-campaign-evolved,3,halo-reach|halo-infinite|halo-campaign-evolved,16,11,False
leo-stalgrim,Leo Stalgrim,Leo Stalgrim,halo-campaign-evolved,halo-campaign-evolved,1,halo-campaign-evolved,0,0,False
leo-viale,Leo Viale,Leo Viale,halo-mcc,halo-mcc,1,halo-mcc,0,0,False
leon-schwartz,León Schwartz,León Schwartz,halo-campaign-evolved,halo-campaign-evolved,1,halo-campaign-evolved,0,0,False
leon-tukker,Leon Tukker,Leon Tukker,halo-infinite,halo-infinite,1,halo-infinite,0,0,False
leonard-holman,Leonard Holman,Leonard Holman,halo-4,halo-campaign-evolved,4,halo-4|halo-5|halo-infinite|halo-campaign-evolved,14,6,False
leonardo-barragan,Leonardo Barragan,Leonardo Barragan,halo-5,halo-5,1,halo-5,0,0,False
leonardo-c-braz-da-cunha,Leonardo Braz,Leonardo Braz|Leonardo C. Braz da Cunha,halo-infinite,halo-infinite,1,halo-infinite,0,0,False
leonardo-rivabem,Leonardo Rivabem,Leonardo Rivabem,halo-campaign-evolved,halo-campaign-evolved,1,halo-campaign-evolved,0,0,False
leonid-dudakov,Leonid Dudakov,Leonid Dudakov,halo-infinite,halo-infinite,1,halo-infinite,0,0,False
leonid-enin,Leonid Enin,Leonid Enin,halo-mcc,halo-mcc,1,halo-mcc,0,0,False
leonid-fedorov,Leonid Fedorov,Leonid Fedorov,halo-cea,halo-cea,1,halo-cea,0,0,False
leonid-kletnov,Leonid Kletnov,Leonid Kletnov,halo-infinite,halo-infinite,1,halo-infinite,0,0,False
leonid-krot,Leonid Krot,Leonid Krot,halo-cea,halo-cea,1,halo-cea,0,0,False
leonid-kuzyakin,Leonid Kuzyakin,Leonid Kuzyakin,halo-mcc,halo-mcc,1,halo-mcc,0,0,False
leonid-mashinsky,Leonid Mashinsky,Leonid Mashinsky,halo-cea,halo-cea,1,halo-cea,0,0,False
leopard-snow,Leopard Snow,Leopard Snow,halo-mcc,halo-mcc,1,halo-mcc,0,0,False
leopold-dupuis,Leopold DuPuis,Leopold DuPuis,halo-infinite,halo-infinite,1,halo-infinite,0,0,False
lerm-wattanawongtrakool,Lerm Wattanawongtrakool,Lerm Wattanawongtrakool,halo-infinite,halo-infinite,1,halo-infinite,0,0,False
leroy-noel,Leroy Noel,Leroy Noel,halo-campaign-evolved,halo-campaign-evolved,1,halo-campaign-evolved,0,0,False
leroy-sutton,Leroy Sutton,Leroy Sutton,halo-mcc-2021,halo-mcc-2021,1,halo-mcc-2021,0,0,False
lesean-johnson,Lesean Johnson,Lesean Johnson|LeSean Johnson,halo-cea,halo-4,2,halo-cea|halo-4,1,1,False
leslie-ann-jones,Leslie Ann Jones,Leslie Ann Jones,halo-cea,halo-mcc,2,halo-cea|halo-mcc,3,3,False
leslie-thomas,Leslie Thomas,Leslie Thomas,halo-infinite,halo-infinite,1,halo-infinite,0,0,False
leszek-pietryka,Leszek Pietryka,Leszek Pietryka,halo-campaign-evolved,halo-campaign-evolved,1,halo-campaign-evolved,0,0,False
leticia-dornel,Leticia Dornel,Leticia Dornel,halo-infinite,halo-infinite,1,halo-infinite,0,0,False
levente-szutor,Levente Szutor,Levente Szutor,halo-campaign-evolved,halo-campaign-evolved,1,halo-campaign-evolved,0,0,False
levente-vass,Levente Vass,Levente Vass,halo-campaign-evolved,halo-campaign-evolved,1,halo-campaign-evolved,0,0,False
levi-crain,Levi Crain,Levi Crain,halo-4,halo-4,1,halo-4,0,0,False
lewis-jones,Lewis Jones,Lewis Jones,halo-4,halo-5,2,halo-4|halo-5,3,3,False
lewis-liaw,Lewis Liaw,Lewis Liaw,halo-3-odst,halo-4,2,halo-3-odst|halo-4,3,3,False
lewis-wagstaff,Lewis Wagstaff,Lewis Wagstaff,halo-infinite,halo-infinite,1,halo-infinite,0,0,False
lewis-williams,Lewis Williams,Lewis Williams,halo-mcc-2021,halo-mcc-2021,1,halo-mcc-2021,0,0,False
leyla-novruzova,Leyla Novruzova,Leyla Novruzova,halo-mcc-2021,halo-mcc-2021,1,halo-mcc-2021,0,0,False
li-bo,Li Bo,Li Bo,halo-campaign-evolved,halo-campaign-evolved,1,halo-campaign-evolved,0,0,False
li-chenguang,Li Chenguang,Li Chenguang,halo-infinite,halo-infinite,1,halo-infinite,0,0,False
li-dongjie,Li Dongjie,Li Dongjie,halo-campaign-evolved,halo-campaign-evolved,1,halo-campaign-evolved,0,0,False
li-guang-yao,Li Guang Yao,Li Guang Yao,halo-campaign-evolved,halo-campaign-evolved,1,halo-campaign-evolved,0,0,False
li-haonan,Li Haonan,Li Haonan,halo-campaign-evolved,halo-campaign-evolved,1,halo-campaign-evolved,0,0,False
li-haoran,Li Haoran,Li Haoran,halo-campaign-evolved,halo-campaign-evolved,1,halo-campaign-evolved,0,0,False
li-hongyu,Li Hongyu,Li Hongyu,halo-campaign-evolved,halo-campaign-evolved,1,halo-campaign-evolved,0,0,False
li-jiahao,Li Jiahao,Li Jiahao,halo-campaign-evolved,halo-campaign-evolved,1,halo-campaign-evolved,0,0,False
li-jiahe,Li Jiahe,Li Jiahe,halo-campaign-evolved,halo-campaign-evolved,1,halo-campaign-evolved,0,0,False
li-jiahui,Li Jiahui,Li Jiahui,halo-campaign-evolved,halo-campaign-evolved,1,halo-campaign-evolved,0,0,False
li-jianwei,Li Jianwei,Li Jianwei,halo-campaign-evolved,halo-campaign-evolved,1,halo-campaign-evolved,0,0,False
li-jie,Li Jie,Li Jie,halo-campaign-evolved,halo-campaign-evolved,1,halo-campaign-evolved,0,0,False
li-jinbo,Li Jinbo,Li Jinbo,halo-campaign-evolved,halo-campaign-evolved,1,halo-campaign-evolved,0,0,False
li-jun,Li Jun,Li Jun,halo-campaign-evolved,halo-campaign-evolved,1,halo-campaign-evolved,0,0,False
li-junyi,Li Junyi,Li Junyi,halo-campaign-evolved,halo-campaign-evolved,1,halo-campaign-evolved,0,0,False
li-ling,Li Ling,Li Ling,halo-campaign-evolved,halo-campaign-evolved,1,halo-campaign-evolved,0,0,False
li-mao,Li Mao,Li Mao,halo-campaign-evolved,halo-campaign-evolved,1,halo-campaign-evolved,0,0,False
li-ming,Li Ming,Li Ming,halo-campaign-evolved,halo-campaign-evolved,1,halo-campaign-evolved,0,0,False
li-mingjie,Li Mingjie,Li Mingjie,halo-campaign-evolved,halo-campaign-evolved,1,halo-campaign-evolved,0,0,False
li-pianpian,Li Pianpian,Li Pianpian,halo-campaign-evolved,halo-campaign-evolved,1,halo-campaign-evolved,0,0,False
li-qifan,Li Qifan,Li Qifan,halo-campaign-evolved,halo-campaign-evolved,1,halo-campaign-evolved,0,0,False
li-shangyu,Li Shangyu,Li Shangyu,halo-campaign-evolved,halo-campaign-evolved,1,halo-campaign-evolved,0,0,False
li-shanshan,Li Shanshan,Li Shanshan,halo-infinite,halo-infinite,1,halo-infinite,0,0,False
li-shaoquan,Li Shaoquan,Li Shaoquan,halo-infinite,halo-infinite,1,halo-infinite,0,0,False
li-shuangchao,Li Shuangchao,Li Shuangchao,halo-campaign-evolved,halo-campaign-evolved,1,halo-campaign-evolved,0,0,False
li-taolue,Li Taolue,Li Taolue,halo-campaign-evolved,halo-campaign-evolved,1,halo-campaign-evolved,0,0,False
li-tianyang,Li Tianyang,Li Tianyang,halo-infinite,halo-infinite,1,halo-infinite,0,0,False
li-xia,Li Xia,Li Xia,halo-campaign-evolved,halo-campaign-evolved,1,halo-campaign-evolved,0,0,False
li-xianlin,Li Xianlin,Li Xianlin,halo-campaign-evolved,halo-campaign-evolved,1,halo-campaign-evolved,0,0,False
li-xiaocheng,Li Xiaocheng,Li Xiaocheng,halo-infinite,halo-infinite,1,halo-infinite,0,0,False
li-xin,Li Xin,Li Xin,halo-infinite,halo-infinite,1,halo-infinite,0,0,False
li-xinfei,Li Xinfei,Li Xinfei,halo-campaign-evolved,halo-campaign-evolved,1,halo-campaign-evolved,0,0,False
li-xinpeng,Li Xinpeng,Li Xinpeng,halo-infinite,halo-infinite,1,halo-infinite,0,0,False
li-yali,Li Yali,Li Yali,halo-campaign-evolved,halo-campaign-evolved,1,halo-campaign-evolved,0,0,False
li-yanjie,Li Yanjie,Li Yanjie,halo-infinite,halo-infinite,1,halo-infinite,0,0,False
li-yixuan,Li Yixuan,Li Yixuan,halo-campaign-evolved,halo-campaign-evolved,1,halo-campaign-evolved,0,0,False
li-yongshuai,Li Yongshuai,Li Yongshuai,halo-campaign-evolved,halo-campaign-evolved,1,halo-campaign-evolved,0,0,False
li-yongtao,Li Yongtao,Li Yongtao,halo-campaign-evolved,halo-campaign-evolved,1,halo-campaign-evolved,0,0,False
li-youzhou,Li Youzhou,Li Youzhou,halo-campaign-evolved,halo-campaign-evolved,1,halo-campaign-evolved,0,0,False
li-yuan,Li Yuan,Li Yuan,halo-campaign-evolved,halo-campaign-evolved,1,halo-campaign-evolved,0,0,False
li-yuqin,Li Yuqin,Li Yuqin,halo-campaign-evolved,halo-campaign-evolved,1,halo-campaign-evolved,0,0,False
li-zhengmei,Li Zhengmei,Li Zhengmei,halo-campaign-evolved,halo-campaign-evolved,1,halo-campaign-evolved,0,0,False
li-zhenxian,Li Zhenxian,Li Zhenxian,halo-campaign-evolved,halo-campaign-evolved,1,halo-campaign-evolved,0,0,False
li-ziyang,Li Ziyang,Li Ziyang,halo-campaign-evolved,halo-campaign-evolved,1,halo-campaign-evolved,0,0,False
liam-corrie,Liam Corrie,Liam Corrie,halo-infinite,halo-infinite,1,halo-infinite,0,0,False
liam-cramb,Liam Cramb,Liam Cramb,halo-infinite,halo-infinite,1,halo-infinite,0,0,False
liam-lutton,Liam Lutton,Liam Lutton,halo-infinite,halo-campaign-evolved,2,halo-infinite|halo-campaign-evolved,5,5,False
liam-makowski,Liam Makowski,Liam Makowski,halo-infinite,halo-infinite,1,halo-infinite,0,0,False
liang-chen,Liang Chen,Liang Chen,halo-campaign-evolved,halo-campaign-evolved,1,halo-campaign-evolved,0,0,False
liang-fuchao,Liang Fuchao,Liang Fuchao,halo-campaign-evolved,halo-campaign-evolved,1,halo-campaign-evolved,0,0,False
liang-tongquan,Liang Tongquan,Liang Tongquan,halo-campaign-evolved,halo-campaign-evolved,1,halo-campaign-evolved,0,0,False
liao-jiawei,Liao Jiawei,Liao Jiawei,halo-campaign-evolved,halo-campaign-evolved,1,halo-campaign-evolved,0,0,False
lili-monroy,Lili Monroy,Lili Monroy,halo-infinite,halo-campaign-evolved,2,halo-infinite|halo-campaign-evolved,5,5,False
lilith-luce,Lilith Luce,Lilith Luce,halo-campaign-evolved,halo-campaign-evolved,1,halo-campaign-evolved,0,0,False
lilla-toth,Lilla Tóth,Lilla Tóth,halo-campaign-evolved,halo-campaign-evolved,1,halo-campaign-evolved,0,0,False
lillian-hellning,Lillian Hellning,Lillian Hellning,halo-infinite,halo-infinite,1,halo-infinite,0,0,False
lillian-lehmann,Lillian Lehmann,Lillian Lehmann,halo-4,halo-5,3,halo-4|halo-mcc|halo-5,3,2,False
lilly-pankow,Lilly Pankow,Lilly Pankow,halo-infinite,halo-infinite,1,halo-infinite,0,0,False
lily-snyder,Lily Snyder,Lily Snyder,halo-infinite,halo-infinite,1,halo-infinite,0,0,False
lin-kuixu,Lin Kuixu,Lin Kuixu,halo-campaign-evolved,halo-campaign-evolved,1,halo-campaign-evolved,0,0,False
lin-xin,Lin Xin,Lin Xin,halo-campaign-evolved,halo-campaign-evolved,1,halo-campaign-evolved,0,0,False
lin-yujie,Lin Yujie,Lin Yujie,halo-campaign-evolved,halo-campaign-evolved,1,halo-campaign-evolved,0,0,False
lina-ballesteros,Lina Ballesteros,Lina Ballesteros,halo-campaign-evolved,halo-campaign-evolved,1,halo-campaign-evolved,0,0,False
lina-niu,Lina Niu,Lina Niu,halo-infinite,halo-infinite,1,halo-infinite,0,0,False
lina-sokaite-gaete,Lina Sokaite Gaeta,Lina Sokaite Gaeta|Lina Sokaite Gaete|Lina Gaeta,halo-4,halo-infinite,3,halo-4|halo-5|halo-infinite,9,6,False
lina-sokaite-hedgecoth,Lina Sokaite Hedgecoth,Lina Sokaite Hedgecoth,halo-4,halo-4,1,halo-4,0,0,False
lincoln-hartley,Lincoln Hartley,Lincoln Hartley,halo-4,halo-4,1,halo-4,0,0,False
lincoln-li,Lincoln Li,Lincoln Li,halo-mcc,halo-mcc,1,halo-mcc,0,0,False
linda-hayashikawa,Linda Hayashikawa,Linda Hayashikawa,halo-mcc,halo-5,2,halo-mcc|halo-5,1,1,False
linda-petch,Linda Petch,Linda Petch,halo-mcc,halo-mcc,1,halo-mcc,0,0,False
lindsay-ruiz,Lindsay Ruiz,Lindsay Ruiz,halo-5,halo-5,1,halo-5,0,0,False
lindsay-shilling,Lindsay Shilling,Lindsay Shilling,halo-4,halo-4,1,halo-4,0,0,False
lindy-plunkett,Lindy Plunkett,Lindy Plunkett,halo-infinite,halo-campaign-evolved,2,halo-infinite|halo-campaign-evolved,5,5,False
lionel-handy,Lionel Handy,Lionel Handy,halo-5,halo-5,1,halo-5,0,0,False
lionel-ward,Lionel Ward,Lionel Ward,halo-3-odst,halo-5,4,halo-3-odst|halo-reach|halo-4|halo-5,6,3,False
lipi-sharma,Lipi Sharma,Lipi Sharma,halo-infinite,halo-infinite,1,halo-infinite,0,0,False
liquid-development,Liquid Development,Liquid Development,halo-4,halo-4,1,halo-4,0,0,False
liqun-wang,Liqun Wang,Liqun Wang,halo-infinite,halo-infinite,1,halo-infinite,0,0,False
lisa-barber,Lisa Barber,Lisa Barber,halo-infinite,halo-infinite,1,halo-infinite,0,0,False
lisha-martens,Lisha Martens,Lisha Martens,halo-4,halo-4,1,halo-4,0,0,False
liu-chang,Liu Chang,Liu Chang,halo-campaign-evolved,halo-campaign-evolved,1,halo-campaign-evolved,0,0,False
liu-changhai,Liu Changhai,Liu Changhai,halo-infinite,halo-infinite,1,halo-infinite,0,0,False
liu-dechen,Liu Dechen,Liu Dechen,halo-infinite,halo-infinite,1,halo-infinite,0,0,False
liu-di,Liu Di,Liu Di,halo-campaign-evolved,halo-campaign-evolved,1,halo-campaign-evolved,0,0,False
liu-hanwen,Liu Hanwen,Liu Hanwen,halo-campaign-evolved,halo-campaign-evolved,1,halo-campaign-evolved,0,0,False
liu-haoqiang,Liu Haoqiang,Liu Haoqiang,halo-infinite,halo-infinite,1,halo-infinite,0,0,False
liu-jiachen,Liu Jiachen,Liu Jiachen,halo-campaign-evolved,halo-campaign-evolved,1,halo-campaign-evolved,0,0,False
liu-junsong,Liu Junsong,Liu Junsong,halo-campaign-evolved,halo-campaign-evolved,1,halo-campaign-evolved,0,0,False
liu-lei,Liu Lei,Liu Lei,halo-campaign-evolved,halo-campaign-evolved,1,halo-campaign-evolved,0,0,False
liu-linling,Liu Linling,Liu Linling,halo-campaign-evolved,halo-campaign-evolved,1,halo-campaign-evolved,0,0,False
liu-liuxin,Liu Liuxin,Liu Liuxin,halo-campaign-evolved,halo-campaign-evolved,1,halo-campaign-evolved,0,0,False
liu-mengfan,Liu Mengfan,Liu Mengfan,halo-campaign-evolved,halo-campaign-evolved,1,halo-campaign-evolved,0,0,False
liu-mingyu,Liu Mingyu,Liu Mingyu,halo-campaign-evolved,halo-campaign-evolved,1,halo-campaign-evolved,0,0,False
liu-qian,Liu Qian,Liu Qian,halo-campaign-evolved,halo-campaign-evolved,1,halo-campaign-evolved,0,0,False
liu-shasha,Liu Shasha,Liu Shasha,halo-campaign-evolved,halo-campaign-evolved,1,halo-campaign-evolved,0,0,False
liu-yang,Liu Yang,Liu Yang,halo-campaign-evolved,halo-campaign-evolved,1,halo-campaign-evolved,0,0,False
liu-yanxi,Liu Yanxi,Liu Yanxi,halo-infinite,halo-infinite,1,halo-infinite,0,0,False
liu-yichao,Liu Yichao,Liu Yichao,halo-campaign-evolved,halo-campaign-evolved,1,halo-campaign-evolved,0,0,False
liu-yongheng,Liu Yongheng,Liu Yongheng,halo-campaign-evolved,halo-campaign-evolved,1,halo-campaign-evolved,0,0,False
liu-yongsheng,Liu Yongsheng,Liu Yongsheng,halo-campaign-evolved,halo-campaign-evolved,1,halo-campaign-evolved,0,0,False
liu-yongyuan,Liu Yongyuan,Liu Yongyuan,halo-infinite,halo-infinite,1,halo-infinite,0,0,False
liu-yueting,Liu Yueting,Liu Yueting,halo-campaign-evolved,halo-campaign-evolved,1,halo-campaign-evolved,0,0,False
liu-zhe,Liu Zhe,Liu Zhe,halo-campaign-evolved,halo-campaign-evolved,1,halo-campaign-evolved,0,0,False
liudmila-shatalova,Liudmila Shatalova,Liudmila Shatalova,halo-mcc,halo-mcc,1,halo-mcc,0,0,False
liz-argall,Liz Argall,Liz Argall,halo-infinite,halo-infinite,1,halo-infinite,0,0,False
liz-duong,Liz Duong,Liz Duong,halo-mcc,halo-mcc-2021,3,halo-mcc|halo-5|halo-mcc-2021,7,6,False
liz-klumper,Liz Klumper,Liz Klumper,halo-infinite,halo-infinite,1,halo-infinite,0,0,False
liz-me-chung,Liz M.E. Chung,Liz M.E. Chung,halo-4,halo-4,1,halo-4,0,0,False
liz-ostasiewski,Liz Ostasiewski,Liz Ostasiewski,halo-mcc-2021,halo-mcc-2021,1,halo-mcc-2021,0,0,False
liz-smith,Liz Smith,Liz Smith,halo-campaign-evolved,halo-campaign-evolved,1,halo-campaign-evolved,0,0,False
liza-mccann,Liza McCann,Liza McCann,halo-infinite,halo-infinite,1,halo-infinite,0,0,False
ljiljana-antonovic,Ljiljana Antonovic,Ljiljana Antonovic,halo-campaign-evolved,halo-campaign-evolved,1,halo-campaign-evolved,0,0,False
logan-jacobson,Logan Jacobson,Logan Jacobson,halo-4,halo-5,3,halo-4|halo-mcc|halo-5,3,2,False
logan-marshallmedlock,Logan Marshall-Medlock,Logan Marshall-Medlock,halo-infinite,halo-infinite,1,halo-infinite,0,0,False
logan-mcclure,Logan McClure,Logan McClure,halo-infinite,halo-campaign-evolved,2,halo-infinite|halo-campaign-evolved,5,5,False
logan-neufeld,Logan Neufeld,Logan Neufeld,halo-infinite,halo-infinite,1,halo-infinite,0,0,False
logan-waggener,Logan Waggener,Logan Waggener,halo-infinite,halo-infinite,1,halo-infinite,0,0,False
lola-shiraishi,Lola Shiraishi,Lola Shiraishi,halo-mcc-2021,halo-infinite,2,halo-mcc-2021|halo-infinite,0,0,False
loren-broach,Loren Broach,Loren Broach,halo-3-odst,halo-reach,2,halo-3-odst|halo-reach,1,1,False
loren-hoffman,Loren Hoffman,Loren Hoffman,halo-infinite,halo-infinite,1,halo-infinite,0,0,False
loren-lester,Loren Lester,Loren Lester,halo-4,halo-4,1,halo-4,0,0,False
loren-martin,Loren Martin,Loren Martin,halo-5,halo-5,1,halo-5,0,0,False
lorenzo-carrano,Lorenzo Carrano,Lorenzo Carrano,halo-infinite,halo-infinite,1,halo-infinite,0,0,False
lorenzo-la-spina,Lorenzo La Spina,Lorenzo La Spina,halo-mcc-2021,halo-mcc-2021,1,halo-mcc-2021,0,0,False
lori-tritel,Lori Tritel,Lori Tritel,halo-4,halo-4,1,halo-4,0,0,False
lori-zawada,Lori Zawada,Lori Zawada,halo-4,halo-4,1,halo-4,0,0,False
lorraine-mcaslan,Lorraine McAslan,Lorraine McAslan,halo-5,halo-5,1,halo-5,0,0,False
lorraine-mclees,Lorraine McLees,Lorraine McLees,halo-ce,halo-campaign-evolved,6,halo-ce|halo-2|halo-3|halo-3-odst|halo-reach|halo-campaign-evolved,25,16,False
lorraine-zawada,Lorraine Zawada,Lorraine Zawada,halo-cea,halo-cea,1,halo-cea,0,0,False
louis-byrne,Louis Byrne,Louis Byrne,halo-infinite,halo-infinite,1,halo-infinite,0,0,False
louise-mcgregor,Louise McGregor,Louise McGregor,halo-infinite,halo-infinite,1,halo-infinite,0,0,False
lu-bo,Lu Bo,Lu Bo,halo-campaign-evolved,halo-campaign-evolved,1,halo-campaign-evolved,0,0,False
lu-di,Lu Di,Lu Di,halo-campaign-evolved,halo-campaign-evolved,1,halo-campaign-evolved,0,0,False
lu-jun,Lu Jun,Lu Jun,halo-campaign-evolved,halo-campaign-evolved,1,halo-campaign-evolved,0,0,False
lu-ke,Lu Ke,Lu Ke,halo-campaign-evolved,halo-campaign-evolved,1,halo-campaign-evolved,0,0,False
lu-lijia,Lu Lijia,Lu Lijia,halo-campaign-evolved,halo-campaign-evolved,1,halo-campaign-evolved,0,0,False
lu-yangyi,Lu Yangyi,Lu Yangyi,halo-campaign-evolved,halo-campaign-evolved,1,halo-campaign-evolved,0,0,False
lu-yuxin,Lu Yuxin,Lu Yuxin,halo-campaign-evolved,halo-campaign-evolved,1,halo-campaign-evolved,0,0,False
lu-zhuang,Lu Zhuang,Lu Zhuang,halo-campaign-evolved,halo-campaign-evolved,1,halo-campaign-evolved,0,0,False
luana-gullo-france,Luana Gullo France,Luana Gullo France,halo-3-odst,halo-3-odst,1,halo-3-odst,0,0,False
luc-abran,Luc Abran,Luc Abran,halo-mcc-2018,halo-mcc-2018,1,halo-mcc-2018,0,0,False
luc-boersgein,Luc Boers-Gein,Luc Boers-Gein,halo-campaign-evolved,halo-campaign-evolved,1,halo-campaign-evolved,0,0,False
luc-shelton,Luc Shelton,Luc Shelton,halo-mcc-2021,halo-mcc-2021,1,halo-mcc-2021,0,0,False
luca-balazs,Luca Balázs,Luca Balázs,halo-campaign-evolved,halo-campaign-evolved,1,halo-campaign-evolved,0,0,False
luca-vitiello,Luca Vitiello,Luca Vitiello,halo-mcc-2021,halo-mcc-2021,1,halo-mcc-2021,0,0,False
lucas-casebeer,Lucas Casebeer,Lucas Casebeer,halo-infinite,halo-infinite,1,halo-infinite,0,0,False
lucas-charbit,Lucas Charbit,Lucas Charbit,halo-mcc-2018,halo-mcc-2018,1,halo-mcc-2018,0,0,False
lucas-davis,Lucas Davis,Lucas Davis,halo-4,halo-4,1,halo-4,0,0,False
lucas-dong,Lucas Dong,Lucas Dong,halo-mcc,halo-mcc,1,halo-mcc,0,0,False
lucas-houchinmiller,Lucas Houchin-Miller,Lucas Houchin-Miller,halo-infinite,halo-infinite,1,halo-infinite,0,0,False
lucas-leger,Lucas Leger,Lucas Leger,halo-campaign-evolved,halo-campaign-evolved,1,halo-campaign-evolved,0,0,False
lucas-rathburn,Lucas Rathburn,Lucas Rathburn,halo-mcc-2021,halo-mcc-2021,1,halo-mcc-2021,0,0,False
lucien-dodge,Lucien Dodge,Lucien Dodge,halo-infinite,halo-infinite,1,halo-infinite,0,0,False
lucky-rock,Lucky Rock,Lucky Rock,halo-campaign-evolved,halo-campaign-evolved,1,halo-campaign-evolved,0,0,False
lucy-ainsworth,Lucy Ainsworth,Lucy Ainsworth,halo-reach,halo-reach,1,halo-reach,0,0,False
lucy-matthews,Lucy Matthews,Lucy Matthews,halo-5,halo-5,1,halo-5,0,0,False
lucy-sadowski,Lucy Sadowski,Lucy Sadowski,halo-infinite,halo-infinite,1,halo-infinite,0,0,False
lucy-whalley,Lucy Whalley,Lucy Whalley,halo-5,halo-5,1,halo-5,0,0,False
ludmila-avdushkina,Ludmila Avdushkina,Ludmila Avdushkina,halo-infinite,halo-infinite,1,halo-infinite,0,0,False
ludovic-tirtiaux,Ludovic Tirtiaux,Ludovic Tirtiaux,halo-infinite,halo-infinite,1,halo-infinite,0,0,False
luis-alcacer,Luis Alcacer,Luis Alcacer,halo-infinite,halo-campaign-evolved,2,halo-infinite|halo-campaign-evolved,5,5,False
luis-castro,Luis Castro,Luis Castro,halo-infinite,halo-infinite,1,halo-infinite,0,0,False
luis-galdamas,Luis Galdamas,Luis Galdamas,halo-5,halo-5,1,halo-5,0,0,False
luis-lopez,Luis Lopez,Luis Lopez,halo-mcc,halo-mcc,1,halo-mcc,0,0,False
luis-placid,Luis Placid,Luis Placid,halo-5,halo-infinite,2,halo-5|halo-infinite,6,6,False
luis-villegas,Luis Villegas,Luis Villegas,halo-2,halo-reach,4,halo-2|halo-3|halo-3-odst|halo-reach,6,3,False
luisella-baragone,Luisella Baragone,Luisella Baragone,halo-campaign-evolved,halo-campaign-evolved,1,halo-campaign-evolved,0,0,False
luiz-kruel,Luiz Kruel,Luiz Kruel,halo-cea,halo-cea,1,halo-cea,0,0,False
luiza-lotufo,Luiza Lotufo,Luiza Lotufo,halo-campaign-evolved,halo-campaign-evolved,1,halo-campaign-evolved,0,0,False
lukas-codr,Lukas Codr,Lukas Codr,halo-campaign-evolved,halo-campaign-evolved,1,halo-campaign-evolved,0,0,False
lukasz-czarnecki,Lukasz Czarnecki,Lukasz Czarnecki,halo-mcc-2021,halo-mcc-2021,1,halo-mcc-2021,0,0,False
luke-bicevskis,Luke Bicevskis,Luke Bicevskis,halo-mcc,halo-mcc,1,halo-mcc,0,0,False
luke-carson,Luke Carson,Luke Carson,halo-mcc-2021,halo-mcc-2021,1,halo-mcc-2021,0,0,False
luke-kelly,Luke Kelly,Luke Kelly,halo-infinite,halo-infinite,1,halo-infinite,0,0,False
luke-ledwich,Luke Ledwich,Luke Ledwich,halo-reach,halo-reach,1,halo-reach,0,0,False
luke-sambur,Luke Sambur,Luke Sambur,halo-mcc-2021,halo-mcc-2021,1,halo-mcc-2021,0,0,False
luke-smith,Luke Smith,Luke Smith,halo-3,halo-infinite,4,halo-3|halo-3-odst|halo-reach|halo-infinite,14,11,False
luke-timmins,Luke Timmins,Luke Timmins,halo-ce,halo-reach,5,halo-ce|halo-2|halo-3|halo-3-odst|halo-reach,9,3,False
luke-wakeford,Luke Wakeford,Luke Wakeford,halo-mcc,halo-mcc,1,halo-mcc,0,0,False
luo-hongbin,Luo Hongbin,Luo Hongbin,halo-campaign-evolved,halo-campaign-evolved,1,halo-campaign-evolved,0,0,False
luo-wangjiao,Luo Wangjiao,Luo Wangjiao,halo-infinite,halo-infinite,1,halo-infinite,0,0,False
lurii-sheriiatov,Lurii Sheriiatov,Lurii Sheriiatov,halo-mcc-2021,halo-mcc-2021,1,halo-mcc-2021,0,0,False
luu-so-an,Luu So An,Luu So An,halo-campaign-evolved,halo-campaign-evolved,1,halo-campaign-evolved,0,0,False
lv-jiahao,Lv Jiahao,Lv Jiahao,halo-campaign-evolved,halo-campaign-evolved,1,halo-campaign-evolved,0,0,False
lv-lele,Lv LeLe,Lv LeLe,halo-campaign-evolved,halo-campaign-evolved,1,halo-campaign-evolved,0,0,False
lv-weirong,Lv Weirong,Lv Weirong,halo-campaign-evolved,halo-campaign-evolved,1,halo-campaign-evolved,0,0,False
lv-yingda,Lv Yingda,Lv Yingda,halo-campaign-evolved,halo-campaign-evolved,1,halo-campaign-evolved,0,0,False
ly-huy,Ly Huy,Ly Huy,halo-campaign-evolved,halo-campaign-evolved,1,halo-campaign-evolved,0,0,False
lyaksandr-prelletworek,Lyaksandr Prelle-Tworek,Lyaksandr Prelle-Tworek,halo-infinite,halo-infinite,1,halo-infinite,0,0,False
lynda-arnold,Lynda Arnold,Lynda Arnold,halo-cea,halo-cea,1,halo-cea,0,0,False
lyndon-moore,Lyndon Moore,Lyndon Moore|Lyndon H. Moore III,halo-cea,halo-mcc,3,halo-cea|halo-4|halo-mcc,3,2,False
lynn-taylor,Lynn Taylor,Lynn Taylor,halo-infinite,halo-infinite,1,halo-infinite,0,0,False
lyric-ballard,Lyric Ballard,Lyric Ballard,halo-mcc-2021,halo-mcc-2021,1,halo-mcc-2021,0,0,False
m-arthur,M Arthur,M Arthur,halo-campaign-evolved,halo-campaign-evolved,1,halo-campaign-evolved,0,0,False
ma-haotian,Ma Haotian,Ma Haotian,halo-campaign-evolved,halo-campaign-evolved,1,halo-campaign-evolved,0,0,False
ma-liang,Ma Liang,Ma Liang,halo-campaign-evolved,halo-campaign-evolved,1,halo-campaign-evolved,0,0,False
ma-meijun,Ma Meijun,Ma Meijun,halo-infinite,halo-infinite,1,halo-infinite,0,0,False
ma-shiying,Ma Shiying,Ma Shiying,halo-infinite,halo-infinite,1,halo-infinite,0,0,False
ma-yangyang,Ma Yangyang,Ma Yangyang,halo-campaign-evolved,halo-campaign-evolved,1,halo-campaign-evolved,0,0,False
ma-yuhan,Ma Yuhan,Ma Yuhan,halo-campaign-evolved,halo-campaign-evolved,1,halo-campaign-evolved,0,0,False
ma-yuhong,Ma Yuhong,Ma Yuhong,halo-campaign-evolved,halo-campaign-evolved,1,halo-campaign-evolved,0,0,False
maahi-likhari,Maahi Likhari,Maahi Likhari,halo-infinite,halo-infinite,1,halo-infinite,0,0,False
mabel-mcgrail,Mabel McGrail,Mabel McGrail,halo-5,halo-infinite,2,halo-5|halo-infinite,6,6,False
mach-tieu-long,Mach Tieu Long,Mach Tieu Long,halo-campaign-evolved,halo-campaign-evolved,1,halo-campaign-evolved,0,0,False
maciej-duda,Maciej Duda,Maciej Duda,halo-mcc,halo-mcc,1,halo-mcc,0,0,False
maciej-rakowski,Maciej Rakowski,Maciej Rakowski,halo-5,halo-5,1,halo-5,0,0,False
maciej-zwierzynski,Maciej Zwierzyński,Maciej Zwierzyński,halo-mcc,halo-mcc,1,halo-mcc,0,0,False
mack-chater,Mack Chater,Mack Chater,halo-infinite,halo-infinite,1,halo-infinite,0,0,False
mackenzie-bates,MacKenzie Bates,MacKenzie Bates,halo-mcc,halo-mcc,1,halo-mcc,0,0,False
mackenzie-mason,Mackenzie Mason,Mackenzie Mason,halo-4,halo-4,1,halo-4,0,0,False
madeline-robins,Madeline Robins,Madeline Robins,halo-infinite,halo-infinite,1,halo-infinite,0,0,False
madhu-dhanasekaran,Madhu Dhanasekaran,Madhu Dhanasekaran,halo-5,halo-5,1,halo-5,0,0,False
madison-conaway,Madison Conaway,Madison Conaway,halo-campaign-evolved,halo-campaign-evolved,1,halo-campaign-evolved,0,0,False
magdalena-czajka,Magdalena Czajka,Magdalena Czajka,halo-mcc,halo-mcc,1,halo-mcc,0,0,False
maggie-duvall,Maggie Duvall,Maggie Duvall,halo-mcc,halo-mcc,1,halo-mcc,0,0,False
maggie-mccabe,Maggie McCabe,Maggie McCabe,halo-infinite,halo-infinite,1,halo-infinite,0,0,False
maggie-oh,Maggie Oh,Maggie Oh,halo-4,halo-4,1,halo-4,0,0,False
magnus-johnston,Magnus Johnston,Magnus Johnston,halo-5,halo-5,1,halo-5,0,0,False
mahmoud-aladdin-el-ganainy,Mahmoud Aladdin El Ganainy,Mahmoud Aladdin El Ganainy,halo-mcc-2021,halo-mcc-2021,1,halo-mcc-2021,0,0,False
mahmoud-elragheb,Mahmoud Elragheb,Mahmoud Elragheb,halo-mcc,halo-mcc,1,halo-mcc,0,0,False
mahreen-fatima,Mahreen Fatima,Mahreen Fatima,halo-infinite,halo-infinite,1,halo-infinite,0,0,False
mai-ly-nguyen,Mai Ly Nguyen,Mai Ly Nguyen,halo-campaign-evolved,halo-campaign-evolved,1,halo-campaign-evolved,0,0,False
mai-ngoc-han,Mai Ngoc Han,Mai Ngoc Han,halo-campaign-evolved,halo-campaign-evolved,1,halo-campaign-evolved,0,0,False
mai-nguyen-anh-khoa,Mai Nguyen Anh Khoa,Mai Nguyen Anh Khoa,halo-campaign-evolved,halo-campaign-evolved,1,halo-campaign-evolved,0,0,False
mai-nguyen-nhut-quynh,Mai Nguyen Nhut Quynh,Mai Nguyen Nhut Quynh,halo-campaign-evolved,halo-campaign-evolved,1,halo-campaign-evolved,0,0,False
mai-quang-nghiem,Mai Quang Nghiem,Mai Quang Nghiem,halo-campaign-evolved,halo-campaign-evolved,1,halo-campaign-evolved,0,0,False
mai-van-thai-tu,Mai Van Thai Tu,Mai Van Thai Tu,halo-campaign-evolved,halo-campaign-evolved,1,halo-campaign-evolved,0,0,False
maikel-van-der-veen,Maikel van der Veen,Maikel van der Veen,halo-campaign-evolved,halo-campaign-evolved,1,halo-campaign-evolved,0,0,False
maksim-alekseev,Maksim Alekseev,Maksim Alekseev|Maxim Alekseev,halo-cea,halo-mcc,2,halo-cea|halo-mcc,3,3,False
maksim-baikov,Maksim Baikov,Maksim Baikov,halo-mcc-2021,halo-mcc-2021,1,halo-mcc-2021,0,0,False
maksim-esafev,Maksim Esafev,Maksim Esafev,halo-mcc-2021,halo-mcc-2021,1,halo-mcc-2021,0,0,False
maksim-gridnev,Maksim Gridnev,Maksim Gridnev,halo-cea,halo-cea,1,halo-cea,0,0,False
maksim-nezvanov,Maksim Nezvanov,Maksim Nezvanov,halo-cea,halo-cea,1,halo-cea,0,0,False
maksim-svinoboi,Maksim Svinoboi,Maksim Svinoboi,halo-infinite,halo-infinite,1,halo-infinite,0,0,False
maksim-yakautsou,Maksim Yakautsou,Maksim Yakautsou,halo-campaign-evolved,halo-campaign-evolved,1,halo-campaign-evolved,0,0,False
maksim-zasimuk,Maksim Zasimuk,Maksim Zasimuk,halo-infinite,halo-infinite,1,halo-infinite,0,0,False
malte-resenbergerloosmann,Malte Resenberger-Loosmann,Malte Resenberger-Loosmann,halo-infinite,halo-infinite,1,halo-infinite,0,0,False
malwin-zaleski,Malwin Zaleski,Malwin Zaleski,halo-campaign-evolved,halo-campaign-evolved,1,halo-campaign-evolved,0,0,False
manabu-ishibashi,Manabu Ishibashi,Manabu Ishibashi,halo-campaign-evolved,halo-campaign-evolved,1,halo-campaign-evolved,0,0,False
mangaleswari-srinivasamurthy,Mangal Srinivasamurthy,Mangal Srinivasamurthy|Mangaleswari Srinivasamurthy,halo-mcc,halo-5,2,halo-mcc|halo-5,1,1,False
manish-bhandari,Manish Bhandari,Manish Bhandari,halo-infinite,halo-infinite,1,halo-infinite,0,0,False
manish-jangid,Manish Jangid,Manish Jangid,halo-infinite,halo-infinite,1,halo-infinite,0,0,False
manjunatha-shivanna,Manju Shivanna,Manju Shivanna|Manjunatha Shivanna,halo-mcc,halo-5,2,halo-mcc|halo-5,1,1,False
manoj-gusai,Manoj Gusai,Manoj Gusai,halo-infinite,halo-infinite,1,halo-infinite,0,0,False
manoj-singh-gusain,Manoj Singh Gusain,Manoj Singh Gusain,halo-infinite,halo-infinite,1,halo-infinite,0,0,False
manuel-auletta,Manuel Auletta,Manuel Auletta,halo-campaign-evolved,halo-campaign-evolved,1,halo-campaign-evolved,0,0,False
manuel-m-gaytan-ii,Manuel M Gaytan II,Manuel M Gaytan II,halo-mcc-2021,halo-mcc-2021,1,halo-mcc-2021,0,0,False
manuel-rodriguez,Manuel Rodriguez,Manuel Rodriguez,halo-mcc-2021,halo-mcc-2021,1,halo-mcc-2021,0,0,False
manuk-avetian,Manuk Avetian,Manuk Avetian,halo-infinite,halo-infinite,1,halo-infinite,0,0,False
manvendra-shukul,Manvendra Shukul,Manvendra Shukul,halo-infinite,halo-infinite,1,halo-infinite,0,0,False
mara-junot,Mara Junot,Mara Junot,halo-infinite,halo-infinite,1,halo-infinite,0,0,False
marc-anthony-samuel,Marc Anthony Samuel,Marc Anthony Samuel,halo-5,halo-5,1,halo-5,0,0,False
marc-brinkley,Marc Brinkley,Marc Brinkley,halo-5,halo-infinite,2,halo-5|halo-infinite,6,6,False
marc-fascia,Marc Fascia,Marc Fascia,halo-mcc-2021,halo-mcc-2021,1,halo-mcc-2021,0,0,False
marc-faulise,Marc Faulise,Marc Faulise,halo-infinite,halo-infinite,1,halo-infinite,0,0,False
marc-morisseau,Marc Morisseau,Marc Morisseau,halo-mcc,halo-mcc,1,halo-mcc,0,0,False
marc-speed,Marc Speed,Marc Speed,halo-infinite,halo-infinite,1,halo-infinite,0,0,False
marc-totaro,Marc Totaro,Marc Totaro,halo-infinite,halo-infinite,1,halo-infinite,0,0,False
marcantoine-joly,Marc-Antoine Joly,Marc-Antoine Joly,halo-infinite,halo-infinite,1,halo-infinite,0,0,False
marcel-barker,Marcel Barker,Marcel Barker,halo-5,halo-infinite,2,halo-5|halo-infinite,6,6,False
marcel-gemperli,Marcel Gemperli,Marcel Gemperli,halo-mcc,halo-mcc,1,halo-mcc,0,0,False
marcel-haladej,Marcel Haladej,Marcel Haladej,halo-mcc,halo-mcc,1,halo-mcc,0,0,False
marcell-toth,Marcell Tóth,Marcell Tóth,halo-campaign-evolved,halo-campaign-evolved,1,halo-campaign-evolved,0,0,False
marcella-lentzpope,Marcella Lentz-Pope,Marcella Lentz-Pope|Marcella Lentz Pope,halo-reach,halo-reach,1,halo-reach,0,0,False
marcellis-wentz,Marcellis Wentz,Marcellis Wentz,halo-4,halo-campaign-evolved,4,halo-4|halo-5|halo-infinite|halo-campaign-evolved,14,6,False
marcia-hunsicker,Marcia Hunsicker,Marcia Hunsicker,halo-infinite,halo-infinite,1,halo-infinite,0,0,False
marcin-kubicki,Marcin Kubicki,Marcin Kubicki,halo-campaign-evolved,halo-campaign-evolved,1,halo-campaign-evolved,0,0,False
marcin-limont,Marcin Limont,Marcin Limont,halo-mcc,halo-mcc,1,halo-mcc,0,0,False
marco-cagnacci,Marco Cagnacci,Marco Cagnacci,halo-campaign-evolved,halo-campaign-evolved,1,halo-campaign-evolved,0,0,False
marco-dalla-via,Marco Dalla Via,Marco Dalla Via,halo-mcc-2021,halo-mcc-2021,1,halo-mcc-2021,0,0,False
marco-doerner,Marco Doerner,Marco Doerner,halo-infinite,halo-infinite,1,halo-infinite,0,0,False
marco-fernandez,Marco Fernandez,Marco Fernandez,halo-infinite,halo-infinite,1,halo-infinite,0,0,False
marco-foglia,Marco Foglia,Marco Foglia,halo-3-odst,halo-3-odst,1,halo-3-odst,0,0,False
marco-gorlei,Marco Gorlei,Marco Gorlei,halo-infinite,halo-infinite,1,halo-infinite,0,0,False
marco-migliari,Marco Migliari,Marco Migliari,halo-4,halo-4,1,halo-4,0,0,False
marco-tulio-jimenez,Marco Tulio Jiménez,Marco Tulio Jiménez,halo-infinite,halo-infinite,1,halo-infinite,0,0,False
marco-whittet,Marco Whittet,Marco Whittet,halo-infinite,halo-infinite,1,halo-infinite,0,0,False
marcos-falcon,Marcos Falcon,Marcos Falcon,halo-mcc-2021,halo-mcc-2021,1,halo-mcc-2021,0,0,False
marcos-gomes,Marcos Gomes,Marcos Gomes,halo-4,halo-4,1,halo-4,0,0,False
marcus-bourland,Marcus Bourland,Marcus Bourland,halo-infinite,halo-infinite,1,halo-infinite,0,0,False
marcus-couto,Marcus Couto,Marcus Couto,halo-infinite,halo-infinite,1,halo-infinite,0,0,False
marcus-just,Marcus Just,Marcus Just,halo-campaign-evolved,halo-campaign-evolved,1,halo-campaign-evolved,0,0,False
marcus-lindblom,Marcus Lindblom,Marcus Lindblom,halo-4,halo-4,1,halo-4,0,0,False
marcus-luna-de-leon,Marcus Luna De Leon,Marcus Luna De Leon,halo-cea,halo-cea,1,halo-cea,0,0,False
marcus-r-lehto,Marcus R. Lehto,Marcus R. Lehto|Marcus Lehto,halo-ce,halo-reach,5,halo-ce|halo-2|halo-3|halo-3-odst|halo-reach,9,3,False
marcus-reid,Marcus Reid,Marcus Reid,halo-5,halo-5,1,halo-5,0,0,False
marcus-sjowall,Marcus SJöwall,Marcus SJöwall,halo-4,halo-4,1,halo-4,0,0,False
marek-cieslak,Marek Cieślak,Marek Cieślak,halo-mcc,halo-mcc,1,halo-mcc,0,0,False
marek-denko,Marek Denko,Marek Denko,halo-mcc,halo-mcc,1,halo-mcc,0,0,False
margaret-titchener,Margaret Titchener,Margaret Titchener,halo-mcc,halo-mcc,1,halo-mcc,0,0,False
margarita-sargsyan,Margarita Sarksyan,Margarita Sarksyan,halo-mcc,halo-mcc,1,halo-mcc,0,0,False
maria-belova,Maria Belova,Maria Belova,halo-infinite,halo-infinite,1,halo-infinite,0,0,False
maria-bezmaternykh,Maria Bezmaternykh,Maria Bezmaternykh,halo-mcc-2021,halo-mcc-2021,1,halo-mcc-2021,0,0,False
maria-daniela-morla,Maria Daniela Morla,Maria Daniela Morla,halo-mcc-2021,halo-mcc-2021,1,halo-mcc-2021,0,0,False
maria-enriquez,Maria Enriquez,Maria Enriquez,halo-infinite,halo-infinite,1,halo-infinite,0,0,False
maria-felix-varga,Maria Felix Varga,Maria Felix Varga,halo-infinite,halo-infinite,1,halo-infinite,0,0,False
maria-felix-vega,Maria Felix Vega,Maria Felix Vega,halo-infinite,halo-infinite,1,halo-infinite,0,0,False
maria-fernandez,Maria Fernandez,Maria Fernandez,halo-4,halo-4,1,halo-4,0,0,False
maria-john,Maria John,Maria John,halo-2,halo-2,1,halo-2,0,0,False
maria-korobkina,Maria Korobkina,Maria Korobkina,halo-cea,halo-cea,1,halo-cea,0,0,False
maria-rosa-sanna,Maria Rosa Sanna,Maria Rosa Sanna,halo-campaign-evolved,halo-campaign-evolved,1,halo-campaign-evolved,0,0,False
maria-svezhentseva,Maria Svezhentseva,Maria Svezhentseva,halo-infinite,halo-infinite,1,halo-infinite,0,0,False
mariana-gomez,Mariana Gomez,Mariana Gomez,halo-infinite,halo-infinite,1,halo-infinite,0,0,False
mariano-cicchinelli,Mariano Cicchinelli,Mariano Cicchinelli,halo-mcc-2021,halo-mcc-2021,1,halo-mcc-2021,0,0,False
maribel-martinez,Maribel Martínez,Maribel Martínez,halo-campaign-evolved,halo-campaign-evolved,1,halo-campaign-evolved,0,0,False
mariia-drozdova,Mariia Drozdova,Mariia Drozdova,halo-campaign-evolved,halo-campaign-evolved,1,halo-campaign-evolved,0,0,False
mariia-ianko,Mariia Ianko,Mariia Ianko,halo-mcc-2021,halo-mcc-2021,1,halo-mcc-2021,0,0,False
mariia-levitskaia,Mariia Levitskaia,Mariia Levitskaia,halo-infinite,halo-infinite,1,halo-infinite,0,0,False
mariia-matashchuk,Mariia Matashchuk,Mariia Matashchuk,halo-infinite,halo-infinite,1,halo-infinite,0,0,False
marija-petkova,Marija Petkova,Marija Petkova,halo-infinite,halo-infinite,1,halo-infinite,0,0,False
mariko-mcdonald,Mariko McDonald,Mariko McDonald,halo-mcc-2018,halo-mcc-2018,1,halo-mcc-2018,0,0,False
marilyn-coyne,Marilyn Coyne,Marilyn Coyne,halo-mcc,halo-mcc,1,halo-mcc,0,0,False
marina-chernenko,Marina Chernenko,Marina Chernenko,halo-mcc-2021,halo-mcc-2021,1,halo-mcc-2021,0,0,False
marina-malacco,Marina Málacco,Marina Málacco,halo-campaign-evolved,halo-campaign-evolved,1,halo-campaign-evolved,0,0,False
marina-ortega-lorente,Marina Ortega Lorente,Marina Ortega Lorente,halo-infinite,halo-infinite,1,halo-infinite,0,0,False
marina-ovchinnikova,Marina Ovchinnikova,Marina Ovchinnikova,halo-campaign-evolved,halo-campaign-evolved,1,halo-campaign-evolved,0,0,False
marina-shkabara,Marina Shkabara,Marina Shkabara,halo-mcc-2021,halo-mcc-2021,1,halo-mcc-2021,0,0,False
marina-solovova,Marina Solovova,Marina Solovova,halo-mcc,halo-mcc,1,halo-mcc,0,0,False
marine-albet,Marine Albet,Marine Albet,halo-campaign-evolved,halo-campaign-evolved,1,halo-campaign-evolved,0,0,False
mario-colindres,Mario Colindres,Mario Colindres|Mario Colindras,halo-infinite,halo-infinite,1,halo-infinite,0,0,False
mario-curro,Mario Curro,Mario Curro,halo-3,halo-3,1,halo-3,0,0,False
mario-rodriguez,Mario Rodriguez,Mario Rodriguez|Mario Rodríguez,halo-infinite,halo-campaign-evolved,2,halo-infinite|halo-campaign-evolved,5,5,False
mario-sanchez-molina,Mario Sánchez Molina,Mario Sánchez Molina,halo-campaign-evolved,halo-campaign-evolved,1,halo-campaign-evolved,0,0,False
marion-pascal,Marion Pascal,Marion Pascal,halo-infinite,halo-infinite,1,halo-infinite,0,0,False
marisa-fulmer,Marisa Fulmer,Marisa Fulmer,halo-mcc-2021,halo-infinite,2,halo-mcc-2021|halo-infinite,0,0,False
marissa-williams,Marissa Williams,Marissa Williams,halo-infinite,halo-infinite,1,halo-infinite,0,0,False
marius-ionescu,Marius Ionescu,Marius Ionescu,halo-mcc,halo-5,2,halo-mcc|halo-5,1,1,False
mariusz-stepien,Mariusz Stepien,Mariusz Stepien,halo-campaign-evolved,halo-campaign-evolved,1,halo-campaign-evolved,0,0,False
mariya-poshina,Mariya Poshina,Mariya Poshina,halo-infinite,halo-infinite,1,halo-infinite,0,0,False
mariya-reznikova,Mariya Reznikova,Mariya Reznikova,halo-mcc-2021,halo-mcc-2021,1,halo-mcc-2021,0,0,False
mark-a-folkerts,Mark Folkerts,Mark Folkerts|Mark A Folkerts,halo-mcc,halo-5,2,halo-mcc|halo-5,1,1,False
mark-adkins,Mark Adkins,Mark Adkins,halo-infinite,halo-infinite,1,halo-infinite,0,0,False
mark-adler,Mark Adler,Mark Adler,halo-3-odst,halo-3-odst,1,halo-3-odst,0,0,False
mark-ahlin,Mark Ahlin,Mark Ahlin,halo-4,halo-4,1,halo-4,0,0,False
mark-almond,Mark Almond,Mark Almond,halo-4,halo-4,1,halo-4,0,0,False
mark-andersen,Mark Andersen,Mark Andersen|Mark D. Andersen,halo-4,halo-5,2,halo-4|halo-5,3,3,False
mark-anderson,Mark Anderson,Mark Anderson|Mark A. Anderson,halo-4,halo-mcc,2,halo-4|halo-mcc,2,2,False
mark-antonio-galera-ilog,Mark Antonio Galera Ilog,Mark Antonio Galera Ilog,halo-mcc-2021,halo-mcc-2021,1,halo-mcc-2021,0,0,False
mark-bernal,Mark Bernal,Mark Bernal,halo-ce,halo-ce,1,halo-ce,0,0,False
mark-berrow,Mark Berrow,Mark Berrow,halo-5,halo-5,1,halo-5,0,0,False
mark-bosz,Mark Bosz,Mark Bosz,halo-infinite,halo-campaign-evolved,2,halo-infinite|halo-campaign-evolved,5,5,False
mark-cally,Mark Cally,Mark Cally,halo-infinite,halo-infinite,1,halo-infinite,0,0,False
mark-cason,Mark Cason,Mark Cason,halo-infinite,halo-infinite,1,halo-infinite,0,0,False
mark-champigny,Mark Champigny,Mark Champigny,halo-4,halo-5,2,halo-4|halo-5,3,3,False
mark-dias,Mark Dias,Mark Dias,halo-ce,halo-campaign-evolved,2,halo-ce|halo-campaign-evolved,25,25,False
mark-dunbar,Mark Dunbar,Mark Dunbar,halo-infinite,halo-infinite,1,halo-infinite,0,0,False
mark-elling,Mark Elling,Mark Elling,halo-infinite,halo-infinite,1,halo-infinite,0,0,False
mark-findlay,Mark Findlay,Mark Findlay,halo-mcc,halo-mcc,1,halo-mcc,0,0,False
mark-fletcher,Mark Fletcher,Mark Fletcher,halo-infinite,halo-infinite,1,halo-infinite,0,0,False
mark-flieg,Mark Flieg,Mark Flieg|Mark Flieg Jr.,halo-reach,halo-reach,1,halo-reach,0,0,False
mark-frolov,Mark Frolov,Mark Frolov,halo-cea,halo-cea,1,halo-cea,0,0,False
mark-fullerton,Mark Fullerton,Mark Fullerton,halo-3,halo-3,1,halo-3,0,0,False
mark-gehan,Mark Gehan,Mark Gehan,halo-4,halo-5,3,halo-4|halo-mcc|halo-5,3,2,False
mark-goldsworthy,Mark Goldsworthy,Mark Goldsworthy,halo-3-odst,halo-reach,2,halo-3-odst|halo-reach,1,1,False
mark-harrington,Mark Harrington,Mark Harrington,halo-mcc-2021,halo-infinite,2,halo-mcc-2021|halo-infinite,0,0,False
mark-hernandez,Mark Hernandez,Mark Hernandez,halo-mcc,halo-mcc,1,halo-mcc,0,0,False
mark-horony,Mark Horony,Mark Horony,halo-4,halo-4,1,halo-4,0,0,False
mark-hughes,Mark Hughes,Mark Hughes,halo-mcc-2021,halo-mcc-2021,1,halo-mcc-2021,0,0,False
mark-ishak,Mark Ishak,Mark Ishak,halo-4,halo-5,2,halo-4|halo-5,3,3,False
mark-levine,Mark Levine,Mark Levine,halo-infinite,halo-infinite,1,halo-infinite,0,0,False
mark-linington,Mark Linington,Mark Linington,halo-5,halo-5,1,halo-5,0,0,False
mark-lipsmeyer,Mark Lipsmeyer,Mark Lipsmeyer,halo-mcc,halo-mcc,1,halo-mcc,0,0,False
mark-lund,Mark Lund,Mark Lund,halo-3,halo-3-odst,2,halo-3|halo-3-odst,2,2,False
mark-mcallister,Mark McAllister,Mark McAllister,halo-4,halo-4,1,halo-4,0,0,False
mark-mccall,Mark McCall,Mark McCall,halo-4,halo-infinite,2,halo-4|halo-infinite,9,9,False
mark-mcclarin,Mark McClarin,Mark McClarin,halo-3,halo-3,1,halo-3,0,0,False
mark-mckellar,Mark McKellar,Mark McKellar,halo-infinite,halo-infinite,1,halo-infinite,0,0,False
mark-medlock,Mark Medlock,Mark Medlock,halo-mcc-2021,halo-mcc-2021,1,halo-mcc-2021,0,0,False
mark-neiderer,Mark Neiderer,Mark Neiderer,halo-3,halo-3,1,halo-3,0,0,False
mark-nicolina,Mark Nicolina,Mark Nicolina|Mark Nicolino,halo-5,halo-5,1,halo-5,0,0,False
mark-nightingale,Mark Nightingale,Mark Nightingale,halo-5,halo-5,1,halo-5,0,0,False
mark-noseworthy,Mark Noseworthy,Mark Noseworthy,halo-reach,halo-reach,1,halo-reach,0,0,False
mark-pittam,Mark Pittam,Mark Pittam,halo-mcc-2021,halo-mcc-2021,1,halo-mcc-2021,0,0,False
mark-rolston,Mark Rolston,Mark Rolston,halo-4,halo-4,1,halo-4,0,0,False
mark-sawers,Mark Sawers,Mark Sawers,halo-4,halo-4,1,halo-4,0,0,False
mark-shimer,Mark Shimer,Mark Shimer,halo-3,halo-3,1,halo-3,0,0,False
mark-slater,Mark Slater,Mark Slater,halo-campaign-evolved,halo-campaign-evolved,1,halo-campaign-evolved,0,0,False
mark-stuckert,Mark Stuckert,Mark Stuckert,halo-cea,halo-cea,1,halo-cea,0,0,False
mark-tanner,Mark Tanner,Mark Tanner,halo-4,halo-5,2,halo-4|halo-5,3,3,False
mark-tucker,Mark Tucker,Mark Tucker,halo-4,halo-4,1,halo-4,0,0,False
mark-urdan,Mark Urdan,Mark Urdan,halo-mcc,halo-mcc,1,halo-mcc,0,0,False
mark-uyeda,Mark Uyeda,Mark Uyeda,halo-3,halo-reach,3,halo-3|halo-3-odst|halo-reach,3,2,False
mark-vayman,Mark Vayman,Mark Vayman,halo-4,halo-5,3,halo-4|halo-mcc|halo-5,3,2,False
mark-verkerk,Mark Verkerk,Mark Verkerk,halo-mcc-2021,halo-mcc-2021,1,halo-mcc-2021,0,0,False
mark-volkert,Mark Volkert,Mark Volkert,halo-mcc,halo-mcc,1,halo-mcc,0,0,False
mark-von-borstel,Mark Von Borstel,Mark Von Borstel,halo-infinite,halo-infinite,1,halo-infinite,0,0,False
mark-wood,Mark Wood,Mark Wood,halo-4,halo-4,1,halo-4,0,0,False
mark-yeend,Mark Yeend,Mark Yeend,halo-3,halo-3-odst,2,halo-3|halo-3-odst,2,2,False
mark-yelverton,Mark Yelverton,Mark Yelverton,halo-mcc-2021,halo-infinite,2,halo-mcc-2021|halo-infinite,0,0,False
mark-zhou,Mark Zhou,Mark Zhou,halo-4,halo-4,1,halo-4,0,0,False
marke-pedersen,Marke Pedersen,Marke Pedersen,halo-reach,halo-reach,1,halo-reach,0,0,False
marko-nataliia,Marko Nataliia,Marko Nataliia,halo-campaign-evolved,halo-campaign-evolved,1,halo-campaign-evolved,0,0,False
markus-hadinger,Markus Hadinger,Markus Hadinger,halo-infinite,halo-infinite,1,halo-infinite,0,0,False
marky-bourland,Marky Bourland,Marky Bourland,halo-infinite,halo-infinite,1,halo-infinite,0,0,False
marot-xavier,Marot Xavier,Marot Xavier,halo-campaign-evolved,halo-campaign-evolved,1,halo-campaign-evolved,0,0,False
marquise-reaves,Marquise Reaves,Marquise Reaves,halo-infinite,halo-infinite,1,halo-infinite,0,0,False
marshall-short,Marshall Short,Marshall Short,halo-infinite,halo-infinite,1,halo-infinite,0,0,False
marta-aguilera,Marta Aguilera,Marta Aguilera,halo-mcc-2021,halo-mcc-2021,1,halo-mcc-2021,0,0,False
marta-czwarnog,Marta Czwarnóg,Marta Czwarnóg,halo-campaign-evolved,halo-campaign-evolved,1,halo-campaign-evolved,0,0,False
martin-an,Martin An,Martin An,halo-reach,halo-reach,1,halo-reach,0,0,False
martin-blocking,Martin Blocking,Martin Blocking,halo-campaign-evolved,halo-campaign-evolved,1,halo-campaign-evolved,0,0,False
martin-burgess,Martin Burgess,Martin Burgess,halo-5,halo-5,1,halo-5,0,0,False
martin-cable,Martin Cable,Martin Cable,halo-cea,halo-infinite,3,halo-cea|halo-4|halo-infinite,10,9,False
martin-carroll,"Martin ""SMOKE"" Carroll","Martin ""SMOKE"" Carroll",halo-4,halo-4,1,halo-4,0,0,False
martin-chang,Martin Chang,Martin Chang,halo-infinite,halo-infinite,1,halo-infinite,0,0,False
martin-deschambault,Martin Deschambault,Martin Deschambault,halo-infinite,halo-infinite,1,halo-infinite,0,0,False
martin-fuller,Martin Fuller,Martin Fuller,halo-infinite,halo-infinite,1,halo-infinite,0,0,False
martin-humbey,Martin Humbey,Martin Humbey,halo-5,halo-5,1,halo-5,0,0,False
martin-j-sleeman,Martin J. Sleeman,Martin J. Sleeman,halo-mcc,halo-mcc,1,halo-mcc,0,0,False
martin-kruse,Martin Kruse,Martin Kruse,halo-campaign-evolved,halo-campaign-evolved,1,halo-campaign-evolved,0,0,False
martin-odonnell,Martin O'Donnell,Martin O'Donnell|Marty O'Donnell,halo-ce,halo-4,7,halo-ce|halo-2|halo-3|halo-3-odst|halo-reach|halo-cea|halo-4,11,3,False
martin-owen,Martin Owen,Martin Owen|Martin Owens,halo-4,halo-4,1,halo-4,0,0,False
martin-poirier,Martin Poirier,Martin Poirier,halo-mcc-2018,halo-mcc-2018,1,halo-mcc-2018,0,0,False
martin-punchev,Martin Punchev,Martin Punchev,halo-infinite,halo-infinite,1,halo-infinite,0,0,False
martin-wong,Martin Wong,Martin Wong,halo-infinite,halo-infinite,1,halo-infinite,0,0,False
marton-balogh,Márton Balogh,Márton Balogh,halo-campaign-evolved,halo-campaign-evolved,1,halo-campaign-evolved,0,0,False
martwon-weaver,Martwon Weaver,Martwon Weaver,halo-mcc-2021,halo-mcc-2021,1,halo-mcc-2021,0,0,False
marty-paterson,Marty Paterson,Marty Paterson,halo-infinite,halo-infinite,1,halo-infinite,0,0,False
martynas-cesnauskas,Martynas Česnauskas,Martynas Česnauskas,halo-4,halo-4,1,halo-4,0,0,False
maruchy-fernandez,Maruchy Fernandez,Maruchy Fernandez,halo-mcc,halo-mcc,1,halo-mcc,0,0,False
marwan-ansari,Marwan Ansari,Marwan Ansari|Marwan Y. Ansari,halo-infinite,halo-infinite,1,halo-infinite,0,0,False
marwan-jubran,Marwan Jubran,Marwan Jubran,halo-3,halo-3,1,halo-3,0,0,False
mary-dee-mateo,Mary Dee Mateo,Mary Dee Mateo,halo-infinite,halo-infinite,1,halo-infinite,0,0,False
mary-kae-irvin,Mary Kae Irvin,Mary Kae Irvin,halo-3,halo-3,1,halo-3,0,0,False
mary-olson,Mary Olson,Mary Olson,halo-4,halo-5,2,halo-4|halo-5,3,3,False
mary-phillips,Mary Phillips,Mary Phillips,halo-4,halo-4,1,halo-4,0,0,False
mary-scully,Mary Scully,Mary Scully,halo-5,halo-5,1,halo-5,0,0,False
maryjo-lang,MaryJo Lang,MaryJo Lang|Mary Jo Lang,halo-5,halo-5,1,halo-5,0,0,False
masao-okamoto,Masad Okamoto,Masad Okamoto,halo-3,halo-3,1,halo-3,0,0,False
masasa-moyo,Masasa Moyo,Masasa Moyo,halo-3-odst,halo-3-odst,1,halo-3-odst,0,0,False
masato-arai,Masato Arai,Masato Arai,halo-campaign-evolved,halo-campaign-evolved,1,halo-campaign-evolved,0,0,False
masato-ishida,Masato Ishida,Masato Ishida,halo-3-odst,halo-cea,2,halo-3-odst|halo-cea,2,2,False
mason-cobb,Mason Cobb,Mason Cobb|Mason “Neighbor” Cobb,halo-mcc,halo-5,2,halo-mcc|halo-5,1,1,False
mason-funk,Mason Funk,Mason Funk,halo-3,halo-3,1,halo-3,0,0,False
mason-gardner,Mason Gardner,Mason Gardner,halo-infinite,halo-infinite,1,halo-infinite,0,0,False
mason-goldberg,Mason Goldberg,Mason Goldberg,halo-mcc,halo-mcc,1,halo-mcc,0,0,False
mason-mckinney,Mason McKinney,Mason McKinney,halo-mcc,halo-mcc,1,halo-mcc,0,0,False
mason-miller,Mason Miller,Mason Miller,halo-infinite,halo-campaign-evolved,2,halo-infinite|halo-campaign-evolved,5,5,False
mason-ott,Mason Ott,Mason Ott,halo-infinite,halo-infinite,1,halo-infinite,0,0,False
massimo-giorgino,Massimo Giorgino,Massimo Giorgino,halo-campaign-evolved,halo-campaign-evolved,1,halo-campaign-evolved,0,0,False
mat-clark,Mat Clark,Mat Clark,halo-mcc-2021,halo-mcc-2021,1,halo-mcc-2021,0,0,False
mat-mcinelly,Mat McInelly,Mat McInelly,halo-cea,halo-mcc,2,halo-cea|halo-mcc,3,3,False
mat-noguchi,Mat Noguchi,Mat Noguchi,halo-ce,halo-reach,5,halo-ce|halo-2|halo-3|halo-3-odst|halo-reach,9,3,False
matan-abel,Matan Abel,Matan Abel,halo-mcc,halo-mcc,1,halo-mcc,0,0,False
mate-bence-meszaros,Máté Bence Mészáros,Máté Bence Mészáros,halo-campaign-evolved,halo-campaign-evolved,1,halo-campaign-evolved,0,0,False
mateo-bernard,Mateo Bernard,Mateo Bernard,halo-infinite,halo-infinite,1,halo-infinite,0,0,False
mateusz-jakubczyk,Mateusz Jakubczyk,Mateusz Jakubczyk,halo-mcc,halo-mcc,1,halo-mcc,0,0,False
matheus-depra-gudergues,Matheus Depra Gudergues,Matheus Depra Gudergues,halo-infinite,halo-infinite,1,halo-infinite,0,0,False
mathias-jourdes,Mathias Jourdes,Mathias Jourdes,halo-mcc,halo-mcc,1,halo-mcc,0,0,False
mathias-osland,Mathias Osland,Mathias Osland,halo-infinite,halo-infinite,1,halo-infinite,0,0,False
mathieu-aerni,Mathieu Aerni,Mathieu Aerni,halo-mcc,halo-mcc,1,halo-mcc,0,0,False
mathieu-jouve,Mathieu Jouve,Mathieu Jouve,halo-mcc-2018,halo-mcc-2018,1,halo-mcc-2018,0,0,False
mathieu-lavoie,Mathieu Lavoie,Mathieu Lavoie,halo-mcc-2018,halo-mcc-2018,1,halo-mcc-2018,0,0,False
matt-aldridge,Matt Aldridge,Matt D. Aldridge|Matt Aldridge,halo-4,halo-infinite,3,halo-4|halo-5|halo-infinite,9,6,False
matt-bell,Matt Bell,Matt Bell,halo-mcc,halo-mcc,1,halo-mcc,0,0,False
matt-benedict,Matthew Benedict,Matthew Benedict|Matt Benedict,halo-mcc,halo-campaign-evolved,4,halo-mcc|halo-5|halo-infinite|halo-campaign-evolved,12,6,False
matt-bennier,Matt Benier,Matt Benier|Matt Bennier,halo-3,halo-reach,3,halo-3|halo-3-odst|halo-reach,3,2,False
matt-bischoff,Matthew Bischoff,Matthew Bischoff|Matt Bischoff,halo-reach,halo-5,3,halo-reach|halo-4|halo-5,5,3,False
matt-botz,Matt Botz,Matt Botz,halo-4,halo-4,1,halo-4,0,0,False
matt-bronder,Matt Bronder,Matt Bronder,halo-infinite,halo-infinite,1,halo-infinite,0,0,False
matt-brown,Matt Brown,Matt Brown,halo-4,halo-4,1,halo-4,0,0,False
matt-bullister,Matt Bullister,Matt Bullister,halo-infinite,halo-infinite,1,halo-infinite,0,0,False
matt-campbell,Matt Campbell,Matt Campbell|Matthew Campbell,halo-cea,halo-infinite,5,halo-cea|halo-4|halo-5|halo-mcc-2021|halo-infinite,10,6,False
matt-chapman,Matt Chapman,Matt Chapman,halo-4,halo-5,2,halo-4|halo-5,3,3,False
matt-cookson,Matt Cookson,Matt Cookson,halo-mcc-2021,halo-mcc-2021,1,halo-mcc-2021,0,0,False
matt-cross,Matt Cross,Matt Cross,halo-mcc-2021,halo-mcc-2021,1,halo-mcc-2021,0,0,False
matt-dalby,Matt Dalby,Matt Dalby,halo-5,halo-5,1,halo-5,0,0,False
matt-donner,Matt Donner,Matt Donner,halo-cea,halo-cea,1,halo-cea,0,0,False
matt-dowling,Matt Dowling,Matt Dowling,halo-mcc-2021,halo-infinite,2,halo-mcc-2021|halo-infinite,0,0,False
matt-dunkley,Matt Dunkley,Matt Dunkley,halo-4,halo-5,2,halo-4|halo-5,3,3,False
matt-findley,Matt Findley,Matt Findley,halo-4,halo-5,2,halo-4|halo-5,3,3,False
matt-fleck,Matt Fleck,Matt Fleck,halo-4,halo-4,1,halo-4,0,0,False
matt-gant,Matt Gant,Matt Gant,halo-infinite,halo-infinite,1,halo-infinite,0,0,False
matt-giovingo,Matt Giovingo,Matt Giovingo,halo-mcc,halo-mcc,1,halo-mcc,0,0,False
matt-helbig,Matt Helbig,Matt Helbig,halo-5,halo-5,1,halo-5,0,0,False
matt-ho,Matt Ho,Matt Ho,halo-mcc-2021,halo-mcc-2021,1,halo-mcc-2021,0,0,False
matt-hohl,Matt Hohl,Matt Hohl,halo-mcc-2021,halo-campaign-evolved,3,halo-mcc-2021|halo-infinite|halo-campaign-evolved,5,5,False
matt-hullum,Matt Hullum,Matt Hullum,halo-3,halo-3,1,halo-3,0,0,False
matt-hurliman,Matt Hurliman,Matt Hurliman,halo-infinite,halo-infinite,1,halo-infinite,0,0,False
matt-j-mccloskey,Matt J. McCloskey,Matt J. McCloskey,halo-4,halo-5,3,halo-4|halo-mcc|halo-5,3,2,False
matt-johnson,Matt Johnson,Matt Johnson|Matthew Johnson,halo-infinite,halo-infinite,1,halo-infinite,0,0,False
matt-jones,Matt Jones,Matt Jones,halo-5,halo-5,1,halo-5,0,0,False
matt-kaminsky,Matt Kaminsky,Matt Kaminsky|Matthew Kaminsky,halo-infinite,halo-infinite,1,halo-infinite,0,0,False
matt-kelly,Matt Kelly,Matt Kelly,halo-3,halo-reach,2,halo-3|halo-reach,3,3,False
matt-klimek,Matt Klimek,Matt Klimek,halo-infinite,halo-infinite,1,halo-infinite,0,0,False
matt-kline,Matt Kline,Matt Kline,halo-mcc-2021,halo-infinite,2,halo-mcc-2021|halo-infinite,0,0,False
matt-lee,Matt Lee,Matt Lee,halo-3,halo-infinite,2,halo-3|halo-infinite,14,14,False
matt-lichy,Matt Lichy,Matt Lichy,halo-3-odst,halo-reach,2,halo-3-odst|halo-reach,1,1,False
matt-lyons,Matt Lyons,Matt Lyons,halo-infinite,halo-infinite,1,halo-infinite,0,0,False
matt-mader,Matt Mader,Matt Mader,halo-campaign-evolved,halo-campaign-evolved,1,halo-campaign-evolved,0,0,False
matt-maher,Matt Maher,Matt Maher,halo-mcc-2021,halo-mcc-2021,1,halo-mcc-2021,0,0,False
matt-merrett,Matt Merrett,Matt Merrett,halo-infinite,halo-campaign-evolved,2,halo-infinite|halo-campaign-evolved,5,5,False
matt-mysko,Matt Mysko,Matt Mysko,halo-4,halo-4,1,halo-4,0,0,False
matt-newell,Matt Newell,Matt Newell,halo-mcc,halo-mcc,1,halo-mcc,0,0,False
matt-nolan,Matt Nolan,Matt Nolan,halo-mcc,halo-mcc,1,halo-mcc,0,0,False
matt-osbond,Matt Osbond,Matt Osbond|Matthew Osbond,halo-5,halo-infinite,2,halo-5|halo-infinite,6,6,False
matt-richenburg,Matt Richenburg,Matt Richenburg,halo-3,halo-reach,3,halo-3|halo-3-odst|halo-reach,3,2,False
matt-sammons,Matt Sammons,Matt Sammons,halo-reach,halo-reach,1,halo-reach,0,0,False
matt-segur,Matthew Segur,Matthew Segur|Matt Segur,halo-ce,halo-reach,3,halo-ce|halo-3-odst|halo-reach,9,8,False
matt-skelton,Matt Skelton,Matt Skelton,halo-cea,halo-cea,1,halo-cea,0,0,False
matt-soell,Matt Soell,Matt Soell|Matthew Soell,halo-ce,halo-campaign-evolved,3,halo-ce|halo-2|halo-campaign-evolved,25,22,False
matt-sutherlin,Matt Sutherlin,Matt Sutherlin|Matthew Sutherlin,halo-5,halo-infinite,2,halo-5|halo-infinite,6,6,False
matt-turner,Matt Turner,Matt Turner,halo-reach,halo-reach,1,halo-reach,0,0,False
matt-waggle,Matt Waggle,Matt Waggle,halo-3,halo-3,1,halo-3,0,0,False
matt-whiting,Matt Witting,Matt Witting|Matt Whiting,halo-2,halo-3,2,halo-2|halo-3,3,3,False
matt-wiggins,Matt Wiggins,Matt Wiggins,halo-infinite,halo-infinite,1,halo-infinite,0,0,False
matt-witter,Matt Witter,Matt Witter|Matthew Witter,halo-infinite,halo-infinite,1,halo-infinite,0,0,False
matt-yagle,Matt Yagle,Matt Yagle,halo-cea,halo-cea,1,halo-cea,0,0,False
mattemelia-diener,Matt-Emelia Diener,Matt-Emelia Diener,halo-campaign-evolved,halo-campaign-evolved,1,halo-campaign-evolved,0,0,False
matteo-cagliari,Matteo Cagliari,Matteo Cagliari,halo-campaign-evolved,halo-campaign-evolved,1,halo-campaign-evolved,0,0,False
matthew-ambrosecchio,Matthew Ambrosecchio,Matthew Ambrosecchio|Matt Ambrosecchio,halo-mcc-2021,halo-infinite,2,halo-mcc-2021|halo-infinite,0,0,False
matthew-barr,Matthew Barr,Matthew Barr,halo-5,halo-5,1,halo-5,0,0,False
matthew-batten,Matthew Batten,Matthew Batten,halo-4,halo-infinite,3,halo-4|halo-5|halo-infinite,9,6,False
matthew-behunin,Matthew Behunin,Matthew Behunin,halo-campaign-evolved,halo-campaign-evolved,1,halo-campaign-evolved,0,0,False
matthew-benson,Matthew Benson,Matthew Benson,halo-mcc,halo-mcc,1,halo-mcc,0,0,False
matthew-birmingham,Matthew Birmingham,Matthew Birmingham,halo-infinite,halo-infinite,1,halo-infinite,0,0,False
matthew-bombard,Matthew Bombard,Matthew Bombard,halo-reach,halo-reach,1,halo-reach,0,0,False
matthew-bowman,Matthew Bowman,Matthew Bowman,halo-infinite,halo-infinite,1,halo-infinite,0,0,False
matthew-brown,Matthew Brown,Matthew Brown|Matthew C. Brown|Matthew J. Brown,halo-4,halo-4,1,halo-4,0,0,False
matthew-burns,Matthew Burns,Matthew Burns|Matthew Seiji Burns|Matt Burns,halo-3,halo-4,3,halo-3|halo-3-odst|halo-4,5,3,False
matthew-c-benedict,Matthew C Benedict,Matthew C Benedict,halo-mcc,halo-mcc,1,halo-mcc,0,0,False
matthew-call,Matthew Call,Matthew Call|Matt Call,halo-reach,halo-campaign-evolved,2,halo-reach|halo-campaign-evolved,16,16,True
matthew-cerasoli,Matthew Cerasoli,Matthew Cerasoli,halo-infinite,halo-infinite,1,halo-infinite,0,0,False
matthew-chelstrom,Matthew Chelstrom,Matthew Chelstrom,halo-infinite,halo-infinite,1,halo-infinite,0,0,False
matthew-chiam,Matthew Chiam,Matthew Chiam,halo-infinite,halo-campaign-evolved,2,halo-infinite|halo-campaign-evolved,5,5,False
matthew-crew,Matthew Crew,Matthew Crew,halo-infinite,halo-infinite,1,halo-infinite,0,0,False
matthew-curtis,Matthew Curtis,Matthew Curtis,halo-cea,halo-cea,1,halo-cea,0,0,False
matthew-demaray,Matthew Demaray,Matthew Demaray,halo-mcc,halo-mcc,1,halo-mcc,0,0,False
matthew-frank,Matthew Frank,Matthew Frank,halo-3,halo-3,1,halo-3,0,0,False
matthew-frederick-ketchum,Matthew Frederick,Matthew Frederick,halo-4,halo-4,1,halo-4,0,0,False
matthew-geer,Matthew Geer,Matthew Geer,halo-4,halo-4,1,halo-4,0,0,False
matthew-hackett,Matthew Hackett,Matthew Hackett,halo-4,halo-4,1,halo-4,0,0,False
matthew-igaz,Matthew Igaz,Matthew Igaz|Matt Igaz,halo-4,halo-campaign-evolved,5,halo-4|halo-5|halo-mcc-2021|halo-infinite|halo-campaign-evolved,14,6,False
matthew-jarvis,Matthew Jarvis,Matthew Jarvis,halo-infinite,halo-campaign-evolved,2,halo-infinite|halo-campaign-evolved,5,5,False
matthew-jordan,Matthew Jordan,Matthew Jordan,halo-5,halo-infinite,3,halo-5|halo-mcc-2021|halo-infinite,6,6,False
matthew-karch,Matthew Karch,Matthew Karch,halo-cea,halo-mcc-2021,2,halo-cea|halo-mcc-2021,10,10,False
matthew-knickman,Matthew Knickman,Matthew Knickman,halo-cea,halo-cea,1,halo-cea,0,0,False
matthew-koch,Matthew Koch,Matthew Koch,halo-4,halo-campaign-evolved,4,halo-4|halo-5|halo-infinite|halo-campaign-evolved,14,6,False
matthew-kolbert,Matthew Kolbert,Matthew Kolbert,halo-mcc-2021,halo-mcc-2021,1,halo-mcc-2021,0,0,False
matthew-london,Matthew London,Matthew London,halo-infinite,halo-infinite,1,halo-infinite,0,0,False
matthew-low,Matthew Low,Matthew Low,halo-infinite,halo-infinite,1,halo-infinite,0,0,False
matthew-lumbmielke,Matthew Lumb-Mielke,Matthew Lumb-Mielke,halo-reach,halo-4,2,halo-reach|halo-4,2,2,False
matthew-maas,Matthew Maas,Matthew Maas|Matthes Maas,halo-infinite,halo-infinite,1,halo-infinite,0,0,False
matthew-martinez,Matthew Martinez,Matthew Martinez,halo-mcc-2021,halo-mcc-2021,1,halo-mcc-2021,0,0,False
matthew-mccready,Matthew McCready,Matthew McCready,halo-mcc,halo-mcc,1,halo-mcc,0,0,False
matthew-mcilnay,Matthew McIlnay,Matthew McIlnay,halo-infinite,halo-infinite,1,halo-infinite,0,0,False
matthew-mejias,Matt Mejias,Matt Mejias|Matthew Mejias,halo-infinite,halo-campaign-evolved,2,halo-infinite|halo-campaign-evolved,5,5,False
matthew-mills,Matthew Mills,Matthew Mills|Matt Mills,halo-4,halo-mcc,2,halo-4|halo-mcc,2,2,False
matthew-milobowski,Matthew Milobowski,Matthew Milobowski,halo-infinite,halo-infinite,1,halo-infinite,0,0,False
matthew-newcombe,Matthew Newcombe,Matthew Newcombe,halo-4,halo-4,1,halo-4,0,0,False
matthew-ottman,Matthew Ottman,Matthew Ottman,halo-cea,halo-cea,1,halo-cea,0,0,False
matthew-oztalay,Matthew Oztalay,Matthew Oztalay,halo-mcc,halo-mcc,1,halo-mcc,0,0,False
matthew-priestley,Matthew Priestly,Matthew Priestly|Matt Priestley|Matt Priestly,halo-3,halo-reach,3,halo-3|halo-3-odst|halo-reach,3,2,False
matthew-ralston,Matthew Ralston,Matthew Ralston,halo-infinite,halo-infinite,1,halo-infinite,0,0,False
matthew-ross,Matthew Ross,Matthew Ross,halo-mcc-2021,halo-mcc-2021,1,halo-mcc-2021,0,0,False
matthew-schaffter,Matt Schaffter,Matt Schaffter|Matthew Schaffter,halo-infinite,halo-campaign-evolved,2,halo-infinite|halo-campaign-evolved,5,5,False
matthew-shimabuku,Matthew Shimabuku,Matthew Shimabuku,halo-ce,halo-2,2,halo-ce|halo-2,3,3,False
matthew-shimkus,Matt Shimkus,Matt Shimkus,halo-4,halo-4,1,halo-4,0,0,False
matthew-slanchik,Matthew Slanchik,Matthew Slanchik,halo-mcc-2021,halo-mcc-2021,1,halo-mcc-2021,0,0,False
matthew-stone,Matthew Stone,Matthew Stone,halo-infinite,halo-infinite,1,halo-infinite,0,0,False
matthew-vandezande,Matthew VanDeZande,Matthew VanDeZande,halo-mcc-2021,halo-mcc-2021,1,halo-mcc-2021,0,0,False
matthew-waldner,Matthew Waldner,Matthew Waldner,halo-infinite,halo-infinite,1,halo-infinite,0,0,False
matthew-waterson,Matthew Waterson,Matthew Waterson|Matthew J. Waterson,halo-infinite,halo-infinite,1,halo-infinite,0,0,False
matthew-wesdock,Matthew Wesdock,Matthew Wesdock,halo-infinite,halo-infinite,1,halo-infinite,0,0,False
matthias-bieler,Matthias Bieler,Matthias Bieler,halo-campaign-evolved,halo-campaign-evolved,1,halo-campaign-evolved,0,0,False
matthias-kapuvari,Matthias Kapuvari,Matthias Kapuvari,halo-infinite,halo-infinite,1,halo-infinite,0,0,False
matthieu-lejeune,Matthieu Lejeune,Matthieu Lejeune,halo-campaign-evolved,halo-campaign-evolved,1,halo-campaign-evolved,0,0,False
matthijs-nahon,Matthijs Nahon,Matthijs Nahon,halo-mcc-2021,halo-mcc-2021,1,halo-mcc-2021,0,0,False
mattia-pontremoli,Mattia Pontremoli,Mattia Pontremoli,halo-campaign-evolved,halo-campaign-evolved,1,halo-campaign-evolved,0,0,False
mattias-kylen,Mattias Kylén,Mattias Kylén,halo-5,halo-5,1,halo-5,0,0,False
maurice-campbell,Maurice Campbell,Maurice Campbell,halo-infinite,halo-infinite,1,halo-infinite,0,0,False
mauricio-merek,Mauricio Merek,Mauricio Merek,halo-campaign-evolved,halo-campaign-evolved,1,halo-campaign-evolved,0,0,False
max-bennett,Max Bennett,Max Bennett,halo-infinite,halo-infinite,1,halo-infinite,0,0,False
max-brockman,Max Brockman,Max Brockman,halo-5,halo-5,1,halo-5,0,0,False
max-bukhalov,Max Bukhalov,Max Bukhalov,halo-mcc-2021,halo-mcc-2021,1,halo-mcc-2021,0,0,False
max-clendenning,Max Clendenning,Max Clendenning,halo-5,halo-5,1,halo-5,0,0,False
max-dietz,Max Dietz,Max Dietz,halo-5,halo-5,1,halo-5,0,0,False
max-downton,Max Downton,Max Downton,halo-mcc-2021,halo-mcc-2021,1,halo-mcc-2021,0,0,False
max-dyckhoff,Max Dyckhoff,Max Dyckhoff,halo-3,halo-reach,3,halo-3|halo-3-odst|halo-reach,3,2,False
max-gattuso,Max Gattuso,Max Gattuso,halo-5,halo-5,1,halo-5,0,0,False
max-grossman,Max Grossman,Max Grossman,halo-5,halo-5,1,halo-5,0,0,False
max-hoberman,Max Hoberman,Max Hoberman,halo-ce,halo-infinite,5,halo-ce|halo-2|halo-cea|halo-4|halo-infinite,20,9,False
max-kogan,Max Kogan,Max Kogan,halo-infinite,halo-infinite,1,halo-infinite,0,0,False
max-mittelman,Max Mittelman,Max Mittelman,halo-5,halo-5,1,halo-5,0,0,False
max-stein,Max Stein,Max Stein,halo-infinite,halo-infinite,1,halo-infinite,0,0,False
max-szlagor,Max Szlagor,Max Szlagor,halo-mcc,halo-campaign-evolved,4,halo-mcc|halo-mcc-2021|halo-infinite|halo-campaign-evolved,12,7,False
max-wei,Max Wei,Max Wei,halo-infinite,halo-infinite,1,halo-infinite,0,0,False
maxim-antropov,Maxim Antropov,Maxim Antropov,halo-mcc,halo-mcc,1,halo-mcc,0,0,False
maxim-babkintaksar,Maxim Babkin-Taksar,Maxim Babkin-Taksar,halo-infinite,halo-infinite,1,halo-infinite,0,0,False
maxim-belousov,Maxim Belousov,Maxim Belousov,halo-infinite,halo-infinite,1,halo-infinite,0,0,False
maxim-bogachov,Maxim Bogachov,Maxim Bogachov,halo-infinite,halo-infinite,1,halo-infinite,0,0,False
maxim-bolotin,Maxim Bolotin,Maxim Bolotin,halo-infinite,halo-infinite,1,halo-infinite,0,0,False
maxim-filippov,Maxim Filippov,Maxim Filippov,halo-mcc-2021,halo-mcc-2021,1,halo-mcc-2021,0,0,False
maxim-kozlov,Maxim Kozlov,Maxim Kozlov,halo-infinite,halo-infinite,1,halo-infinite,0,0,False
maxim-kramar,Maxim Kramar,Maxim Kramar,halo-campaign-evolved,halo-campaign-evolved,1,halo-campaign-evolved,0,0,False
maxim-shlemin,Maxim Shlemin,Maxim Shlemin,halo-mcc-2021,halo-mcc-2021,1,halo-mcc-2021,0,0,False
maxim-wolf,Maxim Wolf,Maxim Wolf,halo-mcc-2021,halo-mcc-2021,1,halo-mcc-2021,0,0,False
maxime-lanthier,Maxime Lanthier,Maxime Lanthier,halo-mcc-2018,halo-mcc-2018,1,halo-mcc-2018,0,0,False
maxwell-perry,Maxwell Perry,Maxwell Perry,halo-2,halo-2,1,halo-2,0,0,False
maxwell-stalnaker,Maxwell Stalnaker,Maxwell Stalnaker,halo-infinite,halo-infinite,1,halo-infinite,0,0,False
maxwell-stevens,Maxwell Stevens,Maxwell Stevens,halo-mcc-2021,halo-mcc-2021,1,halo-mcc-2021,0,0,False
may-lee-chung,May Lee Chung,May Lee Chung,halo-2,halo-2,1,halo-2,0,0,False
maya-osbourne,Maya Osbourne,Maya Osbourne,halo-mcc-2021,halo-infinite,2,halo-mcc-2021|halo-infinite,0,0,False
maya-zach,Maya Zach,Maya Zach,halo-campaign-evolved,halo-campaign-evolved,1,halo-campaign-evolved,0,0,False
mayreni-morel,Mayreni Morel,Mayreni Morel,halo-4,halo-4,1,halo-4,0,0,False
mayson-powers,Mayson Powers,Mayson Powers,halo-mcc-2021,halo-mcc-2021,1,halo-mcc-2021,0,0,False
mckenzie-halgren,McKenzie Halgren,McKenzie Halgren,halo-infinite,halo-infinite,1,halo-infinite,0,0,False
mckinley-johnson,Mckinley Johnson,Mckinley Johnson|McKinley Johnson,halo-mcc-2021,halo-campaign-evolved,3,halo-mcc-2021|halo-infinite|halo-campaign-evolved,5,5,False
me-chung,M.E. Chung,M.E. Chung,halo-4,halo-4,1,halo-4,0,0,False
meagan-quinn,Meagan Quinn,Meagan Quinn,halo-cea,halo-cea,1,halo-cea,0,0,False
megan-bishop,Megan Bishop,Megan Bishop,halo-4,halo-4,1,halo-4,0,0,False
megan-castro,Megan Castro,Megan Castro,halo-infinite,halo-infinite,1,halo-infinite,0,0,False
megan-sanders,Megan Sanders,Megan Sanders,halo-infinite,halo-campaign-evolved,2,halo-infinite|halo-campaign-evolved,5,5,False
megan-tupper,Megan Tupper,Megan Tupper,halo-mcc-2021,halo-mcc-2021,1,halo-mcc-2021,0,0,False
meghan-adkins,Meghan Adkins,Meghan Adkins,halo-campaign-evolved,halo-campaign-evolved,1,halo-campaign-evolved,0,0,False
mei-ling,Mei Ling,Mei Ling,halo-campaign-evolved,halo-campaign-evolved,1,halo-campaign-evolved,0,0,False
mel-cafe,Mel Cafe,Mel Cafe,halo-infinite,halo-infinite,1,halo-infinite,0,0,False
melad-darbandi,Melad Darbandi,Melad Darbandi,halo-5,halo-5,1,halo-5,0,0,False
melanie-bond,Melanie Bond,Melanie Bond,halo-cea,halo-cea,1,halo-cea,0,0,False
melanie-minichino,Melanie Minichino,Melanie Minichino,halo-5,halo-infinite,2,halo-5|halo-infinite,6,6,False
melina-rojas,Melina Rojas,Melina Rojas,halo-campaign-evolved,halo-campaign-evolved,1,halo-campaign-evolved,0,0,False
melinda-reeb,Melinda Reeb,Melinda Reeb,halo-mcc-2021,halo-infinite,2,halo-mcc-2021|halo-infinite,0,0,False
melissa-batten,Melissa Batten,Melissa Batten,halo-3,halo-3,1,halo-3,0,0,False
melissa-boone,Melissa Boone,Melissa Boone,halo-infinite,halo-infinite,1,halo-infinite,0,0,False
melissa-housley,Melissa Housley,Melissa Housley,halo-4,halo-4,1,halo-4,0,0,False
melissa-kay,Melissa Kay,Melissa Kay,halo-infinite,halo-infinite,1,halo-infinite,0,0,False
melissa-shaw,Melissa Shaw,Melissa Shaw,halo-4,halo-4,1,halo-4,0,0,False
melody-arellano,Melody Arellano,Melody Arellano,halo-infinite,halo-infinite,1,halo-infinite,0,0,False
melvin-ok,Melvin Ok,Melvin Ok,halo-2,halo-2,1,halo-2,0,0,False
meng-taofei,Meng Taofei,Meng Taofei,halo-campaign-evolved,halo-campaign-evolved,1,halo-campaign-evolved,0,0,False
mengting-wang,Mengting Wang,Mengting Wang,halo-infinite,halo-infinite,1,halo-infinite,0,0,False
meredith-brown,Meredith Brown,Meredith Brown,halo-mcc,halo-mcc,1,halo-mcc,0,0,False
merritt-filban,Merritt Filban,Merritt Filban,halo-reach,halo-reach,1,halo-reach,0,0,False
meynardo-jose,Meynardo Jose,Meynardo Jose,halo-mcc,halo-mcc,1,halo-mcc,0,0,False
mia-kim,Mia Kim,Mia Kim,halo-mcc,halo-mcc,1,halo-mcc,0,0,False
micah-jelmburg,Micah Jelmburg,Micah Jelmburg|Micah C. Jelmberg|Micah Jelberg,halo-3,halo-reach,2,halo-3|halo-reach,3,3,False
micah-rollins,Micah Rollins,Micah Rollins,halo-4,halo-4,1,halo-4,0,0,False
micha-b-och,Michał Błoch,Michał Błoch,halo-campaign-evolved,halo-campaign-evolved,1,halo-campaign-evolved,0,0,False
micha-b-onski,Michał BłońSki,Michał BłońSki|Michał Błoński,halo-mcc,halo-campaign-evolved,2,halo-mcc|halo-campaign-evolved,12,12,False
micha-kozuch,Michał Kozuch,Michał Kozuch,halo-mcc,halo-mcc,1,halo-mcc,0,0,False
micha-rejman,Michał Rejman,Michał Rejman,halo-mcc,halo-mcc,1,halo-mcc,0,0,False
michael-adam-flowers,Michael Adam Flowers,Michael Adam Flowers,halo-mcc,halo-mcc,1,halo-mcc,0,0,False
michael-allen,Michael Allen,Michael Allen,halo-reach,halo-reach,1,halo-reach,0,0,False
michael-amos,Michael Amos,Michael Amos,halo-infinite,halo-infinite,1,halo-infinite,0,0,False
michael-andersland,Michael Andersland,Michael Andersland,halo-infinite,halo-infinite,1,halo-infinite,0,0,False
michael-arvat,Michael Arvat,Michael Arvat,halo-4,halo-4,1,halo-4,0,0,False
michael-axtell,Michael Axtell,Michael Axtell,halo-cea,halo-cea,1,halo-cea,0,0,False
michael-backus,Michael Backus,Michael Backus,halo-infinite,halo-infinite,1,halo-infinite,0,0,False
michael-barry,Michael Barry,Michael Barry,halo-5,halo-5,1,halo-5,0,0,False
michael-berger,Michael Berger,Michael Berger,halo-infinite,halo-infinite,1,halo-infinite,0,0,False
michael-bonn,Michael Bonn,Michael Bonn,halo-mcc,halo-mcc,1,halo-mcc,0,0,False
michael-borodachov,Michael Borodachov,Michael Borodachov,halo-mcc,halo-mcc,1,halo-mcc,0,0,False
michael-bringham,Michael Bringham,Michael Bringham,halo-mcc-2021,halo-mcc-2021,1,halo-mcc-2021,0,0,False
michael-broomberg,Michael Broomberg,Michael Broomberg,halo-cea,halo-cea,1,halo-cea,0,0,False
michael-byron,Mike Byron,Mike Byron|Michael Byron,halo-5,halo-infinite,2,halo-5|halo-infinite,6,6,False
michael-cavanaugh,Mike Cavanaugh,Mike Cavanaugh,halo-5,halo-5,1,halo-5,0,0,False
michael-chaco,Michael Chaco,Michael Chaco,halo-infinite,halo-infinite,1,halo-infinite,0,0,False
michael-cheung,Michael Cheung,Michael Cheung,halo-infinite,halo-infinite,1,halo-infinite,0,0,False
michael-cornfield,Michael Cornfield,Michael Cornfield,halo-infinite,halo-infinite,1,halo-infinite,0,0,False
michael-davydenko,Michael Davydenko,Michael Davydenko,halo-mcc,halo-mcc,1,halo-mcc,0,0,False
michael-decamp,Michael DeCamp,Michael DeCamp,halo-infinite,halo-infinite,1,halo-infinite,0,0,False
michael-dickson,Michael Dickson,Michael Dickson,halo-infinite,halo-infinite,1,halo-infinite,0,0,False
michael-dobbs,Michael Dobbs,Michael Dobbs,halo-mcc,halo-mcc,1,halo-mcc,0,0,False
michael-dore,Michael Dore,Michael Dore,halo-5,halo-5,1,halo-5,0,0,False
michael-dougherty,Michael Dougherty,Michael Dougherty,halo-infinite,halo-infinite,1,halo-infinite,0,0,False
michael-dunn,Michael Dunn,Michael Dunn,halo-campaign-evolved,halo-campaign-evolved,1,halo-campaign-evolved,0,0,False
michael-durkin,Michael Durkin,Michael Durkin,halo-3-odst,halo-reach,2,halo-3-odst|halo-reach,1,1,False
michael-e-puoci,Michael E. Puoci,Michael E. Puoci|Michael E. Pucci|Mike Puoci|Michael Puoci,halo-4,halo-infinite,2,halo-4|halo-infinite,9,9,False
michael-evans,Michael Evans,Michael Evans,halo-ce,halo-2,2,halo-ce|halo-2,3,3,False
michael-fahrny,Michael Fahrny,Michael Fahrny,halo-mcc-2021,halo-infinite,2,halo-mcc-2021|halo-infinite,0,0,False
michael-fazal,Michael Fazal,Michael Fazal,halo-mcc-2021,halo-mcc-2021,1,halo-mcc-2021,0,0,False
michael-fletcher,Michael Fletcher,Michael Fletcher,halo-5,halo-5,1,halo-5,0,0,False
michael-frank,Michael Frank,Michael Frank,halo-infinite,halo-campaign-evolved,2,halo-infinite|halo-campaign-evolved,5,5,False
michael-friend,Michael Friend,Michael Friend,halo-infinite,halo-infinite,1,halo-infinite,0,0,False
michael-graeber-jr,Michael Graeber Jr,Michael Graeber Jr,halo-3,halo-3,1,halo-3,0,0,False
michael-graham,Michael Graham,Michael Graham,halo-infinite,halo-infinite,1,halo-infinite,0,0,False
michael-grossman,Michael Grossman,Michael Grossman,halo-mcc,halo-mcc,1,halo-mcc,0,0,False
michael-gurlitz,Michael Gurlitz,Michael Gurlitz,halo-campaign-evolved,halo-campaign-evolved,1,halo-campaign-evolved,0,0,False
michael-harper,Michael Harper,Michael Harper,halo-5,halo-5,1,halo-5,0,0,False
michael-harris,Michael Harris,Michael Harris,halo-5,halo-mcc-2021,2,halo-5|halo-mcc-2021,6,6,False
michael-hawley,Michael Hawley,Michael Hawley,halo-4,halo-4,1,halo-4,0,0,False
michael-hensley,Michael Hensley,Michael Hensley,halo-infinite,halo-infinite,1,halo-infinite,0,0,False
michael-hill,Michael Hill,Michael Hill|Mike C. Hall,halo-5,halo-infinite,2,halo-5|halo-infinite,6,6,False
michael-hobe,Michael Hobe,Michael Hobe,halo-5,halo-5,1,halo-5,0,0,False
michael-ivory,Michael Ivory,Michael Ivory,halo-2,halo-cea,4,halo-2|halo-3|halo-3-odst|halo-cea,7,3,False
michael-j-lloyd,Michael J. Lloyd,Michael J. Lloyd,halo-4,halo-4,1,halo-4,0,0,False
michael-jahnke,Michael Jahnke,Michael Jahnke,halo-infinite,halo-infinite,1,halo-infinite,0,0,False
michael-johnson,Michael Johnson,Michael Johnson,halo-mcc,halo-mcc,1,halo-mcc,0,0,False
michael-jolly,Michael Jolly,Michael Jolly,halo-infinite,halo-infinite,1,halo-infinite,0,0,False
michael-kitchen,Michael Kitchen,Michael Kitchen|Mike Kitchen,halo-3,halo-3,1,halo-3,0,0,False
michael-kruml,Michael Kruml,Michael Kruml,halo-5,halo-5,1,halo-5,0,0,False
michael-laxworthy,Michael Laxworthy,Michael Laxworthy,halo-3,halo-3,1,halo-3,0,0,False
michael-leaning,Michael Leaning,Michael Leaning,halo-infinite,halo-infinite,1,halo-infinite,0,0,False
michael-llyod,Michael Llyod,Michael Llyod,halo-4,halo-4,1,halo-4,0,0,False
michael-lochrane,Michael Lochrane,Michael Lochrane,halo-campaign-evolved,halo-campaign-evolved,1,halo-campaign-evolved,0,0,False
michael-loeck,Michael Loeck,Michael Loeck,halo-mcc,halo-mcc,1,halo-mcc,0,0,False
michael-marquis,Michael Marquis,Michael Marquis,halo-4,halo-4,1,halo-4,0,0,False
michael-mata,Michael Mata,Michael Mata,halo-campaign-evolved,halo-campaign-evolved,1,halo-campaign-evolved,0,0,False
michael-mccormack,Michael McCormack,Michael McCormack,halo-campaign-evolved,halo-campaign-evolved,1,halo-campaign-evolved,0,0,False
michael-means,Michael Means,Michael Means,halo-3,halo-reach,3,halo-3|halo-3-odst|halo-reach,3,2,False
michael-milota,Mike Milota,Mike Milota|Michael Milota,halo-3-odst,halo-reach,2,halo-3-odst|halo-reach,1,1,False
michael-mourner,Michael Mourner,Michael Mourner|Michael Mournier,halo-3,halo-3,1,halo-3,0,0,False
michael-murphy,Michael Murphy,Michael Murphy,halo-campaign-evolved,halo-campaign-evolved,1,halo-campaign-evolved,0,0,False
michael-nguyen,Michael Nguyen,Michael Nguyen,halo-campaign-evolved,halo-campaign-evolved,1,halo-campaign-evolved,0,0,False
michael-northam,Michael Northam,Michael Northam,halo-infinite,halo-infinite,1,halo-infinite,0,0,False
michael-oosterom,Michael Oosterom,Michael Oosterom,halo-4,halo-4,1,halo-4,0,0,False
michael-p-hadwin,Michael P. Hadwin,Michael P. Hadwin,halo-mcc,halo-mcc,1,halo-mcc,0,0,False
michael-pagano,Michael Pagano,Michael Pagano,halo-4,halo-5,3,halo-4|halo-mcc|halo-5,3,2,False
michael-patti,Michael Patti,Michael Patti|Mike Patti,halo-5,halo-5,1,halo-5,0,0,False
michael-pavlovich,Michael Pavlovich,Michael Pavlovich,halo-4,halo-4,1,halo-4,0,0,False
michael-pedro,Michael Pedro,Michael Pedro,halo-4,halo-infinite,2,halo-4|halo-infinite,9,9,False
michael-rice,Michael Rice,Michael Rice,halo-infinite,halo-infinite,1,halo-infinite,0,0,False
michael-roache,Michael Roache,Michael Roache,halo-cea,halo-cea,1,halo-cea,0,0,False
michael-ryan,Michael Ryan,Michael Ryan,halo-infinite,halo-infinite,1,halo-infinite,0,0,False
michael-salvatori,Michael Salvatori,Michael Salvatori,halo-ce,halo-4,7,halo-ce|halo-2|halo-3|halo-3-odst|halo-reach|halo-cea|halo-4,11,3,False
michael-sandrin,Michael Sandrin,Michael Sandrin,halo-infinite,halo-campaign-evolved,2,halo-infinite|halo-campaign-evolved,5,5,False
michael-sarchet,Michael Sarchet,Michael Sarchet,halo-5,halo-infinite,2,halo-5|halo-infinite,6,6,False
michael-schorr,Michael Schorr,Michael Schorr,halo-infinite,halo-infinite,1,halo-infinite,0,0,False
michael-sechrist,Michael Sechrist,Michael Sechrist,halo-3-odst,halo-reach,2,halo-3-odst|halo-reach,1,1,False
michael-shields,Michael Shields,Michael Shields,halo-mcc,halo-mcc-2021,2,halo-mcc|halo-mcc-2021,7,7,False
michael-stickland,Michael Stickland,Michael Stickland,halo-infinite,halo-infinite,1,halo-infinite,0,0,False
michael-taylor,Michael Taylor,Michael Taylor,halo-mcc,halo-mcc,1,halo-mcc,0,0,False
michael-tea,Michael Tea,Michael Tea,halo-reach,halo-reach,1,halo-reach,0,0,False
michael-thomet,Michael Thomét,Michael Thomét,halo-mcc-2021,halo-mcc-2021,1,halo-mcc-2021,0,0,False
michael-tipul,Michael Tipul,Michael Tipul|Mike Tipul,halo-3-odst,halo-reach,2,halo-3-odst|halo-reach,1,1,False
michael-tolkamp,Michael Tolkamp,Michael Tolkamp,halo-infinite,halo-infinite,1,halo-infinite,0,0,False
michael-towler,Michael Towler,Michael Towler,halo-infinite,halo-infinite,1,halo-infinite,0,0,False
michael-truong,Michael Truong,Michael Truong,halo-mcc,halo-5,2,halo-mcc|halo-5,1,1,False
michael-vankuipers,Michael VanKuipers,Michael VanKuipers,halo-infinite,halo-infinite,1,halo-infinite,0,0,False
michael-vargas,Michael Vargas,Michael Vargas,halo-infinite,halo-infinite,1,halo-infinite,0,0,False
michael-ventura,Michael Ventura,Michael Ventura,halo-infinite,halo-infinite,1,halo-infinite,0,0,False
michael-vossler,Michael Vossler,Michael Vossler,halo-infinite,halo-infinite,1,halo-infinite,0,0,False
michael-vu,Michael Vu,Michael Vu,halo-infinite,halo-infinite,1,halo-infinite,0,0,False
michael-walters,Michael Walters,Michael Walters,halo-3,halo-3,1,halo-3,0,0,False
michael-wetzel,Michael Wetzel,Michael Wetzel,halo-mcc,halo-campaign-evolved,5,halo-mcc|halo-5|halo-mcc-2021|halo-infinite|halo-campaign-evolved,12,6,False
michael-williams,Michael Williams,Michael Williams|Michael R. Williams,halo-2,halo-5,6,halo-2|halo-3|halo-3-odst|halo-reach|halo-4|halo-5,11,3,False
michael-wincott,Michael Wincott,Michael Wincott,halo-2,halo-2,1,halo-2,0,0,False
michael-wolf,Michael Wolf,Michael Wolf,halo-mcc-2021,halo-infinite,2,halo-mcc-2021|halo-infinite,0,0,False
michael-wu,Michael Wu,Michael Wu,halo-ce,halo-reach,5,halo-ce|halo-2|halo-3|halo-3-odst|halo-reach,9,3,False
michael-wylegly,Michael Wylegly,Michael Wylegly,halo-infinite,halo-infinite,1,halo-infinite,0,0,False
michal-blonski,Michal Blonski,Michal Blonski,halo-infinite,halo-infinite,1,halo-infinite,0,0,False
michalina-piescinska,Michalina Pieścińska,Michalina Pieścińska,halo-mcc,halo-mcc,1,halo-mcc,0,0,False
micheal-kiely,Micheal Kiely,Micheal Kiely,halo-mcc,halo-mcc,1,halo-mcc,0,0,False
michel-bastien,Michel Bastien,Michel Bastien,halo-2,halo-2,1,halo-2,0,0,False
michel-taddei,Michel Taddei,Michel Taddei,halo-mcc,halo-mcc,1,halo-mcc,0,0,False
michelle-auyoung,Michelle Auyoung,Michelle Auyoung,halo-infinite,halo-infinite,1,halo-infinite,0,0,False
michelle-ballantine,Michelle Ballantine,Michelle Ballantine,halo-4,halo-4,1,halo-4,0,0,False
michelle-djokic,Michelle Djokic,Michelle Djokic,halo-mcc,halo-mcc,1,halo-mcc,0,0,False
michelle-hull,Michelle Hull,Michelle Hull,halo-infinite,halo-infinite,1,halo-infinite,0,0,False
michelle-lee,Michelle Lee,Michelle Lee|Michelle C. Lee,halo-5,halo-5,1,halo-5,0,0,False
michelle-lomba,Michelle Lomba,Michelle Lomba,halo-2,halo-2,1,halo-2,0,0,False
michelle-lukes,Michelle Lukes,Michelle Lukes,halo-5,halo-5,1,halo-5,0,0,False
michelle-maruyama,Michelle Maruyama,Michelle Maruyama,halo-mcc,halo-mcc,1,halo-mcc,0,0,False
michelle-ponce,Michelle Ponce,Michelle Ponce,halo-infinite,halo-infinite,1,halo-infinite,0,0,False
michelle-rodriguez,Michelle Rodriguez,Michelle Rodriguez,halo-2,halo-2,1,halo-2,0,0,False
mick-buckmiller,Mick Buckmiller,Mick Buckmiller,halo-reach,halo-reach,1,halo-reach,0,0,False
mickey-cushing,Mickey Cushing,Mickey Cushing,halo-infinite,halo-infinite,1,halo-infinite,0,0,False
midori-yamamoto,Midori Yamamoto,Midori Yamamoto,halo-infinite,halo-infinite,1,halo-infinite,0,0,False
mieszko-b-kruszewski,Mieszko B. Kruszewski,Mieszko B. Kruszewski,halo-infinite,halo-infinite,1,halo-infinite,0,0,False
mifan-bang,Mifan Bang,Mifan Bang,halo-infinite,halo-infinite,1,halo-infinite,0,0,False
miguel-ayala,Miguel Ayala,Miguel Ayala,halo-mcc-2021,halo-infinite,2,halo-mcc-2021|halo-infinite,0,0,False
miguel-barragan-castro,Miguel Barragán Castro,Miguel Barragán Castro,halo-mcc-2021,halo-mcc-2021,1,halo-mcc-2021,0,0,False
miguel-calderon,Miguel Calderon,Miguel Calderon,halo-infinite,halo-infinite,1,halo-infinite,0,0,False
miguel-e-corti,Miguel E. Corti,Miguel E. Corti,halo-campaign-evolved,halo-campaign-evolved,1,halo-campaign-evolved,0,0,False
miguel-ferrer,Miguel Ferrer,Miguel Ferrer,halo-2,halo-2,1,halo-2,0,0,False
miguel-garcao,Miguel Garcao,Miguel Garcao,halo-mcc,halo-mcc,1,halo-mcc,0,0,False
miguel-vega,Miguel Vega,Miguel Vega,halo-infinite,halo-infinite,1,halo-infinite,0,0,False
mika-little,Mika Little,Mika Little,halo-infinite,halo-infinite,1,halo-infinite,0,0,False
mikael-nellfors,Mikael Nellfors,Mikael Nellfors,halo-infinite,halo-infinite,1,halo-infinite,0,0,False
mikaela-reed,Mikaela Reed,Mikaela Reed,halo-infinite,halo-infinite,1,halo-infinite,0,0,False
mike-axworthy,Michael Axworthy,Michael Axworthy|Mike Axworthy,halo-3,halo-4,4,halo-3|halo-3-odst|halo-reach|halo-4,5,2,False
mike-baldwin,Mike Baldwin,Mike Baldwin|Michael Baldwin,halo-3-odst,halo-reach,2,halo-3-odst|halo-reach,1,1,False
mike-barr,Mike Barr,Mike Barr,halo-5,halo-5,1,halo-5,0,0,False
mike-bodie,Mike Bodie,Mike Bodie,halo-campaign-evolved,halo-campaign-evolved,1,halo-campaign-evolved,0,0,False
mike-boulton,Mike Boulton,Mike Boulton|Michael Boulton,halo-reach,halo-5,3,halo-reach|halo-4|halo-5,5,3,False
mike-budd,Mike Budd,Mike Budd,halo-2,halo-2,1,halo-2,0,0,False
mike-buelterman,Mike Buelterman,Mike Buelterman,halo-3,halo-reach,3,halo-3|halo-3-odst|halo-reach,3,2,False
mike-caviezel,Mike Caviezel,Mike Caviezel,halo-4,halo-4,1,halo-4,0,0,False
mike-chomicki,Mike Chomicki,Mike Chomicki|Michael Chomicki,halo-4,halo-4,1,halo-4,0,0,False
mike-cimprich,Mike Cimprich,Mike Cimprich|Michael Cimprich,halo-mcc,halo-mcc,1,halo-mcc,0,0,False
mike-clopper,Mike Clopper,Mike Clopper,halo-4,halo-infinite,2,halo-4|halo-infinite,9,9,False
mike-cody,Mike Cody,Mike Cody,halo-ce,halo-2,2,halo-ce|halo-2,3,3,False
mike-colter,Mike Colter,Mike Colter,halo-5,halo-5,1,halo-5,0,0,False
mike-cronin,Mike Cronin,Mike Cronin,halo-4,halo-4,1,halo-4,0,0,False
mike-devine,Mike DeVine,Mike DeVine,halo-infinite,halo-infinite,1,halo-infinite,0,0,False
mike-ellis,Mike Ellis,Mike Ellis,halo-4,halo-campaign-evolved,2,halo-4|halo-campaign-evolved,14,14,False
mike-gasser,Mike Gasser,Mike Gasser,halo-mcc-2021,halo-campaign-evolved,3,halo-mcc-2021|halo-infinite|halo-campaign-evolved,5,5,False
mike-gerhardt,Mike Gerhardt,Mike Gerhardt,halo-mcc,halo-5,2,halo-mcc|halo-5,1,1,False
mike-gonthier,Mike Gonthier,Mike Gonthier,halo-infinite,halo-infinite,1,halo-infinite,0,0,False
mike-hall,Mike Hall,Mike Hall,halo-infinite,halo-infinite,1,halo-infinite,0,0,False
mike-hoffman,Mike Hoffman,Mike Hoffman,halo-3-odst,halo-reach,2,halo-3-odst|halo-reach,1,1,False
mike-howie,Mike Howie,Mike Howie,halo-infinite,halo-infinite,1,halo-infinite,0,0,False
mike-jacobsen,Mike Jacobsen,Mike Jacobsen,halo-4,halo-4,1,halo-4,0,0,False
mike-janes,Mike Janes,Mike Janes|Michael Janes,halo-4,halo-4,1,halo-4,0,0,False
mike-kirylo,Mike Kirylo,Mike Kirylo,halo-3,halo-3,1,halo-3,0,0,False
mike-lafave,Mike LaFave,Mike LaFave,halo-5,halo-5,1,halo-5,0,0,False
mike-lee,Mike Lee,Mike Lee,halo-4,halo-4,1,halo-4,0,0,False
mike-loscocco,Mike Loscocco,Mike Loscocco,halo-infinite,halo-campaign-evolved,2,halo-infinite|halo-campaign-evolved,5,5,False
mike-madeoy,Mike Madeoy,Mike Madeoy,halo-ce,halo-campaign-evolved,2,halo-ce|halo-campaign-evolved,25,25,False
mike-malyuk,Mike Malyuk,Mike Malyuk|Michael W Malyuk,halo-mcc,halo-campaign-evolved,5,halo-mcc|halo-5|halo-mcc-2021|halo-infinite|halo-campaign-evolved,12,6,False
mike-marraffa,Mike Marraffa,Mike Marraffa|Michael Marraffa,halo-infinite,halo-infinite,1,halo-infinite,0,0,False
mike-matsel,Mike Matsel,Mike Matsel,halo-infinite,halo-infinite,1,halo-infinite,0,0,False
mike-mccarthy,Mike McCarthy,Mike McCarthy,halo-4,halo-4,1,halo-4,0,0,False
mike-mowery,Mike Mowery,Mike Mowery,halo-mcc,halo-mcc,1,halo-mcc,0,0,False
mike-murrill,Mike Murrill,Mike Murrill|Michael Murrill,halo-4,halo-5,2,halo-4|halo-5,3,3,False
mike-newton,Mike Newton,Mike Newton,halo-infinite,halo-infinite,1,halo-infinite,0,0,False
mike-patterson,Mike Patterson,Mike Patterson,halo-campaign-evolved,halo-campaign-evolved,1,halo-campaign-evolved,0,0,False
mike-porter,Mike Porter,Mike Porter,halo-3,halo-3,1,halo-3,0,0,False
mike-rodgers,Mike Rodgers,Mike Rodgers,halo-mcc,halo-mcc,1,halo-mcc,0,0,False
mike-rodriguez,Mike Rodriguez,Mike Rodriguez|Michael Rodriguez,halo-infinite,halo-infinite,1,halo-infinite,0,0,False
mike-romero,Mike Romero,Mike Romero|Michael Romero,halo-infinite,halo-infinite,1,halo-infinite,0,0,False
mike-ruete,Mike Ruete,Mike Ruete,halo-3,halo-3,1,halo-3,0,0,False
mike-salvatori,Mike Salvatori,Mike Salvatori,halo-4,halo-4,1,halo-4,0,0,False
mike-sawicki,Mike Sawicki,Mike Sawicki,halo-campaign-evolved,halo-campaign-evolved,1,halo-campaign-evolved,0,0,False
mike-schramm,Mike Schramm,Mike Schramm,halo-campaign-evolved,halo-campaign-evolved,1,halo-campaign-evolved,0,0,False
mike-sebalj,Mike Sebalj,Mike Sebalj,halo-4,halo-4,1,halo-4,0,0,False
mike-staten,Mike Staten,Mike Staten,halo-mcc,halo-infinite,4,halo-mcc|halo-5|halo-mcc-2021|halo-infinite,7,6,False
mike-stout,Mike Stout,Mike Stout,halo-reach,halo-reach,1,halo-reach,0,0,False
mike-ton,Mike Ton,Mike Ton,halo-4,halo-4,1,halo-4,0,0,False
mike-torillo,Mike Torillo,Mike Torillo,halo-infinite,halo-infinite,1,halo-infinite,0,0,False
mike-toyama,Mike Toyama,Mike Toyama,halo-3,halo-4,3,halo-3|halo-3-odst|halo-4,5,3,False
mike-werner,Mike Werner,Mike Werner,halo-5,halo-infinite,2,halo-5|halo-infinite,6,6,False
mike-wright,Mike Wright,Mike Wright,halo-4,halo-4,1,halo-4,0,0,False
mike-yurka,Mike Yurka,Mike Yurka,halo-3,halo-infinite,2,halo-3|halo-infinite,14,14,False
mike-zak,Mike Zak,Mike Zak|Michael Zak,halo-2,halo-reach,4,halo-2|halo-3|halo-3-odst|halo-reach,6,3,False
mikey-kelley,Mikey Kelley,Mikey Kelley|Mikey Kelly,halo-3,halo-infinite,3,halo-3|halo-3-odst|halo-infinite,14,12,True
mikey-rogers,Mikey Rogers,Mikey Rogers,halo-mcc,halo-mcc,1,halo-mcc,0,0,False
mikey-soden,Mikey Soden,Mikey Soden,halo-campaign-evolved,halo-campaign-evolved,1,halo-campaign-evolved,0,0,False
mikey-wetzel,Mikey Wetzel,Mikey Wetzel,halo-4,halo-4,1,halo-4,0,0,False
mikhail-abramov,Mikhail Abramov,Mikhail Abramov,halo-mcc-2021,halo-mcc-2021,1,halo-mcc-2021,0,0,False
mikhail-kurnosov,Mikhail Kurnosov,Mikhail Kurnosov,halo-mcc-2021,halo-mcc-2021,1,halo-mcc-2021,0,0,False
mikhail-mefodev,Mikhail Mefodev,Mikhail Mefodev,halo-infinite,halo-infinite,1,halo-infinite,0,0,False
mikhail-nasedkin,Mikhail Nasedkin,Mikhail Nasedkin,halo-infinite,halo-infinite,1,halo-infinite,0,0,False
mikhail-novikov,Mikhail Novikov,Mikhail Novikov,halo-infinite,halo-campaign-evolved,2,halo-infinite|halo-campaign-evolved,5,5,False
mikhail-rybalkin,Mikhail Rybalkin,Mikhail Rybalkin,halo-mcc,halo-mcc,1,halo-mcc,0,0,False
mikhail-titorenko,Mikhail Titorenko,Mikhail Titorenko,halo-mcc,halo-mcc,1,halo-mcc,0,0,False
mikhail-trub,Mikhail Trub,Mikhail Trub,halo-infinite,halo-infinite,1,halo-infinite,0,0,False
miklos-nyilassy,Miklós Nyilassy,Miklós Nyilassy,halo-campaign-evolved,halo-campaign-evolved,1,halo-campaign-evolved,0,0,False
milan-kosztyi,Milán Kosztyi,Milán Kosztyi,halo-campaign-evolved,halo-campaign-evolved,1,halo-campaign-evolved,0,0,False
milan-nikolic,Milan Nikolic,Milan Nikolic|Milan Nilolic,halo-infinite,halo-infinite,1,halo-infinite,0,0,False
milena-ferrante,Milena Ferrante,Milena Ferrante,halo-campaign-evolved,halo-campaign-evolved,1,halo-campaign-evolved,0,0,False
milena-wroblewska,Milena Wróblewska,Milena Wróblewska,halo-campaign-evolved,halo-campaign-evolved,1,halo-campaign-evolved,0,0,False
miles-artist,Miles Artist,Miles Artist,halo-campaign-evolved,halo-campaign-evolved,1,halo-campaign-evolved,0,0,False
miles-kot,Miles Kot,Miles Kot,halo-mcc,halo-mcc,1,halo-mcc,0,0,False
miles-marchant,Miles Marchant,Miles Marchant,halo-infinite,halo-infinite,1,halo-infinite,0,0,False
millard-milsap,Millard Milsap,Millard Milsap,halo-infinite,halo-infinite,1,halo-infinite,0,0,False
miller-tinkerhess,Miller Tinkerhess,Miller Tinkerhess,halo-5,halo-5,1,halo-5,0,0,False
milton-cadogan,Milton Cadogan,Milton Cadogan,halo-3,halo-reach,3,halo-3|halo-3-odst|halo-reach,3,2,False
milton-pangourelias,Milton Pangourelias,Milton Pangourelias,halo-4,halo-4,1,halo-4,0,0,False
mimi-ruiz,Mimi Ruiz,Mimi Ruiz,halo-mcc,halo-mcc,1,halo-mcc,0,0,False
min-li,Min Li,Min Li,halo-mcc-2021,halo-mcc-2021,1,halo-mcc-2021,0,0,False
min-yuqi,Min Yuqi,Min Yuqi,halo-campaign-evolved,halo-campaign-evolved,1,halo-campaign-evolved,0,0,False
mindaugas-pocius,Mindaugas Pocius,Mindaugas Pocius,halo-campaign-evolved,halo-campaign-evolved,1,halo-campaign-evolved,0,0,False
ming-huang,Ming Huang,Ming Huang,halo-mcc-2021,halo-campaign-evolved,3,halo-mcc-2021|halo-infinite|halo-campaign-evolved,5,5,False
ming-tregonning,Ming Tregonning,Ming Tregonning,halo-mcc-2021,halo-mcc-2021,1,halo-mcc-2021,0,0,False
mingyuan-jiang,Mingyuan Jiang,Mingyuan Jiang,halo-campaign-evolved,halo-campaign-evolved,1,halo-campaign-evolved,0,0,False
minh-duong,Minh Duong,Minh Duong,halo-campaign-evolved,halo-campaign-evolved,1,halo-campaign-evolved,0,0,False
minh-hai-nguyen,Minh Hai Nguyen,Minh Hai Nguyen,halo-campaign-evolved,halo-campaign-evolved,1,halo-campaign-evolved,0,0,False
minjeong-kim,Minjeong Kim,Minjeong Kim,halo-infinite,halo-infinite,1,halo-infinite,0,0,False
minmin-gong,Minmin Gong,Minmin Gong,halo-3,halo-3,1,halo-3,0,0,False
minsung-jun,Minsung Jun,Minsung Jun,halo-campaign-evolved,halo-campaign-evolved,1,halo-campaign-evolved,0,0,False
mint-gould,Mint Gould,Mint Gould,halo-infinite,halo-infinite,1,halo-infinite,0,0,False
mirena-mclean,Mirena McLean,Mirena McLean,halo-infinite,halo-infinite,1,halo-infinite,0,0,False
miriam-lopez,Miriam Lopez,Miriam Lopez,halo-infinite,halo-infinite,1,halo-infinite,0,0,False
miriam-nemcova,Miriam Nemcova,Miriam Nemcova,halo-5,halo-5,1,halo-5,0,0,False
miriam-perkoff,Miriam Perkoff,Miriam Perkoff,halo-mcc,halo-mcc,1,halo-mcc,0,0,False
miro-skandera,Miro Skandera,Miro Skandera,halo-campaign-evolved,halo-campaign-evolved,1,halo-campaign-evolved,0,0,False
misao-tidd,Misao Tidd,Misao Tidd,halo-3-odst,halo-3-odst,1,halo-3-odst,0,0,False
misha-mansoor,Misha Mansoor,Misha Mansoor,halo-mcc,halo-mcc,1,halo-mcc,0,0,False
misty-lee,Misty Lee,Misty Lee,halo-5,halo-5,1,halo-5,0,0,False
mitch-armstrong,Mitch Armstrong,Mitch Armstrong,halo-infinite,halo-infinite,1,halo-infinite,0,0,False
mitch-campbell,Mitch Campbell,Mitch Campbell,halo-mcc,halo-mcc,1,halo-mcc,0,0,False
mitch-sullivan,Mitch Sullivan,Mitch Sullivan,halo-3-odst,halo-3-odst,1,halo-3-odst,0,0,False
mitch-walker,Mitch Walker,Mitch Walker,halo-4,halo-4,1,halo-4,0,0,False
mitchel-clayton,Mitchel Clayton,Mitchel Clayton,halo-infinite,halo-infinite,1,halo-infinite,0,0,False
mitchell-bouwens,Mitchell Bouwens,Mitchell Bouwens,halo-infinite,halo-infinite,1,halo-infinite,0,0,False
mitchell-martin,Mitchell Martin,Mitchell Martin,halo-infinite,halo-infinite,1,halo-infinite,0,0,False
mitchell-osias,Mitch Osias,Mitch Osias|Mitchell Osias,halo-5,halo-infinite,2,halo-5|halo-infinite,6,6,False
mitsuru-kitamura,Mitsuru Kitamura,Mitsuru Kitamura,halo-2,halo-2,1,halo-2,0,0,False
miurika-valery-diaz,Miurika Valery Diaz,Miurika Valery Diaz,halo-mcc,halo-mcc,1,halo-mcc,0,0,False
mohammad-javad-naraqi,Mohammad Javad Naraqi,Mohammad Javad Naraqi,halo-campaign-evolved,halo-campaign-evolved,1,halo-campaign-evolved,0,0,False
mohammed-ismail,Mohammed Ismail,Mohammed Ismail,halo-mcc-2021,halo-infinite,2,halo-mcc-2021|halo-infinite,0,0,False
mohd-kafil-khan,Mohd Kafil Khan,Mohd Kafil Khan,halo-infinite,halo-infinite,1,halo-infinite,0,0,False
mohd-sarfraz,Mohd Sarfraz,Mohd Sarfraz,halo-infinite,halo-infinite,1,halo-infinite,0,0,False
mohit-bisht,Mohit Bisht,Mohit Bisht,halo-infinite,halo-infinite,1,halo-infinite,0,0,False
mohsen-bizar,Mohsen Bizar,Mohsen Bizar,halo-mcc,halo-mcc,1,halo-mcc,0,0,False
mojdeh-gharbi,Mojdeh Gharbi,Mojdeh Gharbi,halo-4,halo-infinite,2,halo-4|halo-infinite,9,9,False
molly-mclaughlin,Molly McLaughlin,Molly McLaughlin,halo-infinite,halo-infinite,1,halo-infinite,0,0,False
monet-gardiner,Monet Gardiner,Monet Gardiner,halo-infinite,halo-infinite,1,halo-infinite,0,0,False
monica-campana,Monica Campana,Monica Campana,halo-campaign-evolved,halo-campaign-evolved,1,halo-campaign-evolved,0,0,False
monica-graciaortega,Monica Gracia-Ortega,Monica Gracia-Ortega,halo-infinite,halo-infinite,1,halo-infinite,0,0,False
monica-singhhaley,Monica Singh-Haley,Monica Singh-Haley,halo-mcc,halo-mcc,1,halo-mcc,0,0,False
monisha-monikantarajan,Monisha Monikantarajan,Monisha Monikantarajan,halo-mcc-2021,halo-mcc-2021,1,halo-mcc-2021,0,0,False
montana-mott,Montana Mott,Montana Mott,halo-infinite,halo-infinite,1,halo-infinite,0,0,False
mor-haba,Mor Haba,Mor Haba,halo-infinite,halo-infinite,1,halo-infinite,0,0,False
morgan-a-hill,Morgan A. Hill,Morgan A. Hill,halo-3,halo-3,1,halo-3,0,0,False
morgan-dudra,Morgan Dudra,Morgan Dudra,halo-infinite,halo-infinite,1,halo-infinite,0,0,False
morgan-lockhart,Lindsay Lockhart,Lindsay Lockhart|Lindsay Morgan Lockhart,halo-4,halo-5,2,halo-4|halo-5,3,3,False
morgan-nixon,Morgan Nixon,Morgan Nixon,halo-infinite,halo-infinite,1,halo-infinite,0,0,False
morgan-paul,Morgan Paul,Morgan Paul,halo-mcc-2021,halo-mcc-2021,1,halo-mcc-2021,0,0,False
morgan-phillips,Morgan Phillips,Morgan Phillips,halo-mcc-2021,halo-mcc-2021,1,halo-mcc-2021,0,0,False
morgan-schetzle,Morgan Schetzle,Morgan Schetzle,halo-infinite,halo-infinite,1,halo-infinite,0,0,False
morgan-woolverton,Morgan Woolverton,Morgan Woolverton,halo-5,halo-5,1,halo-5,0,0,False
morten-solgaard-pedersen,Morten Solgaard Pedersen,Morten Solgaard Pedersen,halo-infinite,halo-infinite,1,halo-infinite,0,0,False
mridul-gupta,Mridul Gupta,Mridul Gupta,halo-infinite,halo-infinite,1,halo-infinite,0,0,False
mu-di,Mu Di,Mu Di,halo-campaign-evolved,halo-campaign-evolved,1,halo-campaign-evolved,0,0,False
mu-le,Mu Le,Mu Le,halo-campaign-evolved,halo-campaign-evolved,1,halo-campaign-evolved,0,0,False
mukul-soman,Mukul Soman,Mukul Soman,halo-4,halo-5,2,halo-4|halo-5,3,3,False
mukund-agarwal,Mukund Agarwal,Mukund Agarwal,halo-infinite,halo-infinite,1,halo-infinite,0,0,False
munetaka-fuse,Munetaka Fuse,Munetaka Fuse,halo-2,halo-cea,2,halo-2|halo-cea,7,7,False
murat-demir,Murat Demir,Murat Demir,halo-mcc-2021,halo-mcc-2021,1,halo-mcc-2021,0,0,False
murilo-jones,Murilo Jones,Murilo Jones,halo-campaign-evolved,halo-campaign-evolved,1,halo-campaign-evolved,0,0,False
murphy-lucas,Murphy Lucas,Murphy Lucas,halo-infinite,halo-infinite,1,halo-infinite,0,0,False
murray-mackenzie,Murray Mackenzie,Murray Mackenzie,halo-infinite,halo-infinite,1,halo-infinite,0,0,False
myron-nettinga,Myron Nettinga,Myron Nettinga,halo-infinite,halo-infinite,1,halo-infinite,0,0,False
nabil-yared,Nabil Yared,Nabil Yared,halo-3-odst,halo-3-odst,1,halo-3-odst,0,0,False
nadia-wheaton,Nadia Wheaton,Nadia Wheaton,halo-campaign-evolved,halo-campaign-evolved,1,halo-campaign-evolved,0,0,False
nadine-lavdie,Nadine Lavdie,Nadine Lavdie|Nadine Lavoie,halo-3,halo-3,1,halo-3,0,0,False
nahil-sharkasi,Nahil Sharkasi,Nahil Sharkasi,halo-5,halo-5,1,halo-5,0,0,False
namrata-singh,Namrata Singh,Namrata Singh,halo-infinite,halo-infinite,1,halo-infinite,0,0,False
nan-sijiang,Nan Sijiang,Nan Sijiang,halo-campaign-evolved,halo-campaign-evolved,1,halo-campaign-evolved,0,0,False
nanci-severance,Nanci Severance,Nanci Severance,halo-mcc,halo-mcc,1,halo-mcc,0,0,False
nancy-ellis,Nancy Ellis,Nancy Ellis,halo-mcc,halo-mcc,1,halo-mcc,0,0,False
naomi-lane,Naomi Lane,Naomi Lane,halo-infinite,halo-infinite,1,halo-infinite,0,0,False
naomi-moone,Naomi Moone,Naomi Moone,halo-mcc-2021,halo-infinite,2,halo-mcc-2021|halo-infinite,0,0,False
naruyuki-sawada,Naruyuki Sawada,Naruyuki Sawada,halo-campaign-evolved,halo-campaign-evolved,1,halo-campaign-evolved,0,0,False
natahri-felton,Natahri Felton,Natahri Felton,halo-4,halo-4,1,halo-4,0,0,False
natalia-kondrat,Natalia Kondrat,Natalia Kondrat,halo-infinite,halo-infinite,1,halo-infinite,0,0,False
natalia-lediaeva,Natalia Lediaeva,Natalia Lediaeva,halo-mcc-2021,halo-mcc-2021,1,halo-mcc-2021,0,0,False
natalia-lesiv,Natalia Lesiv,Natalia Lesiv,halo-infinite,halo-infinite,1,halo-infinite,0,0,False
natalie-padilla,Natalie Padilla,Natalie Padilla,halo-5,halo-5,1,halo-5,0,0,False
natalie-parker,Natalie Parker,Natalie Parker,halo-mcc,halo-mcc,1,halo-mcc,0,0,False
natalie-shen,Natalie Shen,Natalie Shen,halo-4,halo-4,1,halo-4,0,0,False
natalija-milosevic,Natalija Milosevic,Natalija Milosevic,halo-campaign-evolved,halo-campaign-evolved,1,halo-campaign-evolved,0,0,False
natalya-tatarchuk,Natalya Tatarchuk,Natalya Tatarchuk,halo-3-odst,halo-3-odst,1,halo-3-odst,0,0,False
natanael-lemos,Natanael Lemos,Natanael Lemos,halo-infinite,halo-infinite,1,halo-infinite,0,0,False
nataraj,Nataraj,Nataraj,halo-reach,halo-reach,1,halo-reach,0,0,False
natasha-dobson,Natasha Dobson,Natasha Dobson,halo-campaign-evolved,halo-campaign-evolved,1,halo-campaign-evolved,0,0,False
natasha-pearl,Natasha Pearl,Natasha Pearl,halo-campaign-evolved,halo-campaign-evolved,1,halo-campaign-evolved,0,0,False
natasha-tatarchuk,Natasha Tatarchuk,Natasha Tatarchuk,halo-reach,halo-reach,1,halo-reach,0,0,False
natasha-vershilova,Natasha Vershilova,Natasha Vershilova,halo-mcc,halo-mcc,1,halo-mcc,0,0,False
nate-castronovo,Nate Castronovo,Nate Castronovo,halo-campaign-evolved,halo-campaign-evolved,1,halo-campaign-evolved,0,0,False
nate-gregory,Nate Gregory,Nate Gregory|Nathan Gregory,halo-4,halo-5,2,halo-4|halo-5,3,3,False
nate-johnson,Nathan Johnson,Nathan Johnson|Nate Johnson,halo-4,halo-5,2,halo-4|halo-5,3,3,False
nate-jones,Nate Jones,Nate Jones|Nathan A Jones,halo-mcc,halo-infinite,4,halo-mcc|halo-5|halo-mcc-2021|halo-infinite,7,6,False
nate-terhune,Nate Terhune,Nate Terhune,halo-mcc,halo-mcc,1,halo-mcc,0,0,False
nate-walpole,Nate Walpole,Nate Walpole,halo-4,halo-4,1,halo-4,0,0,False
nathan-cha,Nathan Cha,Nathan Cha,halo-mcc-2021,halo-infinite,2,halo-mcc-2021|halo-infinite,0,0,False
nathan-day,Nathan Day,Nathan Day,halo-mcc-2021,halo-mcc-2021,1,halo-mcc-2021,0,0,False
nathan-fillion,Nathan Fillion,Nathan Fillion,halo-3,halo-5,4,halo-3|halo-3-odst|halo-reach|halo-5,8,5,False
nathan-hair,Nathan Hair,Nathan Hair,halo-infinite,halo-infinite,1,halo-infinite,0,0,False
nathan-jenson,Nathan Jenson,Nathan Jenson,halo-campaign-evolved,halo-campaign-evolved,1,halo-campaign-evolved,0,0,False
nathan-k-miller,Nathan Miller,Nathan Miller,halo-5,halo-5,1,halo-5,0,0,False
nathan-kellams,Nathan Kellams,Nathan Kellams,halo-5,halo-infinite,2,halo-5|halo-infinite,6,6,False
nathan-lubetsky,Nathan Lubetsky,Nathan Lubetsky,halo-infinite,halo-infinite,1,halo-infinite,0,0,False
nathan-mates,Nathan Mates,Nathan Mates,halo-infinite,halo-infinite,1,halo-infinite,0,0,False
nathan-moller,Nathan Moller,Nathan Moller,halo-4,halo-4,1,halo-4,0,0,False
nathan-parsons,Nathan Parsons,Nathan Parsons,halo-mcc-2021,halo-mcc-2021,1,halo-mcc-2021,0,0,False
nathan-peters,Nathan Peters,Nathan Peters,halo-4,halo-4,1,halo-4,0,0,False
nathan-reed,Nathan Reed,Nathan Reed,halo-infinite,halo-infinite,1,halo-infinite,0,0,False
nathan-rinehart,Nathan Rinehart,Nathan Rinehart,halo-5,halo-5,1,halo-5,0,0,False
nathan-rodland,Nathan Rodland,Nathan Rodland,halo-3-odst,halo-3-odst,1,halo-3-odst,0,0,False
nathan-rule,Nathan Rule,Nathan Rule,halo-mcc,halo-mcc,1,halo-mcc,0,0,False
nathan-schneider,Nathan Schneider,Nathan Schneider,halo-3,halo-3,1,halo-3,0,0,False
nathan-soriano,Nathan Soriano,Nathan Soriano,halo-infinite,halo-infinite,1,halo-infinite,0,0,False
nathan-torkildson,Nathan Torkildson,Nathan Torkildson,halo-infinite,halo-infinite,1,halo-infinite,0,0,False
nathan-walpole,Nathan Walpole,Nathan Walpole,halo-2,halo-3,2,halo-2|halo-3,3,3,False
nathan-wolf,Nathan Wolf,Nathan Wolf,halo-infinite,halo-infinite,1,halo-infinite,0,0,False
nathanial-castronovo,Nathanial Castronovo,Nathanial Castronovo,halo-infinite,halo-infinite,1,halo-infinite,0,0,False
nathaniel-gieber,Nathaniel Gieber,Nathaniel Gieber,halo-campaign-evolved,halo-campaign-evolved,1,halo-campaign-evolved,0,0,False
nathaniel-johnson,Nathaniel Johnson,Nathaniel Johnson,halo-4,halo-4,1,halo-4,0,0,False
nathaniel-papadakis,Nathaniel Papadakis,Nathaniel Papadakis,halo-4,halo-4,1,halo-4,0,0,False
nathaniel-white,Nathaniel White,Nathaniel White,halo-infinite,halo-infinite,1,halo-infinite,0,0,False
navarro-parker,Navarro Parker,Navarro Parker,halo-mcc,halo-mcc,1,halo-mcc,0,0,False
naveen-syed,Naveen Syed,Naveen Syed,halo-infinite,halo-infinite,1,halo-infinite,0,0,False
ned-gasorntip,Ned Gasorntip,Ned Gasorntip,halo-5,halo-5,1,halo-5,0,0,False
neil-davidge,Neil Davidge,Neil Davidge,halo-4,halo-4,1,halo-4,0,0,False
neil-davis,Neil Davis,Neil Davis,halo-mcc,halo-mcc,1,halo-mcc,0,0,False
neil-hogan,Neil Hogan,Neil Hogan,halo-infinite,halo-infinite,1,halo-infinite,0,0,False
neil-mcknight,Neil McKnight,Neil McKnight,halo-infinite,halo-infinite,1,halo-infinite,0,0,False
neil-tuazon,Neil Tuazon,Neil Tuazon,halo-mcc-2021,halo-infinite,2,halo-mcc-2021|halo-infinite,0,0,False
neill-glancy,Neill Glancy,Neill Glancy,halo-mcc,halo-mcc,1,halo-mcc,0,0,False
neill-harrison,Neill Harrison,Neill Harrison,halo-4,halo-infinite,3,halo-4|halo-5|halo-infinite,9,6,False
nelly-kovalev,Nelly Kovalev,Nelly Kovalev,halo-mcc,halo-mcc,1,halo-mcc,0,0,False
nelson-lavin,Nelson Lavin,Nelson Lavin,halo-3-odst,halo-reach,2,halo-3-odst|halo-reach,1,1,False
nelson-ragandap,Nelson Ragandap,Nelson Ragandap,halo-infinite,halo-infinite,1,halo-infinite,0,0,False
nemo-nemiroff,Nemo Nemiroff,Nemo Nemiroff,halo-infinite,halo-infinite,1,halo-infinite,0,0,False
neptali-cisneros,Neptali Cisneros,Neptali Cisneros,halo-infinite,halo-infinite,1,halo-infinite,0,0,False
nerses-gezalyan,Nerses Gezalyan,Nerses Gezalyan,halo-cea,halo-campaign-evolved,2,halo-cea|halo-campaign-evolved,15,15,False
newwoods,NewWoods,NewWoods,halo-mcc-2021,halo-mcc-2021,1,halo-mcc-2021,0,0,False
ngo-nguyen-thanh-truc,Ngo Nguyen Thanh Truc,Ngo Nguyen Thanh Truc,halo-campaign-evolved,halo-campaign-evolved,1,halo-campaign-evolved,0,0,False
nguyen-an-tuong,Nguyen An Tuong,Nguyen An Tuong,halo-campaign-evolved,halo-campaign-evolved,1,halo-campaign-evolved,0,0,False
nguyen-chi-cong,Nguyen Chi Cong,Nguyen Chi Cong,halo-campaign-evolved,halo-campaign-evolved,1,halo-campaign-evolved,0,0,False
nguyen-cong-danh,Nguyen Cong Danh,Nguyen Cong Danh,halo-campaign-evolved,halo-campaign-evolved,1,halo-campaign-evolved,0,0,False
nguyen-duc-manh,Nguyen Duc Manh,Nguyen Duc Manh,halo-campaign-evolved,halo-campaign-evolved,1,halo-campaign-evolved,0,0,False
nguyen-duong-hong-diem,Nguyen Duong Hong Diem,Nguyen Duong Hong Diem,halo-campaign-evolved,halo-campaign-evolved,1,halo-campaign-evolved,0,0,False
nguyen-duy-thuy,Nguyen Duy Thuy,Nguyen Duy Thuy,halo-campaign-evolved,halo-campaign-evolved,1,halo-campaign-evolved,0,0,False
nguyen-giang-vy,Nguyen Giang Vy,Nguyen Giang Vy,halo-campaign-evolved,halo-campaign-evolved,1,halo-campaign-evolved,0,0,False
nguyen-hoai-nam,Nguyen Hoai Nam,Nguyen Hoai Nam,halo-campaign-evolved,halo-campaign-evolved,1,halo-campaign-evolved,0,0,False
nguyen-hoang-anh,Nguyen Hoang Anh,Nguyen Hoang Anh,halo-campaign-evolved,halo-campaign-evolved,1,halo-campaign-evolved,0,0,False
nguyen-hoang-bao,Nguyen Hoang Bao,Nguyen Hoang Bao,halo-campaign-evolved,halo-campaign-evolved,1,halo-campaign-evolved,0,0,False
nguyen-hoang-hung,Nguyen Hoang Hung,Nguyen Hoang Hung,halo-campaign-evolved,halo-campaign-evolved,1,halo-campaign-evolved,0,0,False
nguyen-hoang-long,Nguyen Hoang Long,Nguyen Hoang Long,halo-campaign-evolved,halo-campaign-evolved,1,halo-campaign-evolved,0,0,False
nguyen-hoang-phuc,Nguyen Hoang Phuc,Nguyen Hoang Phuc,halo-campaign-evolved,halo-campaign-evolved,1,halo-campaign-evolved,0,0,False
nguyen-hong-ngoc,Nguyen Hong Ngoc,Nguyen Hong Ngoc,halo-campaign-evolved,halo-campaign-evolved,1,halo-campaign-evolved,0,0,False
nguyen-huu-tho,Nguyen Huu Tho,Nguyen Huu Tho,halo-campaign-evolved,halo-campaign-evolved,1,halo-campaign-evolved,0,0,False
nguyen-huyen-thien-khoi,Nguyen Huyen Thien Khoi,Nguyen Huyen Thien Khoi,halo-campaign-evolved,halo-campaign-evolved,1,halo-campaign-evolved,0,0,False
nguyen-le-hoai-vu,Nguyen Le Hoai Vu,Nguyen Le Hoai Vu,halo-campaign-evolved,halo-campaign-evolved,1,halo-campaign-evolved,0,0,False
nguyen-le-phuong-anh,Nguyen Le Phuong Anh,Nguyen Le Phuong Anh,halo-campaign-evolved,halo-campaign-evolved,1,halo-campaign-evolved,0,0,False
nguyen-le-trung,Nguyen Le Trung,Nguyen Le Trung,halo-campaign-evolved,halo-campaign-evolved,1,halo-campaign-evolved,0,0,False
nguyen-long-duy,Nguyen Long Duy,Nguyen Long Duy,halo-campaign-evolved,halo-campaign-evolved,1,halo-campaign-evolved,0,0,False
nguyen-mai-phuong,Nguyen Mai Phuong,Nguyen Mai Phuong,halo-campaign-evolved,halo-campaign-evolved,1,halo-campaign-evolved,0,0,False
nguyen-minh-nhat,Nguyen Minh Nhat,Nguyen Minh Nhat,halo-campaign-evolved,halo-campaign-evolved,1,halo-campaign-evolved,0,0,False
nguyen-minh-thien,Nguyen Minh Thien,Nguyen Minh Thien,halo-campaign-evolved,halo-campaign-evolved,1,halo-campaign-evolved,0,0,False
nguyen-nam,Nguyen Nam,Nguyen Nam,halo-campaign-evolved,halo-campaign-evolved,1,halo-campaign-evolved,0,0,False
nguyen-ngoc-son,Nguyen Ngoc Son,Nguyen Ngoc Son,halo-campaign-evolved,halo-campaign-evolved,1,halo-campaign-evolved,0,0,False
nguyen-ngoc-tu,Nguyen Ngoc Tu,Nguyen Ngoc Tu,halo-campaign-evolved,halo-campaign-evolved,1,halo-campaign-evolved,0,0,False
nguyen-quang-phuc,Nguyen Quang Phuc,Nguyen Quang Phuc,halo-campaign-evolved,halo-campaign-evolved,1,halo-campaign-evolved,0,0,False
nguyen-quoc-anh,Nguyen Quoc Anh,Nguyen Quoc Anh,halo-campaign-evolved,halo-campaign-evolved,1,halo-campaign-evolved,0,0,False
nguyen-quoc-anh-khoa,Nguyen Quoc Anh Khoa,Nguyen Quoc Anh Khoa,halo-campaign-evolved,halo-campaign-evolved,1,halo-campaign-evolved,0,0,False
nguyen-quoc-thien-anh,Nguyen Quoc Thien Anh,Nguyen Quoc Thien Anh,halo-campaign-evolved,halo-campaign-evolved,1,halo-campaign-evolved,0,0,False
nguyen-tan-dat,Nguyen Tan Dat,Nguyen Tan Dat,halo-campaign-evolved,halo-campaign-evolved,1,halo-campaign-evolved,0,0,False
nguyen-thao-duong,Nguyen Thao Duong,Nguyen Thao Duong,halo-campaign-evolved,halo-campaign-evolved,1,halo-campaign-evolved,0,0,False
nguyen-thi-huyen-trang,Nguyen Thi Huyen Trang,Nguyen Thi Huyen Trang,halo-campaign-evolved,halo-campaign-evolved,1,halo-campaign-evolved,0,0,False
nguyen-thi-kim-anh,Nguyen Thi Kim Anh,Nguyen Thi Kim Anh,halo-campaign-evolved,halo-campaign-evolved,1,halo-campaign-evolved,0,0,False
nguyen-thi-mai-anh,Nguyen Thi Mai Anh,Nguyen Thi Mai Anh,halo-campaign-evolved,halo-campaign-evolved,1,halo-campaign-evolved,0,0,False
nguyen-thi-my-dung,Nguyen Thi My Dung,Nguyen Thi My Dung,halo-campaign-evolved,halo-campaign-evolved,1,halo-campaign-evolved,0,0,False
nguyen-thi-ngoc-huyen,Nguyen Thi Ngoc Huyen,Nguyen Thi Ngoc Huyen,halo-campaign-evolved,halo-campaign-evolved,1,halo-campaign-evolved,0,0,False
nguyen-thi-ngoc-my,Nguyen Thi Ngoc My,Nguyen Thi Ngoc My,halo-campaign-evolved,halo-campaign-evolved,1,halo-campaign-evolved,0,0,False
nguyen-thi-ngoc-que,Nguyen Thi Ngoc Que,Nguyen Thi Ngoc Que,halo-campaign-evolved,halo-campaign-evolved,1,halo-campaign-evolved,0,0,False
nguyen-thi-thu-an,Nguyen Thi Thu An,Nguyen Thi Thu An,halo-campaign-evolved,halo-campaign-evolved,1,halo-campaign-evolved,0,0,False
nguyen-thi-truc-nhu,Nguyen Thi Truc Nhu,Nguyen Thi Truc Nhu,halo-campaign-evolved,halo-campaign-evolved,1,halo-campaign-evolved,0,0,False
nguyen-thi-ut-minh,Nguyen Thi Ut Minh,Nguyen Thi Ut Minh,halo-campaign-evolved,halo-campaign-evolved,1,halo-campaign-evolved,0,0,False
nguyen-thien-quang,Nguyen Thien Quang,Nguyen Thien Quang,halo-campaign-evolved,halo-campaign-evolved,1,halo-campaign-evolved,0,0,False
nguyen-tra-giang,Nguyen Tra Giang,Nguyen Tra Giang,halo-campaign-evolved,halo-campaign-evolved,1,halo-campaign-evolved,0,0,False
nguyen-tri-dung,Nguyen Tri Dung,Nguyen Tri Dung,halo-campaign-evolved,halo-campaign-evolved,1,halo-campaign-evolved,0,0,False
nguyen-trong-hieu,Nguyen Trong Hieu,Nguyen Trong Hieu,halo-campaign-evolved,halo-campaign-evolved,1,halo-campaign-evolved,0,0,False
nguyen-trung-nguyen,Nguyen Trung Nguyen,Nguyen Trung Nguyen,halo-campaign-evolved,halo-campaign-evolved,1,halo-campaign-evolved,0,0,False
nguyen-van-ninh,Nguyen Van Ninh,Nguyen Van Ninh,halo-campaign-evolved,halo-campaign-evolved,1,halo-campaign-evolved,0,0,False
nguyen-van-thinh,Nguyen Van Thinh,Nguyen Van Thinh,halo-campaign-evolved,halo-campaign-evolved,1,halo-campaign-evolved,0,0,False
nguyen-vo-anh-minh,Nguyen Vo Anh Minh,Nguyen Vo Anh Minh,halo-campaign-evolved,halo-campaign-evolved,1,halo-campaign-evolved,0,0,False
nguyen-vu-duc-thuy,Nguyen Vu Duc Thuy,Nguyen Vu Duc Thuy,halo-campaign-evolved,halo-campaign-evolved,1,halo-campaign-evolved,0,0,False
nguyen-xuan-trung,Nguyen Xuan Trung,Nguyen Xuan Trung,halo-campaign-evolved,halo-campaign-evolved,1,halo-campaign-evolved,0,0,False
nha-van-duong,Nha Van Duong,Nha Van Duong,halo-campaign-evolved,halo-campaign-evolved,1,halo-campaign-evolved,0,0,False
nia-frame,Nia Frame,Nia Frame,halo-infinite,halo-infinite,1,halo-infinite,0,0,False
niall-acott,Niall Acott,Niall Acott,halo-4,halo-4,1,halo-4,0,0,False
niamh-marsh,Niamh Marsh,Niamh Marsh,halo-3,halo-3,1,halo-3,0,0,False
nic-taylor,Nic Taylor,Nic Taylor,halo-infinite,halo-infinite,1,halo-infinite,0,0,False
niccolo-petrelli,Niccoló Petrelli,Niccoló Petrelli,halo-cea,halo-cea,1,halo-cea,0,0,False
nicholas-a-koller,Nick Koller,Nick Koller|Nicholas A. Koller,halo-mcc,halo-5,2,halo-mcc|halo-5,1,1,False
nicholas-abby,Nicholas Abby,Nicholas Abby,halo-5,halo-5,1,halo-5,0,0,False
nicholas-apple,Nicholas Apple,Nicholas Apple,halo-3,halo-3,1,halo-3,0,0,False
nicholas-ashby,Nicholas Ashby,Nicholas Ashby,halo-5,halo-5,1,halo-5,0,0,False
nicholas-bell,Nicholas Bell,Nicholas Bell,halo-4,halo-5,2,halo-4|halo-5,3,3,False
nicholas-bird,Nicholas Bird,Nicholas Bird,halo-infinite,halo-infinite,1,halo-infinite,0,0,False
nicholas-burry,Nicholas Burry,Nicholas Burry,halo-infinite,halo-infinite,1,halo-infinite,0,0,False
nicholas-chambers,Nicholas Chambers,Nicholas Chambers,halo-campaign-evolved,halo-campaign-evolved,1,halo-campaign-evolved,0,0,False
nicholas-ekimoto,Nicholas Ekimoto,Nicholas Ekimoto,halo-infinite,halo-infinite,1,halo-infinite,0,0,False
nicholas-elgin,Nicholas Elgin,Nicholas Elgin,halo-4,halo-4,1,halo-4,0,0,False
nicholas-frechette,Nicholas Frechette,Nicholas Frechette,halo-infinite,halo-infinite,1,halo-infinite,0,0,False
nicholas-gallagher,Nicholas Gallagher,Nicholas Gallagher|Nick Gallagher,halo-4,halo-infinite,3,halo-4|halo-5|halo-infinite,9,6,False
nicholas-gerken,Nicholas Gerken,Nicholas Gerken,halo-mcc-2021,halo-mcc-2021,1,halo-mcc-2021,0,0,False
nicholas-gerrone,Nicholas Gerrone,Nicholas Gerrone|Nick Gerrone,halo-3,halo-reach,3,halo-3|halo-3-odst|halo-reach,3,2,False
nicholas-hart,Nicholas Hart,Nicholas Hart|Nicholas I. Hart,halo-4,halo-4,1,halo-4,0,0,False
nicholas-jerden,Nicholas Jerden,Nicholas Jerden,halo-3,halo-3,1,halo-3,0,0,False
nicholas-korth,Nicholas Korth,Nicholas Korth,halo-5,halo-5,1,halo-5,0,0,False
nicholas-lacroix,Nicholas LaCroix,Nicholas LaCroix,halo-infinite,halo-infinite,1,halo-infinite,0,0,False
nicholas-marcantel,Nicholas Marcantel,Nicholas Marcantel,halo-infinite,halo-infinite,1,halo-infinite,0,0,False
nicholas-smolka,Nicholas Smolka,Nicholas Smolka,halo-cea,halo-cea,1,halo-cea,0,0,False
nicholas-starner,Nicholas Starner,Nicholas Starner,halo-mcc-2021,halo-infinite,2,halo-mcc-2021|halo-infinite,0,0,False
nicholas-whitmire,Nicholas Whitmire,Nicholas Whitmire|Nick Whitmire,halo-mcc,halo-5,2,halo-mcc|halo-5,1,1,False
nicholas-wojtyna,Nicholas Wojtyna,Nicholas Wojtyna,halo-infinite,halo-infinite,1,halo-infinite,0,0,False
nick-amlag,Nick Amlag,Nick Amlag,halo-infinite,halo-infinite,1,halo-infinite,0,0,False
nick-ardizzone,Nick Ardizzone,Nick Ardizzone,halo-5,halo-5,1,halo-5,0,0,False
nick-avallone,Nick Avallone,Nick Avallone,halo-4,halo-infinite,3,halo-4|halo-5|halo-infinite,9,6,False
nick-barr,Nick Barr,Nick Barr,halo-5,halo-5,1,halo-5,0,0,False
nick-bauer,Nick Bauer,Nick Bauer,halo-5,halo-5,1,halo-5,0,0,False
nick-bodenham,Nick Bodenham,Nick Bodenham,halo-reach,halo-reach,1,halo-reach,0,0,False
nick-boehler,Nick Boehler,Nick Boehler,halo-4,halo-4,1,halo-4,0,0,False
nick-bridger,Nick Bridger,Nick Bridger,halo-mcc-2021,halo-mcc-2021,1,halo-mcc-2021,0,0,False
nick-brown,Nick Brown,Nick Brown,halo-infinite,halo-infinite,1,halo-infinite,0,0,False
nick-bygrave,Nick Bygrave,Nick Bygrave,halo-infinite,halo-campaign-evolved,2,halo-infinite|halo-campaign-evolved,5,5,False
nick-cooper,Nick Cooper,Nick Cooper,halo-5,halo-5,1,halo-5,0,0,False
nick-damato,Nick D'Amato,Nick D'Amato|Nicholas D'Amato,halo-infinite,halo-infinite,1,halo-infinite,0,0,False
nick-dimitrov,Nick Dimitrov,Nick Dimitrov,halo-4,halo-4,1,halo-4,0,0,False
nick-fowler,Nick Fowler,Nick Fowler,halo-mcc,halo-5,2,halo-mcc|halo-5,1,1,False
nick-frame,Nick Frame,Nick Frame,halo-infinite,halo-infinite,1,halo-infinite,0,0,False
nick-glenniesmith,Nick Glennie-Smith,Nick Glennie-Smith,halo-4,halo-4,1,halo-4,0,0,False
nick-govacko,Nick Govacko,Nick Govacko,halo-infinite,halo-infinite,1,halo-infinite,0,0,False
nick-hardy,Nick Hardy,Nick Hardy,halo-mcc,halo-mcc,1,halo-mcc,0,0,False
nick-harrison,Nick Harrison,Nick Harrison,halo-5,halo-infinite,2,halo-5|halo-infinite,6,6,False
nick-hiatt,Nick Hiatt,Nick Hiatt,halo-mcc,halo-mcc,1,halo-mcc,0,0,False
nick-hitchens,Nick Hitchens,Nick Hitchens,halo-5,halo-5,1,halo-5,0,0,False
nick-larson,Nick Larson,Nick Larson,halo-5,halo-5,1,halo-5,0,0,False
nick-letizia,Nick Letizia,Nick Letizia,halo-mcc,halo-mcc,1,halo-mcc,0,0,False
nick-madonna,Nick Madonna,Nick Madonna,halo-cea,halo-cea,1,halo-cea,0,0,False
nick-moiso,Nick Moiso,Nick Moiso,halo-mcc,halo-mcc,1,halo-mcc,0,0,False
nick-petrillo,Nick Petrillo,Nick Petrillo,halo-4,halo-5,2,halo-4|halo-5,3,3,False
nick-spezia,Nick Spezia,Nick Spezia,halo-infinite,halo-infinite,1,halo-infinite,0,0,False
nick-taylor,Nick Taylor,Nick Taylor,halo-infinite,halo-infinite,1,halo-infinite,0,0,False
nick-treitman,Nick Treitman,Nick Treitman,halo-infinite,halo-campaign-evolved,2,halo-infinite|halo-campaign-evolved,5,5,False
nick-wollage,Nick Wollage,Nick Wollage,halo-infinite,halo-infinite,1,halo-infinite,0,0,False
nick-zuclich,Nick Zuclich,Nick Zuclich,halo-3,halo-3,1,halo-3,0,0,False
nickolai-boulton,Nickolai Boulton,Nickolai Boulton,halo-campaign-evolved,halo-campaign-evolved,1,halo-campaign-evolved,0,0,False
nico-caro,Nico Caro,Nico Caro|Nico Cueto-Cargo',halo-infinite,halo-infinite,1,halo-infinite,0,0,False
nico-cueto-cargo,Nico Cueto Cargo,Nico Cueto Cargo|Nico Cargo,halo-mcc-2021,halo-infinite,2,halo-mcc-2021|halo-infinite,0,0,False
nicola-bichisao,Nicola Bichisao,Nicola Bichisao,halo-campaign-evolved,halo-campaign-evolved,1,halo-campaign-evolved,0,0,False
nicolas-alvarez,Nicolas Alvarez,Nicolas Alvarez,halo-4,halo-4,1,halo-4,0,0,False
nicolas-bourges,Nicolas Bourges,Nicolas Bourges,halo-mcc-2018,halo-mcc-2018,1,halo-mcc-2018,0,0,False
nicolas-bouvier,Nicolas Bouvier,"Nicolas ""sparth"" Bouvier|Nicolas Bouvier",halo-4,halo-5,2,halo-4|halo-5,3,3,False
nicolas-doffay,Nicolas d'Offay,Nicolas d'Offay,halo-mcc-2021,halo-mcc-2021,1,halo-mcc-2021,0,0,False
nicolas-francoeur,Nicolas Francoeur,Nicolas Francoeur,halo-mcc,halo-mcc,1,halo-mcc,0,0,False
nicolas-gauvin,Nicolas Gauvin,Nicolas Gauvin,halo-5,halo-5,1,halo-5,0,0,False
nicolas-roye,Nicolas Roye,Nicolas Roye,halo-infinite,halo-infinite,1,halo-infinite,0,0,False
nicolas-zuain,Nicolas Zuain,Nicolas Zuain,halo-cea,halo-cea,1,halo-cea,0,0,False
nicole-cash,Nicole Cash,Nicole Cash,halo-mcc,halo-mcc,1,halo-mcc,0,0,False
nicole-makila,Nicole Makila,Nicole Makila,halo-4,halo-5,2,halo-4|halo-5,3,3,False
nicole-owens,Nicole Owens,Nicole Owens,halo-campaign-evolved,halo-campaign-evolved,1,halo-campaign-evolved,0,0,False
nicole-takesono,Nicole Takesono,Nicole Takesono,halo-mcc,halo-mcc,1,halo-mcc,0,0,False
nicole-warner,Nicole Warner,Nicole Warner,halo-reach,halo-reach,1,halo-reach,0,0,False
nie-xingde,Nie Xingde,Nie Xingde,halo-campaign-evolved,halo-campaign-evolved,1,halo-campaign-evolved,0,0,False
nigel-black,Nigel Black,Nigel Black,halo-4,halo-5,2,halo-4|halo-5,3,3,False
nigel-rankin,Nigel Rankin,Nigel Rankin,halo-infinite,halo-campaign-evolved,2,halo-infinite|halo-campaign-evolved,5,5,False
nik-kleverov,Nik Kleverov,Nik Kleverov,halo-reach,halo-reach,1,halo-reach,0,0,False
nika-futterman,Nika Futterman,Nika Futterman,halo-3,halo-3-odst,2,halo-3|halo-3-odst,2,2,False
nikhil-potdar,Nikhil Potdar,Nikhil Potdar,halo-mcc,halo-mcc,1,halo-mcc,0,0,False
nikita-kakorin,Nikita Kakorin,Nikita Kakorin,halo-infinite,halo-infinite,1,halo-infinite,0,0,False
nikita-sinilschikov,Nikita Sinilschikov,Nikita Sinilschikov,halo-mcc-2021,halo-mcc-2021,1,halo-mcc-2021,0,0,False
nikita-zinchenko,Nikita Zinchenko,Nikita Zinchenko,halo-campaign-evolved,halo-campaign-evolved,1,halo-campaign-evolved,0,0,False
nikki-tangtiphongkul,Nikki Tangtiphongkul,Nikki Tangtiphongkul,halo-4,halo-infinite,2,halo-4|halo-infinite,9,9,False
niko-taitano,Niko Taitano,Niko Taitano,halo-5,halo-5,1,halo-5,0,0,False
nikolai-narma,Nikolai Narma,Nikolai Narma,halo-mcc-2021,halo-campaign-evolved,3,halo-mcc-2021|halo-infinite|halo-campaign-evolved,5,5,False
nikolai-siukosev,Nikolai Siukosev,Nikolai Siukosev,halo-mcc-2021,halo-mcc-2021,1,halo-mcc-2021,0,0,False
nikolas-hayes,Nikolas Hayes,Nikolas Hayes,halo-mcc,halo-mcc,1,halo-mcc,0,0,False
nikolay-demencevich,Nikolay Demencevich,Nikolay Demencevich,halo-mcc,halo-mcc,1,halo-mcc,0,0,False
nikolay-elev,Nikolay Elev,Nikolay Elev,halo-infinite,halo-infinite,1,halo-infinite,0,0,False
nikolay-eliseev,Nikolay Eliseev,Nikolay Eliseev,halo-mcc,halo-mcc,1,halo-mcc,0,0,False
nikolay-petrov,Nikolay Petrov,Nikolay Petrov,halo-mcc,halo-mcc,1,halo-mcc,0,0,False
nikolay-rapotkin,Nikolay Rapotkin,Nikolay Rapotkin,halo-infinite,halo-infinite,1,halo-infinite,0,0,False
nikolay-sladkov,Nikolay Sladkov,Nikolay Sladkov,halo-cea,halo-cea,1,halo-cea,0,0,False
nikolett-panczel,Nikolett Pánczél,Nikolett Pánczél,halo-campaign-evolved,halo-campaign-evolved,1,halo-campaign-evolved,0,0,False
nikolett-toth,Nikolett Tóth,Nikolett Tóth,halo-campaign-evolved,halo-campaign-evolved,1,halo-campaign-evolved,0,0,False
niles-rogers,Niles Rogers,Niles Rogers|Nile Rodgers,halo-reach,halo-reach,1,halo-reach,0,0,False
niles-sankey,Niles Sankey,Niles Sankey,halo-3,halo-reach,3,halo-3|halo-3-odst|halo-reach,3,2,False
nina-flyer,Nina Flyer,Nina Flyer,halo-mcc,halo-mcc,1,halo-mcc,0,0,False
nina-harrison,Nina Harrison,Nina Harrison,halo-reach,halo-reach,1,halo-reach,0,0,False
nina-marien,Nina Marien,Nina Marien,halo-mcc-2021,halo-campaign-evolved,3,halo-mcc-2021|halo-infinite|halo-campaign-evolved,5,5,False
nina-petchprapa,Nina Petchprapa,Nina Petchprapa,halo-infinite,halo-infinite,1,halo-infinite,0,0,False
nina-saldana,Nina Saldana,Nina Saldana,halo-reach,halo-reach,1,halo-reach,0,0,False
nina-tran,Nina Tran,Nina Tran,halo-campaign-evolved,halo-campaign-evolved,1,halo-campaign-evolved,0,0,False
ningna-dang,Ningna Dang,Ningna Dang,halo-mcc,halo-5,2,halo-mcc|halo-5,1,1,False
nithin-shetty,Nithin Shetty,Nithin Shetty,halo-infinite,halo-infinite,1,halo-infinite,0,0,False
niu-lina,Niu Lina,Niu Lina,halo-infinite,halo-infinite,1,halo-infinite,0,0,False
nixxi-isabella-mohilchock,Nixxi Isabella Mohilchock,Nixxi Isabella Mohilchock,halo-infinite,halo-infinite,1,halo-infinite,0,0,False
nixxi-isabelle-mohilchock,Nixxi Isabelle Mohilchock,Nixxi Isabelle Mohilchock,halo-infinite,halo-infinite,1,halo-infinite,0,0,False
niyati-wadehra,Niyati Wadehra,Niyati Wadehra,halo-campaign-evolved,halo-campaign-evolved,1,halo-campaign-evolved,0,0,False
noa-lothian,Noa Lothian,Noa Lothian,halo-4,halo-infinite,3,halo-4|halo-5|halo-infinite,9,6,False
noah-benesch,Noah Benesch,Noah Benesch,halo-mcc-2021,halo-infinite,2,halo-mcc-2021|halo-infinite,0,0,False
noah-bordner,Noah Bordner,Noah Bordner,halo-3-odst,halo-3-odst,1,halo-3-odst,0,0,False
noah-kaarbo,Noah Kaarbo,Noah Kaarbo,halo-reach,halo-reach,1,halo-reach,0,0,False
noah-musler,Noah Musler,Noah Musler|Noah P. Musler,halo-cea,halo-infinite,2,halo-cea|halo-infinite,10,10,False
noah-stavish,Noah Stavish,Noah Stavish,halo-mcc-2021,halo-infinite,2,halo-mcc-2021|halo-infinite,0,0,False
nobuko-toda,Nobuko Toda,Nobuko Toda,halo-4,halo-5,2,halo-4|halo-5,3,3,False
noel-mcginn,Noel McGinn,Noel McGinn,halo-infinite,halo-infinite,1,halo-infinite,0,0,False
noelle-mcdonald,Noelle McDonald,Noelle McDonald,halo-campaign-evolved,halo-campaign-evolved,1,halo-campaign-evolved,0,0,False
nolan-dost,Nolan Dost,Nolan Dost,halo-mcc-2021,halo-infinite,2,halo-mcc-2021|halo-infinite,0,0,False
nolan-murphy,Nolan Murphy,Nolan Murphy,halo-campaign-evolved,halo-campaign-evolved,1,halo-campaign-evolved,0,0,False
nolan-north,Nolan North,Nolan North,halo-3,halo-3-odst,2,halo-3|halo-3-odst,2,2,False
nora-hershberger,Nora Hershberger,Nora Hershberger,halo-mcc,halo-5,2,halo-mcc|halo-5,1,1,False
norbert-demecs,Norbert Demecs,Norbert Demecs,halo-campaign-evolved,halo-campaign-evolved,1,halo-campaign-evolved,0,0,False
norbert-mikus,Norbert Mikus,Norbert Mikus,halo-campaign-evolved,halo-campaign-evolved,1,halo-campaign-evolved,0,0,False
norbert-nagy,Norbert Nagy,Norbert Nagy,halo-campaign-evolved,halo-campaign-evolved,1,halo-campaign-evolved,0,0,False
norbert-varga,Norbert Varga,Norbert Varga,halo-mcc,halo-mcc,1,halo-mcc,0,0,False
norm-woodel,Norm Woodel,Norm Woodel,halo-2,halo-2,1,halo-2,0,0,False
norman-wong,Norman Wong,Norman Wong,halo-infinite,halo-infinite,1,halo-infinite,0,0,False
noshir-dalal,Noshir Dalal,Noshir Dalal,halo-infinite,halo-infinite,1,halo-infinite,0,0,False
nuria-alcocer,Nuria Alcocer,Nuria Alcocer,halo-campaign-evolved,halo-campaign-evolved,1,halo-campaign-evolved,0,0,False
octavio-martinez-morales,Octavio Martínez Morales,Octavio Martínez Morales,halo-campaign-evolved,halo-campaign-evolved,1,halo-campaign-evolved,0,0,False
ognian-bonev,Ognian Bonev,Ognian Bonev,halo-mcc,halo-mcc,1,halo-mcc,0,0,False
ognyan-georgiev,Ognyan Georgiev,Ognyan Georgiev,halo-infinite,halo-infinite,1,halo-infinite,0,0,False
oksana-kraeva,Oksana Kraeva,Oksana Kraeva,halo-infinite,halo-infinite,1,halo-infinite,0,0,False
oleg-arefev,Oleg Arefev,Oleg Arefev,halo-mcc-2021,halo-mcc-2021,1,halo-mcc-2021,0,0,False
oleg-baluk,Oleg Baluk,Oleg Baluk,halo-mcc,halo-mcc,1,halo-mcc,0,0,False
oleg-dolgikh,Oleg Dolgikh,Oleg Dolgikh,halo-infinite,halo-campaign-evolved,2,halo-infinite|halo-campaign-evolved,5,5,False
oleg-kuznetsov,Oleg Kuznetsov,Oleg Kuznetsov,halo-mcc-2021,halo-mcc-2021,1,halo-mcc-2021,0,0,False
oleksandr-kharkov,Oleksandr Kharkov,Oleksandr Kharkov,halo-campaign-evolved,halo-campaign-evolved,1,halo-campaign-evolved,0,0,False
oleksandr-lichkovakha,Oleksandr Lichkovakha,Oleksandr Lichkovakha,halo-campaign-evolved,halo-campaign-evolved,1,halo-campaign-evolved,0,0,False
oleksandra-hlushchenko,Oleksandra Hlushchenko,Oleksandra Hlushchenko,halo-campaign-evolved,halo-campaign-evolved,1,halo-campaign-evolved,0,0,False
oleksii-havrysh,Oleksii Havrysh,Oleksii Havrysh,halo-infinite,halo-infinite,1,halo-infinite,0,0,False
oleksii-ivanov,Oleksii Ivanov,Oleksii Ivanov,halo-infinite,halo-infinite,1,halo-infinite,0,0,False
olga-cheremisova,Olga Cheremisova,Olga Cheremisova,halo-cea,halo-cea,1,halo-cea,0,0,False
olga-dvurechenskaya,Olga Dvurechenskaya,Olga Dvurechenskaya,halo-mcc,halo-mcc,1,halo-mcc,0,0,False
olga-gasanova,Olga Gasanova,Olga Gasanova,halo-infinite,halo-infinite,1,halo-infinite,0,0,False
olga-sannikova,Olga Sannikova,Olga Sannikova,halo-infinite,halo-infinite,1,halo-infinite,0,0,False
olga-shalagina,Olga Shalagina,Olga Shalagina,halo-infinite,halo-infinite,1,halo-infinite,0,0,False
olga-spraiter,Olga Spraiter,Olga Spraiter,halo-infinite,halo-infinite,1,halo-infinite,0,0,False
olga-zawalak,Olga Zawalak,Olga Zawalak,halo-infinite,halo-infinite,1,halo-infinite,0,0,False
olga-zinoveva,Olga Zinoveva,Olga Zinoveva,halo-5,halo-5,1,halo-5,0,0,False
oli-langford,Oli Langford,Oli Langford,halo-5,halo-5,1,halo-5,0,0,False
olive-chou,Olive Chou,Olive Chou,halo-infinite,halo-infinite,1,halo-infinite,0,0,False
oliver-gyorffy,Olivér Győrffy,Olivér Győrffy,halo-campaign-evolved,halo-campaign-evolved,1,halo-campaign-evolved,0,0,False
oliver-hollis,Oliver Hollis,Oliver Hollis,halo-cea,halo-cea,1,halo-cea,0,0,False
oliver-miyashita,Oliver Miyashita,Oliver Miyashita,halo-cea,halo-cea,1,halo-cea,0,0,False
oliver-parcasio,Oliver Parcasio,Oliver Parcasio,halo-mcc,halo-mcc,1,halo-mcc,0,0,False
oliver-reeves,Oliver Reeves,Oliver Reeves,halo-reach,halo-cea,2,halo-reach|halo-cea,1,1,False
oliver-regueiro-fernandez,Oliver Regueiro Fernandez,Oliver Regueiro Fernandez|Oliver Regueiro,halo-4,halo-infinite,3,halo-4|halo-5|halo-infinite,9,6,False
olivia-volarich,Olivia Volarich,Olivia Volarich,halo-infinite,halo-infinite,1,halo-infinite,0,0,False
olivier-bil-leeman,Olivier Bil Leeman,Olivier Bil Leeman,halo-5,halo-5,1,halo-5,0,0,False
olivier-lhermite,Olivier Lhermite,Olivier Lhermite,halo-mcc-2021,halo-mcc-2021,1,halo-mcc-2021,0,0,False
omar-aweidah,Omar Aweidah,Omar Aweidah,halo-mcc,halo-mcc,1,halo-mcc,0,0,False
omar-guzman,Omar Guzman,Omar Guzman,halo-infinite,halo-infinite,1,halo-infinite,0,0,False
omar-pino,Omar Pino,Omar Pino,halo-infinite,halo-infinite,1,halo-infinite,0,0,False
omari-mccarthy,Omari McCarthy,Omari McCarthy,halo-infinite,halo-infinite,1,halo-infinite,0,0,False
omer-younas,Omer Younas,Omer Younas,halo-infinite,halo-infinite,1,halo-infinite,0,0,False
omid-moradi,Omid Moradi,Omid Moradi,halo-infinite,halo-infinite,1,halo-infinite,0,0,False
ondraus-jenkins,Ondraus Jenkins,Ondraus Jenkins,halo-3-odst,halo-reach,2,halo-3-odst|halo-reach,1,1,False
orienth-reyes,Orienth Reyes,Orienth Reyes,halo-campaign-evolved,halo-campaign-evolved,1,halo-campaign-evolved,0,0,False
orlando-chen,Orlando Chen,Orlando Chen,halo-infinite,halo-infinite,1,halo-infinite,0,0,False
orlando-jones,Orlando Jones,Orlando Jones,halo-2,halo-2,1,halo-2,0,0,False
orlando-riscajche,Orlando Riscajche,Orlando Riscajche,halo-infinite,halo-infinite,1,halo-infinite,0,0,False
oscar-araque-valera,Oscar Araque Valera,Oscar Araque Valera,halo-infinite,halo-infinite,1,halo-infinite,0,0,False
oscar-rojas,Oscar Rojas,Oscar Rojas,halo-campaign-evolved,halo-campaign-evolved,1,halo-campaign-evolved,0,0,False
oswaldo-hernandez-gonzalez,Oswaldo Hernandez,Oswaldo Hernandez|Oswaldo Hernández González,halo-infinite,halo-campaign-evolved,2,halo-infinite|halo-campaign-evolved,5,5,False
othon-tejada,Othon Tejada,Othon Tejada,halo-infinite,halo-infinite,1,halo-infinite,0,0,False
owen-ibnhasan,Owen Ibn-Hasan,Owen Ibn-Hasan,halo-mcc-2021,halo-mcc-2021,1,halo-mcc-2021,0,0,False
owen-jascoe,Owen Jascoe,Owen Jascoe,halo-infinite,halo-infinite,1,halo-infinite,0,0,False
owen-jungeman,Owen Jungeman,Owen Jungeman,halo-3,halo-3,1,halo-3,0,0,False
owen-slade,Owen Slade,Owen Slade,halo-4,halo-5,2,halo-4|halo-5,3,3,False
pablo-bosch,Pablo Bosch,Pablo Bosch,halo-infinite,halo-infinite,1,halo-infinite,0,0,False
pablo-fernandez,Pablo Fernandez,Pablo Fernandez,halo-infinite,halo-infinite,1,halo-infinite,0,0,False
pablo-palmier,Pablo Palmier,Pablo Palmier,halo-campaign-evolved,halo-campaign-evolved,1,halo-campaign-evolved,0,0,False
paige-johnson,Paige Johnson,Paige Johnson,halo-infinite,halo-infinite,1,halo-infinite,0,0,False
paisha,Paisha,Paisha,halo-4,halo-5,2,halo-4|halo-5,3,3,False
paisha-coffey,Paisha Coffey,Paisha Coffey,halo-4,halo-5,2,halo-4|halo-5,3,3,False
pali-bobby,Pali Bobby,Pali Bobby,halo-infinite,halo-infinite,1,halo-infinite,0,0,False
paltineau-ovidiu,Paltineau Ovidiu,Paltineau Ovidiu,halo-campaign-evolved,halo-campaign-evolved,1,halo-campaign-evolved,0,0,False
pamela-chow,Pamela Chow,Pamela Chow|Pamela S. Chow,halo-mcc,halo-mcc,1,halo-mcc,0,0,False
pamela-freund,Pamela Freund,Pamela Freund,halo-mcc,halo-mcc,1,halo-mcc,0,0,False
pan-yujie,Pan Yujie,Pan Yujie,halo-campaign-evolved,halo-campaign-evolved,1,halo-campaign-evolved,0,0,False
pankaj-chauhan,Pankaj Chauhan,Pankaj Chauhan,halo-infinite,halo-infinite,1,halo-infinite,0,0,False
paolo-lorenzino,Paolo Lorenzino,Paolo Lorenzino,halo-campaign-evolved,halo-campaign-evolved,1,halo-campaign-evolved,0,0,False
parker-waite,Parker Waite,Parker Waite,halo-infinite,halo-infinite,1,halo-infinite,0,0,False
parker-won,Parker Won,Parker Won,halo-infinite,halo-infinite,1,halo-infinite,0,0,False
pascal-gane,Pascal Gane,Pascal Gane,halo-mcc-2021,halo-mcc-2021,1,halo-mcc-2021,0,0,False
pasha-guba,Pasha Guba,Pasha Guba,halo-infinite,halo-infinite,1,halo-infinite,0,0,False
pasha-sol,Pasha Sol,Pasha Sol,halo-infinite,halo-infinite,1,halo-infinite,0,0,False
pat-duke,Pat Duke,Pat Duke,halo-reach,halo-reach,1,halo-reach,0,0,False
pat-jandro,Pat Jandro,Pat Jandro,halo-3-odst,halo-reach,2,halo-3-odst|halo-reach,1,1,False
patricia-czekmany,Patrícia Czékmány,Patrícia Czékmány,halo-campaign-evolved,halo-campaign-evolved,1,halo-campaign-evolved,0,0,False
patricia-heller,Patricia Heller,Patricia Heller,halo-mcc,halo-mcc,1,halo-mcc,0,0,False
patricia-perez-civera,Patricia Pérez Civera,Patricia Pérez Civera,halo-campaign-evolved,halo-campaign-evolved,1,halo-campaign-evolved,0,0,False
patricia-sullivan,Patricia Sullivan,Patricia Sullivan,halo-mcc,halo-mcc,1,halo-mcc,0,0,False
patrick-bergman,Patrick Bergman,Patrick Bergman,halo-infinite,halo-infinite,1,halo-infinite,0,0,False
patrick-bradley,Patrick Bradley,Patrick Bradley,halo-reach,halo-reach,1,halo-reach,0,0,False
patrick-bryan,Patrick Bryan,Patrick Bryan,halo-5,halo-infinite,2,halo-5|halo-infinite,6,6,False
patrick-collins,Patrick Collins,Patrick Collins,halo-mcc-2021,halo-mcc-2021,1,halo-mcc-2021,0,0,False
patrick-d-conaboy,Pat Conaboy,Pat Conaboy|Patrick D Conaboy,halo-mcc,halo-5,2,halo-mcc|halo-5,1,1,False
patrick-daly,Patrick Daly,Patrick Daly,halo-4,halo-4,1,halo-4,0,0,False
patrick-downs,Patrick Downs,Patrick Downs,halo-5,halo-5,1,halo-5,0,0,False
patrick-dugan,Patrick Dugan,Patrick Dugan,halo-4,halo-4,1,halo-4,0,0,False
patrick-gallagher,Patrick Galagher,Patrick Galagher|Patrick Gallagher,halo-reach,halo-reach,1,halo-reach,0,0,False
patrick-gillette,Patrick Gillette,Patrick Gillette|Pat Gillette,halo-reach,halo-infinite,4,halo-reach|halo-4|halo-5|halo-infinite,11,6,False
patrick-ginn,Patrick Ginn,Patrick Ginn,halo-campaign-evolved,halo-campaign-evolved,1,halo-campaign-evolved,0,0,False
patrick-gresko,Patrick Gresko,Patrick Gresko,halo-infinite,halo-infinite,1,halo-infinite,0,0,False
patrick-hammond,Patrick Hammond,Patrick Hammond,halo-5,halo-infinite,2,halo-5|halo-infinite,6,6,False
patrick-kiernan,Patrick Kiernan,Patrick Kiernan,halo-5,halo-5,1,halo-5,0,0,False
patrick-laukaitis,Patrick Laukaitis,Patrick Laukaitis,halo-infinite,halo-infinite,1,halo-infinite,0,0,False
patrick-marko,Patrick Marko,Patrick Marko,halo-mcc-2021,halo-campaign-evolved,3,halo-mcc-2021|halo-infinite|halo-campaign-evolved,5,5,False
patrick-mccarthy,Patrick McCarthy,Patrick McCarthy,halo-mcc,halo-mcc,1,halo-mcc,0,0,False
patrick-o-kelley,Patrick O' Kelley,Patrick O' Kelley|Patrick O'Kelley,halo-3-odst,halo-reach,2,halo-3-odst|halo-reach,1,1,False
patrick-orr,Patrick Orr,Patrick Orr,halo-3,halo-3,1,halo-3,0,0,False
patrick-pacheco,Patrick Pacheco,Patrick Pacheco,halo-campaign-evolved,halo-campaign-evolved,1,halo-campaign-evolved,0,0,False
patrick-spranger,Patrick Spranger,Patrick Spranger,halo-infinite,halo-infinite,1,halo-infinite,0,0,False
patrick-steitz,Patrick Seitz,Patrick Seitz|Patrick Steitz,halo-5,halo-infinite,2,halo-5|halo-infinite,6,6,False
patrick-stuart-chigges,Patrick Stuart Chigges,Patrick Stuart Chigges,halo-mcc-2021,halo-infinite,2,halo-mcc-2021|halo-infinite,0,0,False
patrick-sutton,Patrick Sutton,Patrick Sutton,halo-5,halo-5,1,halo-5,0,0,False
patrick-wren,Patrick Wren,Patrick Wren,halo-5,halo-infinite,2,halo-5|halo-infinite,6,6,False
patrik-nyilka,Patrik Nyilka,Patrik Nyilka,halo-campaign-evolved,halo-campaign-evolved,1,halo-campaign-evolved,0,0,False
patryk-manikowski,Patryk Manikowski,Patryk Manikowski,halo-mcc,halo-mcc,1,halo-mcc,0,0,False
patryk-pawelec,Patryk Pawelec,Patryk Pawelec,halo-campaign-evolved,halo-campaign-evolved,1,halo-campaign-evolved,0,0,False
pau-beltran-gabarron,Pau Beltrán Gabarrón,Pau Beltrán Gabarrón,halo-campaign-evolved,halo-campaign-evolved,1,halo-campaign-evolved,0,0,False
paul-alexander,Paul Alexander,Paul Alexander,halo-mcc-2021,halo-infinite,2,halo-mcc-2021|halo-infinite,0,0,False
paul-allen,Paul Allen,Paul Allen,halo-mcc,halo-mcc,1,halo-mcc,0,0,False
paul-baker,Paul Baker,Paul Baker,halo-infinite,halo-infinite,1,halo-infinite,0,0,False
paul-bertone,Paul Bertone,Paul Bertone|Paul Bertone Jr.,halo-ce,halo-reach,5,halo-ce|halo-2|halo-3|halo-3-odst|halo-reach,9,3,False
paul-bleisch,Paul Bleisch,Paul Bleisch,halo-infinite,halo-campaign-evolved,2,halo-infinite|halo-campaign-evolved,5,5,False
paul-branch,Paul Branch,Paul Branch,halo-5,halo-5,1,halo-5,0,0,False
paul-brandl,Paul Brandl,Paul Brandl,halo-3-odst,halo-3-odst,1,halo-3-odst,0,0,False
paul-bronowski,Paul Bronowski,Paul Bronowski,halo-infinite,halo-infinite,1,halo-infinite,0,0,False
paul-cassidy,Paul Cassidy,Paul Cassidy,halo-5,halo-5,1,halo-5,0,0,False
paul-christian,Paul Christian,Paul Christian,halo-5,halo-5,1,halo-5,0,0,False
paul-clarvis,Paul Clarvis,Paul Clarvis,halo-5,halo-5,1,halo-5,0,0,False
paul-clift,Paul Clift,Paul Clift,halo-ce,halo-3,3,halo-ce|halo-2|halo-3,6,3,False
paul-conrad,Paul Conrad,Paul Conrad,halo-3-odst,halo-cea,3,halo-3-odst|halo-reach|halo-cea,2,1,False
paul-conry,Paul Conry,Paul Conry,halo-mcc-2021,halo-mcc-2021,1,halo-mcc-2021,0,0,False
paul-crocker,Paul Crocker,Paul Crocker,halo-infinite,halo-infinite,1,halo-infinite,0,0,False
paul-dave-malla,Paul Dave Malla,Paul Dave Malla,halo-infinite,halo-infinite,1,halo-infinite,0,0,False
paul-dykstra,Paul Dykstra,Paul Dykstra,halo-infinite,halo-infinite,1,halo-infinite,0,0,False
paul-ehreth,Paul Ehreth,Paul Ehreth,halo-4,halo-4,1,halo-4,0,0,False
paul-featherstone,Paul Featherstone Jr.,Paul Featherstone Jr.|Paul Featherstone,halo-4,halo-5,3,halo-4|halo-mcc|halo-5,3,2,False
paul-gradwohl,Paul Gradwohl,Paul Gradwohl|Paul H. Gradwohl,halo-3,halo-infinite,6,halo-3|halo-reach|halo-cea|halo-4|halo-mcc-2021|halo-infinite,14,9,False
paul-grimes,Paul Grimes,Paul Grimes,halo-3,halo-3,1,halo-3,0,0,False
paul-h-grad-wohl,Paul H. Grad Wohl,Paul H. Grad Wohl,halo-3-odst,halo-3-odst,1,halo-3-odst,0,0,False
paul-haban,Paul Haban,Paul Haban,halo-infinite,halo-infinite,1,halo-infinite,0,0,False
paul-hackner,Paul Hackner,Paul Hackner,halo-infinite,halo-infinite,1,halo-infinite,0,0,False
paul-huang,Paul Huang,Paul Huang,halo-mcc,halo-mcc,1,halo-mcc,0,0,False
paul-isaac,Paul Isaac,Paul Isaac,halo-4,halo-infinite,2,halo-4|halo-infinite,9,9,False
paul-kegg,Paul Kegg,Paul Kegg,halo-5,halo-5,1,halo-5,0,0,False
paul-large,Paul Large,Paul Large,halo-mcc-2021,halo-mcc-2021,1,halo-mcc-2021,0,0,False
paul-lewellen,Paul Lewellen,Paul Lewellen,halo-3-odst,halo-reach,2,halo-3-odst|halo-reach,1,1,False
paul-lin,Paul Lin,Paul Lin,halo-campaign-evolved,halo-campaign-evolved,1,halo-campaign-evolved,0,0,False
paul-lipson,Paul Lipson,Paul Lipson,halo-cea,halo-campaign-evolved,4,halo-cea|halo-mcc|halo-mcc-2021|halo-campaign-evolved,15,7,False
paul-lyttle,Paul Lyttle,Paul Lyttle,halo-mcc,halo-mcc,1,halo-mcc,0,0,False
paul-m-alvarez-del-castillo,Paul M. Alvarez del Castillo,Paul M. Alvarez del Castillo,halo-mcc,halo-mcc,1,halo-mcc,0,0,False
paul-miller,Paul Miller,Paul Miller,halo-infinite,halo-infinite,1,halo-infinite,0,0,False
paul-morris,Paul Morris,Paul Morris,halo-3,halo-campaign-evolved,3,halo-3|halo-3-odst|halo-campaign-evolved,19,17,False
paul-murray,Paul Murray,Paul Murray,halo-infinite,halo-infinite,1,halo-infinite,0,0,False
paul-newson,Paul Newson,Paul Newson,halo-3,halo-3,1,halo-3,0,0,False
paul-obrien,Paul O'Brien,Paul O'Brien,halo-3,halo-3,1,halo-3,0,0,False
paul-orbine,Paul Orbine,Paul Orbine,halo-4,halo-4,1,halo-4,0,0,False
paul-parsons,Paul Parsons,Paul Parsons,halo-4,halo-5,2,halo-4|halo-5,3,3,False
paul-pederson,Paul Pederson,Paul Pederson,halo-ce,halo-ce,1,halo-ce,0,0,False
paul-pepera,Paul Pepera,Paul Pepera,halo-4,halo-4,1,halo-4,0,0,False
paul-pislea,Paul Pislea,Paul Pislea,halo-infinite,halo-infinite,1,halo-infinite,0,0,False
paul-pritchard,Paul Pritchard,Paul Pritchard,halo-4,halo-4,1,halo-4,0,0,False
paul-pulanco,Paul Pulanco,Paul Pulanco,halo-4,halo-4,1,halo-4,0,0,False
paul-reitz,Paul Reitz,Paul Reitz,halo-mcc,halo-mcc,1,halo-mcc,0,0,False
paul-richards,Paul Richards,Paul Richards,halo-4,halo-4,1,halo-4,0,0,False
paul-russel,Paul Russel,Paul Russel,halo-ce,halo-cea,6,halo-ce|halo-2|halo-3|halo-3-odst|halo-reach|halo-cea,10,3,False
paul-smirnov,Paul Smirnov,Paul Smirnov,halo-mcc,halo-mcc,1,halo-mcc,0,0,False
paul-stoughton,Paul Stoughton,Paul Stoughton,halo-mcc,halo-mcc,1,halo-mcc,0,0,False
paul-thompson,Paul Thompson,Paul Thompson,halo-mcc,halo-mcc,1,halo-mcc,0,0,False
paul-vosper,Paul Vosper,Paul Vosper,halo-3-odst,halo-reach,2,halo-3-odst|halo-reach,1,1,False
paul-walton,Paul Walton,Paul Walton,halo-4,halo-4,1,halo-4,0,0,False
paul-wellumson,Paul Wellumson,Paul Wellumson,halo-4,halo-4,1,halo-4,0,0,False
paul-willey,Paul Willey,Paul Willey,halo-5,halo-5,1,halo-5,0,0,False
paula-garcia-suarez,Paula García Suárez,Paula García Suárez,halo-mcc-2021,halo-mcc-2021,1,halo-mcc-2021,0,0,False
paula-oconnor,Paula O'Connor,Paula O'Connor,halo-campaign-evolved,halo-campaign-evolved,1,halo-campaign-evolved,0,0,False
paula-yuan,Paula Yuan,Paula Yuan,halo-infinite,halo-infinite,1,halo-infinite,0,0,False
paulina-waszczuk,Paulina Waszczuk,Paulina Waszczuk,halo-mcc,halo-mcc,1,halo-mcc,0,0,False
pauline-lecomte,Pauline Lecomte,Pauline Lecomte,halo-infinite,halo-infinite,1,halo-infinite,0,0,False
pavan-kumar-kurimilla,Pavan Kumar Kurimilla,Pavan Kumar Kurimilla|Pavan Kurimilla,halo-4,halo-5,3,halo-4|halo-mcc|halo-5,3,2,False
pavel-baryshnikov,Pavel Baryshnikov,Pavel Baryshnikov,halo-cea,halo-cea,1,halo-cea,0,0,False
pavel-belov,Pavel Belov,Pavel Belov,halo-cea,halo-cea,1,halo-cea,0,0,False
pavel-borodin,Pavel Borodin,Pavel Borodin,halo-mcc-2021,halo-mcc-2021,1,halo-mcc-2021,0,0,False
pavel-boyarko,Pavel Boyarko,Pavel Boyarko,halo-mcc-2021,halo-mcc-2021,1,halo-mcc-2021,0,0,False
pavel-dmitrievskiy,Pavel Dmitrievskiy,Pavel Dmitrievskiy,halo-mcc,halo-mcc,1,halo-mcc,0,0,False
pavel-dmitrov,Pavel Dmitrov,Pavel Dmitrov,halo-mcc,halo-mcc,1,halo-mcc,0,0,False
pavel-grachev,Pavel Grachev,Pavel Grachev,halo-cea,halo-cea,1,halo-cea,0,0,False
pavel-kozhevnikov,Pavel Kozhevnikov,Pavel Kozhevnikov,halo-infinite,halo-infinite,1,halo-infinite,0,0,False
pavel-kuznetsov,Pavel Kuznetsov,Pavel Kuznetsov,halo-cea,halo-cea,1,halo-cea,0,0,False
pavel-makarov,Pavel Makarov,Pavel Makarov,halo-mcc-2021,halo-mcc-2021,1,halo-mcc-2021,0,0,False
pavel-malakhov,Pavel Malakhov,Pavel Malakhov,halo-infinite,halo-infinite,1,halo-infinite,0,0,False
pavel-martishevsky,Pavel Martishevsky,Pavel Martishevsky,halo-infinite,halo-infinite,1,halo-infinite,0,0,False
pavel-rodionov,Pavel Rodionov,Pavel Rodionov,halo-mcc-2021,halo-mcc-2021,1,halo-mcc-2021,0,0,False
pavel-ryzhkov,Pavel Ryzhkov,Pavel Ryzhkov,halo-cea,halo-cea,1,halo-cea,0,0,False
pavel-sdobnikov,Pavel Sdobnikov,Pavel Sdobnikov,halo-mcc-2021,halo-mcc-2021,1,halo-mcc-2021,0,0,False
pavel-teplyanskiy,Pavel Teplyanskiy,Pavel Teplyanskiy,halo-cea,halo-cea,1,halo-cea,0,0,False
pavel-zagrebelnyiy,Pavel Zagrebelnyiy,Pavel Zagrebelnyiy,halo-cea,halo-cea,1,halo-cea,0,0,False
pavel-zarubkin,Pavel Zarubkin,Pavel Zarubkin,halo-campaign-evolved,halo-campaign-evolved,1,halo-campaign-evolved,0,0,False
pawan-kumar-rawat,Pawan Kumar Rawat,Pawan Kumar Rawat,halo-infinite,halo-infinite,1,halo-infinite,0,0,False
pawe-prykaszczyk,Paweł Prykaszczyk,Paweł Prykaszczyk,halo-mcc-2021,halo-mcc-2021,1,halo-mcc-2021,0,0,False
pawe-wojcik,Paweł Wójcik,Paweł Wójcik,halo-campaign-evolved,halo-campaign-evolved,1,halo-campaign-evolved,0,0,False
pawel-piekarski,Pawel Piekarski,Pawel Piekarski,halo-infinite,halo-infinite,1,halo-infinite,0,0,False
pawel-szklarski,Pawel Szklarski,Pawel Szklarski,halo-infinite,halo-infinite,1,halo-infinite,0,0,False
pax-helgesen,Pax Helgesen,Pax Helgesen|Paxson Helgesen,halo-infinite,halo-infinite,1,halo-infinite,0,0,False
payton-young,Payton Young,Payton Young,halo-mcc-2021,halo-mcc-2021,1,halo-mcc-2021,0,0,False
pedro-dandrea,Pedro D'Andrea,Pedro D'Andrea|Pedro Camacho D'Andrea,halo-infinite,halo-infinite,1,halo-infinite,0,0,False
pedro-oliveira,Pedro Oliveira,Pedro Oliveira,halo-campaign-evolved,halo-campaign-evolved,1,halo-campaign-evolved,0,0,False
peer-heinrich,Peer Heinrich,Peer Heinrich,halo-cea,halo-cea,1,halo-cea,0,0,False
pei-changhong,Pei Changhong,Pei Changhong,halo-campaign-evolved,halo-campaign-evolved,1,halo-campaign-evolved,0,0,False
penny-ferreiras,Penny Ferreiras,Penny Ferreiras,halo-infinite,halo-campaign-evolved,2,halo-infinite|halo-campaign-evolved,5,5,False
peret-von-sturmer,Peret Von Sturmer,Peret Von Sturmer,halo-infinite,halo-infinite,1,halo-infinite,0,0,False
pericles-michielin,Pericles Michielin,Pericles Michielin,halo-mcc,halo-mcc,1,halo-mcc,0,0,False
perry-montaguemason,Perry Montague-Mason,Perry Montague-Mason,halo-5,halo-5,1,halo-5,0,0,False
perry-ordway,Perry Ordway,Perry Ordway,halo-mcc,halo-mcc,1,halo-mcc,0,0,False
perry-randall,Perry Randall,Perry Randall,halo-mcc,halo-mcc,1,halo-mcc,0,0,False
petar-kotevski,Petar Kotevski,Petar Kotevski,halo-3,halo-reach,2,halo-3|halo-reach,3,3,False
pete-demoreuille,Pete Demoreuille,Pete Demoreuille,halo-ce,halo-ce,1,halo-ce,0,0,False
pete-lale,Pete Lale,Pete Lale,halo-5,halo-5,1,halo-5,0,0,False
pete-parsons,Pete Parsons,Pete Parsons,halo-2,halo-reach,2,halo-2|halo-reach,6,6,False
pete-petraitis,Pete Petraitis,Pete Petraitis|Peter Petraitis,halo-infinite,halo-infinite,1,halo-infinite,0,0,False
pete-quickert,Pete Quickert,Pete Quickert|Peter Quickert,halo-5,halo-infinite,2,halo-5|halo-infinite,6,6,False
pete-smith,Pete Smith,Pete Smith|Peter Smith,halo-5,halo-5,1,halo-5,0,0,False
pete-stacker,Pete Stacker,Pete Stacker,halo-ce,halo-campaign-evolved,9,halo-ce|halo-2|halo-3|halo-3-odst|halo-reach|halo-cea|halo-4|halo-infinite|halo-campaign-evolved,25,9,False
peter-anderson,Peter Anderson,Peter Anderson,halo-campaign-evolved,halo-campaign-evolved,1,halo-campaign-evolved,0,0,False
peter-beck,Peter Beck,Peter Beck,halo-infinite,halo-infinite,1,halo-infinite,0,0,False
peter-bikki,Peter Bikki,Peter Bikki,halo-campaign-evolved,halo-campaign-evolved,1,halo-campaign-evolved,0,0,False
peter-burzynski,Peter Burzynski,Peter Burzynski,halo-4,halo-5,2,halo-4|halo-5,3,3,False
peter-carter,Peter Carter,Peter Carter,halo-cea,halo-4,2,halo-cea|halo-4,1,1,False
peter-cobbin,Peter Cobbin,Peter Cobbin,halo-5,halo-5,1,halo-5,0,0,False
peter-comley,Peter Comley,Peter Comley,halo-3,halo-4,3,halo-3|halo-3-odst|halo-4,5,3,False
peter-fasi,Péter Fási,Péter Fási,halo-campaign-evolved,halo-campaign-evolved,1,halo-campaign-evolved,0,0,False
peter-fitzpatrick,Peter Fitzpatrick,Peter Fitzpatrick,halo-2,halo-3,2,halo-2|halo-3,3,3,False
peter-galambosi-nagy,Péter Galambosi Nagy,Péter Galambosi Nagy,halo-campaign-evolved,halo-campaign-evolved,1,halo-campaign-evolved,0,0,False
peter-giffin,Peter Giffin,Peter Giffin,halo-mcc-2021,halo-mcc-2021,1,halo-mcc-2021,0,0,False
peter-kalmar,Péter Kalmár,Péter Kalmár,halo-campaign-evolved,halo-campaign-evolved,1,halo-campaign-evolved,0,0,False
peter-klaebe,Peter Klaebe,Peter Klaebe,halo-cea,halo-mcc,3,halo-cea|halo-4|halo-mcc,3,2,False
peter-konig,Peter Konig,Peter Konig,halo-4,halo-4,1,halo-4,0,0,False
peter-kugler,Peter Kugler,Peter Kugler,halo-3-odst,halo-4,3,halo-3-odst|halo-reach|halo-4,3,2,False
peter-lolley,Peter Lolley,Peter Lolley,halo-mcc,halo-mcc,1,halo-mcc,0,0,False
peter-marks,Peter Marks,Peter Marks,halo-ce,halo-ce,1,halo-ce,0,0,False
peter-martin,Peter Martin,Peter Martin,halo-campaign-evolved,halo-campaign-evolved,1,halo-campaign-evolved,0,0,False
peter-mohacsi,Péter Mohácsi,Péter Mohácsi,halo-campaign-evolved,halo-campaign-evolved,1,halo-campaign-evolved,0,0,False
peter-naujoks,Peter Naujoks,Peter Naujoks,halo-campaign-evolved,halo-campaign-evolved,1,halo-campaign-evolved,0,0,False
peter-nemeth,Péter Németh,Péter Németh,halo-campaign-evolved,halo-campaign-evolved,1,halo-campaign-evolved,0,0,False
peter-nowacki,Peter Nowacki,Peter Nowacki,halo-infinite,halo-infinite,1,halo-infinite,0,0,False
peter-obrien,Peter O'Brien,Peter O'Brien,halo-reach,halo-reach,1,halo-reach,0,0,False
peter-pdx-drescher,Peter “PDX” Drescher,Peter “PDX” Drescher,halo-mcc-2021,halo-mcc-2021,1,halo-mcc-2021,0,0,False
peter-pike-sloan,Peter Pike Sloan,Peter Pike Sloan,halo-3,halo-3,1,halo-3,0,0,False
peter-raynolds,Peter Raynolds,Peter Raynolds|Peter Reynolds,halo-3,halo-3-odst,2,halo-3|halo-3-odst,2,2,False
peter-rotter,Peter Rotter,Peter Rotter,halo-4,halo-4,1,halo-4,0,0,False
peter-sanitra,Peter Sanitra,Peter Sanitra,halo-mcc,halo-mcc,1,halo-mcc,0,0,False
peter-schuster,Peter Schuster,Peter Schuster,halo-5,halo-campaign-evolved,3,halo-5|halo-infinite|halo-campaign-evolved,11,6,False
peter-scott,Peter Scott,Peter Scott,halo-mcc,halo-mcc,1,halo-mcc,0,0,False
peter-skovsbo,Peter Skovsbo,Peter Skovsbo,halo-3,halo-3,1,halo-3,0,0,False
peter-steinbach,Peter Steinbach,Peter Steinbach,halo-cea,halo-cea,1,halo-cea,0,0,False
peter-tran,Peter Tran,Peter Tran,halo-5,halo-campaign-evolved,3,halo-5|halo-infinite|halo-campaign-evolved,11,6,False
peter-tuff,Peter Tuff,Peter Tuff,halo-mcc,halo-mcc,1,halo-mcc,0,0,False
peter-wahrhaftig,Peter Wahrhaftig,Peter Wahrhaftig,halo-mcc,halo-mcc,1,halo-mcc,0,0,False
peter-wilman,Peter Wilman,Peter Wilman|Peter Wildman,halo-mcc,halo-5,2,halo-mcc|halo-5,1,1,False
peter-zinda,"Peter Zinda, MPSE, IESD","Peter Zinda, MPSE, IESD|Peter Zinda",halo-cea,halo-cea,1,halo-cea,0,0,False
petey-lee-winfield,Petey Lee Winfield,Petey Lee Winfield,halo-3,halo-3,1,halo-3,0,0,False
petr-kudryashov,Petr Kudryashov,Petr Kudryashov,halo-cea,halo-cea,1,halo-cea,0,0,False
petra-goodrich,Petra Goodrich,Petra Goodrich,halo-infinite,halo-infinite,1,halo-infinite,0,0,False
pham-hong-ngoc,Pham Hong Ngoc,Pham Hong Ngoc,halo-campaign-evolved,halo-campaign-evolved,1,halo-campaign-evolved,0,0,False
pham-ky-nam,Pham Ky Nam,Pham Ky Nam,halo-campaign-evolved,halo-campaign-evolved,1,halo-campaign-evolved,0,0,False
pham-manh-dat,Pham Manh Dat,Pham Manh Dat,halo-campaign-evolved,halo-campaign-evolved,1,halo-campaign-evolved,0,0,False
pham-thi-phi-yen,Pham Thi Phi Yen,Pham Thi Phi Yen,halo-campaign-evolved,halo-campaign-evolved,1,halo-campaign-evolved,0,0,False
pham-thien-huy,Pham Thien Huy,Pham Thien Huy,halo-campaign-evolved,halo-campaign-evolved,1,halo-campaign-evolved,0,0,False
pham-tran-thanh-nam,Pham Tran Thanh Nam,Pham Tran Thanh Nam,halo-campaign-evolved,halo-campaign-evolved,1,halo-campaign-evolved,0,0,False
pham-van-nam,Pham Van Nam,Pham Van Nam,halo-campaign-evolved,halo-campaign-evolved,1,halo-campaign-evolved,0,0,False
phan-chi-tam,Phan Chi Tam,Phan Chi Tam,halo-campaign-evolved,halo-campaign-evolved,1,halo-campaign-evolved,0,0,False
phan-doan-anh-nhat,Phan Doan Anh Nhat,Phan Doan Anh Nhat,halo-campaign-evolved,halo-campaign-evolved,1,halo-campaign-evolved,0,0,False
phan-minh-tri,Phan Minh Tri,Phan Minh Tri,halo-campaign-evolved,halo-campaign-evolved,1,halo-campaign-evolved,0,0,False
phan-minh-tuan,Phan Minh Tuan,Phan Minh Tuan,halo-campaign-evolved,halo-campaign-evolved,1,halo-campaign-evolved,0,0,False
phan-quang-thuc,Phan Quang Thuc,Phan Quang Thuc,halo-campaign-evolved,halo-campaign-evolved,1,halo-campaign-evolved,0,0,False
phani-ram-deekshitula,Phani Ram Deekshitula,Phani Ram Deekshitula,halo-mcc,halo-mcc,1,halo-mcc,0,0,False
phantasia-jendro,Phantasia Jendro,Phantasia Jendro,halo-infinite,halo-campaign-evolved,2,halo-infinite|halo-campaign-evolved,5,5,False
phil-booth,Phil Booth,Phil Booth,halo-infinite,halo-infinite,1,halo-infinite,0,0,False
phil-bridley,Phil Bridley,Phil Bridley,halo-mcc-2021,halo-mcc-2021,1,halo-mcc-2021,0,0,False
phil-cobb,Phil Cobb,Phil Cobb,halo-5,halo-5,1,halo-5,0,0,False
phil-dettorre,Phil Dettorre,Phil Dettorre|Phillip Dettorre,halo-infinite,halo-infinite,1,halo-infinite,0,0,False
phil-knights,Phil Knights,Phil Knights,halo-5,halo-5,1,halo-5,0,0,False
phil-liu,Phil Liu,Phil Liu,halo-5,halo-5,1,halo-5,0,0,False
phil-moore,Phil Moore,Phil Moore,halo-mcc,halo-mcc,1,halo-mcc,0,0,False
phil-nguyen,Phil Nguyen,Phil Nguyen,halo-4,halo-4,1,halo-4,0,0,False
phil-spencer,Phil Spencer,Phil Spencer,halo-4,halo-4,1,halo-4,0,0,False
phil-wattenbarger,Phil Wattenbarger,Phil Wattenbarger,halo-cea,halo-4,2,halo-cea|halo-4,1,1,False
philip-asselin,Philip Asselin,Philip Asselin,halo-campaign-evolved,halo-campaign-evolved,1,halo-campaign-evolved,0,0,False
philip-duff,Philip Duff,Philip Duff,halo-mcc-2021,halo-mcc-2021,1,halo-mcc-2021,0,0,False
philip-eastop,Philip Eastop,Philip Eastop,halo-5,halo-5,1,halo-5,0,0,False
philip-kauffman,Philip Kauffman,Philip Kauffman|Phil Kauffman|Phil Kauffmann,halo-3,halo-reach,3,halo-3|halo-3-odst|halo-reach,3,2,False
philip-purol,Philip Purol,Philip Purol,halo-infinite,halo-infinite,1,halo-infinite,0,0,False
philip-zahoruyko,Philip Zahoruyko,Philip Zahoruyko,halo-reach,halo-mcc,2,halo-reach|halo-mcc,4,4,False
philipp-buschauer,Philipp Buschauer,Philipp Buschauer,halo-infinite,halo-infinite,1,halo-infinite,0,0,False
philipp-otschonovsky,Philipp Otschonovsky,Philipp Otschonovsky,halo-campaign-evolved,halo-campaign-evolved,1,halo-campaign-evolved,0,0,False
philippe-honore,Philippe Honore,Philippe Honore,halo-5,halo-5,1,halo-5,0,0,False
philippe-zerounian,Philippe Zerounian,Philippe Zerounian,halo-3,halo-3-odst,2,halo-3|halo-3-odst,2,2,False
phillip-anthony-rodriguez,Phillip Anthony Rodriguez,Phillip Anthony Rodriguez|Philip Anthony-Rodriguez,halo-reach,halo-reach,1,halo-reach,0,0,False
phillip-harvey,Phillip Harvey,Phillip Harvey,halo-mcc-2021,halo-infinite,2,halo-mcc-2021|halo-infinite,0,0,False
phillip-sheets,Phillip Sheets,Phillip Sheets,halo-infinite,halo-infinite,1,halo-infinite,0,0,False
phillip-tapia,Phillip Tapia,Phillip Tapia,halo-infinite,halo-infinite,1,halo-infinite,0,0,False
phillip-trelford,Phillip Trelford,Phillip Trelford,halo-3,halo-3,1,halo-3,0,0,False
phiphat-pinyosophon,Phiphat Pinyosophon,Phiphat Pinyosophon,halo-infinite,halo-infinite,1,halo-infinite,0,0,False
phoenix-cheng,Phoenix Cheng,Phoenix Cheng,halo-3,halo-3,1,halo-3,0,0,False
phu-giang,Phu Giang,Phu Giang,halo-cea,halo-cea,1,halo-cea,0,0,False
phung-gia-bao,Phung Gia Bao,Phung Gia Bao,halo-campaign-evolved,halo-campaign-evolved,1,halo-campaign-evolved,0,0,False
phung-nhat-lam,Phung Nhat Lam,Phung Nhat Lam,halo-campaign-evolved,halo-campaign-evolved,1,halo-campaign-evolved,0,0,False
phuong-tran,Phuong Tran,Phuong Tran,halo-infinite,halo-infinite,1,halo-infinite,0,0,False
pierce-otoole,Pierce O'Toole,Pierce O'Toole|Pierce O’Toole,halo-5,halo-infinite,2,halo-5|halo-infinite,6,6,False
pierce-soderquist,Pierce Soderquist,Pierce Soderquist,halo-mcc,halo-mcc,1,halo-mcc,0,0,False
pierre-hintze,Pierre Hintze,Pierre Hintze,halo-mcc-2021,halo-campaign-evolved,3,halo-mcc-2021|halo-infinite|halo-campaign-evolved,5,5,False
pierre-rivest,Pierre Rivest,Pierre Rivest,halo-4,halo-4,1,halo-4,0,0,False
pierreantoine-cohade,Pierre-Antoine Cohade,Pierre-Antoine Cohade,halo-campaign-evolved,halo-campaign-evolved,1,halo-campaign-evolved,0,0,False
pieter-wycoff,Pieter Wycoff,Pieter Wycoff,halo-2,halo-2,1,halo-2,0,0,False
pina-visconti,Pina Visconti,Pina Visconti,halo-infinite,halo-infinite,1,halo-infinite,0,0,False
pingping-hsia,Ping-Ping Hsia,Ping-Ping Hsia,halo-5,halo-5,1,halo-5,0,0,False
pinzhi-chen,Pinzhi Chen,Pinzhi Chen,halo-infinite,halo-infinite,1,halo-infinite,0,0,False
piotr-cieslak,Piotr Cieślak,Piotr Cieślak,halo-mcc,halo-mcc,1,halo-mcc,0,0,False
piotr-nasirau,Piotr Nasirau,Piotr Nasirau,halo-mcc,halo-mcc,1,halo-mcc,0,0,False
piotr-ponton-or-owski,Piotr “Ponton” Orłowski,Piotr “Ponton” Orłowski,halo-campaign-evolved,halo-campaign-evolved,1,halo-campaign-evolved,0,0,False
piotr-rybacki,Piotr Rybacki,Piotr Rybacki,halo-infinite,halo-infinite,1,halo-infinite,0,0,False
plamen-penchev,Plamen Penchev,Plamen Penchev,halo-infinite,halo-infinite,1,halo-infinite,0,0,False
polina-alimpieva,Polina Alimpieva,Polina Alimpieva,halo-infinite,halo-infinite,1,halo-infinite,0,0,False
polina-khachenkova,Polina Khachenkova,Polina Khachenkova,halo-infinite,halo-infinite,1,halo-infinite,0,0,False
polina-tsybulska,Polina Tsybulska,Polina Tsybulska,halo-campaign-evolved,halo-campaign-evolved,1,halo-campaign-evolved,0,0,False
polly-malan,Polly Malan,Polly Malan,halo-mcc,halo-mcc,1,halo-mcc,0,0,False
pontsho-maseko,Pontsho Maseko,Pontsho Maseko,halo-infinite,halo-infinite,1,halo-infinite,0,0,False
pooya-ghobadpour,Pooya Ghobadpour,Pooya Ghobadpour,halo-mcc,halo-mcc,1,halo-mcc,0,0,False
prabhjot-singh,Prabhjot Singh,Prabhjot Singh,halo-infinite,halo-infinite,1,halo-infinite,0,0,False
pradeep-manocha,Pradeep Manocha,Pradeep Manocha,halo-infinite,halo-infinite,1,halo-infinite,0,0,False
pradeep-sahai,Pradeep Sahai,Pradeep Sahai,halo-infinite,halo-infinite,1,halo-infinite,0,0,False
praneeth-kallu,Praneeth Kallu,Praneeth Kallu,halo-mcc,halo-mcc,1,halo-mcc,0,0,False
prasad-kondaveeti,Prasad Kondaveeti,Prasad Kondaveeti,halo-mcc-2021,halo-campaign-evolved,3,halo-mcc-2021|halo-infinite|halo-campaign-evolved,5,5,False
praveen-moodley-nadaraju,Praveen Moodley Nadaraju,Praveen Moodley Nadaraju,halo-3,halo-3,1,halo-3,0,0,False
prescott-beals,Prescott Beals,Prescott Beals,halo-mcc-2021,halo-campaign-evolved,3,halo-mcc-2021|halo-infinite|halo-campaign-evolved,5,5,False
presley-felker,Presley Felker,Presley Felker,halo-infinite,halo-infinite,1,halo-infinite,0,0,False
primo-adriano-pulanco,Primo Adriano Pulanco,Primo Adriano Pulanco|Primo Pulanco,halo-3,halo-4,2,halo-3|halo-4,5,5,False
prince-ukoha,Prince Ukoha,Prince Ukoha,halo-campaign-evolved,halo-campaign-evolved,1,halo-campaign-evolved,0,0,False
priyam-dutta,Priyam Dutta,Priyam Dutta,halo-infinite,halo-infinite,1,halo-infinite,0,0,False
pu-yiwen,Pu Yiwen,Pu Yiwen,halo-campaign-evolved,halo-campaign-evolved,1,halo-campaign-evolved,0,0,False
puneet,Puneet,Puneet,halo-infinite,halo-infinite,1,halo-infinite,0,0,False
puneet-hariharan,Puneet Hariharan,Puneet Hariharan,halo-4,halo-4,1,halo-4,0,0,False
qa-manager,QA Manager,QA Manager,halo-mcc-2021,halo-mcc-2021,1,halo-mcc-2021,0,0,False
qi-chenqian,Qi Chenqian,Qi Chenqian,halo-campaign-evolved,halo-campaign-evolved,1,halo-campaign-evolved,0,0,False
qian-zhang,Qian Zhang,Qian Zhang,halo-infinite,halo-infinite,1,halo-infinite,0,0,False
qiao-fange,Qiao Fange,Qiao Fange,halo-campaign-evolved,halo-campaign-evolved,1,halo-campaign-evolved,0,0,False
qiao-shenlan,Qiao Shenlan,Qiao Shenlan,halo-campaign-evolved,halo-campaign-evolved,1,halo-campaign-evolved,0,0,False
qin-dongchen,Qin Dongchen,Qin Dongchen,halo-campaign-evolved,halo-campaign-evolved,1,halo-campaign-evolved,0,0,False
qin-fuwang,Qin Fuwang,Qin Fuwang,halo-campaign-evolved,halo-campaign-evolved,1,halo-campaign-evolved,0,0,False
qin-hu,Qin Hu,Qin Hu,halo-5,halo-infinite,2,halo-5|halo-infinite,6,6,False
qin-lulu,Qin Lulu,Qin Lulu,halo-campaign-evolved,halo-campaign-evolved,1,halo-campaign-evolved,0,0,False
qin-xin-a,Qin Xin_a,Qin Xin_a,halo-campaign-evolved,halo-campaign-evolved,1,halo-campaign-evolved,0,0,False
qin-yingzhen,Qin Yingzhen,Qin Yingzhen,halo-campaign-evolved,halo-campaign-evolved,1,halo-campaign-evolved,0,0,False
qiu-jinlong,Qiu Jinlong,Qiu Jinlong,halo-campaign-evolved,halo-campaign-evolved,1,halo-campaign-evolved,0,0,False
qu-zhipeng,Qu Zhipeng,Qu Zhipeng,halo-campaign-evolved,halo-campaign-evolved,1,halo-campaign-evolved,0,0,False
quach-tu-tran,Quach Tu Tran,Quach Tu Tran,halo-campaign-evolved,halo-campaign-evolved,1,halo-campaign-evolved,0,0,False
quentin-arnold-rezin,Quentin Arnold Rezin,Quentin Arnold Rezin|Quentin Rezin,halo-4,halo-4,1,halo-4,0,0,False
quetzal-aguilar,Quetzal Aguilar,Quetzal Aguilar,halo-infinite,halo-infinite,1,halo-infinite,0,0,False
quetzal-aguilar-dominguez,Quetzal Aguilar Dominguez,Quetzal Aguilar Dominguez,halo-infinite,halo-infinite,1,halo-infinite,0,0,False
quinn-delhoyo,Quinn DelHoyo,Quinn DelHoyo,halo-5,halo-infinite,2,halo-5|halo-infinite,6,6,False
quinn-reilly,Quinn Reilly,Quinn Reilly,halo-infinite,halo-infinite,1,halo-infinite,0,0,False
quinn-spence,Quinn Spence,Quinn Spence,halo-mcc-2021,halo-infinite,2,halo-mcc-2021|halo-infinite,0,0,False
quinton-prince,Quinton Prince,Quinton Prince,halo-infinite,halo-infinite,1,halo-infinite,0,0,False
r-j-ranola,R. J. Ranola,R. J. Ranola,halo-4,halo-4,1,halo-4,0,0,False
rabab-rabbani,Rabab Rabbani,Rabab Rabbani,halo-campaign-evolved,halo-campaign-evolved,1,halo-campaign-evolved,0,0,False
rachael-downing,Rachael Downing,Rachael Downing,halo-infinite,halo-infinite,1,halo-infinite,0,0,False
rachael-schulz,Rachael Schulz,Rachael Schulz|Rachael Jaye Schulz,halo-infinite,halo-infinite,1,halo-infinite,0,0,False
rachel-bolt,Rachel Bolt,Rachel Bolt,halo-5,halo-5,1,halo-5,0,0,False
rachel-clark,Rachel Clark,Rachel Clark,halo-infinite,halo-infinite,1,halo-infinite,0,0,False
rachel-rosenbloom,Rachel Rosenbloom,Rachel Rosenbloom,halo-5,halo-infinite,2,halo-5|halo-infinite,6,6,False
rachel-varnell,Rachel Varnell,Rachel Varnell,halo-campaign-evolved,halo-campaign-evolved,1,halo-campaign-evolved,0,0,False
rachelle-bilbruck,Rachelle Bilbruck,Rachelle Bilbruck,halo-4,halo-5,3,halo-4|halo-mcc|halo-5,3,2,False
rachelle-helmkamp,Rachelle Helmkamp,Rachelle Helmkamp,halo-mcc,halo-mcc,1,halo-mcc,0,0,False
rachelle-perry,Rachelle Perry,Rachelle Perry,halo-mcc,halo-mcc,1,halo-mcc,0,0,False
rados-aw-klasa,Radosław Klasa,Radosław Klasa,halo-infinite,halo-infinite,1,halo-infinite,0,0,False
radu-moraru,Radu Moraru,Radu Moraru,halo-infinite,halo-infinite,1,halo-infinite,0,0,False
rae-chen,Rae Chen,Rae Chen,halo-4,halo-5,2,halo-4|halo-5,3,3,False
rafa-clemente-torres,Rafa Clemente Torres,Rafa Clemente Torres,halo-mcc-2021,halo-mcc-2021,1,halo-mcc-2021,0,0,False
rafa-gesumunno,Rafał Gesumunno,Rafał Gesumunno,halo-campaign-evolved,halo-campaign-evolved,1,halo-campaign-evolved,0,0,False
rafa-kowalczyk,Rafał Kowalczyk,Rafał Kowalczyk,halo-campaign-evolved,halo-campaign-evolved,1,halo-campaign-evolved,0,0,False
rafa-wojda,Rafał Wojda,Rafał Wojda,halo-mcc,halo-mcc,1,halo-mcc,0,0,False
rafael-amarante,Rafael Amarante,Rafael Amarante,halo-mcc,halo-mcc,1,halo-mcc,0,0,False
rafael-chies,Rafael Chies,Rafael Chies,halo-infinite,halo-infinite,1,halo-infinite,0,0,False
rafael-martinez-tarin,Rafael Martinez Tarin,Rafael Martinez Tarin,halo-mcc-2021,halo-mcc-2021,1,halo-mcc-2021,0,0,False
raghav-narula,Raghav Narula,Raghav Narula,halo-mcc-2021,halo-mcc-2021,1,halo-mcc-2021,0,0,False
rahsaan-green,Rahsaan Green,Rahsaan Green,halo-3,halo-5,2,halo-3|halo-5,8,8,False
rahul-shrimali,Rahul Shrimali,Rahul Shrimali,halo-mcc,halo-mcc,1,halo-mcc,0,0,False
raio-smakpunt,Raio Smakpunt,Raio Smakpunt,halo-infinite,halo-infinite,1,halo-infinite,0,0,False
raj-nattam,Raj Nattam,Raj Nattam|Rajeev Nattam,halo-3,halo-reach,3,halo-3|halo-3-odst|halo-reach,3,2,False
rajesh-a-deshpande,Rajesh A Deshpande,Rajesh A Deshpande,halo-mcc,halo-mcc,1,halo-mcc,0,0,False
rakesh-kapadiya,Rakesh Kapadiya,Rakesh Kapadiya,halo-infinite,halo-infinite,1,halo-infinite,0,0,False
ralf-herbrich,Ralf Herbrich,Ralf Herbrich,halo-3,halo-3,1,halo-3,0,0,False
ralph-de-souza,Ralph De Souza,Ralph De Souza,halo-5,halo-5,1,halo-5,0,0,False
ralph-egas,Ralph Egas,Ralph Egas,halo-mcc-2021,halo-mcc-2021,1,halo-mcc-2021,0,0,False
ralphie-agenar,Ralphie Agenar,Ralphie Agenar,halo-infinite,halo-infinite,1,halo-infinite,0,0,False
ramesh-khairandish,Ramesh Khairandish,Ramesh Khairandish,halo-mcc-2021,halo-mcc-2021,1,halo-mcc-2021,0,0,False
ramiro-galan,Ramiro Galan,Ramiro Galan,halo-5,halo-5,1,halo-5,0,0,False
ran-pengsong,Ran Pengsong,Ran Pengsong,halo-campaign-evolved,halo-campaign-evolved,1,halo-campaign-evolved,0,0,False
randal-shaffer,Randal Shaffer,Randal Shaffer,halo-5,halo-5,1,halo-5,0,0,False
randall-ng,Randall Ng,Randall Ng,halo-4,halo-5,2,halo-4|halo-5,3,3,False
randy-archer,Randy Archer,Randy Archer,halo-5,halo-5,1,halo-5,0,0,False
randy-croson,Randy Croson,Randy Croson,halo-infinite,halo-campaign-evolved,2,halo-infinite|halo-campaign-evolved,5,5,False
randy-pagulayan,Randy Pagulayan,Randy Pagulayan,halo-2,halo-3,2,halo-2|halo-3,3,3,False
randy-wells,Randy Wells,Randy Wells,halo-infinite,halo-infinite,1,halo-infinite,0,0,False
randy-wood,Randy Wood,Randy Wood,halo-4,halo-4,1,halo-4,0,0,False
raquel-hayner,Raquel Hayner,Raquel Hayner,halo-campaign-evolved,halo-campaign-evolved,1,halo-campaign-evolved,0,0,False
raul-montes,Raul Montes,Raul Montes,halo-infinite,halo-infinite,1,halo-infinite,0,0,False
ravinder-singh,Ravinder Singh,Ravinder Singh,halo-infinite,halo-infinite,1,halo-infinite,0,0,False
ravinunt-andrew-sudangnoi,Ravinunt Andrew Sudangnoi,Ravinunt Andrew Sudangnoi,halo-infinite,halo-infinite,1,halo-infinite,0,0,False
ravjeet-singh,Ravjeet Singh,Ravjeet Singh,halo-infinite,halo-infinite,1,halo-infinite,0,0,False
ray-almaden,Ray Almaden,Ray Almaden|Raymond Almaden,halo-4,halo-4,1,halo-4,0,0,False
ray-broscovak,Ray Broscovak,Ray Broscovak,halo-3-odst,halo-reach,2,halo-3-odst|halo-reach,1,1,False
ray-butchko,Ray Butchko,Ray Butchko|Raymond Butchko,halo-4,halo-5,2,halo-4|halo-5,3,3,False
ray-chase,Ray Chase,Ray Chase,halo-infinite,halo-infinite,1,halo-infinite,0,0,False
ray-derryberry,Ray Derryberry,Ray Derryberry,halo-mcc,halo-mcc,1,halo-mcc,0,0,False
rayce-mortensen,Rayce Mortensen,Rayce Mortensen,halo-infinite,halo-infinite,1,halo-infinite,0,0,False
raymond-arriaga,Raymond Arriaga,Raymond Arriaga,halo-mcc,halo-mcc,1,halo-mcc,0,0,False
raymond-nham,Raymond Nham,Raymond Nham,halo-mcc-2021,halo-infinite,2,halo-mcc-2021|halo-infinite,0,0,False
raymond-usher,Raymond Usher,Raymond Usher,halo-mcc-2021,halo-mcc-2021,1,halo-mcc-2021,0,0,False
raymundo-jactthar,Raymundo Jactthar,Raymundo Jactthar|Ray Jactthar,halo-infinite,halo-campaign-evolved,2,halo-infinite|halo-campaign-evolved,5,5,False
realm-lovejoy,Realm Lovejoy,Realm Lovejoy,halo-5,halo-5,1,halo-5,0,0,False
rebecca-guertin,Rebecca Guertin,Rebecca Guertin,halo-infinite,halo-infinite,1,halo-infinite,0,0,False
rebecca-hanusack,Rebecca Hanusack,Rebecca Hanusack,halo-campaign-evolved,halo-campaign-evolved,1,halo-campaign-evolved,0,0,False
rebecca-hordern,Rebecca Hordern,Rebecca Hordern,halo-infinite,halo-infinite,1,halo-infinite,0,0,False
rebecca-howell,Rebecca Howell,Rebecca Howell,halo-infinite,halo-infinite,1,halo-infinite,0,0,False
rebecca-wallace,Rebecca Wallace,Rebecca Wallace,halo-mcc,halo-mcc,1,halo-mcc,0,0,False
reden-kristoffer-victa,Reden Kristoffer Victa,Reden Kristoffer Victa,halo-mcc-2021,halo-mcc-2021,1,halo-mcc-2021,0,0,False
reed-lawrenson,Reed Lawrenson,Reed Lawrenson,halo-3,halo-3,1,halo-3,0,0,False
reed-mosby,Reed Mosby,Reed Mosby,halo-infinite,halo-infinite,1,halo-infinite,0,0,False
reed-rector,Reed Rector,Reed Rector,halo-4,halo-infinite,3,halo-4|halo-5|halo-infinite,9,6,False
reema-ishaque,Reema Ishaque,Reema Ishaque,halo-mcc-2021,halo-mcc-2021,1,halo-mcc-2021,0,0,False
reese-dalton,Reese Dalton,Reese Dalton,halo-campaign-evolved,halo-campaign-evolved,1,halo-campaign-evolved,0,0,False
regis-jerry,Regis Jerry,Regis Jerry,halo-mcc-2021,halo-mcc-2021,1,halo-mcc-2021,0,0,False
reiad-chibah,Reiad Chibah,Reiad Chibah,halo-5,halo-5,1,halo-5,0,0,False
reid-borsuk,Reid Borsuk,Reid Borsuk,halo-infinite,halo-infinite,1,halo-infinite,0,0,False
reid-johnson,Reid Johnson,Reid Johnson,halo-infinite,halo-infinite,1,halo-infinite,0,0,False
remi-racine,Rémi Racine,Rémi Racine,halo-mcc-2018,halo-mcc-2018,1,halo-mcc-2018,0,0,False
remzey-sharif,Remzey Sharif,Remzey Sharif,halo-infinite,halo-infinite,1,halo-infinite,0,0,False
ren-huaiyu,Ren Huaiyu,Ren Huaiyu,halo-campaign-evolved,halo-campaign-evolved,1,halo-campaign-evolved,0,0,False
ren-leifan,Ren Leifan,Ren Leifan,halo-campaign-evolved,halo-campaign-evolved,1,halo-campaign-evolved,0,0,False
renae-wetsig,Renae Wetsig,Renae Wetsig,halo-3-odst,halo-reach,2,halo-3-odst|halo-reach,1,1,False
renat-salimgareev,Renat Salimgareev,Renat Salimgareev,halo-cea,halo-cea,1,halo-cea,0,0,False
renata-paiva-alexandre-de-brito,Renata Paiva Alexandre de Brito,Renata Paiva Alexandre de Brito,halo-cea,halo-cea,1,halo-cea,0,0,False
rene-aigner,René Aigner,René Aigner,halo-infinite,halo-infinite,1,halo-infinite,0,0,False
renee-beasley,Renee Beasley,Renee Beasley,halo-5,halo-5,1,halo-5,0,0,False
resat-dogan,Reşat Doğan,Reşat Doğan,halo-campaign-evolved,halo-campaign-evolved,1,halo-campaign-evolved,0,0,False
reuben-dunnington,Reuben Dunnington,Reuben Dunnington,halo-infinite,halo-infinite,1,halo-infinite,0,0,False
rewant-verma,Rewant Verma,Rewant Verma,halo-mcc-2021,halo-mcc-2021,1,halo-mcc-2021,0,0,False
rex-waters,Rex Waters,Rex Waters,halo-infinite,halo-infinite,1,halo-infinite,0,0,False
rey-brassard,Rey Brassard,Rey Brassard,halo-infinite,halo-infinite,1,halo-infinite,0,0,False
reynaldo-montelongo,Reynaldo Montelongo,Reynaldo Montelongo,halo-infinite,halo-infinite,1,halo-infinite,0,0,False
reynaldo-palomino-echeandia,Reynaldo Palomino Echeandia,Reynaldo Palomino Echeandia,halo-campaign-evolved,halo-campaign-evolved,1,halo-campaign-evolved,0,0,False
reynolds-montelongo,Reynolds Montelongo,Reynolds Montelongo,halo-infinite,halo-infinite,1,halo-infinite,0,0,False
reza-elghazi,Reza Elghazi,Reza Elghazi,halo-mcc-2021,halo-infinite,2,halo-mcc-2021|halo-infinite,0,0,False
rhona-scott,Rhona Scott,Rhona Scott,halo-infinite,halo-infinite,1,halo-infinite,0,0,False
rial-lerum,Rial Lerum,Rial Lerum,halo-mcc,halo-mcc,1,halo-mcc,0,0,False
ricardo-gasca,Ricardo Gasca,Ricardo Gasca,halo-2,halo-2,1,halo-2,0,0,False
rich-vogel,Rich Vogel,Rich Vogel|Richard Vogel,halo-infinite,halo-infinite,1,halo-infinite,0,0,False
rich-wickham,Rich Wickham,Rich Wickham,halo-3-odst,halo-3-odst,1,halo-3-odst,0,0,False
richard-berry,Richard Berry,Richard Berry,halo-5,halo-5,1,halo-5,0,0,False
richard-bissill,Richard Bissill,Richard Bissill,halo-5,halo-5,1,halo-5,0,0,False
richard-chen,Richard Chen,Richard Chen,halo-3-odst,halo-mcc-2021,2,halo-3-odst|halo-mcc-2021,12,12,False
richard-cookson,Richard Cookson,Richard Cookson,halo-5,halo-5,1,halo-5,0,0,False
richard-edwards,Richard Edwards,Richard Edwards,halo-5,halo-5,1,halo-5,0,0,False
richard-elchamaa,Richard El-Chamaa,Richard El-Chamaa,halo-mcc-2021,halo-mcc-2021,1,halo-mcc-2021,0,0,False
richard-eteson,Richard Eteson,Richard Eteson,halo-5,halo-5,1,halo-5,0,0,False
richard-hawkes,Richard Hawkes,Richard Hawkes,halo-5,halo-infinite,2,halo-5|halo-infinite,6,6,False
richard-heinz-jr,Richard Heinz Jr.,Richard Heinz Jr.,halo-mcc-2021,halo-mcc-2021,1,halo-mcc-2021,0,0,False
richard-hoberg,Richard Hoberg,Richard Hoberg|Rick Hoberg,halo-4,halo-5,2,halo-4|halo-5,3,3,False
richard-horvitz,Richard Horvitz,Richard Horvitz|Richard Steven Horvitz,halo-4,halo-4,1,halo-4,0,0,False
richard-jolly,Richard Jolly,Richard Jolly,halo-mcc-2021,halo-mcc-2021,1,halo-mcc-2021,0,0,False
richard-lamb,Richard Lamb,Richard Lamb,halo-infinite,halo-infinite,1,halo-infinite,0,0,False
richard-le,Richard Le,Richard Le,halo-5,halo-infinite,2,halo-5|halo-infinite,6,6,False
richard-lico,Richard Lico,Richard Lico,halo-3-odst,halo-reach,2,halo-3-odst|halo-reach,1,1,False
richard-meier,Richard Meier,Richard Meier,halo-infinite,halo-infinite,1,halo-infinite,0,0,False
richard-moretti,Richard Moretti,Richard Moretti,halo-mcc-2021,halo-infinite,2,halo-mcc-2021|halo-infinite,0,0,False
richard-myers,Richard Myers,Richard Myers,halo-mcc-2021,halo-infinite,2,halo-mcc-2021|halo-infinite,0,0,False
richard-orth,Richard Orth,Richard Orth,halo-mcc,halo-mcc,1,halo-mcc,0,0,False
richard-pryce,Richard Pryce,Richard Pryce,halo-5,halo-5,1,halo-5,0,0,False
richard-ralfe,Richard Ralfe,Richard Ralfe,halo-mcc-2021,halo-mcc-2021,1,halo-mcc-2021,0,0,False
richard-reyes,Richard Reyes,Richard Reyes,halo-infinite,halo-infinite,1,halo-infinite,0,0,False
richard-riccardi,Richard Riccardi,Richard Riccardi,halo-mcc,halo-mcc,1,halo-mcc,0,0,False
richard-rosenberg,Richard Rosenberg,Richard Rosenberg,halo-campaign-evolved,halo-campaign-evolved,1,halo-campaign-evolved,0,0,False
richard-saadat,Richard Saadat,Richard Saadat,halo-infinite,halo-infinite,1,halo-infinite,0,0,False
richard-sherry,Richard Sherry,Richard Sherry,halo-infinite,halo-campaign-evolved,2,halo-infinite|halo-campaign-evolved,5,5,False
richard-smith,Richard Smith,Richard Smith,halo-infinite,halo-infinite,1,halo-infinite,0,0,False
richard-spano,Richard Spano,Richard Spano,halo-mcc-2021,halo-mcc-2021,1,halo-mcc-2021,0,0,False
richard-sun,Richard Sun,Richard Sun,halo-campaign-evolved,halo-campaign-evolved,1,halo-campaign-evolved,0,0,False
richard-walker,Richard Walker,Richard Walker,halo-mcc,halo-mcc,1,halo-mcc,0,0,False
richard-watkins,Richard Watkins,Richard Watkins,halo-4,halo-5,2,halo-4|halo-5,3,3,False
richard-watson,Richard Watson,Richard Watson,halo-infinite,halo-infinite,1,halo-infinite,0,0,False
richard-withrow,Richard Withrow,Richard Withrow,halo-infinite,halo-infinite,1,halo-infinite,0,0,False
richard-worn,Richard Worn,Richard Worn,halo-mcc,halo-mcc,1,halo-mcc,0,0,False
richard-ziman,Richard Ziman,Richard Ziman,halo-3-odst,halo-3-odst,1,halo-3-odst,0,0,False
richie-burroughs,Richie Burroughs,Richie Burroughs,halo-mcc,halo-mcc,1,halo-mcc,0,0,False
richie-heinz-jr,Richie Heinz,Richie Heinz|Richie Heinz Jr.,halo-infinite,halo-campaign-evolved,2,halo-infinite|halo-campaign-evolved,5,5,False
richie-prado,Richie Prado,Richie Prado,halo-3,halo-3,1,halo-3,0,0,False
rick-achberger,Rick Achberger,Rick Achberger,halo-4,halo-infinite,3,halo-4|halo-5|halo-infinite,9,6,False
rick-blanco,Rick Blanco,Rick Blanco,halo-infinite,halo-infinite,1,halo-infinite,0,0,False
rick-fuentealba,Rick Fuentealba,Rick Fuentealba,halo-mcc,halo-mcc,1,halo-mcc,0,0,False
rick-knox,Rick Knox,Rick Knox,halo-cea,halo-infinite,3,halo-cea|halo-4|halo-infinite,10,9,False
rick-labadie,Rick Labadie,Rick Labadie,halo-infinite,halo-infinite,1,halo-infinite,0,0,False
rick-lockyear,Rick Lockyear,Rick Lockyear,halo-ce,halo-infinite,7,halo-ce|halo-3|halo-cea|halo-4|halo-mcc|halo-mcc-2021|halo-infinite,20,7,False
rick-pasqualone,Rick Pasqualone,Rick Pasqualone,halo-5,halo-5,1,halo-5,0,0,False
rick-ryan,Rick Ryan,Rick Ryan,halo-ce,halo-ce,1,halo-ce,0,0,False
rick-shinozaki,Rick Shinozaki,Rick Shinozaki,halo-mcc,halo-mcc,1,halo-mcc,0,0,False
rick-stalder,Rick Stalder,Rick Stalder,halo-4,halo-4,1,halo-4,0,0,False
rick-wasserman,Rick Wasserman,Rick Wasserman,halo-5,halo-infinite,2,halo-5|halo-infinite,6,6,False
rickie-thornley,Rickie Thornley,Rickie Thornley,halo-mcc,halo-mcc,1,halo-mcc,0,0,False
ricky-renna,Ricky Renna,Ricky Renna,halo-infinite,halo-infinite,1,halo-infinite,0,0,False
riley-faucett,Riley Faucett,Riley Faucett,halo-mcc-2021,halo-mcc-2021,1,halo-mcc-2021,0,0,False
riley-frambes,Riley Frambes,Riley Frambes,halo-infinite,halo-infinite,1,halo-infinite,0,0,False
riley-hastings,Riley Hastings,Riley Hastings,halo-mcc-2021,halo-campaign-evolved,3,halo-mcc-2021|halo-infinite|halo-campaign-evolved,5,5,False
riley-pannkuk,Riley Pannkuk,Riley Pannkuk,halo-campaign-evolved,halo-campaign-evolved,1,halo-campaign-evolved,0,0,False
rio-stewart,Rio Stewart,Rio Stewart,halo-infinite,halo-infinite,1,halo-infinite,0,0,False
rise-lugo,Rise Lugo,Rise Lugo,halo-infinite,halo-infinite,1,halo-infinite,0,0,False
rita-dormany,Rita Dormány,Rita Dormány,halo-campaign-evolved,halo-campaign-evolved,1,halo-campaign-evolved,0,0,False
rita-manning,Rita Manning,Rita Manning,halo-5,halo-5,1,halo-5,0,0,False
ritesh-david,Ritesh David,Ritesh David,halo-4,halo-4,1,halo-4,0,0,False
ritik-patel,Ritik Patel,Ritik Patel,halo-infinite,halo-infinite,1,halo-infinite,0,0,False
rj-almeda,RJ Almeda,RJ Almeda,halo-infinite,halo-infinite,1,halo-infinite,0,0,False
rj-montelongo,RJ Montelongo,RJ Montelongo,halo-campaign-evolved,halo-campaign-evolved,1,halo-campaign-evolved,0,0,False
rj-ranola,R.J. Ranola,R.J. Ranola|RJ Ranola,halo-4,halo-infinite,2,halo-4|halo-infinite,9,9,False
rob-austin,Rob Austin,Rob Austin|Robert Austin,halo-5,halo-5,1,halo-5,0,0,False
rob-bowen,Rob Bowen,Rob Bowen,halo-mcc,halo-5,2,halo-mcc|halo-5,1,1,False
rob-dunsmuir,Rob Dunsmuir,Rob Dunsmuir,halo-infinite,halo-infinite,1,halo-infinite,0,0,False
rob-johnson,Rob Johnston,Rob Johnston|Rob Johnson,halo-4,halo-campaign-evolved,6,halo-4|halo-mcc|halo-5|halo-mcc-2021|halo-infinite|halo-campaign-evolved,14,6,False
rob-king,Rob King,Rob King|Robert King,halo-infinite,halo-infinite,1,halo-infinite,0,0,False
rob-lowry,Rob Lowry,Rob Lowry,halo-4,halo-5,3,halo-4|halo-mcc|halo-5,3,2,False
rob-pearsall,Rob Pearsall,Rob Pearsall,halo-cea,halo-4,2,halo-cea|halo-4,1,1,False
rob-primozich,Rob Primozich,Rob Primozich,halo-3,halo-3,1,halo-3,0,0,False
rob-reidburn,Rob Reidburn,Rob Reidburn|Robert Reidburn,halo-infinite,halo-infinite,1,halo-infinite,0,0,False
rob-rodi,Rob Rodi,Rob Rodi|Robert L. Rodi,halo-4,halo-5,3,halo-4|halo-mcc|halo-5,3,2,False
rob-semsey,Rob Semsey,Rob Semsey,halo-mcc-2021,halo-mcc-2021,1,halo-mcc-2021,0,0,False
rob-shoff,Rob Shoff,Rob Shoff|Robert Shoff,halo-4,halo-infinite,3,halo-4|halo-5|halo-infinite,9,6,False
rob-stokes,Rob Stokes,Rob Stokes,halo-2,halo-3,2,halo-2|halo-3,3,3,False
robb-gray,Robb Gray,Robb Gray,halo-5,halo-5,1,halo-5,0,0,False
robbie-bach,Bobby Bath,Bobby Bath|Bobby Ranvir Bath,halo-infinite,halo-infinite,1,halo-infinite,0,0,False
robbie-daymond,Robbie Daymond,Robbie Daymond,halo-infinite,halo-infinite,1,halo-infinite,0,0,False
robbie-elias,Robbie Elias,Robbie Elias,halo-4,halo-infinite,3,halo-4|halo-5|halo-infinite,9,6,False
robert-adams,Robert Adams,Robert Adams|Rob Adams,halo-3-odst,halo-reach,2,halo-3-odst|halo-reach,1,1,False
robert-ashley,Robert Ashley,Robert Ashley,halo-mcc,halo-mcc,1,halo-mcc,0,0,False
robert-bergeron,Robert Bergeron,Robert Bergeron,halo-mcc-2021,halo-infinite,2,halo-mcc-2021|halo-infinite,0,0,False
robert-blake,Robert Blake,Robert Blake|Rob Blake,halo-infinite,halo-infinite,1,halo-infinite,0,0,False
robert-blye,Robert Blye,Robert Blye,halo-3,halo-3,1,halo-3,0,0,False
robert-darryl-purdy,Robert Darryl Purdy,Robert Darryl Purdy,halo-3,halo-3,1,halo-3,0,0,False
robert-davi,Robert Davi,Robert Davi,halo-2,halo-3,2,halo-2|halo-3,3,3,False
robert-delaware,Robert Delaware,Robert Delaware,halo-3,halo-3,1,halo-3,0,0,False
robert-doss,Robert Doss,Robert Doss,halo-infinite,halo-infinite,1,halo-infinite,0,0,False
robert-ferris,Robert Ferris,Robert Ferris,halo-cea,halo-cea,1,halo-cea,0,0,False
robert-filipowicz,Robert Filipowicz,Robert Filipowicz,halo-infinite,halo-infinite,1,halo-infinite,0,0,False
robert-forest-baker,Robert Forest Baker,Robert Forest Baker,halo-5,halo-infinite,2,halo-5|halo-infinite,6,6,False
robert-gatley,Robert Gatley,Robert Gatley,halo-cea,halo-mcc,2,halo-cea|halo-mcc,3,3,False
robert-glen,Robert Glen,Robert Glen,halo-mcc-2021,halo-mcc-2021,1,halo-mcc-2021,0,0,False
robert-go,Robert Go,Robert Go,halo-infinite,halo-infinite,1,halo-infinite,0,0,False
robert-goldberg,Robert Goldberg,Robert Goldberg,halo-reach,halo-reach,1,halo-reach,0,0,False
robert-hinshaw,Robert Hinshaw,Robert Hinshaw,halo-mcc-2021,halo-campaign-evolved,3,halo-mcc-2021|halo-infinite|halo-campaign-evolved,5,5,False
robert-kadar,Róbert Kádár,Róbert Kádár,halo-campaign-evolved,halo-campaign-evolved,1,halo-campaign-evolved,0,0,False
robert-kehoe,Rob Kehoe,Rob Kehoe|Robert Kehoe,halo-3-odst,halo-4,3,halo-3-odst|halo-reach|halo-4,3,2,False
robert-kingsley,Robert Kingsley,Robert Kingsley,halo-4,halo-infinite,3,halo-4|halo-5|halo-infinite,9,6,False
robert-kovacs,Róbert Kovács,Róbert Kovács,halo-campaign-evolved,halo-campaign-evolved,1,halo-campaign-evolved,0,0,False
robert-kowalchuk,Robert Kowalchuk,Robert Kowalchuk,halo-infinite,halo-infinite,1,halo-infinite,0,0,False
robert-kubicki,Robert Kubicki,Robert Kubicki,halo-campaign-evolved,halo-campaign-evolved,1,halo-campaign-evolved,0,0,False
robert-kupsch,Robert Kupsch,Robert Kupsch,halo-campaign-evolved,halo-campaign-evolved,1,halo-campaign-evolved,0,0,False
robert-lin,Robert Shih-Wei Lin,Robert Shih-Wei Lin|Robert Lin,halo-2,halo-3-odst,3,halo-2|halo-3|halo-3-odst,5,3,False
robert-m-wilson,Robert M. Wilson,Robert M. Wilson|Robert Wilson,halo-mcc-2021,halo-infinite,2,halo-mcc-2021|halo-infinite,0,0,False
robert-macdonald,Robert Macdonald,Robert Macdonald,halo-mcc-2021,halo-mcc-2021,1,halo-mcc-2021,0,0,False
robert-madden,Robert Madden,Robert Madden,halo-infinite,halo-infinite,1,halo-infinite,0,0,False
robert-mastriano,Robert Mastriano,Robert Mastriano,halo-infinite,halo-infinite,1,halo-infinite,0,0,False
robert-mclees,Robert McLees,Robert McLees|Rob McLees|Robt McLees,halo-ce,halo-reach,5,halo-ce|halo-2|halo-3|halo-3-odst|halo-reach,9,3,False
robert-olson,Robert Olson,Robert Olson,halo-infinite,halo-infinite,1,halo-infinite,0,0,False
robert-reid,Robert Reid,Robert Reid,halo-infinite,halo-infinite,1,halo-infinite,0,0,False
robert-ridihalgh,Robert Ridihalgh,Robert Ridihalgh,halo-4,halo-4,1,halo-4,0,0,False
robert-rodgers,Robert Rodgers,Robert Rodgers,halo-3,halo-3,1,halo-3,0,0,False
robert-sanchez,Robert Sanchez,Robert Sanchez,halo-4,halo-5,2,halo-4|halo-5,3,3,False
robert-schulte,Robert Schulte,Robert Schulte,halo-mcc-2021,halo-mcc-2021,1,halo-mcc-2021,0,0,False
robert-vasile,Robert Vasile,Robert Vasile,halo-mcc-2021,halo-mcc-2021,1,halo-mcc-2021,0,0,False
robert-wampner,Robert Wampner,Robert Wampner,halo-infinite,halo-infinite,1,halo-infinite,0,0,False
robert-weiss,Robert Weiss,Robert Weiss,halo-campaign-evolved,halo-campaign-evolved,1,halo-campaign-evolved,0,0,False
robert-zjawinski,Robert Zjawinski,Robert Zjawinski,halo-campaign-evolved,halo-campaign-evolved,1,halo-campaign-evolved,0,0,False
roberta-bowman,Roberta Bowman,Roberta Bowman,halo-mcc,halo-mcc,1,halo-mcc,0,0,False
roberta-browne,Roberta Browne,Roberta Browne,halo-3,halo-reach,3,halo-3|halo-3-odst|halo-reach,3,2,False
roberto-costantino,Roberto Costantino,Roberto Costantino,halo-campaign-evolved,halo-campaign-evolved,1,halo-campaign-evolved,0,0,False
roberto-gutierrez,Roberto Gutiérrez,Roberto Gutiérrez,halo-mcc,halo-mcc,1,halo-mcc,0,0,False
roberto-hernandez-leon,Roberto Hernández León,Roberto Hernández León,halo-campaign-evolved,halo-campaign-evolved,1,halo-campaign-evolved,0,0,False
roberto-rizzi,Roberto Rizzi,Roberto Rizzi,halo-campaign-evolved,halo-campaign-evolved,1,halo-campaign-evolved,0,0,False
robin-atkin-downes,Robin Atkin Downes,Robin Atkins-Downes|Robin Atkin Downes,halo-2,halo-5,2,halo-2|halo-5,11,11,False
robin-chyo,Robin Chyo,Robin Chyo,halo-campaign-evolved,halo-campaign-evolved,1,halo-campaign-evolved,0,0,False
robin-hansen,Robin Hansen,Robin Hansen,halo-mcc,halo-mcc,1,halo-mcc,0,0,False
robin-harlan,Robin Harlan,Robin Harlan,halo-campaign-evolved,halo-campaign-evolved,1,halo-campaign-evolved,0,0,False
robin-lopez,Robin Lopez,Robin Lopez,halo-mcc-2021,halo-mcc-2021,1,halo-mcc-2021,0,0,False
robin-scher,Robin Scher,Robin Scher,halo-infinite,halo-infinite,1,halo-infinite,0,0,False
robin-sokac,Robin Sokac,Robin Sokac,halo-campaign-evolved,halo-campaign-evolved,1,halo-campaign-evolved,0,0,False
robin-woodbury,Robin Woodbury,Robin Woodbury,halo-4,halo-4,1,halo-4,0,0,False
robyn-choi,Robyn Choi,Robyn Choi,halo-infinite,halo-infinite,1,halo-infinite,0,0,False
rocio-angelica-ramos-cervantes,Rocío Angélica Ramos Cervantes,Rocío Angélica Ramos Cervantes,halo-campaign-evolved,halo-campaign-evolved,1,halo-campaign-evolved,0,0,False
rod-fung,Rod Fung,Rod Fung,halo-cea,halo-cea,1,halo-cea,0,0,False
roderick-kim,Roderick Kim,Roderick Kim,halo-2,halo-2,1,halo-2,0,0,False
rodolfo-camarena,Rodolfo Camarena,Rodolfo Camarena,halo-cea,halo-cea,1,halo-cea,0,0,False
rodrigo-reis,Rodrigo Reis,Rodrigo Reis,halo-infinite,halo-infinite,1,halo-infinite,0,0,False
rodrigo-teixeira,Rodrigo Teixeira,Rodrigo Teixeira,halo-campaign-evolved,halo-campaign-evolved,1,halo-campaign-evolved,0,0,False
rodrigo-vicenciomoreira,Rodrigo Vicencio-Moreira,Rodrigo Vicencio-Moreira,halo-infinite,halo-infinite,1,halo-infinite,0,0,False
rogelio-olguin,Rogelio Olguin,Rogelio Olguin,halo-infinite,halo-infinite,1,halo-infinite,0,0,False
rogene-abenojar,Rogene Abenojar,Rogene Abenojar,halo-mcc-2021,halo-mcc-2021,1,halo-mcc-2021,0,0,False
rogene-guinto,Rogene Guinto,Rogene Guinto,halo-infinite,halo-infinite,1,halo-infinite,0,0,False
roger-garland,Roger Garland,Roger Garland,halo-5,halo-5,1,halo-5,0,0,False
roger-j-hansen,Roger J. Hansen,Roger J. Hansen|Roger Hansen,halo-5,halo-mcc-2021,2,halo-5|halo-mcc-2021,6,6,False
roger-westmoreland-price-ii,Roger Westmoreland Price II,Roger Westmoreland Price II,halo-mcc-2021,halo-campaign-evolved,3,halo-mcc-2021|halo-infinite|halo-campaign-evolved,5,5,False
roger-wolfson,Roger Wolfson,Roger Wolfson,halo-ce,halo-reach,5,halo-ce|halo-2|halo-3|halo-3-odst|halo-reach,9,3,False
rohit-mukherjee,Rohit Mukherjee,Rohit Mukherjee,halo-infinite,halo-infinite,1,halo-infinite,0,0,False
rohith-chandran,Rohith Chandran,Rohith Chandran,halo-infinite,halo-infinite,1,halo-infinite,0,0,False
roise-bloome,Roise Bloome,Roise Bloome,halo-campaign-evolved,halo-campaign-evolved,1,halo-campaign-evolved,0,0,False
roland-thai,Roland Thai,Roland Thai|Roland N. Thai,halo-5,halo-5,1,halo-5,0,0,False
rolando-cisneros,Rolando Cisneros,Rolando Cisneros,halo-reach,halo-reach,1,halo-reach,0,0,False
rolf-mohr,Rolf Mohr,Rolf Mohr|Rolf M. Mohr,halo-cea,halo-mcc,3,halo-cea|halo-4|halo-mcc,3,2,False
rolland-leung,Rolland Leung,Rolland Leung,halo-campaign-evolved,halo-campaign-evolved,1,halo-campaign-evolved,0,0,False
romain-killian,Romain Killian,Romain Killian,halo-mcc-2018,halo-mcc-2018,1,halo-mcc-2018,0,0,False
romain-le-guillerm,Romain Le Guillerm,Romain Le Guillerm,halo-campaign-evolved,halo-campaign-evolved,1,halo-campaign-evolved,0,0,False
roman-androshchuk,Roman Androshchuk,Roman Androshchuk,halo-mcc,halo-mcc,1,halo-mcc,0,0,False
roman-deryabin,Roman Deryabin,Roman Deryabin,halo-infinite,halo-infinite,1,halo-infinite,0,0,False
roman-fusco,Roman Fusco,Roman Fusco,halo-campaign-evolved,halo-campaign-evolved,1,halo-campaign-evolved,0,0,False
roman-grishaev,Roman Grishaev,Roman Grishaev,halo-infinite,halo-infinite,1,halo-infinite,0,0,False
roman-khamitov,Roman Khamitov,Roman Khamitov,halo-mcc-2021,halo-infinite,2,halo-mcc-2021|halo-infinite,0,0,False
roman-kladovshchikov,Roman Kladovshchikov,Roman Kladovshchikov,halo-mcc-2021,halo-mcc-2021,1,halo-mcc-2021,0,0,False
roman-lebedev,Roman Lebedev,Roman Lebedev,halo-cea,halo-mcc-2021,2,halo-cea|halo-mcc-2021,10,10,False
roman-markovetski,Roman Markovetski,Roman Markovetski,halo-infinite,halo-infinite,1,halo-infinite,0,0,False
roman-pereverzov,Roman Pereverzov,Roman Pereverzov,halo-cea,halo-cea,1,halo-cea,0,0,False
roman-semenenko,Roman Semenenko,Roman Semenenko,halo-infinite,halo-infinite,1,halo-infinite,0,0,False
roman-voronin,Roman Voronin,Roman Voronin,halo-infinite,halo-infinite,1,halo-infinite,0,0,False
roman-zakharov,Roman Zakharov,Roman Zakharov,halo-mcc-2021,halo-mcc-2021,1,halo-mcc-2021,0,0,False
roman-zhigunov,Roman Zhigunov,Roman Zhigunov,halo-mcc,halo-mcc,1,halo-mcc,0,0,False
romeo-buelva-jr,Romeo Buelva Jr.,Romeo Buelva Jr.,halo-infinite,halo-infinite,1,halo-infinite,0,0,False
romina-gomez,Romina Gomez,Romina Gomez,halo-infinite,halo-campaign-evolved,2,halo-infinite|halo-campaign-evolved,5,5,False
ron-ashtiani,Ron Ashtiani,Ron Ashtiani,halo-infinite,halo-infinite,1,halo-infinite,0,0,False
ron-blais,Ron Blais,Ron Blais,halo-mcc,halo-mcc,1,halo-mcc,0,0,False
ron-brown,Ron Brown,Ron Brown,halo-mcc-2021,halo-campaign-evolved,3,halo-mcc-2021|halo-infinite|halo-campaign-evolved,5,5,False
ron-fidelman,Ron Fidelman,Ron Fidelman,halo-infinite,halo-infinite,1,halo-infinite,0,0,False
ron-henseleit,Ron Henseleit,Ron Henseleit,halo-campaign-evolved,halo-campaign-evolved,1,halo-campaign-evolved,0,0,False
ron-hippe,Ron Hippe,Ron Hippe|Ronald Hippe,halo-3,halo-campaign-evolved,3,halo-3|halo-reach|halo-campaign-evolved,19,16,True
ron-lajoie,Ron LaJoie,Ron LaJoie,halo-mcc,halo-mcc,1,halo-mcc,0,0,False
ron-livingston,Ron Livingston,Ron Livingston,halo-reach,halo-campaign-evolved,2,halo-reach|halo-campaign-evolved,16,16,False
ron-perlman,Ron Perlman,Ron Perlman,halo-2,halo-3,2,halo-2|halo-3,3,3,False
ron-running,Ron Running,Ron Running,halo-reach,halo-reach,1,halo-reach,0,0,False
ron-yuan,Ron Yuan,Ron Yuan,halo-4,halo-4,1,halo-4,0,0,False
ronald-dutch-hill,Ronald Dutch Hill,Ronald Dutch Hill,halo-mcc,halo-mcc,1,halo-mcc,0,0,False
ronald-lagata,Ronald Lagata,Ronald Lagata,halo-infinite,halo-infinite,1,halo-infinite,0,0,False
ronald-m-butler,Ronald M Butler,Ronald M Butler,halo-mcc,halo-mcc,1,halo-mcc,0,0,False
ronnie-thornley-iii,Ronnie Thornley III,Ronnie Thornley III|Ronnie Thornley,halo-mcc,halo-mcc,1,halo-mcc,0,0,False
roosevelt-hubbard,Roosevelt Hubbard,Roosevelt Hubbard,halo-mcc-2021,halo-infinite,2,halo-mcc-2021|halo-infinite,0,0,False
rory-menteer,Rory Menteer,Rory Menteer,halo-reach,halo-reach,1,halo-reach,0,0,False
rory-young,Rory Young,Rory Young,halo-4,halo-campaign-evolved,4,halo-4|halo-5|halo-infinite|halo-campaign-evolved,14,6,False
rosabelle-armstead,Rosabelle Armstead,Rosabelle Armstead,halo-campaign-evolved,halo-campaign-evolved,1,halo-campaign-evolved,0,0,False
rosalie-cronin,Rosalie Cronin,Rosalie Cronin,halo-infinite,halo-infinite,1,halo-infinite,0,0,False
rosalind-waters,Rosalind Waters,Rosalind Waters,halo-5,halo-5,1,halo-5,0,0,False
rose-warrengreen,Rose Warren-Green,Rose Warren-Green,halo-5,halo-5,1,halo-5,0,0,False
ross-bury,Ross Bury,Ross Bury,halo-3,halo-3,1,halo-3,0,0,False
ross-kameny,Ross Kameny,Ross Kameny,halo-4,halo-4,1,halo-4,0,0,False
ross-le,Ross Le,Ross Le,halo-4,halo-4,1,halo-4,0,0,False
roxana-ortega,Roxana Ortega,Roxana Ortega|Roxanna Ortega,halo-infinite,halo-infinite,1,halo-infinite,0,0,False
roxann-jacobsen,Roxann Jacobsen,Roxann Jacobsen,halo-mcc,halo-mcc,1,halo-mcc,0,0,False
roxanne-coskey,Roxanne Coskey,Roxanne Coskey,halo-campaign-evolved,halo-campaign-evolved,1,halo-campaign-evolved,0,0,False
roxy-garza,Roxy Garza,Roxy Garza,halo-infinite,halo-infinite,1,halo-infinite,0,0,False
roxy-reiland,Roxy Reiland,Roxy Reiland,halo-4,halo-5,2,halo-4|halo-5,3,3,False
roy-herrod,Roy Herrod,Roy Herrod,halo-mcc,halo-mcc,1,halo-mcc,0,0,False
roy-malan,Roy Malan,Roy Malan,halo-mcc,halo-mcc,1,halo-mcc,0,0,False
roy-stanton,Roy Stanton,Roy Stanton,halo-3,halo-3,1,halo-3,0,0,False
royal-sybrandt,Royal Sybrandt,Royal Sybrandt,halo-infinite,halo-infinite,1,halo-infinite,0,0,False
rsvp-voices,RSVP Voices,RSVP Voices,halo-4,halo-4,1,halo-4,0,0,False
ru-dan,Ru Dan,Ru Dan,halo-infinite,halo-infinite,1,halo-infinite,0,0,False
ruben-kyle-renteria,Ruben Kyle Renteria,Ruben Kyle Renteria,halo-infinite,halo-infinite,1,halo-infinite,0,0,False
ruben-navarro,Rubén Navarro,Rubén Navarro,halo-campaign-evolved,halo-campaign-evolved,1,halo-campaign-evolved,0,0,False
rufus-olivier,Rufus Olivier,Rufus Olivier,halo-mcc,halo-mcc,1,halo-mcc,0,0,False
ruge-sun,Ruge Sun,Ruge Sun,halo-campaign-evolved,halo-campaign-evolved,1,halo-campaign-evolved,0,0,False
rui-chang,Rui Chang,Rui Chang,halo-mcc-2021,halo-mcc-2021,1,halo-mcc-2021,0,0,False
rupert-coulson,Rupert Coulson,Rupert Coulson,halo-4,halo-4,1,halo-4,0,0,False
ruslan-borzenko,Ruslan Borzenko,Ruslan Borzenko,halo-mcc-2021,halo-mcc-2021,1,halo-mcc-2021,0,0,False
ruslan-ibragimov,Ruslan Ibragimov,Ruslan Ibragimov,halo-infinite,halo-infinite,1,halo-infinite,0,0,False
ruslan-mezhetskiy,Ruslan Mezhetskiy,Ruslan Mezhetskiy,halo-cea,halo-cea,1,halo-cea,0,0,False
ruslan-svinoboi,Ruslan Svinoboi,Ruslan Svinoboi,halo-infinite,halo-infinite,1,halo-infinite,0,0,False
ruslan-vizgalin,Ruslan Vizgalin,Ruslan Vizgalin,halo-cea,halo-cea,1,halo-cea,0,0,False
russ-almond,Russ Almond,Russ Almond|Russell Almond,halo-3,halo-3,1,halo-3,0,0,False
russ-bernice,Russ Bernice,Russ Bernice,halo-infinite,halo-infinite,1,halo-infinite,0,0,False
russell-e-swinhart,Russell E. Swinhart,Russell E. Swinhart|Russell Swinhart|Russell E Swinhart,halo-mcc,halo-infinite,4,halo-mcc|halo-5|halo-mcc-2021|halo-infinite,7,6,False
russell-gillette,Russell Gillette,Russell Gillette,halo-5,halo-infinite,2,halo-5|halo-infinite,6,6,False
russell-higgins,Russell Higgins,Russell Higgins,halo-infinite,halo-infinite,1,halo-infinite,0,0,False
russell-kentish,Russell Kentish,Russell Kentish,halo-infinite,halo-infinite,1,halo-infinite,0,0,False
russell-l-west,Russell West,Russell West|Russell L West,halo-mcc,halo-5,2,halo-mcc|halo-5,1,1,False
russell-matteson,Russell Matteson,Russell Matteson,halo-infinite,halo-infinite,1,halo-infinite,0,0,False
russell-pearsall,Russell Pearsall,Russell Pearsall,halo-infinite,halo-infinite,1,halo-infinite,0,0,False
rustam-akhtyamov,Rustam Akhtyamov,Rustam Akhtyamov,halo-infinite,halo-infinite,1,halo-infinite,0,0,False
rustam-gimadiyev,Rustam Gimadiyev,Rustam Gimadiyev,halo-infinite,halo-infinite,1,halo-infinite,0,0,False
ruth-caspary,Ruth Caspary,Ruth Caspary,halo-3,halo-3,1,halo-3,0,0,False
ruth-kim,Ruth Kim,Ruth Kim,halo-5,halo-5,1,halo-5,0,0,False
ryan-alban,Ryan Alban,Ryan Alban,halo-5,halo-campaign-evolved,3,halo-5|halo-infinite|halo-campaign-evolved,11,6,False
ryan-andrews,Ryan Andrews,Ryan Andrews,halo-4,halo-4,1,halo-4,0,0,False
ryan-atwater,Ryan Atwater,Ryan Atwater,halo-4,halo-5,2,halo-4|halo-5,3,3,False
ryan-b-peterson,Ryan B. Peterson,Ryan B. Peterson|Ryan Peterson,halo-4,halo-infinite,3,halo-4|halo-5|halo-infinite,9,6,False
ryan-beberwyck,Ryan Beberwyck,Ryan Beberwyck,halo-5,halo-campaign-evolved,3,halo-5|halo-infinite|halo-campaign-evolved,11,6,False
ryan-bergstrom,Ryan Bergstrom,Ryan Bergstrom,halo-infinite,halo-infinite,1,halo-infinite,0,0,False
ryan-blosser,Ryan Blosser,Ryan Blosser,halo-3,halo-3,1,halo-3,0,0,False
ryan-callens,Ryan Callens,Ryan Callens,halo-5,halo-5,1,halo-5,0,0,False
ryan-chan,Ryan Chan,Ryan Chan,halo-infinite,halo-infinite,1,halo-infinite,0,0,False
ryan-connolly,Ryan Connolly,Ryan Connolly,halo-mcc-2021,halo-mcc-2021,1,halo-mcc-2021,0,0,False
ryan-crosby,Ryan Crosby,Ryan Crosby,halo-reach,halo-reach,1,halo-reach,0,0,False
ryan-darcey,Ryan Darcey,Ryan Darcey,halo-5,halo-5,1,halo-5,0,0,False
ryan-daugherty,Ryan Daugherty,Ryan Daugherty,halo-mcc-2021,halo-infinite,2,halo-mcc-2021|halo-infinite,0,0,False
ryan-davison,Ryan Davison,Ryan Davison,halo-4,halo-infinite,3,halo-4|halo-5|halo-infinite,9,6,False
ryan-delaney,Ryan Delaney,Ryan Delaney,halo-5,halo-5,1,halo-5,0,0,False
ryan-durand,Ryan Durand,Ryan Durand,halo-5,halo-5,1,halo-5,0,0,False
ryan-eames,Ryan Eames,Ryan Eames,halo-reach,halo-reach,1,halo-reach,0,0,False
ryan-ellis,Ryan Ellis,Ryan Ellis,halo-reach,halo-reach,1,halo-reach,0,0,False
ryan-faillace,Ryan Faillace,Ryan Faillace,halo-campaign-evolved,halo-campaign-evolved,1,halo-campaign-evolved,0,0,False
ryan-fox,Ryan Fox,Ryan Fox,halo-4,halo-4,1,halo-4,0,0,False
ryan-gibson,Ryan Gibson,Ryan Gibson,halo-cea,halo-mcc,2,halo-cea|halo-mcc,3,3,False
ryan-girard,Ryan Girard,Ryan Girard,halo-mcc,halo-mcc,1,halo-mcc,0,0,False
ryan-gitter,Ryan Gitter,Ryan Gitter,halo-mcc,halo-mcc,1,halo-mcc,0,0,False
ryan-gordon,Ryan Gordon,Ryan Gordon,halo-mcc-2021,halo-mcc-2021,1,halo-mcc-2021,0,0,False
ryan-gossage,Ryan Gossage,Ryan Gossage,halo-infinite,halo-infinite,1,halo-infinite,0,0,False
ryan-grubb,Ryan Grubb,Ryan Grubb,halo-infinite,halo-infinite,1,halo-infinite,0,0,False
ryan-hogarth,Ryan Hogarth,Ryan Hogarth,halo-campaign-evolved,halo-campaign-evolved,1,halo-campaign-evolved,0,0,False
ryan-huckleberry,Ryan Huckleberry,Ryan Huckleberry,halo-mcc,halo-mcc,1,halo-mcc,0,0,False
ryan-humphrey,Ryan Humphrey,Ryan Humphrey,halo-infinite,halo-infinite,1,halo-infinite,0,0,False
ryan-hylland,Ryan Hylland,Ryan Hylland,halo-ce,halo-2,2,halo-ce|halo-2,3,3,False
ryan-j-grant,Ryan J. Grant,Ryan J. Grant,halo-mcc-2021,halo-mcc-2021,1,halo-mcc-2021,0,0,False
ryan-james,Ryan James,Ryan James,halo-reach,halo-reach,1,halo-reach,0,0,False
ryan-jividen,Ryan Jividen,Ryan Jividen,halo-infinite,halo-infinite,1,halo-infinite,0,0,False
ryan-jones,Ryan Jones,Ryan Jones,halo-5,halo-5,1,halo-5,0,0,False
ryan-kane,Ryan Kane,Ryan Kane,halo-mcc,halo-mcc,1,halo-mcc,0,0,False
ryan-klaverweide,Ryan Klaverweide,Ryan Klaverweide,halo-reach,halo-reach,1,halo-reach,0,0,False
ryan-kuehn,Ryan Kuehn,Ryan Kuehn,halo-5,halo-campaign-evolved,3,halo-5|halo-infinite|halo-campaign-evolved,11,6,False
ryan-ladeen,Ryan Ladeen,Ryan Ladeen,halo-reach,halo-reach,1,halo-reach,0,0,False
ryan-lee,Ryan Lee,Ryan Lee,halo-5,halo-5,1,halo-5,0,0,False
ryan-leslie,Ryan Leslie,Ryan Leslie,halo-infinite,halo-infinite,1,halo-infinite,0,0,False
ryan-lin,Ryan Lin,Ryan Lin,halo-campaign-evolved,halo-campaign-evolved,1,halo-campaign-evolved,0,0,False
ryan-lockamyemmons,Ryan Lockamy-Emmons,Ryan Lockamy-Emmons,halo-mcc,halo-mcc,1,halo-mcc,0,0,False
ryan-madson,Ryan Madson,Ryan Madson,halo-4,halo-4,1,halo-4,0,0,False
ryan-mansfield,Ryan Mansfield,Ryan Mansfield,halo-cea,halo-4,2,halo-cea|halo-4,1,1,False
ryan-marr,Ryan Marr,Ryan Marr,halo-4,halo-4,1,halo-4,0,0,False
ryan-maxwell,Ryan Maxwell,Ryan Maxwell,halo-infinite,halo-infinite,1,halo-infinite,0,0,False
ryan-mayes,Ryan Mayes,Ryan Mayes,halo-4,halo-4,1,halo-4,0,0,False
ryan-mayne,Ryan Mayne,Ryan Mayne,halo-infinite,halo-infinite,1,halo-infinite,0,0,False
ryan-mcgeary,Ryan McGeary,Ryan McGeary,halo-mcc,halo-mcc,1,halo-mcc,0,0,False
ryan-merritt,Ryan Merritt,Ryan Merritt,halo-infinite,halo-infinite,1,halo-infinite,0,0,False
ryan-moore,Ryan Moore,Ryan Moore,halo-mcc-2021,halo-infinite,2,halo-mcc-2021|halo-infinite,0,0,False
ryan-murphy-lucas,Ryan Lucas,Ryan Lucas|Ryan Murphy Lucas,halo-mcc-2021,halo-infinite,2,halo-mcc-2021|halo-infinite,0,0,False
ryan-nolan,Ryan Nolan,Ryan Nolan,halo-infinite,halo-campaign-evolved,2,halo-infinite|halo-campaign-evolved,5,5,False
ryan-norman,Ryan Norman,Ryan Norman,halo-cea,halo-mcc,2,halo-cea|halo-mcc,3,3,False
ryan-oconnor,Ryan O'Connor,Ryan O'Connor,halo-5,halo-infinite,2,halo-5|halo-infinite,6,6,False
ryan-paradis,Ryan Paradis,Ryan Paradis,halo-infinite,halo-infinite,1,halo-infinite,0,0,False
ryan-payton,Ryan Payton,Ryan Payton,halo-4,halo-4,1,halo-4,0,0,False
ryan-reid,Ryan Reid,Ryan Reid,halo-infinite,halo-infinite,1,halo-infinite,0,0,False
ryan-roberts,Ryan Roberts,Ryan Roberts,halo-mcc,halo-mcc,1,halo-mcc,0,0,False
ryan-roth,Ryan Roth,Ryan Roth,halo-5,halo-infinite,2,halo-5|halo-infinite,6,6,False
ryan-rude,Ryan Rude,Ryan Rude,halo-4,halo-4,1,halo-4,0,0,False
ryan-russellyates,Ryan Russell-Yates,Ryan Russell-Yates,halo-campaign-evolved,halo-campaign-evolved,1,halo-campaign-evolved,0,0,False
ryan-samlalsingh,Ryan Samlalsingh,Ryan Samlalsingh,halo-infinite,halo-infinite,1,halo-infinite,0,0,False
ryan-sanchez,Ryan Sanchez,Ryan Sanchez,halo-mcc,halo-mcc,1,halo-mcc,0,0,False
ryan-schaad,Ryan Schaad,Ryan Schaad,halo-infinite,halo-campaign-evolved,2,halo-infinite|halo-campaign-evolved,5,5,False
ryan-senger,Ryan Senger,Ryan Senger,halo-mcc,halo-mcc,1,halo-mcc,0,0,False
ryan-smith,Ryan Smith,Ryan Smith,halo-infinite,halo-infinite,1,halo-infinite,0,0,False
ryan-steinbach,Ryan Steinbach,Ryan Steinbach,halo-campaign-evolved,halo-campaign-evolved,1,halo-campaign-evolved,0,0,False
ryan-tompkins,Ryan Tompkins,Ryan Tompkins,halo-mcc-2021,halo-infinite,2,halo-mcc-2021|halo-infinite,0,0,False
ryan-trowbridge,Ryan Trowbridge,Ryan Trowbridge,halo-infinite,halo-infinite,1,halo-infinite,0,0,False
ryan-watkins,Ryan Watkins,Ryan Watkins,halo-4,halo-4,1,halo-4,0,0,False
ryan-wheeler,Ryan Wheeler,Ryan Wheeler,halo-3-odst,halo-3-odst,1,halo-3-odst,0,0,False
ryan-yee,Ryan Yee,Ryan Yee,halo-3,halo-3-odst,2,halo-3|halo-3-odst,2,2,False
rye-johnson,Rye Johnson,Rye Johnson,halo-3,halo-3,1,halo-3,0,0,False
ryszard-kowalczyk,Ryszard Kowalczyk,Ryszard Kowalczyk,halo-mcc,halo-mcc,1,halo-mcc,0,0,False
saam-jazayeri,Saam Jazayeri,Saam Jazayeri,halo-campaign-evolved,halo-campaign-evolved,1,halo-campaign-evolved,0,0,False
sabrina-hoffiz,Sabrina Hoffiz,Sabrina Hoffiz,halo-mcc-2021,halo-mcc-2021,1,halo-mcc-2021,0,0,False
sabrina-thomas,Sabrina Thomas,Sabrina Thomas,halo-infinite,halo-infinite,1,halo-infinite,0,0,False
sachin-gupta,Sachin Gupta,Sachin Gupta,halo-infinite,halo-infinite,1,halo-infinite,0,0,False
safi-rouhi,Safi Rouhi,Safi Rouhi,halo-mcc,halo-mcc,1,halo-mcc,0,0,False
sage-merrill,Sage Merrill,Sage Merrill,halo-3-odst,halo-reach,2,halo-3-odst|halo-reach,1,1,False
said-zouaghi,Saïd Zouaghi,Saïd Zouaghi,halo-infinite,halo-campaign-evolved,2,halo-infinite|halo-campaign-evolved,5,5,False
sakib-saikia,Sakib Saikia,Sakib Saikia,halo-infinite,halo-infinite,1,halo-infinite,0,0,False
salim-jarrouge,Salim Jarrouge,Salim Jarrouge,halo-campaign-evolved,halo-campaign-evolved,1,halo-campaign-evolved,0,0,False
salli-saffioti,Salli Saffioti,Salli Saffioti,halo-5,halo-5,1,halo-5,0,0,False
sally-huang,Sally Huang,Sally Huang,halo-4,halo-4,1,halo-4,0,0,False
sally-kayl,Sally Kayl,Sally Kayl,halo-3-odst,halo-3-odst,1,halo-3-odst,0,0,False
sally-nordquist,Sally Nordquist,Sally Nordquist,halo-campaign-evolved,halo-campaign-evolved,1,halo-campaign-evolved,0,0,False
salomon-fernandez-anguiano,Salomon Fernandez Anguiano,Salomon Fernandez Anguiano,halo-campaign-evolved,halo-campaign-evolved,1,halo-campaign-evolved,0,0,False
saloua-ouassil,Saloua Ouassil,Saloua Ouassil,halo-infinite,halo-infinite,1,halo-infinite,0,0,False
salvador-garcia-mendez,Salvador Garcia Mendez,Salvador Garcia Mendez,halo-mcc-2021,halo-mcc-2021,1,halo-mcc-2021,0,0,False
salvador-minutti,Salvador Minutti,Salvador Minutti,halo-5,halo-5,1,halo-5,0,0,False
salvador-zuniga-alvizo,Salvador Zuniga Alvizo,Salvador Zuniga Alvizo,halo-mcc-2021,halo-infinite,2,halo-mcc-2021|halo-infinite,0,0,False
salvatore-abbott,Salvatore Abbott,Salvatore Abbott,halo-infinite,halo-infinite,1,halo-infinite,0,0,False
salvatorre-zee-yazzie,Salvatorre Yazzie,Salvatorre Yazzie,halo-infinite,halo-infinite,1,halo-infinite,0,0,False
sam-arguez,Sam Arguez,Sam Arguez,halo-3-odst,halo-reach,2,halo-3-odst|halo-reach,1,1,False
sam-bloomberg,Sam Bloomberg,Sam Bloomberg,halo-infinite,halo-infinite,1,halo-infinite,0,0,False
sam-brown,Sam Brown,Sam Brown,halo-5,halo-infinite,2,halo-5|halo-infinite,6,6,False
sam-carlisle,Sam Carlisle,Sam Carlisle,halo-mcc-2021,halo-mcc-2021,1,halo-mcc-2021,0,0,False
sam-charchian,Sam Charchian,Sam Charchian,halo-3,halo-3,1,halo-3,0,0,False
sam-cooperman,Sam Cooperman,Sam Cooperman|Samantha Cooperman,halo-infinite,halo-infinite,1,halo-infinite,0,0,False
sam-deasy,Sam Deasy,Sam Deasy,halo-4,halo-5,2,halo-4|halo-5,3,3,False
sam-estes,Sam Estes,Sam Estes,halo-5,halo-5,1,halo-5,0,0,False
sam-gage,Sam Gage,Sam Gage,halo-infinite,halo-infinite,1,halo-infinite,0,0,False
sam-gray,Sam Gray,Sam Gray,halo-campaign-evolved,halo-campaign-evolved,1,halo-campaign-evolved,0,0,False
sam-gross,Sam Gross,Sam Gross,halo-infinite,halo-infinite,1,halo-infinite,0,0,False
sam-hanshaw,Sam Hanshaw,Sam Hanshaw,halo-infinite,halo-campaign-evolved,2,halo-infinite|halo-campaign-evolved,5,5,False
sam-hatfield,Sam Hatfield,Sam Hatfield,halo-infinite,halo-infinite,1,halo-infinite,0,0,False
sam-heine,Sam Heine,Sam Heine|Samuel Heine,halo-reach,halo-reach,1,halo-reach,0,0,False
sam-jacobs,Sam Jacobs,Sam Jacobs,halo-5,halo-5,1,halo-5,0,0,False
sam-ly,Sam Ly,Sam Ly,halo-mcc,halo-mcc,1,halo-mcc,0,0,False
sam-martens,Sam Martens,Sam Martens,halo-infinite,halo-infinite,1,halo-infinite,0,0,False
sam-nylen,Sam Nylen,Sam Nylen,halo-mcc-2021,halo-campaign-evolved,3,halo-mcc-2021|halo-infinite|halo-campaign-evolved,5,5,False
sam-okell,Sam Okell,Sam Okell,halo-5,halo-5,1,halo-5,0,0,False
sam-prescott,Sam Prescott,Sam Prescott,halo-mcc-2021,halo-mcc-2021,1,halo-mcc-2021,0,0,False
sam-riegel,Sam Riegel,Sam Riegel,halo-4,halo-4,1,halo-4,0,0,False
sam-rosen,Sam Rosen,Sam Rosen,halo-mcc,halo-mcc,1,halo-mcc,0,0,False
sam-williams,Sam Williams,Sam Williams,halo-campaign-evolved,halo-campaign-evolved,1,halo-campaign-evolved,0,0,False
sam-wolpert,Sam Wolpert,Sam Wolpert,halo-4,halo-5,2,halo-4|halo-5,3,3,False
sam-wood,Sam Wood,Sam Wood,halo-campaign-evolved,halo-campaign-evolved,1,halo-campaign-evolved,0,0,False
samantha-germaneau,Samantha Germaneau,Samantha Germaneau,halo-campaign-evolved,halo-campaign-evolved,1,halo-campaign-evolved,0,0,False
samantha-leclair,Samantha Leclair,Samantha Leclair,halo-campaign-evolved,halo-campaign-evolved,1,halo-campaign-evolved,0,0,False
samer-abouzaki,Samer Abou-Zaki,Samer Abou-Zaki,halo-cea,halo-cea,1,halo-cea,0,0,False
samir-dangol,Samir Dangol,Samir Dangol,halo-mcc,halo-mcc,1,halo-mcc,0,0,False
samir-gupta,Samir Gupta,Samir Gupta,halo-mcc-2021,halo-mcc-2021,1,halo-mcc-2021,0,0,False
sammy-sanfillipo,Sammy Sanfillipo,Sammy Sanfillipo,halo-infinite,halo-infinite,1,halo-infinite,0,0,False
sammy-wong,Sammy Wong,Sammy Wong,halo-mcc,halo-mcc,1,halo-mcc,0,0,False
samuel-anderson,Samuel Anderson,Samuel Anderson,halo-4,halo-4,1,halo-4,0,0,False
samuel-delfanti,Samuel Delfanti,Samuel Delfanti,halo-infinite,halo-infinite,1,halo-infinite,0,0,False
samuel-inman,Samuel Inman,Samuel Inman,halo-infinite,halo-infinite,1,halo-infinite,0,0,False
samuel-jones,Samuel Jones,Samuel Jones,halo-3,halo-reach,3,halo-3|halo-3-odst|halo-reach,3,2,False
samuel-justice,Samuel Justice,Samuel Justice,halo-infinite,halo-infinite,1,halo-infinite,0,0,False
samuel-stevenin,Samuel Stevenin,Samuel Stevenin,halo-campaign-evolved,halo-campaign-evolved,1,halo-campaign-evolved,0,0,False
samuel-watson,Samuel Watson,Samuel Watson,halo-infinite,halo-infinite,1,halo-infinite,0,0,False
samuele-zuppini,Samuele Zuppini,Samuele Zuppini,halo-campaign-evolved,halo-campaign-evolved,1,halo-campaign-evolved,0,0,False
sandra-ferez,Sandra Férez,Sandra Férez,halo-campaign-evolved,halo-campaign-evolved,1,halo-campaign-evolved,0,0,False
sandra-klimciauskaite,Sandra Klimciauskaite,Sandra Klimciauskaite,halo-mcc-2021,halo-mcc-2021,1,halo-mcc-2021,0,0,False
sandra-lemon,Sandra Lemon,Sandra Lemon,halo-mcc,halo-5,2,halo-mcc|halo-5,1,1,False
sandra-lew,Sandra Lew,Sandra Lew,halo-mcc,halo-mcc,1,halo-mcc,0,0,False
sandra-thomas,Sandra Thomas,Sandra Thomas,halo-mcc-2021,halo-infinite,2,halo-mcc-2021|halo-infinite,0,0,False
sang-ho-lee,Sang Ho Lee,Sang Ho Lee,halo-3,halo-3,1,halo-3,0,0,False
sang-wook-park,Sang Wook Park,Sang Wook Park,halo-2,halo-2,1,halo-2,0,0,False
sanjay-chand,Sanjay Chand,Sanjay Chand,halo-reach,halo-reach,1,halo-reach,0,0,False
sankalp-chandra,Sankalp Chandra,Sankalp Chandra,halo-infinite,halo-infinite,1,halo-infinite,0,0,False
santi-ramoscabanillas,Santi Ramos-Cabanillas,Santi Ramos-Cabanillas,halo-infinite,halo-infinite,1,halo-infinite,0,0,False
santiago-zarate-jr,Santiago Zarate Jr,Santiago Zarate Jr,halo-infinite,halo-infinite,1,halo-infinite,0,0,False
sara-baroni,Sara Baroni,Sara Baroni,halo-campaign-evolved,halo-campaign-evolved,1,halo-campaign-evolved,0,0,False
sara-brimer,Sara Brimer,Sara Brimer,halo-5,halo-5,1,halo-5,0,0,False
sara-cha,Sara Cha,Sara Cha,halo-mcc-2021,halo-infinite,2,halo-mcc-2021|halo-infinite,0,0,False
sara-cravens,Sara Cravens,Sara Cravens,halo-5,halo-5,1,halo-5,0,0,False
sara-fantasticini,Sara Fantasticini,Sara Fantasticini,halo-campaign-evolved,halo-campaign-evolved,1,halo-campaign-evolved,0,0,False
sara-j-tomko,Sara J. Tomko,Sara J. Tomko,halo-mcc,halo-mcc,1,halo-mcc,0,0,False
sara-leroy,Sara Leroy,Sara Leroy,halo-infinite,halo-infinite,1,halo-infinite,0,0,False
sara-stern,Sara Stern,Sara Stern,halo-infinite,halo-infinite,1,halo-infinite,0,0,False
sarah-baker,Sarah Baker,Sarah Baker,halo-campaign-evolved,halo-campaign-evolved,1,halo-campaign-evolved,0,0,False
sarah-earley,Sarah Earley,Sarah Earley,halo-4,halo-4,1,halo-4,0,0,False
sarah-elmaleh,Sarah Elmaleh,Sarah Elmaleh,halo-infinite,halo-infinite,1,halo-infinite,0,0,False
sarah-emerson,Sarah Emerson,Sarah Emerson,halo-mcc-2021,halo-infinite,2,halo-mcc-2021|halo-infinite,0,0,False
sarah-hueni,Sarah Hueni,Sarah Hueni,halo-mcc-2021,halo-mcc-2021,1,halo-mcc-2021,0,0,False
sarah-huschle,Sarah Huschle,Sarah Huschle,halo-infinite,halo-infinite,1,halo-infinite,0,0,False
sarah-jane-shuler,Sarah Jane Shuler,Sarah Jane Shuler,halo-infinite,halo-infinite,1,halo-infinite,0,0,False
sarah-jones,Sarah Jones,Sarah Jones,halo-infinite,halo-infinite,1,halo-infinite,0,0,False
sarah-lippett,Sarah Lippett,Sarah Lippett,halo-mcc-2021,halo-mcc-2021,1,halo-mcc-2021,0,0,False
sarah-mai,Sarah Mai,Sarah Mai,halo-infinite,halo-infinite,1,halo-infinite,0,0,False
sarah-monat,Sarah Monat,Sarah Monat,halo-campaign-evolved,halo-campaign-evolved,1,halo-campaign-evolved,0,0,False
sarah-oleary,Sarah O'Leary,Sarah O'Leary,halo-4,halo-infinite,3,halo-4|halo-5|halo-infinite,9,6,False
sarah-pugh,Sarah Pugh,Sarah Pugh,halo-4,halo-4,1,halo-4,0,0,False
sarah-robbins,Sarah Robbins,Sarah Robbins,halo-campaign-evolved,halo-campaign-evolved,1,halo-campaign-evolved,0,0,False
sarah-schauf,Sarah Schauf,Sarah Schauf,halo-cea,halo-4,2,halo-cea|halo-4,1,1,False
sarah-stanley,Sarah Stanley,Sarah Stanley,halo-mcc-2021,halo-infinite,2,halo-mcc-2021|halo-infinite,0,0,False
sarah-starck,Sarah Starck,Sarah Starck,halo-infinite,halo-infinite,1,halo-infinite,0,0,False
sarayut-thomard,Sarayut Thomard,Sarayut Thomard,halo-infinite,halo-infinite,1,halo-infinite,0,0,False
sardana-nikolaeva,Sardana Nikolaeva,Sardana Nikolaeva,halo-infinite,halo-infinite,1,halo-infinite,0,0,False
sardeep-longiye,Sardeep Longiye,Sardeep Longiye,halo-infinite,halo-infinite,1,halo-infinite,0,0,False
sarita-singh,Sarita Singh,Sarita Singh,halo-infinite,halo-infinite,1,halo-infinite,0,0,False
sartaj-mann,Sartaj Mann,Sartaj Mann,halo-infinite,halo-infinite,1,halo-infinite,0,0,False
sasmit-ranadive,Sasmit Ranadive,Sasmit Ranadive,halo-mcc,halo-mcc,1,halo-mcc,0,0,False
satoru-komiya,Satoru Komiya,Satoru Komiya,halo-cea,halo-cea,1,halo-cea,0,0,False
saul-rodriguez-vazquez,Saul Rodriguez Vazquez,Saul Rodriguez Vazquez|Saul D. Rodriguez Vazquez,halo-infinite,halo-infinite,1,halo-infinite,0,0,False
saurabh-singh,Saurabh Singh,Saurabh Singh,halo-infinite,halo-infinite,1,halo-infinite,0,0,False
savannah-herr,Savannah Herr,Savannah Herr,halo-mcc-2021,halo-mcc-2021,1,halo-mcc-2021,0,0,False
sawpea-keo,Sawpea Keo,Sawpea Keo,halo-mcc,halo-mcc,1,halo-mcc,0,0,False
schuyler-ko,Schuyler Ko,Schuyler Ko,halo-reach,halo-reach,1,halo-reach,0,0,False
scott-ameling,Scott Ameling,Scott Ameling|Scotty E. Ameling,halo-4,halo-campaign-evolved,6,halo-4|halo-mcc|halo-5|halo-mcc-2021|halo-infinite|halo-campaign-evolved,14,6,False
scott-andrews,Scott Andrews,Scott Andrews,halo-infinite,halo-infinite,1,halo-infinite,0,0,False
scott-benefiel,Scott Benefiel,Scott Benefiel,halo-4,halo-4,1,halo-4,0,0,False
scott-bilas,Scott Bilas,Scott Bilas,halo-reach,halo-reach,1,halo-reach,0,0,False
scott-curtis,Scott Curtis,Scott Curtis,halo-infinite,halo-infinite,1,halo-infinite,0,0,False
scott-dellosso,Scott Dell'Osso,Scott Dell'Osso,halo-4,halo-4,1,halo-4,0,0,False
scott-dickey,Scott Dickey,Scott Dickey,halo-infinite,halo-infinite,1,halo-infinite,0,0,False
scott-downey,Scott Downey,Scott Downey,halo-infinite,halo-infinite,1,halo-infinite,0,0,False
scott-feigel,Scott Feigel,Scott Feigel,halo-mcc,halo-mcc,1,halo-mcc,0,0,False
scott-finlay,Scott Finlay,Scott Finlay,halo-4,halo-4,1,halo-4,0,0,False
scott-fredley,Scott Fredley,Scott Fredley,halo-infinite,halo-infinite,1,halo-infinite,0,0,False
scott-jobe,Scott Jobe,Scott Jobe,halo-5,halo-infinite,2,halo-5|halo-infinite,6,6,False
scott-johnson,Scott Johnson,Scott Johnson,halo-infinite,halo-infinite,1,halo-infinite,0,0,False
scott-johnston,Scott Johnston,Scott Johnston,halo-infinite,halo-infinite,1,halo-infinite,0,0,False
scott-kankelborg,Scott Kankelborg,Scott Kankelborg,halo-3,halo-reach,3,halo-3|halo-3-odst|halo-reach,3,2,False
scott-kikuta,Scott Kikuta,Scott Kikuta,halo-3,halo-3,1,halo-3,0,0,False
scott-kubo,Scott Kubo,Scott Kubo,halo-4,halo-4,1,halo-4,0,0,False
scott-lepanen,Scott Lepanen,Scott Lepanen,halo-mcc,halo-mcc,1,halo-mcc,0,0,False
scott-lovegrove,Scott Lovegrove,Scott Lovegrove,halo-mcc-2021,halo-mcc-2021,1,halo-mcc-2021,0,0,False
scott-luse,Scott Luse,Scott Luse,halo-4,halo-4,1,halo-4,0,0,False
scott-maclean,Scott Maclean,Scott Maclean,halo-mcc,halo-mcc,1,halo-mcc,0,0,False
scott-macomber,Scott Macomber,Scott Macomber,halo-mcc,halo-mcc,1,halo-mcc,0,0,False
scott-martin-gershin,"Scott Martin Gershin, MPSE, IESD","Scott Martin Gershin, MPSE, IESD|Scott Martin Gershin|Scott Gershin",halo-cea,halo-mcc,2,halo-cea|halo-mcc,3,3,False
scott-mccrea,Scott McCrea,Scott McCrea,halo-mcc,halo-mcc,1,halo-mcc,0,0,False
scott-mcmurray,Scott McMurray,Scott McMurray,halo-5,halo-campaign-evolved,4,halo-5|halo-mcc-2021|halo-infinite|halo-campaign-evolved,11,6,False
scott-murphy,Scott Murphy,Scott Murphy,halo-infinite,halo-campaign-evolved,2,halo-infinite|halo-campaign-evolved,5,5,False
scott-murray,Scott Murray,Scott Murray,halo-mcc,halo-mcc,1,halo-mcc,0,0,False
scott-parrish,Scott Parrish,Scott Parrish,halo-4,halo-4,1,halo-4,0,0,False
scott-sedlickas,Scott Sedlickas,Scott Sedlickas,halo-reach,halo-reach,1,halo-reach,0,0,False
scott-shepherd,Scott Shepherd,Scott Shepherd,halo-3-odst,halo-reach,2,halo-3-odst|halo-reach,1,1,False
scott-shields,Scott Shields,Scott Shields,halo-reach,halo-4,2,halo-reach|halo-4,2,2,False
scott-sims,Scott Sims,Scott Sims,halo-4,halo-5,2,halo-4|halo-5,3,3,False
scott-slater,Scott Slater,Scott Slater,halo-3-odst,halo-3-odst,1,halo-3-odst,0,0,False
scott-stevens,Scott Stevens,Scott Stevens,halo-4,halo-infinite,2,halo-4|halo-infinite,9,9,False
scott-trosclair,Scott Trosclair,Scott Trosclair,halo-mcc,halo-mcc,1,halo-mcc,0,0,False
scott-warner,Scott Warner,Scott Warner,halo-4,halo-4,1,halo-4,0,0,False
scott-whyte,Scott Whyte,Scott Whyte,halo-5,halo-infinite,2,halo-5|halo-infinite,6,6,False
scott-wolf,Scott Wolf,Scott Wolf,halo-cea,halo-cea,1,halo-cea,0,0,False
scott-xiong,Scott Xiong,Scott Xiong,halo-infinite,halo-infinite,1,halo-infinite,0,0,False
scott-yorke,Scott Yorke,Scott Yorke,halo-infinite,halo-infinite,1,halo-infinite,0,0,False
seamus-connolly,Seamus Connolly,Seamus Connolly,halo-infinite,halo-infinite,1,halo-infinite,0,0,False
seamus-epp,Seamus Epp,Seamus Epp,halo-5,halo-infinite,2,halo-5|halo-infinite,6,6,False
sean-baron,Sean Baron,Sean Baron,halo-5,halo-campaign-evolved,4,halo-5|halo-mcc-2021|halo-infinite|halo-campaign-evolved,11,6,False
sean-binder,Sean Binder,Sean Binder,halo-4,halo-5,2,halo-4|halo-5,3,3,False
sean-chen,Sean Chen,Sean Chen,halo-campaign-evolved,halo-campaign-evolved,1,halo-campaign-evolved,0,0,False
sean-chiplock,Sean Chiplock,Sean Chiplock,halo-infinite,halo-infinite,1,halo-infinite,0,0,False
sean-clarke-jr,Sean Clarke Jr.,Sean Clarke Jr.,halo-mcc-2021,halo-mcc-2021,1,halo-mcc-2021,0,0,False
sean-comer,Sean Comer,Sean Comer,halo-3,halo-3,1,halo-3,0,0,False
sean-connaghan,Sean Connaghan,Sean Connaghan,halo-mcc-2021,halo-mcc-2021,1,halo-mcc-2021,0,0,False
sean-cooper,Sean Cooper,Sean Cooper,halo-mcc-2021,halo-campaign-evolved,3,halo-mcc-2021|halo-infinite|halo-campaign-evolved,5,5,False
sean-hewitt,Sean Hewitt,Sean Hewitt,halo-5,halo-infinite,2,halo-5|halo-infinite,6,6,False
sean-kale,Sean Kale,Sean Kale,halo-5,halo-infinite,2,halo-5|halo-infinite,6,6,False
sean-kalra,Sean Kalra,Sean Kalra,halo-mcc,halo-mcc,1,halo-mcc,0,0,False
sean-kellogg,Sean Kellogg,Sean Kellogg,halo-reach,halo-mcc,2,halo-reach|halo-mcc,4,4,False
sean-low,Sean Low,Sean Low,halo-campaign-evolved,halo-campaign-evolved,1,halo-campaign-evolved,0,0,False
sean-manley,Sean Manley,Sean Manley,halo-cea,halo-4,2,halo-cea|halo-4,1,1,False
sean-manseau,Sean Manseau,Sean Manseau,halo-infinite,halo-infinite,1,halo-infinite,0,0,False
sean-mcnally,Sean McNally,Sean McNally,halo-mcc,halo-mcc,1,halo-mcc,0,0,False
sean-michael,Sean Michael,Sean Michael,halo-mcc-2021,halo-campaign-evolved,3,halo-mcc-2021|halo-infinite|halo-campaign-evolved,5,5,False
sean-parkin,Sean Parkin,Sean Parkin,halo-infinite,halo-infinite,1,halo-infinite,0,0,False
sean-quitania,Sean Quitania,Sean Quitania,halo-infinite,halo-infinite,1,halo-infinite,0,0,False
sean-schemmel,Sean Schemmel,Sean Schemmel,halo-5,halo-5,1,halo-5,0,0,False
sean-sheffer,Sean Sheffer,Sean Sheffer,halo-mcc-2021,halo-mcc-2021,1,halo-mcc-2021,0,0,False
sean-shypula,Sean Shypula,Sean Shypula,halo-3,halo-reach,3,halo-3|halo-3-odst|halo-reach,3,2,False
sean-sterling,Sean Sterling,Sean Sterling,halo-mcc,halo-mcc,1,halo-mcc,0,0,False
sean-stewart,Sean Stewart,Sean Stewart,halo-mcc-2021,halo-mcc-2021,1,halo-mcc-2021,0,0,False
sean-stolberg,Sean Stolberg,Sean Stolberg,halo-5,halo-5,1,halo-5,0,0,False
sean-swidersky,Sean Swidersky,Sean Swidersky|Sean “DeRsKy” Swidersky,halo-mcc,halo-campaign-evolved,5,halo-mcc|halo-5|halo-mcc-2021|halo-infinite|halo-campaign-evolved,12,6,False
sean-taylor,Sean Taylor,Sean Taylor,halo-5,halo-5,1,halo-5,0,0,False
sean-walsh,Sean Walsh,Sean Walsh,halo-5,halo-campaign-evolved,3,halo-5|halo-infinite|halo-campaign-evolved,11,6,False
sebastian-baeza-zamora,Sebastian Baeza Zamora,Sebastian Baeza Zamora,halo-infinite,halo-infinite,1,halo-infinite,0,0,False
sebastian-cala,Sebastian Calà,Sebastian Calà,halo-campaign-evolved,halo-campaign-evolved,1,halo-campaign-evolved,0,0,False
sebastian-carrawayrhodes,Sebastian Carraway-Rhodes,Sebastian Carraway-Rhodes,halo-infinite,halo-infinite,1,halo-infinite,0,0,False
sebastian-grinke,Sebastian Grinke,Sebastian Grinke,halo-mcc,halo-mcc,1,halo-mcc,0,0,False
sebastian-kolbu,Sebastian Kolbu,Sebastian Kolbu,halo-mcc-2021,halo-mcc-2021,1,halo-mcc-2021,0,0,False
sebastian-mundo,Sebastian Mundo,Sebastian Mundo,halo-infinite,halo-infinite,1,halo-infinite,0,0,False
sebastien-chort,Sébastien Chort,Sébastien Chort,halo-mcc,halo-mcc,1,halo-mcc,0,0,False
sebestyen-szabo,Sebestyén Szabó,Sebestyén Szabó,halo-campaign-evolved,halo-campaign-evolved,1,halo-campaign-evolved,0,0,False
seigen-ko,Seigen Ko,Seigen Ko,halo-3,halo-3,1,halo-3,0,0,False
selina-coppersmith,Selina Coppersmith,Selina Coppersmith,halo-campaign-evolved,halo-campaign-evolved,1,halo-campaign-evolved,0,0,False
seok-ki-kwon,Seok Ki Kwon,Seok Ki Kwon|Seokki Kwon,halo-cea,halo-infinite,3,halo-cea|halo-4|halo-infinite,10,9,False
seokin-chung,Seokin Chung,Seokin Chung,halo-infinite,halo-infinite,1,halo-infinite,0,0,False
seona-hwang,Seona Hwang,Seona Hwang,halo-mcc,halo-mcc,1,halo-mcc,0,0,False
serge-bernier,Serge Bernier,Serge Bernier,halo-mcc-2018,halo-mcc-2018,1,halo-mcc-2018,0,0,False
serge-khomutovskiy,Serge Khomutovskiy,Serge Khomutovskiy,halo-infinite,halo-infinite,1,halo-infinite,0,0,False
serge-lansiquot,Serge Lansiquot,Serge Lansiquot,halo-infinite,halo-infinite,1,halo-infinite,0,0,False
sergei-boginsky,Sergei Boginsky,Sergei Boginsky,halo-mcc,halo-mcc,1,halo-mcc,0,0,False
sergei-s-shinkevich,Sergei Shinkevich,Sergei Shinkevich|Sergei S. Shinkevich,halo-mcc,halo-5,2,halo-mcc|halo-5,1,1,False
sergej-stepenko,Sergej Stepenko,Sergej Stepenko,halo-campaign-evolved,halo-campaign-evolved,1,halo-campaign-evolved,0,0,False
sergey-adveev,Sergey Adveev,Sergey Adveev,halo-cea,halo-cea,1,halo-cea,0,0,False
sergey-aleksandrov,Sergey Aleksandrov,Sergey Aleksandrov,halo-mcc,halo-mcc,1,halo-mcc,0,0,False
sergey-avdeev,Sergey Avdeev,Sergey Avdeev,halo-mcc-2021,halo-mcc-2021,1,halo-mcc-2021,0,0,False
sergey-borisenko,Sergey Borisenko,Sergey Borisenko,halo-mcc,halo-mcc,1,halo-mcc,0,0,False
sergey-bykov,Sergey Bykov,Sergey Bykov,halo-5,halo-5,1,halo-5,0,0,False
sergey-chabrov,Sergey Chabrov,Sergey Chabrov,halo-infinite,halo-infinite,1,halo-infinite,0,0,False
sergey-demidov,Sergey Demidov,Sergey Demidov,halo-cea,halo-mcc-2021,2,halo-cea|halo-mcc-2021,10,10,False
sergey-evseev,Sergey Evseev,Sergey Evseev,halo-infinite,halo-infinite,1,halo-infinite,0,0,False
sergey-gaida,Sergey Gaida,Sergey Gaida,halo-infinite,halo-infinite,1,halo-infinite,0,0,False
sergey-gritsay,Sergey Gritsay,Sergey Gritsay,halo-mcc,halo-mcc,1,halo-mcc,0,0,False
sergey-lebedev,Sergey Lebedev,Sergey Lebedev,halo-cea,halo-cea,1,halo-cea,0,0,False
sergey-malchenko,Sergey Malchenko,Sergey Malchenko,halo-infinite,halo-infinite,1,halo-infinite,0,0,False
sergey-mironov,Sergey Mironov,Sergey Mironov,halo-mcc-2021,halo-mcc-2021,1,halo-mcc-2021,0,0,False
sergey-mkrtumov,Sargey Mkrtumov,Sargey Mkrtumov|Sergey Mkrtumov,halo-3-odst,halo-reach,2,halo-3-odst|halo-reach,1,1,False
sergey-nikolaev,Sergey Nikolaev,Sergey Nikolaev,halo-mcc-2021,halo-mcc-2021,1,halo-mcc-2021,0,0,False
sergey-rakhmanov,Sergey Rakhmanov,Sergey Rakhmanov,halo-cea,halo-mcc-2021,2,halo-cea|halo-mcc-2021,10,10,False
sergey-rumyantsev,Sergey Rumyantsev,Sergey Rumyantsev,halo-infinite,halo-infinite,1,halo-infinite,0,0,False
sergey-samuilov,Sergey Samuilov,Sergey Samuilov,halo-mcc,halo-mcc,1,halo-mcc,0,0,False
sergey-snegirev,Sergey Snegirev,Sergey Snegirev,halo-infinite,halo-infinite,1,halo-infinite,0,0,False
sergii-kudlai,Sergii Kudlai,Sergii Kudlai,halo-infinite,halo-infinite,1,halo-infinite,0,0,False
sergio-gonzalez-lopez,Sergio Gonzalez Lopez,Sergio Gonzalez Lopez,halo-infinite,halo-infinite,1,halo-infinite,0,0,False
sergio-nunes-jr,Sergio Nunes Jr,Sergio Nunes Jr,halo-infinite,halo-infinite,1,halo-infinite,0,0,False
sergio-perez,Sergio Perez,Sergio Perez,halo-infinite,halo-infinite,1,halo-infinite,0,0,False
sergiy-onisenko,Sergiy Onisenko,Sergiy Onisenko,halo-campaign-evolved,halo-campaign-evolved,1,halo-campaign-evolved,0,0,False
sero2048,Sero2048,Sero2048,halo-campaign-evolved,halo-campaign-evolved,1,halo-campaign-evolved,0,0,False
seth-blakely,Seth Blakely,Seth Blakely,halo-5,halo-5,1,halo-5,0,0,False
seth-gibson,Seth Gibson,Seth Gibson,halo-3-odst,halo-4,2,halo-3-odst|halo-4,3,3,False
seth-mcallister,Seth McAllister,Seth McAllister,halo-infinite,halo-infinite,1,halo-infinite,0,0,False
seth-salts,Seth Salts,Seth Salts,halo-infinite,halo-infinite,1,halo-infinite,0,0,False
seth-sterr,Seth Sterr,Seth Sterr,halo-campaign-evolved,halo-campaign-evolved,1,halo-campaign-evolved,0,0,False
seth-waldmann,Seth Waldmann,Seth Waldmann,halo-mcc,halo-mcc,1,halo-mcc,0,0,False
seung-jae-lee,Seung Jae Lee,Seung Jae Lee,halo-mcc,halo-mcc,1,halo-mcc,0,0,False
seungjin-woo,Seungjin Woo,Seungjin Woo,halo-mcc,halo-mcc,1,halo-mcc,0,0,False
seyi-faleke,Seyi Faleke,Seyi Faleke,halo-campaign-evolved,halo-campaign-evolved,1,halo-campaign-evolved,0,0,False
sg-gould,SG Gould,SG Gould,halo-infinite,halo-infinite,1,halo-infinite,0,0,False
shadman-hassan,Shadman Hassan,Shadman Hassan,halo-infinite,halo-infinite,1,halo-infinite,0,0,False
shae-shatz,Shae Shatz,Shae Shatz,halo-4,halo-4,1,halo-4,0,0,False
shafaqut-mohamedali,Shaf Mohamedali,Shaf Mohamedali|Shafaqut Mohamedali,halo-mcc-2021,halo-infinite,2,halo-mcc-2021|halo-infinite,0,0,False
shaibal-dutta,Shaibal Dutta,Shaibal Dutta,halo-infinite,halo-infinite,1,halo-infinite,0,0,False
shakti-singh,Shakti Singh,Shakti Singh,halo-infinite,halo-infinite,1,halo-infinite,0,0,False
shalia-wynn,Shalia Wynn,Shalia Wynn,halo-infinite,halo-infinite,1,halo-infinite,0,0,False
shamil-yanbuhtin,Shamil Yanbuhtin,Shamil Yanbuhtin,halo-cea,halo-cea,1,halo-cea,0,0,False
shammi-mohamed,Shammi Mohamed,Shammi Mohamed,halo-4,halo-4,1,halo-4,0,0,False
shan-duan,Shan Duan,Shan Duan,halo-5,halo-5,1,halo-5,0,0,False
shan-hao,Shan Hao,Shan Hao,halo-campaign-evolved,halo-campaign-evolved,1,halo-campaign-evolved,0,0,False
shane-davis,Shane Davis,Shane Davis,halo-4,halo-4,1,halo-4,0,0,False
shane-hartley,Shane Hartley,Shane Hartley,halo-cea,halo-cea,1,halo-cea,0,0,False
shane-stevens,Shane Stevens,Shane Stevens,halo-4,halo-4,1,halo-4,0,0,False
shane-williams,Shane Williams,Shane Williams,halo-4,halo-4,1,halo-4,0,0,False
shang-bang-francis-wu,Shang Bang Francis Wu,Shang Bang Francis Wu,halo-4,halo-4,1,halo-4,0,0,False
shang-chenbin,Shang Chenbin,Shang Chenbin,halo-campaign-evolved,halo-campaign-evolved,1,halo-campaign-evolved,0,0,False
shang-jin-ahn,Shang Jin Ahn,Shang Jin Ahn,halo-3,halo-3,1,halo-3,0,0,False
shannon-carr,Shannon Carr,Shannon Carr,halo-infinite,halo-infinite,1,halo-infinite,0,0,False
shannon-mclaughlin,Shannon McLaughlin,Shannon McLaughlin,halo-infinite,halo-infinite,1,halo-infinite,0,0,False
shannon-phillips,Shannon Phillips,Shannon Phillips,halo-4,halo-4,1,halo-4,0,0,False
shannon-potter,Shannon Potter,Shannon Potter,halo-campaign-evolved,halo-campaign-evolved,1,halo-campaign-evolved,0,0,False
shannon-s-fairbanks,Shannon S. Fairbanks,Shannon S. Fairbanks,halo-mcc-2021,halo-mcc-2021,1,halo-mcc-2021,0,0,False
shanshan-li,Shanshan Li,Shanshan Li,halo-infinite,halo-infinite,1,halo-infinite,0,0,False
shantanu-shripad-mane,Shantanu Shripad Mane,Shantanu Shripad Mane,halo-infinite,halo-infinite,1,halo-infinite,0,0,False
shao-zifang,Shao Zifang,Shao Zifang,halo-campaign-evolved,halo-campaign-evolved,1,halo-campaign-evolved,0,0,False
sharan-volin,Sharan Volin,Sharan Volin,halo-mcc-2018,halo-mcc-2018,1,halo-mcc-2018,0,0,False
sharlene-lin,Sharlene Lin,Sharlene Lin,halo-infinite,halo-infinite,1,halo-infinite,0,0,False
sharon-bobbio,Sharon Bobbio,Sharon Bobbio,halo-mcc,halo-5,2,halo-mcc|halo-5,1,1,False
sharon-plotkin,Sharon Plotkin,Sharon Plotkin,halo-4,halo-4,1,halo-4,0,0,False
shasta-baker,Shasta Baker,Shasta Baker,halo-mcc-2021,halo-mcc-2021,1,halo-mcc-2021,0,0,False
shaun-foley,Shaun Foley,Shaun Foley,halo-5,halo-infinite,2,halo-5|halo-infinite,6,6,False
shaun-mackey,Shaun Mackey,Shaun Mackey,halo-4,halo-5,2,halo-4|halo-5,3,3,False
shaun-martin,Shaun Martin,Shaun Martin,halo-4,halo-infinite,2,halo-4|halo-infinite,9,9,False
shauna-sperry,Shauna Sperry,Shauna Sperry,halo-3-odst,halo-reach,2,halo-3-odst|halo-reach,1,1,False
shawn-gouldmasse,Shawn Gould-Masse,Shawn Gould-Masse,halo-campaign-evolved,halo-campaign-evolved,1,halo-campaign-evolved,0,0,False
shawn-johnson,Shawn Johnson,Shawn Johnson,halo-2,halo-2,1,halo-2,0,0,False
shawn-mcclelland,Shawn McClelland,Shawn McClelland,halo-3,halo-3,1,halo-3,0,0,False
shawn-mosman,Shawn Mosman,Shawn Mosman,halo-4,halo-4,1,halo-4,0,0,False
shawn-taylor,Shawn Taylor,Shawn Taylor,halo-3-odst,halo-reach,2,halo-3-odst|halo-reach,1,1,False
shawn-wu,Shawn Wu,Shawn Wu,halo-campaign-evolved,halo-campaign-evolved,1,halo-campaign-evolved,0,0,False
shawnell-priester,Shawnell Priester,Shawnell Priester,halo-infinite,halo-infinite,1,halo-infinite,0,0,False
shay-sanders,Shay Sanders,Shay Sanders,halo-3,halo-3-odst,2,halo-3|halo-3-odst,2,2,False
sheila-johnson,Sheila Johnson,Sheila Johnson,halo-infinite,halo-infinite,1,halo-infinite,0,0,False
shelby-gremel,Shelby Gremel,Shelby Gremel,halo-infinite,halo-infinite,1,halo-infinite,0,0,False
shelley-roden,Shelley Roden,Shelley Roden,halo-5,halo-5,1,halo-5,0,0,False
shelley-seitz,Shelley Seitz,Shelley Seitz,halo-mcc,halo-mcc,1,halo-mcc,0,0,False
shen-bingcheng,Shen Bingcheng,Shen Bingcheng,halo-campaign-evolved,halo-campaign-evolved,1,halo-campaign-evolved,0,0,False
shen-yunfei,Shen Yunfei,Shen Yunfei,halo-campaign-evolved,halo-campaign-evolved,1,halo-campaign-evolved,0,0,False
shen-zhiyuan,Shen Zhiyuan,Shen Zhiyuan,halo-campaign-evolved,halo-campaign-evolved,1,halo-campaign-evolved,0,0,False
shen-zixiang,Shen Zixiang,Shen Zixiang,halo-campaign-evolved,halo-campaign-evolved,1,halo-campaign-evolved,0,0,False
shenming-spurgeon,Shen-Ming Spurgeon,Shen-Ming Spurgeon,halo-4,halo-4,1,halo-4,0,0,False
sheridan-thirsk,Sheridan Thirsk,Sheridan Thirsk,halo-4,halo-4,1,halo-4,0,0,False
sherif-gad,Sherif Gad,Sherif Gad,halo-campaign-evolved,halo-campaign-evolved,1,halo-campaign-evolved,0,0,False
sherry-kuchera,Sherry Kuchera,Sherry Kuchera,halo-infinite,halo-infinite,1,halo-infinite,0,0,False
shi-bingyu,Shi Bingyu,Shi Bingyu,halo-campaign-evolved,halo-campaign-evolved,1,halo-campaign-evolved,0,0,False
shi-han,Shi Han,Shi Han,halo-campaign-evolved,halo-campaign-evolved,1,halo-campaign-evolved,0,0,False
shi-kai-wang,Shi Kai Wang,Shi Kai Wang,halo-ce,halo-reach,5,halo-ce|halo-2|halo-3|halo-3-odst|halo-reach,9,3,False
shi-wenkang,Shi Wenkang,Shi Wenkang,halo-campaign-evolved,halo-campaign-evolved,1,halo-campaign-evolved,0,0,False
shi-yue,Shi Yue,Shi Yue,halo-campaign-evolved,halo-campaign-evolved,1,halo-campaign-evolved,0,0,False
shi-yuqing,Shi Yuqing,Shi Yuqing,halo-campaign-evolved,halo-campaign-evolved,1,halo-campaign-evolved,0,0,False
shihkeng-chang,Shih-Keng Chang,Shih-Keng Chang,halo-campaign-evolved,halo-campaign-evolved,1,halo-campaign-evolved,0,0,False
shine-massie,Shine Massie,Shine Massie,halo-mcc,halo-mcc,1,halo-mcc,0,0,False
shinjiro-azumi,Shinjiro Azumi,Shinjiro Azumi,halo-mcc-2021,halo-mcc-2021,1,halo-mcc-2021,0,0,False
shiou-chen,Shiou Chen,Shiou Chen,halo-campaign-evolved,halo-campaign-evolved,1,halo-campaign-evolved,0,0,False
shirak-agresta,Shirak Agresta,Shirak Agresta,halo-mcc,halo-mcc,1,halo-mcc,0,0,False
shlomy-dobrinsky,Shlomy Dobrinsky,Shlomy Dobrinsky,halo-5,halo-5,1,halo-5,0,0,False
shogna-chang,Shogna Chang,Shogna Chang,halo-infinite,halo-infinite,1,halo-infinite,0,0,False
shon-mitchell,Shon Mitchell,Shon Mitchell,halo-4,halo-infinite,3,halo-4|halo-5|halo-infinite,9,6,False
shui-xin,Shui Xin,Shui Xin,halo-campaign-evolved,halo-campaign-evolved,1,halo-campaign-evolved,0,0,False
shukari-cato,Shukari Cato,Shukari Cato,halo-infinite,halo-infinite,1,halo-infinite,0,0,False
shuo-liu,Shuo Liu,Shuo Liu,halo-campaign-evolved,halo-campaign-evolved,1,halo-campaign-evolved,0,0,False
shuyu-olive-chou,Shu-Yu (Olive) Chou,Shu-Yu (Olive) Chou,halo-infinite,halo-infinite,1,halo-infinite,0,0,False
shyang-kong,Shyang Kong,Shyang Kong,halo-5,halo-campaign-evolved,3,halo-5|halo-infinite|halo-campaign-evolved,11,6,False
si-zhipeng,Si Zhipeng,Si Zhipeng,halo-campaign-evolved,halo-campaign-evolved,1,halo-campaign-evolved,0,0,False
siddharta-madrid,Siddharta Madrid,Siddharta Madrid,halo-campaign-evolved,halo-campaign-evolved,1,halo-campaign-evolved,0,0,False
sidney-seidel,Sidney Seidel,Sidney Seidel,halo-infinite,halo-infinite,1,halo-infinite,0,0,False
sidney-weiss,Sidney Weiss,Sidney Weiss,halo-infinite,halo-infinite,1,halo-infinite,0,0,False
siebel-demirmen,Siebel Demirmen,Siebel Demirmen,halo-mcc,halo-mcc,1,halo-mcc,0,0,False
silvia-alabardi,Silvia Alabardi,Silvia Alabardi,halo-campaign-evolved,halo-campaign-evolved,1,halo-campaign-evolved,0,0,False
silvia-mancaliaci,Silvia Manca-Liaci,Silvia Manca-Liaci,halo-campaign-evolved,halo-campaign-evolved,1,halo-campaign-evolved,0,0,False
sim-sahin,Sim Sahin,Sim Sahin,halo-infinite,halo-infinite,1,halo-infinite,0,0,False
simon-coteduchesne,Simon Côté-Duchesne,Simon Côté-Duchesne,halo-mcc-2018,halo-mcc-2018,1,halo-mcc-2018,0,0,False
simon-craddick,Simon Craddick,Simon Craddick,halo-4,halo-campaign-evolved,4,halo-4|halo-5|halo-infinite|halo-campaign-evolved,14,6,False
simon-gordon,Simon Gordon,Simon Gordon,halo-mcc,halo-infinite,4,halo-mcc|halo-5|halo-mcc-2021|halo-infinite,7,6,False
simon-j-schwartz,Simon J Schwartz,Simon J Schwartz,halo-infinite,halo-infinite,1,halo-infinite,0,0,False
simon-james,Simon James,Simon James,halo-2,halo-2,1,halo-2,0,0,False
simon-kilroy,Simon Kilroy,Simon Kilroy,halo-mcc-2021,halo-mcc-2021,1,halo-mcc-2021,0,0,False
simon-munday,Simon Munday,Simon Munday,halo-5,halo-5,1,halo-5,0,0,False
simon-rayner,Simon Rayner,Simon Rayner,halo-5,halo-5,1,halo-5,0,0,False
simon-usiskin,Simon Usiskin,Simon Usiskin,halo-mcc-2021,halo-mcc-2021,1,halo-mcc-2021,0,0,False
simone-cormier,Simone Cormier,Simone Cormier,halo-campaign-evolved,halo-campaign-evolved,1,halo-campaign-evolved,0,0,False
simone-urru,Simone Urru,Simone Urru,halo-campaign-evolved,halo-campaign-evolved,1,halo-campaign-evolved,0,0,False
simrandeep-singh,Simrandeep Singh,Simrandeep Singh,halo-infinite,halo-infinite,1,halo-infinite,0,0,False
sisi-castrokruel,Sisi Castro-Kruel,Sisi Castro-Kruel,halo-mcc,halo-mcc,1,halo-mcc,0,0,False
skai-chow,Skai Chow,Skai Chow,halo-infinite,halo-infinite,1,halo-infinite,0,0,False
sky-kensok,Sky Kensok,Sky Kensok,halo-4,halo-4,1,halo-4,0,0,False
sky-lan,Sky Lan,Sky Lan,halo-campaign-evolved,halo-campaign-evolved,1,halo-campaign-evolved,0,0,False
sky-west,Sky West,Sky West,halo-infinite,halo-infinite,1,halo-infinite,0,0,False
skye-nelson,Skye Nelson,Skye Nelson,halo-infinite,halo-infinite,1,halo-infinite,0,0,False
skyler-foxx,Skyler Foxx,Skyler Foxx,halo-mcc-2021,halo-infinite,2,halo-mcc-2021|halo-infinite,0,0,False
skyler-turner,Skyler Turner,Skyler Turner,halo-campaign-evolved,halo-campaign-evolved,1,halo-campaign-evolved,0,0,False
slob-juriaan,Slob Juriaan,Slob Juriaan,halo-campaign-evolved,halo-campaign-evolved,1,halo-campaign-evolved,0,0,False
slobodan-m-bojanic,Slobodan M. Bojanic,Slobodan M. Bojanic,halo-mcc,halo-mcc,1,halo-mcc,0,0,False
smruti-katre,Smruti Katre,Smruti Katre,halo-mcc,halo-5,2,halo-mcc|halo-5,1,1,False
sneja-balakrishnapillai-chitralekha-janaki,Sneja Balakrishnapillai Chitralekha Janaki,Sneja Balakrishnapillai Chitralekha Janaki,halo-5,halo-5,1,halo-5,0,0,False
soeren-hesse,Soeren Hesse,Soeren Hesse,halo-infinite,halo-infinite,1,halo-infinite,0,0,False
sofia-guix,Sofia Guix,Sofia Guix,halo-infinite,halo-infinite,1,halo-infinite,0,0,False
sofia-lillo,Sofia Lillo,Sofia Lillo,halo-infinite,halo-infinite,1,halo-infinite,0,0,False
sofwan-naing,Sofwan Naing,Sofwan Naing,halo-campaign-evolved,halo-campaign-evolved,1,halo-campaign-evolved,0,0,False
somesh-chaturmohta,Somesh Chaturmohta,Somesh Chaturmohta,halo-mcc,halo-mcc,1,halo-mcc,0,0,False
song-hye-sue,Song Hye Sue,Song Hye Sue,halo-campaign-evolved,halo-campaign-evolved,1,halo-campaign-evolved,0,0,False
song-shihao,Song Shihao,Song Shihao,halo-infinite,halo-infinite,1,halo-infinite,0,0,False
song-xinran,Song Xinran,Song Xinran,halo-campaign-evolved,halo-campaign-evolved,1,halo-campaign-evolved,0,0,False
songyee-han,SongYee Han,SongYee Han,halo-mcc-2021,halo-mcc-2021,1,halo-mcc-2021,0,0,False
sonia-slany,Sonia Slany,Sonia Slany,halo-5,halo-5,1,halo-5,0,0,False
sophia-abouzeid,Sophia Abouzeid,Sophia Abouzeid,halo-campaign-evolved,halo-campaign-evolved,1,halo-campaign-evolved,0,0,False
sophia-macdonnell,Sophia MacDonnell,Sophia MacDonnell,halo-infinite,halo-campaign-evolved,2,halo-infinite|halo-campaign-evolved,5,5,False
sophia-shu-chuan-lai,Sophia Shu Chuan Lai,Sophia Shu Chuan Lai,halo-2,halo-2,1,halo-2,0,0,False
sophia-whyte,Sophia Whyte,Sophia Whyte,halo-mcc-2021,halo-mcc-2021,1,halo-mcc-2021,0,0,False
sophie-foliguet,Sophie Foliguet,Sophie Foliguet,halo-campaign-evolved,halo-campaign-evolved,1,halo-campaign-evolved,0,0,False
sophie-gao,Sophie Gao,Sophie Gao,halo-5,halo-5,1,halo-5,0,0,False
sophie-harris,Sophie Harris,Sophie Harris,halo-5,halo-5,1,halo-5,0,0,False
sophon-seangkaew,Sophon Seangkaew,Sophon Seangkaew,halo-campaign-evolved,halo-campaign-evolved,1,halo-campaign-evolved,0,0,False
sotaro-tojima,Sotaro Tojima,Sotaro Tojima,halo-4,halo-infinite,3,halo-4|halo-5|halo-infinite,9,6,False
sotonye-joaquin-cintron,Sotonye Joaquin Cintron,Sotonye Joaquin Cintron,halo-campaign-evolved,halo-campaign-evolved,1,halo-campaign-evolved,0,0,False
souichiro-shimano,Souichiro Shimano,Souichiro Shimano,halo-3-odst,halo-3-odst,1,halo-3-odst,0,0,False
sparth-nicolas-bouvier,Sparth Nicolas Bouvier,Sparth Nicolas Bouvier,halo-infinite,halo-infinite,1,halo-infinite,0,0,False
spectre,Spectre,Spectre,halo-campaign-evolved,halo-campaign-evolved,1,halo-campaign-evolved,0,0,False
spencer-hayes,Spencer Hayes,Spencer Hayes,halo-infinite,halo-infinite,1,halo-infinite,0,0,False
spencer-kopach,Spencer Kopach,Spencer Kopach,halo-infinite,halo-infinite,1,halo-infinite,0,0,False
spencer-riedel,Spencer Riedel,Spencer Riedel,halo-infinite,halo-infinite,1,halo-infinite,0,0,False
spencer-smith,Spencer Smith,Spencer Smith,halo-mcc,halo-mcc-2021,2,halo-mcc|halo-mcc-2021,7,7,False
spiro-anagnostakos,Spiro Anagnostakos,Spiro Anagnostakos,halo-campaign-evolved,halo-campaign-evolved,1,halo-campaign-evolved,0,0,False
sri-kadali,Sri Kadali,Sri Kadali,halo-campaign-evolved,halo-campaign-evolved,1,halo-campaign-evolved,0,0,False
stacey-moore,Stacey Moore,Stacey Moore,halo-2,halo-2,1,halo-2,0,0,False
stacey-watton,Stacey Watton,Stacey Watton,halo-5,halo-5,1,halo-5,0,0,False
stan-lepard,Stan LePard,Stan LePard,halo-2,halo-reach,3,halo-2|halo-3-odst|halo-reach,6,5,False
stanely-paul,Stanely Paul,Stanely Paul,halo-infinite,halo-infinite,1,halo-infinite,0,0,False
stanis-aw-swiderski,StanisłAw Świderski,StanisłAw Świderski,halo-campaign-evolved,halo-campaign-evolved,1,halo-campaign-evolved,0,0,False
stanislav-borodikhin,Stanislav Borodikhin,Stanislav Borodikhin,halo-cea,halo-cea,1,halo-cea,0,0,False
stanislav-ladatkin,Stanislav Ladatkin,Stanislav Ladatkin,halo-mcc-2021,halo-mcc-2021,1,halo-mcc-2021,0,0,False
stanislav-zainchkovskiy,Stanislav Zainchkovskiy,Stanislav Zainchkovskiy,halo-cea,halo-cea,1,halo-cea,0,0,False
stanja-vomackova,Stanja Vomackova,Stanja Vomackova,halo-5,halo-5,1,halo-5,0,0,False
stanley-paul,Stanley Paul,Stanley Paul,halo-mcc-2021,halo-infinite,2,halo-mcc-2021|halo-infinite,0,0,False
stas-kalashnikov,Stas Kalashnikov,Stas Kalashnikov,halo-infinite,halo-infinite,1,halo-infinite,0,0,False
steev-kelly,Steev Kelly,Steev Kelly,halo-cea,halo-4,2,halo-cea|halo-4,1,1,False
stef-velzeboer,Stef Velzeboer,Stef Velzeboer,halo-infinite,halo-infinite,1,halo-infinite,0,0,False
stefan-berkieta,Stefan Berkieta,Stefan Berkieta,halo-5,halo-5,1,halo-5,0,0,False
stefan-heinsen,Stefan Heinsen,Stefan Heinsen,halo-infinite,halo-infinite,1,halo-infinite,0,0,False
stefan-rutherford,Stefan Rutherford,Stefan Rutherford,halo-infinite,halo-infinite,1,halo-infinite,0,0,False
stefan-sarnev,Stefan Sarnev,Stefan Sarnev,halo-infinite,halo-infinite,1,halo-infinite,0,0,False
stefan-sinclair,Stefan Sinclair,Stefan Sinclair,halo-ce,halo-4,5,halo-ce|halo-2|halo-3|halo-cea|halo-4,11,4,False
stefanie-white,Stefanie White,Stefanie White,halo-infinite,halo-infinite,1,halo-infinite,0,0,False
stefano-civetta,Stefano Civetta,Stefano Civetta,halo-5,halo-5,1,halo-5,0,0,False
stefano-fusaro,Stefano Fusaro,Stefano Fusaro,halo-campaign-evolved,halo-campaign-evolved,1,halo-campaign-evolved,0,0,False
stefano-sampietro,Stefano Sampietro,Stefano Sampietro,halo-mcc-2021,halo-mcc-2021,1,halo-mcc-2021,0,0,False
stefany-hernandez,Stefany Hernandez,Stefany Hernandez,halo-infinite,halo-infinite,1,halo-infinite,0,0,False
steffen-strohmann,Steffen Strohmann,Steffen Strohmann,halo-infinite,halo-infinite,1,halo-infinite,0,0,False
steffen-unger,Steffen Unger,Steffen Unger,halo-4,halo-4,1,halo-4,0,0,False
stelanie-tsirlis,Stelanie Tsirlis,Stelanie Tsirlis,halo-infinite,halo-infinite,1,halo-infinite,0,0,False
stelios-klapsis,Stelios Klapsis,Stelios Klapsis,halo-campaign-evolved,halo-campaign-evolved,1,halo-campaign-evolved,0,0,False
stepan-safulkin,Stepan Safulkin,Stepan Safulkin,halo-mcc-2021,halo-mcc-2021,1,halo-mcc-2021,0,0,False
steph-marcus,Steph Marcus,Steph Marcus,halo-infinite,halo-infinite,1,halo-infinite,0,0,False
stephan-okasaki,Stephan Okasaki,Stephan Okasaki|Stephen Okasaki,halo-ce,halo-2,2,halo-ce|halo-2,3,3,False
stephane-lebrun,Stephane LeBrun,Stephane LeBrun|Stéphane D. LeBrun,halo-infinite,halo-infinite,1,halo-infinite,0,0,False
stephane-pelletier,Stéphane Pelletier,Stéphane Pelletier,halo-mcc-2018,halo-mcc-2018,1,halo-mcc-2018,0,0,False
stephanie-lara,Stephanie Lara,Stephanie Lara,halo-infinite,halo-infinite,1,halo-infinite,0,0,False
stephanie-letendre,Stephanie Letendre,Stephanie Letendre,halo-infinite,halo-infinite,1,halo-infinite,0,0,False
stephanie-marchand,Stéphanie Marchand,Stéphanie Marchand,halo-mcc-2018,halo-mcc-2018,1,halo-mcc-2018,0,0,False
stephanie-mcnab,Stephanie McNab,Stephanie McNab,halo-mcc,halo-mcc,1,halo-mcc,0,0,False
stephanie-orellana-sanabria,Stephanie Orellana Sanabria,Stephanie Orellana Sanabria,halo-mcc-2021,halo-infinite,2,halo-mcc-2021|halo-infinite,0,0,False
stephanie-que,Stephanie Que,Stephanie Que,halo-campaign-evolved,halo-campaign-evolved,1,halo-campaign-evolved,0,0,False
stephen-a-schuckenbrock,Stephen A Schuckenbrock,Stephen A Schuckenbrock|Stephen Schuckenbrock,halo-3,halo-infinite,4,halo-3|halo-mcc|halo-5|halo-infinite,14,7,False
stephen-baron,Stephen Baron,Stephen Baron,halo-infinite,halo-infinite,1,halo-infinite,0,0,False
stephen-brown,Stephen Brown,Stephen Brown,halo-infinite,halo-infinite,1,halo-infinite,0,0,False
stephen-cleland,Stephen Cleland,Stephen Cleland,halo-infinite,halo-infinite,1,halo-infinite,0,0,False
stephen-cunningham,Stephen Cunningham,Stephen Cunningham,halo-infinite,halo-infinite,1,halo-infinite,0,0,False
stephen-dyck,Stephen Dyck,Stephen Dyck,halo-4,halo-infinite,3,halo-4|halo-5|halo-infinite,9,6,False
stephen-gaffney,Stephen Gaffney,Stephen Gaffney,halo-mcc,halo-mcc,1,halo-mcc,0,0,False
stephen-guillarte,Stephen Guillarte,Stephen Guillarte,halo-campaign-evolved,halo-campaign-evolved,1,halo-campaign-evolved,0,0,False
stephen-hall,Stephen Hall,Stephen Hall,halo-infinite,halo-infinite,1,halo-infinite,0,0,False
stephen-hauer,Stephen Hauer,Stephen Hauer,halo-4,halo-4,1,halo-4,0,0,False
stephen-heijster,Stephen Heijster,Stephen Heijster|Steve Heijster,halo-5,halo-campaign-evolved,3,halo-5|halo-infinite|halo-campaign-evolved,11,6,False
stephen-heil,Stephen Heil,Stephen Heil,halo-mcc-2021,halo-infinite,2,halo-mcc-2021|halo-infinite,0,0,False
stephen-hwang,Stephen Hwang,Stephen Hwang,halo-infinite,halo-infinite,1,halo-infinite,0,0,False
stephen-kelly,Stephen Kelly,Stephen Kelly,halo-campaign-evolved,halo-campaign-evolved,1,halo-campaign-evolved,0,0,False
stephen-lewis,Stephen Lewis,Stephen Lewis,halo-mcc-2021,halo-mcc-2021,1,halo-mcc-2021,0,0,False
stephen-lu,Stephen Lu,Stephen Lu,halo-mcc,halo-mcc,1,halo-mcc,0,0,False
stephen-mcfarlane,Stephen McFarlane,Stephen McFarlane,halo-3,halo-3,1,halo-3,0,0,False
stephen-oyoung,Stephen Oyoung,Stephen Oyoung,halo-mcc,halo-mcc,1,halo-mcc,0,0,False
stephen-palmer,Stephen Palmer,Stephen Palmer,halo-mcc,halo-mcc,1,halo-mcc,0,0,False
stephen-stratton,Stephen Stratton,Stephen Stratton,halo-5,halo-5,1,halo-5,0,0,False
stephen-van-der-mescht,Stephen Van Der Mescht,Stephen Van Der Mescht,halo-mcc,halo-mcc,1,halo-mcc,0,0,False
stephen-whetstine,Stephen Whetstine,Stephen Whetstine,halo-campaign-evolved,halo-campaign-evolved,1,halo-campaign-evolved,0,0,False
sterling-hudgens,Sterling Hudgens,Sterling Hudgens,halo-campaign-evolved,halo-campaign-evolved,1,halo-campaign-evolved,0,0,False
sterling-skirko,Sterling Skirko,Sterling Skirko,halo-campaign-evolved,halo-campaign-evolved,1,halo-campaign-evolved,0,0,False
steve-abeyta,Steve Abeyta,Steve Abeyta,halo-ce,halo-2,2,halo-ce|halo-2,3,3,False
steve-alliston,Steve Alliston,Steve Alliston,halo-3,halo-4,3,halo-3|halo-reach|halo-4,5,3,False
steve-blum,Steve Blum,Steve Blum|Steven Jay Blum,halo-3,halo-5,3,halo-3|halo-4|halo-5,8,5,False
steve-boyce,Steve Boyce,Steve Boyce|Steven Boyce,halo-5,halo-5,1,halo-5,0,0,False
steve-chon,Steve Chon,Steve Chon,halo-3-odst,halo-reach,2,halo-3-odst|halo-reach,1,1,False
steve-cotton,Steve Cotton,Steve Cotton|Steve Cotten,halo-2,halo-reach,4,halo-2|halo-3|halo-3-odst|halo-reach,6,3,False
steve-downes,Steve Downes,Steve Downes,halo-ce,halo-campaign-evolved,8,halo-ce|halo-2|halo-3|halo-reach|halo-4|halo-5|halo-infinite|halo-campaign-evolved,25,6,False
steve-farnell,Steve Farnell,Steve Farnell,halo-3,halo-4,2,halo-3|halo-4,5,5,False
steve-fowler,Steve Fowler,Steve Fowler,halo-ce,halo-ce,1,halo-ce,0,0,False
steve-guevera,Steve Guevera,Steve Guevera,halo-mcc,halo-mcc,1,halo-mcc,0,0,False
steve-handisides,Steve Handisides,Steve Handisides,halo-5,halo-5,1,halo-5,0,0,False
steve-harris,Steve Harris,Steve Harris,halo-4,halo-4,1,halo-4,0,0,False
steve-heithecker,Steve Heithecker,Steve Heithecker,halo-cea,halo-cea,1,halo-cea,0,0,False
steve-hessel,Steve Hessel,Steve Hessel,halo-mcc-2021,halo-mcc-2021,1,halo-mcc-2021,0,0,False
steve-jones,Steve Jones,Steve Jones|Steven Jones,halo-4,halo-4,1,halo-4,0,0,False
steve-kaplan,Steve Kaplan,Steve Kaplan,halo-mcc,halo-infinite,2,halo-mcc|halo-infinite,7,7,False
steve-kincaid,Steve Kincaid,Steve Kincaid,halo-5,halo-5,1,halo-5,0,0,False
steve-lang,Steve Lang,Steve Lang,halo-4,halo-4,1,halo-4,0,0,False
steve-legg,Steve Legg,Steve Legg,halo-mcc-2021,halo-mcc-2021,1,halo-mcc-2021,0,0,False
steve-leparo,Steve Leparo,Steve Leparo,halo-3,halo-3,1,halo-3,0,0,False
steve-lopez,Steve Lopez,Steve Lopez,halo-3,halo-reach,3,halo-3|halo-3-odst|halo-reach,3,2,False
steve-mair,Steve Mair,Steve Mair|Stephen Mair,halo-5,halo-5,1,halo-5,0,0,False
steve-morris,Steve Morris,Steve Morris,halo-5,halo-5,1,halo-5,0,0,False
steve-paulson,Steve Paulson,Steve Paulson,halo-mcc,halo-mcc,1,halo-mcc,0,0,False
steve-reddoch,Steve Reddoch,Steve Reddoch,halo-3,halo-reach,2,halo-3|halo-reach,3,3,False
steve-rusch,Steve Rusch,Steve Rusch,halo-cea,halo-cea,1,halo-cea,0,0,False
steve-saunders,Steve Saunders,Steve Saunders,halo-4,halo-4,1,halo-4,0,0,False
steve-schefe,Steve Schefe,Steve Schefe,halo-infinite,halo-infinite,1,halo-infinite,0,0,False
steve-schreck,Steve Schreck,Steve Schreck,halo-3-odst,halo-3-odst,1,halo-3-odst,0,0,False
steve-schreiber,Steve Schreiber,Steve Schreiber,halo-4,halo-4,1,halo-4,0,0,False
steve-scott,Steven Scott,Steven Scott|Steve Scott,halo-2,halo-reach,4,halo-2|halo-3|halo-3-odst|halo-reach,6,3,False
steve-silvester,Steven Silvester,Steven Silvester|Steve Silvester,halo-5,halo-campaign-evolved,3,halo-5|halo-infinite|halo-campaign-evolved,11,6,False
steve-theodore,Steve Theodore,Steve Theodore|Stephen Theodore,halo-3,halo-3-odst,2,halo-3|halo-3-odst,2,2,False
steve-vai,Steve Vai,Steve Vai,halo-2,halo-mcc,2,halo-2|halo-mcc,10,10,False
steve-williams,Steve Williams,Steve Williams,halo-5,halo-5,1,halo-5,0,0,False
steve-young,Steve Young,Steve Young,halo-infinite,halo-infinite,1,halo-infinite,0,0,False
steven-alley,Steven Alley,Steven Alley,halo-mcc,halo-mcc,1,halo-mcc,0,0,False
steven-berry,Steven Berry,Steven Berry,halo-mcc-2021,halo-infinite,2,halo-mcc-2021|halo-infinite,0,0,False
steven-burt,Steven Burt,Steven Burt,halo-campaign-evolved,halo-campaign-evolved,1,halo-campaign-evolved,0,0,False
steven-carroll,Steven Carroll,Steven Carroll,halo-infinite,halo-infinite,1,halo-infinite,0,0,False
steven-chalmers,Steven Chalmers,Steven Chalmers,halo-5,halo-infinite,2,halo-5|halo-infinite,6,6,False
steven-damico,Steven D'Amico,Steven D'Amico,halo-mcc,halo-mcc,1,halo-mcc,0,0,False
steven-hammond,Steven Hammond,Steven Hammond,halo-infinite,halo-infinite,1,halo-infinite,0,0,False
steven-juliani,Steven Juliani,Steven Juliani|Steve Juliani,halo-4,halo-4,1,halo-4,0,0,False
steven-landers,Steven Landers,Steven Landers,halo-infinite,halo-infinite,1,halo-infinite,0,0,False
steven-markham,Steven Markham,Steven Markham,halo-4,halo-4,1,halo-4,0,0,False
steven-oberman,Steven Oberman,Steven Oberman,halo-infinite,halo-infinite,1,halo-infinite,0,0,False
steven-ritchie,Steven Ritchie,Steven Ritchie,halo-infinite,halo-infinite,1,halo-infinite,0,0,False
steven-souza,Steven Souza,Steven Souza,halo-infinite,halo-infinite,1,halo-infinite,0,0,False
steven-t-rivera,Steven Rivera,Steven Rivera|Steven T Rivera,halo-mcc,halo-5,2,halo-mcc|halo-5,1,1,False
steven-thornton,Steven Thornton,Steven Thornton,halo-infinite,halo-infinite,1,halo-infinite,0,0,False
steven-truong,Steven Truong,Steven Truong,halo-infinite,halo-infinite,1,halo-infinite,0,0,False
stone-mclaren,Stone McLaren,Stone McLaren,halo-infinite,halo-campaign-evolved,2,halo-infinite|halo-campaign-evolved,5,5,False
stosh-steward,Stosh Steward,Stosh Steward,halo-3,halo-reach,3,halo-3|halo-3-odst|halo-reach,3,2,False
stuart-cunningham,Stuart Cunningham,Stuart Cunningham,halo-infinite,halo-infinite,1,halo-infinite,0,0,False
stuart-k-provine,Stuart K. Provine,Stuart K. Provine,halo-mcc,halo-mcc,1,halo-mcc,0,0,False
stuart-larsen,Stuart Larsen,Stuart Larsen,halo-5,halo-5,1,halo-5,0,0,False
stuart-white,Stuart White,Stuart White,halo-4,halo-4,1,halo-4,0,0,False
su-junqin,Su Junqin,Su Junqin,halo-campaign-evolved,halo-campaign-evolved,1,halo-campaign-evolved,0,0,False
su-you,Su You,Su You,halo-campaign-evolved,halo-campaign-evolved,1,halo-campaign-evolved,0,0,False
sumit-arora,Sumit Arora,Sumit Arora,halo-campaign-evolved,halo-campaign-evolved,1,halo-campaign-evolved,0,0,False
sumit-kumar,Sumit Kumar,Sumit Kumar,halo-infinite,halo-infinite,1,halo-infinite,0,0,False
sumit-singh,Sumit Singh,Sumit Singh,halo-infinite,halo-infinite,1,halo-infinite,0,0,False
sun-chenxuan,Sun Chenxuan,Sun Chenxuan,halo-campaign-evolved,halo-campaign-evolved,1,halo-campaign-evolved,0,0,False
sun-chuankai,Sun Chuankai,Sun Chuankai,halo-campaign-evolved,halo-campaign-evolved,1,halo-campaign-evolved,0,0,False
sun-huakai,Sun Huakai,Sun Huakai,halo-campaign-evolved,halo-campaign-evolved,1,halo-campaign-evolved,0,0,False
sun-jun,Sun Jun,Sun Jun,halo-campaign-evolved,halo-campaign-evolved,1,halo-campaign-evolved,0,0,False
sun-kim,Sun Kim,Sun Kim,halo-campaign-evolved,halo-campaign-evolved,1,halo-campaign-evolved,0,0,False
sun-qi,Sun Qi,Sun Qi,halo-campaign-evolved,halo-campaign-evolved,1,halo-campaign-evolved,0,0,False
sun-zhenlin,Sun Zhenlin,Sun Zhenlin,halo-campaign-evolved,halo-campaign-evolved,1,halo-campaign-evolved,0,0,False
sung-mo-jun,Sung Mo Jun,Sung Mo Jun,halo-4,halo-4,1,halo-4,0,0,False
sungjin-ahn,Sungjin Ahn,Sungjin Ahn,halo-3,halo-3,1,halo-3,0,0,False
sunil-malhotra,Sunil Malhotra,Sunil Malhotra,halo-reach,halo-reach,1,halo-reach,0,0,False
suniti-kulkarni,Suniti Kulkarni,Suniti Kulkarni,halo-4,halo-5,3,halo-4|halo-mcc|halo-5,3,2,False
sunrise-ishimwe,Sunrise Ishimwe,Sunrise Ishimwe,halo-infinite,halo-infinite,1,halo-infinite,0,0,False
surfside3d,Surfside3d,Surfside3d,halo-mcc-2021,halo-mcc-2021,1,halo-mcc-2021,0,0,False
susan-bollinger,Susan Bollinger,Susan Bollinger,halo-4,halo-4,1,halo-4,0,0,False
susan-bunch,Susan Bunch,Susan Bunch|Susan Loreli Bunch,halo-mcc-2021,halo-campaign-evolved,3,halo-mcc-2021|halo-infinite|halo-campaign-evolved,5,5,False
susan-de-venero,Susan De Venero,Susan De Venero,halo-infinite,halo-infinite,1,halo-infinite,0,0,False
susan-devenero,Susan DeVenero,Susan DeVenero,halo-infinite,halo-infinite,1,halo-infinite,0,0,False
susan-ng,Susan Ng,Susan Ng,halo-mcc-2021,halo-mcc-2021,1,halo-mcc-2021,0,0,False
susie-allen,Susie Allen,Susie Allen,halo-campaign-evolved,halo-campaign-evolved,1,halo-campaign-evolved,0,0,False
susie-gillis,Susie Gillis,Susie Gillis,halo-infinite,halo-infinite,1,halo-infinite,0,0,False
suxin-yue,Suxin Yue,Suxin Yue,halo-infinite,halo-infinite,1,halo-infinite,0,0,False
suzanne-atherly,Suzanne Atherly,Suzanne Atherly|Suzanne D. Atherly,halo-infinite,halo-infinite,1,halo-infinite,0,0,False
suzanne-leon,Suzanne Leon,Suzanne Leon,halo-mcc,halo-mcc,1,halo-mcc,0,0,False
suzie-mcgrath,Suzie McGrath,Suzie McGrath,halo-infinite,halo-infinite,1,halo-infinite,0,0,False
svetlana-fatkina,Svetlana Fatkina,Svetlana Fatkina,halo-mcc,halo-5,2,halo-mcc|halo-5,1,1,False
svetlana-kirillova,Svetlana Kirillova,Svetlana Kirillova,halo-infinite,halo-infinite,1,halo-infinite,0,0,False
svetlana-meshcheryakova,Svetlana Meshcheryakova,Svetlana Meshcheryakova,halo-infinite,halo-infinite,1,halo-infinite,0,0,False
syed-adeel-a-zaidi,Syed Adeel A Zaidi,Syed Adeel A Zaidi,halo-mcc,halo-mcc,1,halo-mcc,0,0,False
sylvain-gibouret,Sylvain Gibouret,Sylvain Gibouret,halo-mcc-2021,halo-mcc-2021,1,halo-mcc-2021,0,0,False
symantha-reagor,Symantha Reagor,Symantha Reagor,halo-mcc,halo-infinite,3,halo-mcc|halo-5|halo-infinite,7,6,False
szabolcs-horvatth,Szabolcs Horvátth,Szabolcs Horvátth,halo-campaign-evolved,halo-campaign-evolved,1,halo-campaign-evolved,0,0,False
szabolcs-szmicsek,Szabolcs Szmicsek,Szabolcs Szmicsek,halo-campaign-evolved,halo-campaign-evolved,1,halo-campaign-evolved,0,0,False
szandra-barany,Szandra Bárány,Szandra Bárány,halo-campaign-evolved,halo-campaign-evolved,1,halo-campaign-evolved,0,0,False
szilard-papp,Szilárd Papp,Szilárd Papp,halo-campaign-evolved,halo-campaign-evolved,1,halo-campaign-evolved,0,0,False
ta-tan-dat,Ta Tan Dat,Ta Tan Dat,halo-campaign-evolved,halo-campaign-evolved,1,halo-campaign-evolved,0,0,False
ta-zhichao,Ta Zhichao,Ta Zhichao,halo-campaign-evolved,halo-campaign-evolved,1,halo-campaign-evolved,0,0,False
taber-noble,Taber Noble,Taber Noble,halo-infinite,halo-infinite,1,halo-infinite,0,0,False
tadao-masuyama,Tadao Masuyama,Tadao Masuyama,halo-campaign-evolved,halo-campaign-evolved,1,halo-campaign-evolved,0,0,False
tadd-foote,Tadd Foote,Tadd Foote,halo-reach,halo-4,2,halo-reach|halo-4,2,2,False
tae-kyung-kim,Tae Kyung Kim,Tae Kyung Kim,halo-infinite,halo-infinite,1,halo-infinite,0,0,False
tahir-hasandjekic,Tahir Hasandjekic,Tahir Hasandjekic|Tahir “Tashi” Hasandjekic,halo-mcc,halo-infinite,4,halo-mcc|halo-5|halo-mcc-2021|halo-infinite,7,6,False
tahir-hasangjekaj,Tahir Hasangjekaj,Tahir Hasangjekaj,halo-campaign-evolved,halo-campaign-evolved,1,halo-campaign-evolved,0,0,False
taim-howard,Taim Howard,Taim Howard,halo-infinite,halo-infinite,1,halo-infinite,0,0,False
takashi-baker,Takashi Baker,Takashi Baker,halo-4,halo-4,1,halo-4,0,0,False
tam-armstrong,Tam Armstrong,Tam Armstrong,halo-3-odst,halo-reach,2,halo-3-odst|halo-reach,1,1,False
tamar-goldberg,Tamar Goldberg,Tamar Goldberg,halo-5,halo-infinite,2,halo-5|halo-infinite,6,6,False
tamas-banyai,Tamás Bányai,Tamás Bányai,halo-campaign-evolved,halo-campaign-evolved,1,halo-campaign-evolved,0,0,False
tamas-fulop,Tamás Fülöp,Tamás Fülöp,halo-campaign-evolved,halo-campaign-evolved,1,halo-campaign-evolved,0,0,False
tamas-keleti,Tamás Keleti,Tamás Keleti,halo-campaign-evolved,halo-campaign-evolved,1,halo-campaign-evolved,0,0,False
tamiko-brownlee,Tamiko Brownlee,Tamiko Brownlee,halo-5,halo-5,1,halo-5,0,0,False
tamir-melamed,Tamir Melamed,Tamir Melamed,halo-4,halo-mcc,2,halo-4|halo-mcc,2,2,False
tammie-baird,Tammie Baird,Tammie Baird,halo-4,halo-4,1,halo-4,0,0,False
tamsin-dalley,Tamsin Dalley,Tamsin Dalley,halo-5,halo-5,1,halo-5,0,0,False
tan-junwei,Tan Junwei,Tan Junwei,halo-campaign-evolved,halo-campaign-evolved,1,halo-campaign-evolved,0,0,False
tang-guo,Tang Guo,Tang Guo,halo-campaign-evolved,halo-campaign-evolved,1,halo-campaign-evolved,0,0,False
tang-guodong,Tang Guodong,Tang Guodong,halo-campaign-evolved,halo-campaign-evolved,1,halo-campaign-evolved,0,0,False
tang-ngoc-duyen,Tang Ngoc Duyen,Tang Ngoc Duyen,halo-campaign-evolved,halo-campaign-evolved,1,halo-campaign-evolved,0,0,False
tang-shangding,Tang Shangding,Tang Shangding,halo-campaign-evolved,halo-campaign-evolved,1,halo-campaign-evolved,0,0,False
tang-shiheng,Tang Shiheng,Tang Shiheng,halo-campaign-evolved,halo-campaign-evolved,1,halo-campaign-evolved,0,0,False
tang-wing-yan,Tang Wing Yan,Tang Wing Yan,halo-campaign-evolved,halo-campaign-evolved,1,halo-campaign-evolved,0,0,False
tang-yifan,Tang Yifan,Tang Yifan,halo-campaign-evolved,halo-campaign-evolved,1,halo-campaign-evolved,0,0,False
tania-penaranda,Tania Penaranda,Tania Penaranda,halo-campaign-evolved,halo-campaign-evolved,1,halo-campaign-evolved,0,0,False
tanner-corder,Tanner Corder,Tanner Corder,halo-infinite,halo-infinite,1,halo-infinite,0,0,False
tanner-joe-wilson,Tanner Joe Wilson,Tanner Joe Wilson,halo-mcc-2021,halo-mcc-2021,1,halo-mcc-2021,0,0,False
tanner-johnson,Tanner Johnson,Tanner Johnson,halo-reach,halo-reach,1,halo-reach,0,0,False
tanner-sullivanthompson,Tanner Sullivan-Thompson,Tanner Sullivan-Thompson,halo-mcc-2021,halo-infinite,2,halo-mcc-2021|halo-infinite,0,0,False
tao-dongfei,Tao Dongfei,Tao Dongfei,halo-campaign-evolved,halo-campaign-evolved,1,halo-campaign-evolved,0,0,False
tao-yuchen,Tao Yuchen,Tao Yuchen,halo-campaign-evolved,halo-campaign-evolved,1,halo-campaign-evolved,0,0,False
tara-phillips,Tara Phillips,Tara Phillips,halo-infinite,halo-infinite,1,halo-infinite,0,0,False
tarek-elbanhawy,Tarek Elbanhawy,Tarek Elbanhawy,halo-mcc-2021,halo-infinite,2,halo-mcc-2021|halo-infinite,0,0,False
taro-racanelli,Taro Racanelli,Taro Racanelli,halo-infinite,halo-infinite,1,halo-infinite,0,0,False
tasnim-hasan,Tasnim Hasan,Tasnim Hasan,halo-campaign-evolved,halo-campaign-evolved,1,halo-campaign-evolved,0,0,False
tatiana-arsakova,Tatiana Arsakova,Tatiana Arsakova,halo-mcc-2021,halo-mcc-2021,1,halo-mcc-2021,0,0,False
tatiana-bolotnikova,Tatiana Bolotnikova,Tatiana Bolotnikova,halo-infinite,halo-infinite,1,halo-infinite,0,0,False
tatiana-pandora-saternus,"Tatiana ""Pandora"" Saternus","Tatiana ""Pandora"" Saternus",halo-campaign-evolved,halo-campaign-evolved,1,halo-campaign-evolved,0,0,False
tatiana-umarova,Tatiana Umarova,Tatiana Umarova,halo-mcc-2021,halo-mcc-2021,1,halo-mcc-2021,0,0,False
tatiana-zheglova,Tatiana Zheglova,Tatiana Zheglova,halo-campaign-evolved,halo-campaign-evolved,1,halo-campaign-evolved,0,0,False
tatjana-bugaenko,Tatjana Bugaenko,Tatjana Bugaenko,halo-mcc-2021,halo-mcc-2021,1,halo-mcc-2021,0,0,False
tawnya-pettifordwates,Tawnya Pettiford-Wates,Tawnya Pettiford-Wates|Tanya Pettiford-Wates,halo-ce,halo-campaign-evolved,2,halo-ce|halo-campaign-evolved,25,25,False
taylor-apple,Taylor Apple,Taylor Apple,halo-campaign-evolved,halo-campaign-evolved,1,halo-campaign-evolved,0,0,False
taylor-edwards,Taylor Edwards,Taylor Edwards,halo-infinite,halo-infinite,1,halo-infinite,0,0,False
taylor-hainlen,Taylor Hainlen,Taylor Hainlen,halo-infinite,halo-infinite,1,halo-infinite,0,0,False
taylor-mann,Taylor Mann,Taylor Mann,halo-mcc-2021,halo-campaign-evolved,3,halo-mcc-2021|halo-infinite|halo-campaign-evolved,5,5,False
taylor-neal,Taylor Neal,Taylor Neal,halo-4,halo-5,2,halo-4|halo-5,3,3,False
taylor-simmons,Taylor Simmons,Taylor Simmons,halo-mcc-2021,halo-infinite,2,halo-mcc-2021|halo-infinite,0,0,False
tebessa-scarlett-comolli,Tebessa Scarlett Comolli,Tebessa Scarlett Comolli,halo-campaign-evolved,halo-campaign-evolved,1,halo-campaign-evolved,0,0,False
ted-dobyns,Ted Dobyns,Ted Dobyns,halo-infinite,halo-infinite,1,halo-infinite,0,0,False
ted-fitzgerald,Ted Fitzgerald,Ted Fitzgerald,halo-reach,halo-4,3,halo-reach|halo-cea|halo-4,2,1,False
ted-mollwain,Ted Mollwain,Ted Mollwain|Ted McIlwain,halo-4,halo-4,1,halo-4,0,0,False
tekisha-chee,Tekisha Chee,Tekisha Chee,halo-infinite,halo-infinite,1,halo-infinite,0,0,False
terence-stamp,Terence Stamp,Terence Stamp,halo-3,halo-3,1,halo-3,0,0,False
teressa-adams,Teressa Adams,Teressa Adams,halo-mcc,halo-mcc,1,halo-mcc,0,0,False
terra-zarter,Terra Zarter,Terra Zarter,halo-mcc-2021,halo-infinite,2,halo-mcc-2021|halo-infinite,0,0,False
terry-edwards,Terry Edwards,Terry Edwards,halo-5,halo-infinite,2,halo-5|halo-infinite,6,6,False
terry-fedder,Terry Fedder,Terry Fedder,halo-infinite,halo-infinite,1,halo-infinite,0,0,False
terry-hopfenspirger,Terry Hopfenspirger,Terry Hopfenspirger,halo-infinite,halo-infinite,1,halo-infinite,0,0,False
terry-jones,Terry Jones,Terry Jones,halo-4,halo-4,1,halo-4,0,0,False
terry-schmidbauer,Terry Schmidbauer,Terry Schmidbauer,halo-4,halo-4,1,halo-4,0,0,False
tess-park,Tess Park,Tess Park,halo-campaign-evolved,halo-campaign-evolved,1,halo-campaign-evolved,0,0,False
tetiana-zubenko,Tetiana Zubenko,Tetiana Zubenko,halo-campaign-evolved,halo-campaign-evolved,1,halo-campaign-evolved,0,0,False
tetyana-golub,Tetyana Golub,Tetyana Golub,halo-3,halo-3,1,halo-3,0,0,False
tevin-nicholson,Tevin Nicholson,Tevin Nicholson,halo-mcc-2021,halo-infinite,2,halo-mcc-2021|halo-infinite,0,0,False
tevis-campbell,Tevis Campbell,Tevis Campbell,halo-infinite,halo-campaign-evolved,2,halo-infinite|halo-campaign-evolved,5,5,False
tevya-fowler,Tevya Fowler,Tevya Fowler,halo-mcc-2021,halo-infinite,2,halo-mcc-2021|halo-infinite,0,0,False
thai-thanh-lam,Thai Thanh Lam,Thai Thanh Lam,halo-campaign-evolved,halo-campaign-evolved,1,halo-campaign-evolved,0,0,False
thanet-ned-gasorntip,Thanet Ned Gasorntip,Thanet Ned Gasorntip|Thanet Gasorntip,halo-infinite,halo-campaign-evolved,2,halo-infinite|halo-campaign-evolved,5,5,False
thanh-giang,Thanh Giang,Thanh Giang,halo-infinite,halo-infinite,1,halo-infinite,0,0,False
thanh-tran,Thanh Tran,Thanh Tran,halo-4,halo-5,2,halo-4|halo-5,3,3,False
theisen-meadows,Theisen Meadows,Theisen Meadows,halo-4,halo-4,1,halo-4,0,0,False
theo-michel,Theo Michel,Theo Michel,halo-mcc,halo-infinite,2,halo-mcc|halo-infinite,7,7,False
theresa-pudenz,Theresa Pudenz,Theresa Pudenz,halo-4,halo-mcc-2021,2,halo-4|halo-mcc-2021,9,9,False
therese-bouvattierdignan,Thérèse Bouvattier-Dignan,Thérèse Bouvattier-Dignan,halo-campaign-evolved,halo-campaign-evolved,1,halo-campaign-evolved,0,0,False
thiago-azavedo,Thiago Azavedo,Thiago Azavedo,halo-cea,halo-cea,1,halo-cea,0,0,False
thibauld-martin,Thibauld Martin,Thibauld Martin,halo-campaign-evolved,halo-campaign-evolved,1,halo-campaign-evolved,0,0,False
thierry-bouchard,Thierry Bouchard,Thierry Bouchard,halo-infinite,halo-infinite,1,halo-infinite,0,0,False
thierry-labelle,Thierry Labelle,Thierry Labelle,halo-mcc,halo-mcc,1,halo-mcc,0,0,False
thom-scholes,Thom Scholes,Thom Scholes|Thomas Scholes,halo-4,halo-4,1,halo-4,0,0,False
thom-shephardproduction-notes,Thom Shephard#Production notes,Mathieu Lacombe,halo-4,halo-4,1,halo-4,0,0,False
thom-williams,Thom Williams,Thom Williams,halo-5,halo-5,1,halo-5,0,0,False
thomas-barth,Thomas Barth,Thomas Barth,halo-cea,halo-cea,1,halo-cea,0,0,False
thomas-bowes,Thomas Bowes,Thomas Bowes|Thomas Bowers,halo-5,halo-infinite,2,halo-5|halo-infinite,6,6,False
thomas-c-brewer,Thomas C. Brewer,Thomas C. Brewer,halo-mcc,halo-mcc,1,halo-mcc,0,0,False
thomas-cannell,Thomas Cannell,Thomas Cannell,halo-mcc,halo-mcc,1,halo-mcc,0,0,False
thomas-cherry,Thomas Cherry,Thomas Cherry,halo-infinite,halo-infinite,1,halo-infinite,0,0,False
thomas-coldwell,Thomas Coldwell,Thomas Coldwell,halo-reach,halo-5,3,halo-reach|halo-4|halo-5,5,3,False
thomas-conti,Thomas Conti,Thomas Conti,halo-infinite,halo-infinite,1,halo-infinite,0,0,False
thomas-d-burdak,Tom Burdak,Tom Burdak,halo-5,halo-5,1,halo-5,0,0,False
thomas-doble,Thomas Doble,Thomas Doble,halo-mcc-2021,halo-mcc-2021,1,halo-mcc-2021,0,0,False
thomas-dowd,Thomas Dowd,Thomas Dowd,halo-4,halo-4,1,halo-4,0,0,False
thomas-goodfellow,Thomas Goodfellow,Thomas Goodfellow,halo-5,halo-5,1,halo-5,0,0,False
thomas-hanson,Thomas Hanson,Thomas Hanson,halo-mcc-2021,halo-mcc-2021,1,halo-mcc-2021,0,0,False
thomas-j-holmes,Thomas J. Holmes,Thomas J. Holmes|Thomas J Holmes,halo-4,halo-infinite,3,halo-4|halo-5|halo-infinite,9,6,False
thomas-kemp,Thomas Kemp,Thomas Kemp,halo-5,halo-5,1,halo-5,0,0,False
thomas-landi,Thomas Landi,Thomas Landi,halo-infinite,halo-infinite,1,halo-infinite,0,0,False
thomas-lewis,Thomas Lewis,Thomas Lewis,halo-mcc-2021,halo-mcc-2021,1,halo-mcc-2021,0,0,False
thomas-mauer,Thomas Mauer,Thomas Mauer,halo-4,halo-4,1,halo-4,0,0,False
thomas-mcgovern,Thomas McGovern,Thomas McGovern,halo-mcc-2021,halo-mcc-2021,1,halo-mcc-2021,0,0,False
thomas-mcmahon,Thomas McMahon,Thomas McMahon,halo-mcc-2021,halo-infinite,2,halo-mcc-2021|halo-infinite,0,0,False
thomas-norman,Thomas Norman,Thomas Norman,halo-infinite,halo-infinite,1,halo-infinite,0,0,False
thomas-oh,Thomas Oh,Thomas Oh,halo-campaign-evolved,halo-campaign-evolved,1,halo-campaign-evolved,0,0,False
thomas-pope,Thomas Pope,Thomas Pope,halo-mcc-2021,halo-mcc-2021,1,halo-mcc-2021,0,0,False
thomas-pringle,Thomas Pringle,Thomas Pringle,halo-4,halo-4,1,halo-4,0,0,False
thomas-r-oakes,Thomas Oakes,Thomas Oakes|Thomas R Oakes,halo-mcc,halo-5,2,halo-mcc|halo-5,1,1,False
thomas-saville,Thomas Saville,Thomas Saville|Tom Saville,halo-3-odst,halo-reach,2,halo-3-odst|halo-reach,1,1,False
thomas-sternberg,Thomas Sternberg,Thomas Sternberg,halo-4,halo-4,1,halo-4,0,0,False
thomas-stubbs,Thomas Stubbs,Thomas Stubbs,halo-4,halo-4,1,halo-4,0,0,False
thomas-vitucci,Thomas Vitucci,Thomas Vitucci,halo-mcc-2021,halo-campaign-evolved,2,halo-mcc-2021|halo-campaign-evolved,5,5,False
thomas-ward,Thomas Ward,Thomas Ward,halo-4,halo-4,1,halo-4,0,0,False
thomas-whitlow,Thomas Whitlow,Thomas Whitlow,halo-infinite,halo-infinite,1,halo-infinite,0,0,False
thomas-wiley,Thomas Wiley,Thomas Wiley,halo-4,halo-4,1,halo-4,0,0,False
thore-graepel,Thore Graepel,Thore Graepel,halo-3,halo-3,1,halo-3,0,0,False
thornton-prime,Thornton Prime,Thornton Prime,halo-infinite,halo-infinite,1,halo-infinite,0,0,False
thornton-prime-vi,Thornton Prime VI,Thornton Prime VI,halo-infinite,halo-infinite,1,halo-infinite,0,0,False
tia-hood,Tia Hood,Tia Hood,halo-cea,halo-4,2,halo-cea|halo-4,1,1,False
tiago-washburn,Tiago Washburn,Tiago Washburn,halo-mcc,halo-mcc,1,halo-mcc,0,0,False
tian-li,Tian Li,Tian Li,halo-campaign-evolved,halo-campaign-evolved,1,halo-campaign-evolved,0,0,False
tian-ye,Tian Ye,Tian Ye,halo-infinite,halo-infinite,1,halo-infinite,0,0,False
tian-yiya,Tian Yiya,Tian Yiya,halo-campaign-evolved,halo-campaign-evolved,1,halo-campaign-evolved,0,0,False
tiana-los,Tiana Los,Tiana Los,halo-4,halo-campaign-evolved,6,halo-4|halo-mcc|halo-5|halo-mcc-2021|halo-infinite|halo-campaign-evolved,14,6,False
tianning-wang,Tianning Wang,Tianning Wang,halo-campaign-evolved,halo-campaign-evolved,1,halo-campaign-evolved,0,0,False
tien-tam,Tien Tam,Tien Tam,halo-infinite,halo-infinite,1,halo-infinite,0,0,False
tifa-huang,Tifa Huang,Tifa Huang,halo-campaign-evolved,halo-campaign-evolved,1,halo-campaign-evolved,0,0,False
tiffany-obrien,Tiffany O'Brien,Tiffany O'Brien,halo-4,halo-infinite,3,halo-4|halo-5|halo-infinite,9,6,False
tiffany-patterson,Tiffany Patterson,Tiffany Patterson,halo-mcc-2021,halo-infinite,2,halo-mcc-2021|halo-infinite,0,0,False
tim-andersen,Tim Andersen,Tim Andersen,halo-5,halo-5,1,halo-5,0,0,False
tim-crawford,Tim Crawford,Tim Crawford,halo-infinite,halo-infinite,1,halo-infinite,0,0,False
tim-dadabo,Tim Dadabo,Tim Dadabo,halo-ce,halo-campaign-evolved,5,halo-ce|halo-2|halo-3|halo-cea|halo-campaign-evolved,25,15,False
tim-davies,Tim Davies,Tim Davies,halo-infinite,halo-infinite,1,halo-infinite,0,0,False
tim-diaz,Tim Diaz,Tim Diaz|Timothy Diaz,halo-4,halo-infinite,3,halo-4|halo-5|halo-infinite,9,6,False
tim-eulich,Tim Eulich,Tim Eulich,halo-5,halo-5,1,halo-5,0,0,False
tim-ferrin,Tim Ferrin,Tim Ferrin,halo-infinite,halo-infinite,1,halo-infinite,0,0,False
tim-fields,Tim Fields,Tim Fields,halo-cea,halo-campaign-evolved,3,halo-cea|halo-4|halo-campaign-evolved,15,14,False
tim-fortenberry,Tim Fortenberry,Tim Fortenberry,halo-4,halo-5,2,halo-4|halo-5,3,3,False
tim-gill,Tim Gill,Tim Gill,halo-5,halo-5,1,halo-5,0,0,False
tim-gouran,Tim Gouran,Tim Gouran,halo-reach,halo-campaign-evolved,2,halo-reach|halo-campaign-evolved,16,16,False
tim-hinds,Tim Hinds,Tim Hinds|Timothy Hinds,halo-infinite,halo-campaign-evolved,2,halo-infinite|halo-campaign-evolved,5,5,False
tim-lauber,Tim Lauber,Tim Lauber,halo-4,halo-4,1,halo-4,0,0,False
tim-longo,Tim Longo,Tim Longo,halo-5,halo-5,1,halo-5,0,0,False
tim-marshall,Tim Marshall,Tim Marshall,halo-campaign-evolved,halo-campaign-evolved,1,halo-campaign-evolved,0,0,False
tim-miller,Tim Miller,Tim Miller,halo-mcc,halo-mcc,1,halo-mcc,0,0,False
tim-ollivant,Tim Ollivant,Tim Ollivant,halo-5,halo-infinite,2,halo-5|halo-infinite,6,6,False
tim-sitarz,Tim Sitarz,Tim Sitarz,halo-4,halo-4,1,halo-4,0,0,False
tim-temmerman,Tim Temmerman,Tim Temmerman,halo-5,halo-campaign-evolved,3,halo-5|halo-infinite|halo-campaign-evolved,11,6,False
tim-tinkler,Tim Tinkler,Tim Tinkler,halo-campaign-evolved,halo-campaign-evolved,1,halo-campaign-evolved,0,0,False
tim-toulouse,Tim Toulouse,Tim Toulouse,halo-cea,halo-5,4,halo-cea|halo-4|halo-mcc|halo-5,4,2,False
tim-walston,Tim Walston,Tim Walston,halo-mcc,halo-mcc,1,halo-mcc,0,0,False
tim-williams,Timothy Williams,Timothy Williams|Tim Williams,halo-2,halo-reach,4,halo-2|halo-3|halo-3-odst|halo-reach,6,3,False
tim-wilson,Tim Wilson,Tim Wilson,halo-infinite,halo-infinite,1,halo-infinite,0,0,False
tim-woodbury,Tim Woodbury,Tim Woodbury,halo-reach,halo-reach,1,halo-reach,0,0,False
tim-woodcock,Tim Woodcock,Tim Woodcock,halo-campaign-evolved,halo-campaign-evolved,1,halo-campaign-evolved,0,0,False
tim-y-tao,Tim Tao,Tim Tao|Tim Y. Tao,halo-4,halo-4,1,halo-4,0,0,False
timea-seregelyes,Tímea Seregélyes,Tímea Seregélyes,halo-campaign-evolved,halo-campaign-evolved,1,halo-campaign-evolved,0,0,False
timo-klemm,Timo Klemm,Timo Klemm,halo-campaign-evolved,halo-campaign-evolved,1,halo-campaign-evolved,0,0,False
timofey-minin,Timofey Minin,Timofey Minin,halo-infinite,halo-infinite,1,halo-infinite,0,0,False
timofey-shudegov,Timofey Shudegov,Timofey Shudegov,halo-infinite,halo-infinite,1,halo-infinite,0,0,False
timorthy-spiers,Timorthy Spiers,Timorthy Spiers,halo-campaign-evolved,halo-campaign-evolved,1,halo-campaign-evolved,0,0,False
timothy-a-janowitz,Timothy A. Janowitz,Timothy A. Janowitz,halo-infinite,halo-infinite,1,halo-infinite,0,0,False
timothy-attuquayefio,Timothy Attuquayefio,Timothy Attuquayefio,halo-mcc,halo-mcc,1,halo-mcc,0,0,False
timothy-doonan,Timothy Doonan,Timothy Doonan,halo-4,halo-4,1,halo-4,0,0,False
timothy-heath,Timothy Heath,Timothy Heath,halo-3,halo-3,1,halo-3,0,0,False
timothy-mansfield,Timothy Mansfield,Timothy Mansfield,halo-infinite,halo-infinite,1,halo-infinite,0,0,False
timothy-rowsey,Timothy Rowsey,Timothy Rowsey|Tim Rowsey,halo-4,halo-4,1,halo-4,0,0,False
timothy-sullivan,Timothy Sullivan,Timothy Sullivan,halo-campaign-evolved,halo-campaign-evolved,1,halo-campaign-evolved,0,0,False
timothy-tsai,Timothy Tsai,Timothy Tsai,halo-infinite,halo-infinite,1,halo-infinite,0,0,False
timothy-wells,Timothy Wells,Timothy Wells|Timothy C. Wells,halo-mcc-2021,halo-infinite,2,halo-mcc-2021|halo-infinite,0,0,False
timur-barblishvili,Timur Barblishvili,Timur Barblishvili,halo-mcc,halo-mcc,1,halo-mcc,0,0,False
tina-grace,Tina Grace,Tina Grace,halo-campaign-evolved,halo-campaign-evolved,1,halo-campaign-evolved,0,0,False
tina-summerford,Tina Summerford,Tina Summerford,halo-mcc,halo-5,2,halo-mcc|halo-5,1,1,False
tina-tamura,Tina Tamura,Tina Tamura,halo-4,halo-5,2,halo-4|halo-5,3,3,False
tingjun-cai,Tingjun Cai,Tingjun Cai,halo-infinite,halo-infinite,1,halo-infinite,0,0,False
tito-fernandes,Tito Fernandes,Tito Fernandes,halo-infinite,halo-infinite,1,halo-infinite,0,0,False
titus-lowell,Titus Lowell,Titus Lowell,halo-2,halo-2,1,halo-2,0,0,False
tj-boyd,TJ Boyd,TJ Boyd,halo-campaign-evolved,halo-campaign-evolved,1,halo-campaign-evolved,0,0,False
tj-halter,TJ Halter,TJ Halter,halo-infinite,halo-infinite,1,halo-infinite,0,0,False
tj-perillo,TJ Perillo,TJ Perillo,halo-4,halo-5,2,halo-4|halo-5,3,3,False
tj-storm,TJ Storm,TJ Storm,halo-infinite,halo-infinite,1,halo-infinite,0,0,False
tj-trently,TJ Trently,TJ Trently,halo-5,halo-5,1,halo-5,0,0,False
tobi-ruiz,Tobi Ruiz,Tobi Ruiz,halo-infinite,halo-infinite,1,halo-infinite,0,0,False
tobias-heussner,Tobias Heussner,Tobias Heussner,halo-mcc-2021,halo-mcc-2021,1,halo-mcc-2021,0,0,False
tobias-noller,Tobias Noller,Tobias Noller,halo-campaign-evolved,halo-campaign-evolved,1,halo-campaign-evolved,0,0,False
tobias-osterhaugh,Tobias Osterhaug,Tobias Osterhaug|Tobias Osterhaugh,halo-mcc-2021,halo-infinite,2,halo-mcc-2021|halo-infinite,0,0,False
toby-jones,Toby Jones,Toby Jones,halo-infinite,halo-campaign-evolved,2,halo-infinite|halo-campaign-evolved,5,5,False
toby-lawhon,Toby Lawhon,Toby Lawhon,halo-infinite,halo-campaign-evolved,2,halo-infinite|halo-campaign-evolved,5,5,False
todd-alberda,Todd Alberda,Todd Alberda,halo-infinite,halo-infinite,1,halo-infinite,0,0,False
todd-cameron,Todd Cameron,Todd Cameron,halo-campaign-evolved,halo-campaign-evolved,1,halo-campaign-evolved,0,0,False
todd-colby,Todd Colby,Todd Colby,halo-4,halo-4,1,halo-4,0,0,False
todd-enyeart,Todd Enyeart,Todd Enyeart,halo-campaign-evolved,halo-campaign-evolved,1,halo-campaign-evolved,0,0,False
todd-heckel,Todd Heckel,Todd Heckel,halo-4,halo-4,1,halo-4,0,0,False
todd-juno,Todd Juno,Todd Juno,halo-4,halo-4,1,halo-4,0,0,False
todd-keller,Todd Keller,Todd Keller,halo-cea,halo-cea,1,halo-cea,0,0,False
todd-licea,Todd Licea,Todd Licea,halo-ce,halo-campaign-evolved,5,halo-ce|halo-3|halo-3-odst|halo-reach|halo-campaign-evolved,25,16,False
todd-moulton,Todd Moulton,Todd Moulton,halo-mcc,halo-mcc,1,halo-mcc,0,0,False
todd-schultz,Todd Schultz,Todd Schultz,halo-ce,halo-ce,1,halo-ce,0,0,False
toffer-davidson,Toffer Davidson,Toffer Davidson,halo-infinite,halo-infinite,1,halo-infinite,0,0,False
togrul-alekperov,Togrul Alekperov,Togrul Alekperov,halo-mcc,halo-mcc,1,halo-mcc,0,0,False
tolu-adesina,Tolu Adesina,Tolu Adesina,halo-infinite,halo-infinite,1,halo-infinite,0,0,False
tom-abernathy,Tom Abernathy,Tom Abernathy,halo-reach,halo-cea,2,halo-reach|halo-cea,1,1,False
tom-baird,Tom Baird,Tom Baird,halo-infinite,halo-infinite,1,halo-infinite,0,0,False
tom-beattie,Tom Beattie,Tom Beattie,halo-infinite,halo-infinite,1,halo-infinite,0,0,False
tom-brown,Tom Brown,Tom Brown,halo-mcc-2021,halo-mcc-2021,1,halo-mcc-2021,0,0,False
tom-brush,Tom Brush,Tom Brush,halo-ce,halo-ce,1,halo-ce,0,0,False
tom-bullard,Tom Bullard,Tom Bullard,halo-5,halo-5,1,halo-5,0,0,False
tom-burlington,Tom Burlington,Tom Burlington,halo-3-odst,halo-reach,2,halo-3-odst|halo-reach,1,1,False
tom-carroll,Tom Carroll,Tom Carroll,halo-4,halo-4,1,halo-4,0,0,False
tom-chiu,Tom Chiu,Tom Chiu,halo-4,halo-4,1,halo-4,0,0,False
tom-clark,Tom Clark,Tom Clark,halo-mcc-2021,halo-mcc-2021,1,halo-mcc-2021,0,0,False
tom-dieterich,Tom Dieterich,Tom Dieterich,halo-4,halo-infinite,3,halo-4|halo-mcc-2021|halo-infinite,9,9,False
tom-dietrich,Tom Dietrich,Tom Dietrich,halo-mcc-2021,halo-mcc-2021,1,halo-mcc-2021,0,0,False
tom-doyle,Tom Doyle,Tom Doyle,halo-2,halo-reach,4,halo-2|halo-3|halo-3-odst|halo-reach,6,3,False
tom-french,Tom French,Tom French,halo-4,halo-infinite,3,halo-4|halo-5|halo-infinite,9,6,False
tom-gantzer,Tom Gantzer,Tom Gantzer,halo-mcc-2021,halo-mcc-2021,1,halo-mcc-2021,0,0,False
tom-gioconda,Tom Gioconda,Tom Gioconda,halo-ce,halo-reach,5,halo-ce|halo-2|halo-3|halo-3-odst|halo-reach,9,3,False
tom-hill,Tom Hill,Tom Hill|Thomas Hill,halo-4,halo-infinite,3,halo-4|halo-5|halo-infinite,9,6,False
tom-hunt,Tom Hunt,Tom Hunt,halo-infinite,halo-infinite,1,halo-infinite,0,0,False
tom-jaggard,Tom Jaggard,Tom Jaggard,halo-mcc-2021,halo-mcc-2021,1,halo-mcc-2021,0,0,False
tom-judd,Tom Judd,Tom Judd,halo-mcc,halo-mcc,1,halo-mcc,0,0,False
tom-kampschulte,Tom Kampschulte,Tom Kampschulte,halo-mcc-2021,halo-mcc-2021,1,halo-mcc-2021,0,0,False
tom-mathews,Tom Mathews,Tom Mathews,halo-4,halo-5,2,halo-4|halo-5,3,3,False
tom-minka,Tom Minka,Tom Minka,halo-infinite,halo-infinite,1,halo-infinite,0,0,False
tom-ozanich,Tom Ozanich,Tom Ozanich,halo-5,halo-5,1,halo-5,0,0,False
tom-pigottsmith,Tom Pigott-Smith,Tom Pigott-Smith,halo-5,halo-5,1,halo-5,0,0,False
tom-potter,Tom Potter,Tom Potter,halo-4,halo-4,1,halo-4,0,0,False
tom-salta,Tom Salta,Tom Salta,halo-cea,halo-mcc,2,halo-cea|halo-mcc,3,3,False
tom-steel,Tom Steel,Tom Steel,halo-4,halo-4,1,halo-4,0,0,False
tom-timmins,Tom Timmins,Tom Timmins,halo-5,halo-infinite,2,halo-5|halo-infinite,6,6,False
tom-tran,Tom Tran,Tom Tran,halo-mcc,halo-mcc,1,halo-mcc,0,0,False
tom-wholley,Tom Wholley,Tom Wholley,halo-infinite,halo-infinite,1,halo-infinite,0,0,False
tom-zhao,Tom Zhao,Tom Zhao,halo-mcc,halo-mcc,1,halo-mcc,0,0,False
tomas-jech,Tomas Jech,Tomas Jech,halo-reach,halo-reach,1,halo-reach,0,0,False
tomas-selin,Tomas Selin,Tomas Selin,halo-infinite,halo-infinite,1,halo-infinite,0,0,False
tomasz-drzazgowski,Tomasz Drzazgowski,Tomasz Drzazgowski,halo-mcc,halo-mcc,1,halo-mcc,0,0,False
tomasz-koz-owski,Tomasz Kozłowski,Tomasz Kozłowski,halo-mcc,halo-mcc,1,halo-mcc,0,0,False
tomasz-nowik,Tomasz Nowik,Tomasz Nowik,halo-mcc,halo-mcc,1,halo-mcc,0,0,False
tommaso-maria-petrelli,Tommaso Maria Petrelli,Tommaso Maria Petrelli,halo-cea,halo-cea,1,halo-cea,0,0,False
tommy-turner,Tommy Turner,Tommy Turner,halo-infinite,halo-infinite,1,halo-infinite,0,0,False
tomoko-kometani,Tomoko Kometani,Tomoko Kometani,halo-3-odst,halo-cea,2,halo-3-odst|halo-cea,2,2,False
tomoko-ruiz,Tomoko Ruiz,Tomoko Ruiz,halo-infinite,halo-infinite,1,halo-infinite,0,0,False
tomonori-kinoshita,Tomonori Kinoshita,Tomonori Kinoshita,halo-3,halo-reach,3,halo-3|halo-3-odst|halo-reach,3,2,False
tomos-hywel-evans,Tomos Hywel Evans,Tomos Hywel Evans|Tomos Hywel-Evans,halo-infinite,halo-infinite,1,halo-infinite,0,0,False
tong-guanquan,Tong Guanquan,Tong Guanquan,halo-campaign-evolved,halo-campaign-evolved,1,halo-campaign-evolved,0,0,False
toni-robbins,Toni Robbins,Toni Robbins,halo-mcc-2021,halo-mcc-2021,1,halo-mcc-2021,0,0,False
tony-ball,Tony Ball,Tony Ball,halo-mcc,halo-mcc,1,halo-mcc,0,0,False
tony-bradley,Tony Bradley,Tony Bradley,halo-3,halo-3-odst,2,halo-3|halo-3-odst,2,2,False
tony-brinlee,Tony Brinlee,Tony Brinlee,halo-infinite,halo-infinite,1,halo-infinite,0,0,False
tony-chambers,Tony Chambers,Tony Chambers,halo-infinite,halo-infinite,1,halo-infinite,0,0,False
tony-clark,Tony Clark,Tony Clark,halo-infinite,halo-infinite,1,halo-infinite,0,0,False
tony-cox,Tony Cox,Tony Cox,halo-4,halo-4,1,halo-4,0,0,False
tony-drake,Tony Drake,Tony Drake,halo-campaign-evolved,halo-campaign-evolved,1,halo-campaign-evolved,0,0,False
tony-etienne,Tony Etienne,Tony Etienne,halo-5,halo-5,1,halo-5,0,0,False
tony-galicia,Tony Galicia,Tony Galicia,halo-infinite,halo-infinite,1,halo-infinite,0,0,False
tony-hau,Tony Hau,Tony Hau,halo-mcc,halo-5,2,halo-mcc|halo-5,1,1,False
tony-ma,Tony Ma,Tony Ma,halo-infinite,halo-campaign-evolved,2,halo-infinite|halo-campaign-evolved,5,5,False
tony-park,Tony Park,Tony Park,halo-mcc-2021,halo-mcc-2021,1,halo-mcc-2021,0,0,False
tony-rado,Tony Rado,Tony Rado,halo-infinite,halo-campaign-evolved,2,halo-infinite|halo-campaign-evolved,5,5,False
tony-seunghoon-yeom,Tony Seunghoon Yeom,Tony Seunghoon Yeom,halo-campaign-evolved,halo-campaign-evolved,1,halo-campaign-evolved,0,0,False
tony-wang,Tony Wang,Tony Wang,halo-infinite,halo-infinite,1,halo-infinite,0,0,False
tony-woollard,Tony Woollard,Tony Woollard,halo-5,halo-5,1,halo-5,0,0,False
tonya-noerr-tornberg,Tonya Noerr Tornberg,Tonya Noerr Tornberg,halo-4,halo-4,1,halo-4,0,0,False
toph-gorham,Toph Gorham,Toph Gorham,halo-4,halo-4,1,halo-4,0,0,False
tor-ulstein,Tor Ulstein,Tor Ulstein,halo-3,halo-3,1,halo-3,0,0,False
torey-allen,Torey Allen,Torey Allen|Torey “Torez” Allen,halo-mcc,halo-5,2,halo-mcc|halo-5,1,1,False
tori-gasca,Tori Gasca,Tori Gasca,halo-infinite,halo-infinite,1,halo-infinite,0,0,False
tori-west,Tori West,Tori West,halo-infinite,halo-infinite,1,halo-infinite,0,0,False
torin-rettig,Torin Rettig,Torin Rettig,halo-mcc-2021,halo-mcc-2021,1,halo-mcc-2021,0,0,False
torlef-borsting,Torlef Borsting,Torlef Borsting,halo-mcc,halo-mcc,1,halo-mcc,0,0,False
toshiya-agata,Toshiya Agata,Toshiya Agata,halo-4,halo-4,1,halo-4,0,0,False
tracy-camp,Tracy Camp,Tracy Camp,halo-mcc,halo-mcc,1,halo-mcc,0,0,False
tran-cam-tu,Tran Cam Tu,Tran Cam Tu,halo-campaign-evolved,halo-campaign-evolved,1,halo-campaign-evolved,0,0,False
tran-dang-khoa,Tran Dang Khoa,Tran Dang Khoa,halo-campaign-evolved,halo-campaign-evolved,1,halo-campaign-evolved,0,0,False
tran-dinh-tien-dat,Tran Dinh Tien Dat,Tran Dinh Tien Dat,halo-campaign-evolved,halo-campaign-evolved,1,halo-campaign-evolved,0,0,False
tran-hoang-thong,Tran Hoang Thong,Tran Hoang Thong,halo-campaign-evolved,halo-campaign-evolved,1,halo-campaign-evolved,0,0,False
tran-le-vinh,Tran Le Vinh,Tran Le Vinh,halo-campaign-evolved,halo-campaign-evolved,1,halo-campaign-evolved,0,0,False
tran-mai-khanh,Tran Mai Khanh,Tran Mai Khanh,halo-campaign-evolved,halo-campaign-evolved,1,halo-campaign-evolved,0,0,False
tran-minh-thanh,Tran Minh Thanh,Tran Minh Thanh,halo-campaign-evolved,halo-campaign-evolved,1,halo-campaign-evolved,0,0,False
tran-quang-huy,Tran Quang Huy,Tran Quang Huy,halo-campaign-evolved,halo-campaign-evolved,1,halo-campaign-evolved,0,0,False
tran-thanh-tung,Tran Thanh Tung,Tran Thanh Tung,halo-campaign-evolved,halo-campaign-evolved,1,halo-campaign-evolved,0,0,False
tran-thi-hong-quynh,Tran Thi Hong Quynh,Tran Thi Hong Quynh,halo-campaign-evolved,halo-campaign-evolved,1,halo-campaign-evolved,0,0,False
tran-thien-bao,Tran Thien Bao,Tran Thien Bao,halo-campaign-evolved,halo-campaign-evolved,1,halo-campaign-evolved,0,0,False
tran-thien-luan,Tran Thien Luan,Tran Thien Luan,halo-campaign-evolved,halo-campaign-evolved,1,halo-campaign-evolved,0,0,False
tran-tung-duong,Tran Tung Duong,Tran Tung Duong,halo-campaign-evolved,halo-campaign-evolved,1,halo-campaign-evolved,0,0,False
tran-van-ha,Tran Van Ha,Tran Van Ha,halo-campaign-evolved,halo-campaign-evolved,1,halo-campaign-evolved,0,0,False
travis-abel,Travis Abel,Travis Abel,halo-reach,halo-reach,1,halo-reach,0,0,False
travis-brady,Travis Brady,Travis Brady,halo-2,halo-reach,4,halo-2|halo-3|halo-3-odst|halo-reach,6,3,False
travis-chen,Travis Chen,Travis Chen,halo-2,halo-2,1,halo-2,0,0,False
travis-gibson,Travis Gibson,Travis Gibson,halo-campaign-evolved,halo-campaign-evolved,1,halo-campaign-evolved,0,0,False
travis-howe,Travis Howe,Travis Howe,halo-5,halo-5,1,halo-5,0,0,False
travis-le,Travis Le,Travis Le,halo-infinite,halo-infinite,1,halo-infinite,0,0,False
travis-miller,Travis Miller,Travis Miller,halo-mcc,halo-mcc,1,halo-mcc,0,0,False
travis-pijut,Travis Pijut,Travis Pijut,halo-3,halo-reach,3,halo-3|halo-3-odst|halo-reach,3,2,False
travis-prater,Travis Prater,Travis Prater,halo-mcc,halo-mcc,1,halo-mcc,0,0,False
travis-treadway,Travis Treadway,Travis Treadway,halo-campaign-evolved,halo-campaign-evolved,1,halo-campaign-evolved,0,0,False
travis-willingham,Travis Willingham,Travis Willingham,halo-4,halo-5,2,halo-4|halo-5,3,3,False
trent-hutchinson,Trent Hutchinson,Trent Hutchinson,halo-mcc-2021,halo-mcc-2021,1,halo-mcc-2021,0,0,False
trent-wood,Trent Wood,Trent Wood,halo-infinite,halo-infinite,1,halo-infinite,0,0,False
trevor-anderson,Trevor Anderson,Trevor Anderson,halo-infinite,halo-infinite,1,halo-infinite,0,0,False
trevor-crandall,Trevor Crandall,Trevor Crandall,halo-4,halo-4,1,halo-4,0,0,False
trevor-devall,Trevor Devall,Trevor Devall,halo-5,halo-5,1,halo-5,0,0,False
trevor-hale,Trevor Hale,Trevor Hale,halo-infinite,halo-infinite,1,halo-infinite,0,0,False
trevor-papasodorabeard,Trevor Papasodora-Beard,Trevor Papasodora-Beard,halo-mcc-2021,halo-mcc-2021,1,halo-mcc-2021,0,0,False
trevor-sargent,Trevor Sargent,Trevor Sargent,halo-infinite,halo-infinite,1,halo-infinite,0,0,False
trevor-weisberg,Trevor Weisberg,Trevor Weisberg,halo-reach,halo-reach,1,halo-reach,0,0,False
trevor-wood,Trevor Wood,Trevor Wood,halo-5,halo-5,1,halo-5,0,0,False
trey-dwinell,Trey Dwinell,Trey Dwinell,halo-infinite,halo-infinite,1,halo-infinite,0,0,False
tricia-geyer,Tricia Geyer,Tricia Geyer,halo-mcc-2021,halo-infinite,2,halo-mcc-2021|halo-infinite,0,0,False
tricia-helfer,Tricia Helfer,Tricia Helfer,halo-3-odst,halo-3-odst,1,halo-3-odst,0,0,False
tristan-cartledge,Tristan Cartledge,Tristan Cartledge,halo-mcc-2021,halo-mcc-2021,1,halo-mcc-2021,0,0,False
tristan-coleman,Tristan Coleman,Tristan Coleman,halo-infinite,halo-infinite,1,halo-infinite,0,0,False
tristan-james,Tristan James,Tristan James,halo-infinite,halo-infinite,1,halo-infinite,0,0,False
tristan-moore,Tristan Moore,Tristan Moore|Tristan Parrish Moore,halo-infinite,halo-infinite,1,halo-infinite,0,0,False
tristan-root,Tristan Root,Tristan Root,halo-3,halo-reach,3,halo-3|halo-3-odst|halo-reach,3,2,False
tristan-yolton,Tristan Yolton,Tristan Yolton,halo-3,halo-3-odst,2,halo-3|halo-3-odst,2,2,False
tristian-campbell,Tristian Campbell,Tristian Campbell|Tristan Campbell,halo-infinite,halo-campaign-evolved,2,halo-infinite|halo-campaign-evolved,5,5,False
troels-gram,Troels Gram,Troels Gram,halo-infinite,halo-infinite,1,halo-infinite,0,0,False
troy-allen-coleman,Troy Allen Coleman,Troy Allen Coleman,halo-3,halo-3,1,halo-3,0,0,False
troy-baker,Troy Baker,Troy Baker,halo-4,halo-4,1,halo-4,0,0,False
troy-carter,Troy Carter,Troy Carter,halo-infinite,halo-infinite,1,halo-infinite,0,0,False
troy-denning,Troy Denning,Troy Denning,halo-campaign-evolved,halo-campaign-evolved,1,halo-campaign-evolved,0,0,False
troy-mashburn,Troy Mashburn,Troy Mashburn,halo-infinite,halo-infinite,1,halo-infinite,0,0,False
troy-mcfarland,Troy McFarland,Troy McFarland,halo-reach,halo-infinite,2,halo-reach|halo-infinite,11,11,False
troy-taylor,Troy Taylor,Troy Taylor,halo-infinite,halo-infinite,1,halo-infinite,0,0,False
trudi-castle,Trudi Castle,Trudi Castle,halo-cea,halo-cea,1,halo-cea,0,0,False
trung-dang,Trung Dang,Trung Dang,halo-infinite,halo-infinite,1,halo-infinite,0,0,False
truong-huu-dao,Truong Huu Dao,Truong Huu Dao,halo-campaign-evolved,halo-campaign-evolved,1,halo-campaign-evolved,0,0,False
truong-moop,Truong Moop,Truong Moop,halo-campaign-evolved,halo-campaign-evolved,1,halo-campaign-evolved,0,0,False
truong-ngoc-huong,Truong Ngoc Huong,Truong Ngoc Huong,halo-campaign-evolved,halo-campaign-evolved,1,halo-campaign-evolved,0,0,False
truong-phung-tuong,Truong Phung Tuong,Truong Phung Tuong,halo-campaign-evolved,halo-campaign-evolved,1,halo-campaign-evolved,0,0,False
truong-quoc-tuan,Truong Quoc Tuan,Truong Quoc Tuan,halo-campaign-evolved,halo-campaign-evolved,1,halo-campaign-evolved,0,0,False
truong-xuan-nhi,Truong Xuan Nhi,Truong Xuan Nhi,halo-campaign-evolved,halo-campaign-evolved,1,halo-campaign-evolved,0,0,False
tsvetan-topalov,Tsvetan Topalov,Tsvetan Topalov,halo-infinite,halo-infinite,1,halo-infinite,0,0,False
tu-liangqu,Tu Liangqu,Tu Liangqu,halo-campaign-evolved,halo-campaign-evolved,1,halo-campaign-evolved,0,0,False
tu-xiaolin,Tu Xiaolin,Tu Xiaolin,halo-campaign-evolved,halo-campaign-evolved,1,halo-campaign-evolved,0,0,False
tuan-anh-nguyen,Tuan Anh Nguyen,Tuan Anh Nguyen,halo-infinite,halo-infinite,1,halo-infinite,0,0,False
tuan-tran,Tuan Tran,Tuan Tran,halo-campaign-evolved,halo-campaign-evolved,1,halo-campaign-evolved,0,0,False
tunnicliffe-colin,Tunnicliffe Colin,Tunnicliffe Colin,halo-campaign-evolved,halo-campaign-evolved,1,halo-campaign-evolved,0,0,False
turner-sinopoli,Turner Sinopoli,Turner Sinopoli,halo-infinite,halo-infinite,1,halo-infinite,0,0,False
ty-black,Ty Black,Ty Black,halo-infinite,halo-infinite,1,halo-infinite,0,0,False
ty-buser,Ty Buser,Ty Buser,halo-infinite,halo-infinite,1,halo-infinite,0,0,False
ty-stabile,Ty Stabile,Ty Stabile,halo-infinite,halo-infinite,1,halo-infinite,0,0,False
tylar-frater,Tylar Frater,Tylar Frater,halo-infinite,halo-campaign-evolved,2,halo-infinite|halo-campaign-evolved,5,5,False
tyler-booth,Tyler Booth,Tyler Booth,halo-3,halo-3,1,halo-3,0,0,False
tyler-bradley,Tyler Bradley,Tyler Bradley,halo-cea,halo-cea,1,halo-cea,0,0,False
tyler-byrne,Tyler Byrne,Tyler Byrne,halo-mcc-2021,halo-mcc-2021,1,halo-mcc-2021,0,0,False
tyler-churchill,Tyler Churchill,Tyler Churchill,halo-5,halo-5,1,halo-5,0,0,False
tyler-da-costa,Tyler Da Costa,Tyler Da Costa,halo-infinite,halo-infinite,1,halo-infinite,0,0,False
tyler-davis,Tyler Davis,Tyler Davis,halo-mcc-2021,halo-infinite,2,halo-mcc-2021|halo-infinite,0,0,False
tyler-ensrude,Tyler Ensrude,Tyler Ensrude,halo-infinite,halo-infinite,1,halo-infinite,0,0,False
tyler-feddeler,Tyler Feddeler,Tyler Feddeler,halo-infinite,halo-campaign-evolved,2,halo-infinite|halo-campaign-evolved,5,5,False
tyler-fox,Tyler Fox,Tyler Fox,halo-mcc,halo-mcc,1,halo-mcc,0,0,False
tyler-harper,Tyler Harper,Tyler Harper,halo-infinite,halo-infinite,1,halo-infinite,0,0,False
tyler-jarrell,Tyler Jarrell,Tyler Jarrell,halo-5,halo-5,1,halo-5,0,0,False
tyler-jeffers,Tyler Jeffers,Tyler Jeffers,halo-4,halo-campaign-evolved,6,halo-4|halo-mcc|halo-5|halo-mcc-2021|halo-infinite|halo-campaign-evolved,14,6,False
tyler-jensen,Tyler Jensen,Tyler Jensen,halo-campaign-evolved,halo-campaign-evolved,1,halo-campaign-evolved,0,0,False
tyler-johnson,Tyler Johnson,Tyler Johnson,halo-5,halo-5,1,halo-5,0,0,False
tyler-johnston,Tyler Johnston,Tyler Johnston,halo-infinite,halo-infinite,1,halo-infinite,0,0,False
tyler-klimek,Tyler Klimek,Tyler Klimek,halo-infinite,halo-infinite,1,halo-infinite,0,0,False
tyler-lovemark,Tyler Lovemark,Tyler Lovemark,halo-cea,halo-campaign-evolved,3,halo-cea|halo-infinite|halo-campaign-evolved,15,10,False
tyler-mooney,Tyler Mooney,Tyler Mooney,halo-campaign-evolved,halo-campaign-evolved,1,halo-campaign-evolved,0,0,False
tyler-owens,Tyler Owens,Tyler Owens,halo-5,halo-5,1,halo-5,0,0,False
tyler-perry,Tyler Perry,Tyler Perry,halo-5,halo-5,1,halo-5,0,0,False
tyler-sheaters,Tyler Sheaters,Tyler Sheaters,halo-mcc-2021,halo-mcc-2021,1,halo-mcc-2021,0,0,False
tyler-staples,Tyler Staples,Tyler Staples,halo-infinite,halo-infinite,1,halo-infinite,0,0,False
tyler-travaglio,Tyler Travaglio,Tyler Travaglio,halo-infinite,halo-infinite,1,halo-infinite,0,0,False
tyler-zwiers,Tyler Zwiers,Tyler Zwiers,halo-infinite,halo-infinite,1,halo-infinite,0,0,False
tylor-loo,Tylor Loo,Tylor Loo,halo-4,halo-4,1,halo-4,0,0,False
tylor-losser,Tylor Losser,Tylor Losser,halo-campaign-evolved,halo-campaign-evolved,1,halo-campaign-evolved,0,0,False
tyrone-forte,Tyrone Forte,Tyrone Forte,halo-mcc,halo-mcc,1,halo-mcc,0,0,False
tyson-green,Tyson Green,Tyson Green,halo-ce,halo-reach,5,halo-ce|halo-2|halo-3|halo-3-odst|halo-reach,9,3,False
tyson-matanich,Tyson Matanich,Tyson Matanich,halo-mcc,halo-infinite,4,halo-mcc|halo-5|halo-mcc-2021|halo-infinite,7,6,False
uday-joshi,Uday Joshi,Uday Joshi,halo-infinite,halo-infinite,1,halo-infinite,0,0,False
ukasz-mikusek,ŁUkasz Mikusek,ŁUkasz Mikusek|Łukasz Mikusek,halo-mcc,halo-campaign-evolved,2,halo-mcc|halo-campaign-evolved,12,12,False
ulises-renteria,Ulises Renteria,Ulises Renteria,halo-mcc-2021,halo-mcc-2021,1,halo-mcc-2021,0,0,False
upinder-rooprai,Upinder Rooprai,Upinder Rooprai,halo-infinite,halo-infinite,1,halo-infinite,0,0,False
urszula-kustra,Urszula Kustra,Urszula Kustra,halo-mcc,halo-mcc,1,halo-mcc,0,0,False
vadim-benkevich,Vadim Benkevich,Vadim Benkevich,halo-mcc,halo-mcc,1,halo-mcc,0,0,False
vadim-melnikov,Vadim Melnikov,Vadim Melnikov,halo-mcc-2021,halo-mcc-2021,1,halo-mcc-2021,0,0,False
vadim-spiridonov,Vadim Spiridonov,Vadim Spiridonov,halo-mcc,halo-mcc,1,halo-mcc,0,0,False
vadim-starodubov,Vadim Starodubov,Vadim Starodubov,halo-infinite,halo-infinite,1,halo-infinite,0,0,False
vadym-abramuk,Vadym Abramuk,Vadym Abramuk,halo-mcc-2021,halo-mcc-2021,1,halo-mcc-2021,0,0,False
valentin-dontstov,Valentin Dontsov,Valentin Dontsov,halo-infinite,halo-infinite,1,halo-infinite,0,0,False
valentin-galea,Valentin Galea,Valentin Galea,halo-mcc-2021,halo-mcc-2021,1,halo-mcc-2021,0,0,False
valentin-petrov,Valentin Petrov,Valentin Petrov,halo-infinite,halo-infinite,1,halo-infinite,0,0,False
valentino-olvera-marin,Valentino Olvera Marin,Valentino Olvera Marin,halo-mcc-2021,halo-infinite,2,halo-mcc-2021|halo-infinite,0,0,False
valeria-kalinina,Valeria Kalinina,Valeria Kalinina,halo-infinite,halo-infinite,1,halo-infinite,0,0,False
valerie-congy,ValéRie Congy,ValéRie Congy,halo-campaign-evolved,halo-campaign-evolved,1,halo-campaign-evolved,0,0,False
valerie-maule,Valerie Maule,Valerie Maule,halo-mcc-2021,halo-mcc-2021,1,halo-mcc-2021,0,0,False
valeriia-myronenko,Valeriia Myronenko,Valeriia Myronenko,halo-campaign-evolved,halo-campaign-evolved,1,halo-campaign-evolved,0,0,False
valeriia-zhvalievska,Valeriia Zhvalievska,Valeriia Zhvalievska,halo-campaign-evolved,halo-campaign-evolved,1,halo-campaign-evolved,0,0,False
valerio-taormina,Valerio Taormina,Valerio Taormina,halo-mcc-2021,halo-mcc-2021,1,halo-mcc-2021,0,0,False
valeriy-novytskyy,Valeriy Novytskyy,Valeriy Novytskyy,halo-mcc,halo-mcc,1,halo-mcc,0,0,False
valery-barabash,Valery Barabash,Valery Barabash,halo-infinite,halo-infinite,1,halo-infinite,0,0,False
van-dinh-sang,Van Dinh Sang,Van Dinh Sang,halo-campaign-evolved,halo-campaign-evolved,1,halo-campaign-evolved,0,0,False
vance-oneill,Vance O'Neill,Vance O'Neill,halo-mcc,halo-mcc,1,halo-mcc,0,0,False
vanessa-mullarkey,Vanessa Mullarkey,Vanessa Mullarkey,halo-mcc-2021,halo-mcc-2021,1,halo-mcc-2021,0,0,False
vanessa-ruotolo,Vanessa Ruotolo,Vanessa Ruotolo,halo-mcc,halo-mcc,1,halo-mcc,0,0,False
vanya-moneva,Vanya Moneva,Vanya Moneva,halo-infinite,halo-infinite,1,halo-infinite,0,0,False
vanya-moneva-choir,Vanya Moneva Choir,Vanya Moneva Choir,halo-infinite,halo-infinite,1,halo-infinite,0,0,False
vardanidze-gaga,Vardanidze Gaga,Vardanidze Gaga,halo-campaign-evolved,halo-campaign-evolved,1,halo-campaign-evolved,0,0,False
vartan-karakashyan,Vartan Karakashyan,Vartan Karakashyan|Vartan “Killer V” Karakashyan,halo-4,halo-infinite,5,halo-4|halo-mcc|halo-5|halo-mcc-2021|halo-infinite,9,6,False
vasif-aliyev,Vasif Aliyev,Vasif Aliyev,halo-campaign-evolved,halo-campaign-evolved,1,halo-campaign-evolved,0,0,False
vasili-melnik,Vasili Melnik,Vasili Melnik,halo-2,halo-2,1,halo-2,0,0,False
vasilii-tsvetkov,Vasilii Tsvetkov,Vasilii Tsvetkov,halo-mcc-2021,halo-mcc-2021,1,halo-mcc-2021,0,0,False
vasiliy-kropotov,Vasiliy Kropotov,Vasiliy Kropotov,halo-mcc-2021,halo-mcc-2021,1,halo-mcc-2021,0,0,False
vasiliy-toropchin,Vasiliy Toropchin,Vasiliy Toropchin,halo-mcc,halo-mcc,1,halo-mcc,0,0,False
vasiliy-vishnevetskiy,Vasiliy Vishnevetskiy,Vasiliy Vishnevetskiy,halo-cea,halo-cea,1,halo-cea,0,0,False
vedette-lim,Vedette Lim,Vedette Lim,halo-4,halo-5,2,halo-4|halo-5,3,3,False
velislava-nikolova,Velislava Nikolova,Velislava Nikolova,halo-3-odst,halo-3-odst,1,halo-3-odst,0,0,False
venkat-raaghavan,Venkat Raaghavan,Venkat Raaghavan,halo-campaign-evolved,halo-campaign-evolved,1,halo-campaign-evolved,0,0,False
vera-bukacheva,Vera Bukacheva,Vera Bukacheva,halo-mcc-2021,halo-mcc-2021,1,halo-mcc-2021,0,0,False
verlon-roberts,Verlon Roberts,Verlon Roberts,halo-infinite,halo-infinite,1,halo-infinite,0,0,False
vern-giammartino,Vern Giammartino,Vern Giammartino,halo-cea,halo-cea,1,halo-cea,0,0,False
veronica-ng,Veronica Ng,Veronica Ng,halo-infinite,halo-infinite,1,halo-infinite,0,0,False
veronica-peshtarianu,Veronica Peshterianu,Veronica Peshterianu|Veronica Peshtarianu,halo-cea,halo-4,2,halo-cea|halo-4,1,1,False
veronica-sievers,Veronica Sievers,Veronica Sievers,halo-infinite,halo-infinite,1,halo-infinite,0,0,False
veronika-nisevych,Veronika Nisevych,Veronika Nisevych,halo-infinite,halo-campaign-evolved,2,halo-infinite|halo-campaign-evolved,5,5,False
vi-thiet-tam,Vi Thiet Tam,Vi Thiet Tam,halo-campaign-evolved,halo-campaign-evolved,1,halo-campaign-evolved,0,0,False
vic-deleon,Vic DeLeon,Vic DeLeon,halo-2,halo-4,5,halo-2|halo-3|halo-3-odst|halo-reach|halo-4,8,3,False
vicente-castillo,Vicente Castillo,Vicente Castillo,halo-infinite,halo-infinite,1,halo-infinite,0,0,False
victor-anderson,Victor Anderson,Victor Anderson,halo-4,halo-4,1,halo-4,0,0,False
victor-bargachev,Victor Bargachev,Victor Bargachev,halo-cea,halo-cea,1,halo-cea,0,0,False
victor-barros,Victor Barros,Victor Barros,halo-mcc-2021,halo-infinite,2,halo-mcc-2021|halo-infinite,0,0,False
victor-blaiotta,Victor Blaiotta,Victor Blaiotta,halo-infinite,halo-infinite,1,halo-infinite,0,0,False
victor-chavez,Victor Chavez,Victor Chavez,halo-4,halo-4,1,halo-4,0,0,False
victor-de-saboya,Victor De Saboya,Victor De Saboya,halo-3,halo-3,1,halo-3,0,0,False
victor-glyanenko,Victor Glyanenko,Victor Glyanenko|Viktor Glyanenko,halo-cea,halo-mcc-2021,2,halo-cea|halo-mcc-2021,10,10,False
victor-korytko,Victor Koryt'ko,Victor Koryt'ko,halo-cea,halo-cea,1,halo-cea,0,0,False
victor-kozlovskiy,Victor Kozlovskiy,Victor Kozlovskiy,halo-infinite,halo-infinite,1,halo-infinite,0,0,False
victor-kulaga,Victor Kulaga,Victor Kulaga,halo-4,halo-4,1,halo-4,0,0,False
victor-melniciuc,Victor Melniciuc,Victor Melniciuc,halo-infinite,halo-campaign-evolved,2,halo-infinite|halo-campaign-evolved,5,5,False
victor-ramos,Victor Ramos,Victor Ramos,halo-infinite,halo-infinite,1,halo-infinite,0,0,False
victor-romansevich,Victor Romansevich,Victor Romansevich|Victor Romasevich,halo-cea,halo-mcc,2,halo-cea|halo-mcc,3,3,False
victor-stupko,Victor Stupko,Victor Stupko|Viktor Stupko,halo-cea,halo-mcc-2021,2,halo-cea|halo-mcc-2021,10,10,False
victor-vega,Victor Vega,Victor Vega,halo-infinite,halo-campaign-evolved,2,halo-infinite|halo-campaign-evolved,5,5,False
victor-wei,Victor Wei,Victor Wei,halo-mcc,halo-mcc,1,halo-mcc,0,0,False
victoria-alekseeva,Victoria Alekseeva,Victoria Alekseeva,halo-mcc-2021,halo-mcc-2021,1,halo-mcc-2021,0,0,False
victoria-bagdasaeva,Victoria Bagdasaeva,Victoria Bagdasaeva,halo-mcc-2021,halo-mcc-2021,1,halo-mcc-2021,0,0,False
victoria-kozlova,Victoria Kozlova,Victoria Kozlova,halo-mcc-2021,halo-mcc-2021,1,halo-mcc-2021,0,0,False
victoria-olson,Victoria Olson,Victoria Olson,halo-2,halo-2,1,halo-2,0,0,False
vidhi-soni,Vidhi Soni,Vidhi Soni,halo-infinite,halo-infinite,1,halo-infinite,0,0,False
viet-pham,Viet Pham,Viet Pham,halo-infinite,halo-campaign-evolved,2,halo-infinite|halo-campaign-evolved,5,5,False
viktor-isaev,Viktor Isaev,Viktor Isaev,halo-mcc,halo-mcc,1,halo-mcc,0,0,False
viktor-kostik,Viktor Kostik,Viktor Kostik,halo-campaign-evolved,halo-campaign-evolved,1,halo-campaign-evolved,0,0,False
viktor-streltsov,Viktor Streltsov,Viktor Streltsov,halo-cea,halo-cea,1,halo-cea,0,0,False
viktoria-mak,Viktória Mák,Viktória Mák,halo-campaign-evolved,halo-campaign-evolved,1,halo-campaign-evolved,0,0,False
viktoriya-kolganova,Viktoriya Kolganova,Viktoriya Kolganova,halo-mcc-2021,halo-mcc-2021,1,halo-mcc-2021,0,0,False
villevaltteri-kinnunen,Ville-Valtteri Kinnunen,Ville-Valtteri Kinnunen,halo-mcc,halo-mcc,1,halo-mcc,0,0,False
vince-loughney,Vince Loughney,Vince Loughney,halo-mcc-2021,halo-campaign-evolved,2,halo-mcc-2021|halo-campaign-evolved,5,5,False
vincent-aguilar,Vincent Aguilar,Vincent Aguilar,halo-infinite,halo-infinite,1,halo-infinite,0,0,False
vincent-argentine,Vincent Argentine,Vincent Argentine,halo-mcc,halo-mcc,1,halo-mcc,0,0,False
vincent-chen,Vincent Chen,Vincent Chen,halo-mcc,halo-5,2,halo-mcc|halo-5,1,1,False
vincent-chia-lun-tsai,Vincent Chia Lun Tsai,Vincent Chia Lun Tsai,halo-2,halo-2,1,halo-2,0,0,False
vincent-darrington,Vincent Darrington,Vincent Darrington,halo-infinite,halo-infinite,1,halo-infinite,0,0,False
vincent-descubes,Vincent Descubes,Vincent Descubes,halo-mcc,halo-mcc,1,halo-mcc,0,0,False
vincent-hui,Vincent Hui,Vincent Hui,halo-5,halo-infinite,2,halo-5|halo-infinite,6,6,False
vincent-kocks,Vincent Kocks,Vincent Kocks,halo-infinite,halo-infinite,1,halo-infinite,0,0,False
vincent-ngo,Vincent Ngo,Vincent Ngo,halo-2,halo-2,1,halo-2,0,0,False
vincent-reilly,Vincent Reilly,Vincent Reilly,halo-infinite,halo-infinite,1,halo-infinite,0,0,False
vincent-roy,Vincent Roy,Vincent Roy,halo-mcc-2018,halo-mcc-2018,1,halo-mcc-2018,0,0,False
vincent-villeneuve,Vincent Villeneuve,Vincent Villeneuve,halo-mcc-2018,halo-mcc-2018,1,halo-mcc-2018,0,0,False
vincent-werley,Vincent Werley,Vincent Werley,halo-mcc-2021,halo-mcc-2021,1,halo-mcc-2021,0,0,False
vinicius-barbosa,Vinicius Barbosa,Vinicius Barbosa,halo-infinite,halo-infinite,1,halo-infinite,0,0,False
vinny-chan,Vinny Chan,Vinny Chan,halo-4,halo-4,1,halo-4,0,0,False
vinod-birla,Vinod Birla,Vinod Birla,halo-infinite,halo-infinite,1,halo-infinite,0,0,False
vipin-kumar,Vipin Kumar,Vipin Kumar,halo-infinite,halo-infinite,1,halo-infinite,0,0,False
virginia-pluth,Virginia Pluth,Virginia Pluth,halo-mcc,halo-mcc,1,halo-mcc,0,0,False
visal-mohanan,Visal Mohanan,Visal Mohanan,halo-mcc-2021,halo-campaign-evolved,3,halo-mcc-2021|halo-infinite|halo-campaign-evolved,5,5,False
vishal-jain,Vishal Jain,Vishal Jain,halo-infinite,halo-infinite,1,halo-infinite,0,0,False
vitaliy-anikin,Vitaliy Anikin,Vitaliy Anikin,halo-cea,halo-cea,1,halo-cea,0,0,False
vitaliy-barykin,Vitaliy Barykin,Vitaliy Barykin,halo-mcc-2021,halo-mcc-2021,1,halo-mcc-2021,0,0,False
vitaliy-ishkov,Vitaliy Ishkov,Vitaliy Ishkov,halo-infinite,halo-infinite,1,halo-infinite,0,0,False
vitaliy-zhdanov,Vitaliy Zhdanov,Vitaliy Zhdanov,halo-infinite,halo-infinite,1,halo-infinite,0,0,False
vitaly-berov,Vitaly Berov,Vitaly Berov,halo-5,halo-5,1,halo-5,0,0,False
vitaly-efremov,Vitaly Efremov,Vitaly Efremov,halo-infinite,halo-infinite,1,halo-infinite,0,0,False
vitaly-kovalev,Vitaly Kovalev,Vitaly Kovalev,halo-mcc-2021,halo-mcc-2021,1,halo-mcc-2021,0,0,False
vivek-patel,Vivek Patel,Vivek Patel,halo-infinite,halo-infinite,1,halo-infinite,0,0,False
vivian-wei,Vivian Wei,Vivian Wei,halo-infinite,halo-infinite,1,halo-infinite,0,0,False
vivien-cseres,Vivien Cserés,Vivien Cserés,halo-campaign-evolved,halo-campaign-evolved,1,halo-campaign-evolved,0,0,False
vlad-marica,Vlad Marica,Vlad Marica,halo-mcc,halo-mcc,1,halo-mcc,0,0,False
vlad-naoumoff,Vlad Naoumoff,Vlad Naoumoff,halo-mcc-2021,halo-mcc-2021,1,halo-mcc-2021,0,0,False
vladamir-orlov,Vladamir Orlov,Vladamir Orlov,halo-cea,halo-cea,1,halo-cea,0,0,False
vladimir-chernysh,Vladimir Chernysh,Vladimir Chernysh,halo-cea,halo-cea,1,halo-cea,0,0,False
vladimir-hakobyan,Vladimir Hakobyan,Vladimir Hakobyan,halo-infinite,halo-infinite,1,halo-infinite,0,0,False
vladimir-kazakov,Vladimir Kazakov,Vladimir Kazakov,halo-mcc-2021,halo-mcc-2021,1,halo-mcc-2021,0,0,False
vladimir-nenov,Vladimir Nenov,Vladimir Nenov,halo-cea,halo-cea,1,halo-cea,0,0,False
vladimir-parusov,Vladimir Parusov,Vladimir Parusov,halo-mcc-2021,halo-mcc-2021,1,halo-mcc-2021,0,0,False
vladimir-tretyakov,Vladimir Tretyakov,Vladimir Tretyakov,halo-mcc,halo-mcc,1,halo-mcc,0,0,False
vladimir-uryashov,Vladimir Uryashov,Vladimir Uryashov,halo-cea,halo-cea,1,halo-cea,0,0,False
vladimir-voronov,Vladimir Voronov,Vladimir Voronov,halo-infinite,halo-infinite,1,halo-infinite,0,0,False
vladislav-boyadzhiev,Vladislav Boyadzhiev,Vladislav Boyadzhiev|Vladislav Boyadjiev,halo-infinite,halo-infinite,1,halo-infinite,0,0,False
vladislav-costin,Vladislav Costin,Vladislav Costin,halo-mcc,halo-mcc,1,halo-mcc,0,0,False
vladislav-karagodin,Vladislav Karagodin,Vladislav Karagodin,halo-infinite,halo-infinite,1,halo-infinite,0,0,False
vladislav-kudrya,Vladislav Kudrya,Vladislav Kudrya,halo-infinite,halo-infinite,1,halo-infinite,0,0,False
vladislav-mikhailov,Vladislav Mikhailov,Vladislav Mikhailov,halo-infinite,halo-infinite,1,halo-infinite,0,0,False
vladislav-terebov,Vladislav Terebov,Vladislav Terebov,halo-infinite,halo-infinite,1,halo-infinite,0,0,False
vladislav-yakushenko,Vladislav Yakushenko,Vladislav Yakushenko,halo-mcc-2021,halo-mcc-2021,1,halo-mcc-2021,0,0,False
vo-hong-hanh,Vo Hong Hanh,Vo Hong Hanh,halo-campaign-evolved,halo-campaign-evolved,1,halo-campaign-evolved,0,0,False
vo-thi-thanh-thao,Vo Thi Thanh Thao,Vo Thi Thanh Thao,halo-campaign-evolved,halo-campaign-evolved,1,halo-campaign-evolved,0,0,False
vu-chien-thang,Vu Chien Thang,Vu Chien Thang,halo-campaign-evolved,halo-campaign-evolved,1,halo-campaign-evolved,0,0,False
vu-thi-hue,Vu Thi Hue,Vu Thi Hue,halo-campaign-evolved,halo-campaign-evolved,1,halo-campaign-evolved,0,0,False
vui-lid-wong,Vui Lid Wong,Vui Lid Wong,halo-campaign-evolved,halo-campaign-evolved,1,halo-campaign-evolved,0,0,False
vuong-nguyen-minh-thu,Vuong Nguyen Minh Thu,Vuong Nguyen Minh Thu,halo-campaign-evolved,halo-campaign-evolved,1,halo-campaign-evolved,0,0,False
vyacheslav-adadurov,Vyacheslav Adadurov,Vyacheslav Adadurov,halo-infinite,halo-infinite,1,halo-infinite,0,0,False
vyacheslav-dementev,Vyacheslav Dementev,Vyacheslav Dementev|Vyacheslav Dementjev,halo-cea,halo-mcc,2,halo-cea|halo-mcc,3,3,False
vyacheslav-gedich,Vyacheslav Gedich,Vyacheslav Gedich,halo-mcc,halo-mcc,1,halo-mcc,0,0,False
vyacheslav-rudakov,Vyacheslav Rudakov,Vyacheslav Rudakov,halo-mcc-2021,halo-mcc-2021,1,halo-mcc-2021,0,0,False
vyacheslav-solovov,Vyacheslav Solovov,Vyacheslav Solovov,halo-mcc,halo-mcc,1,halo-mcc,0,0,False
wade-hampton,Wade Hampton,Wade Hampton,halo-mcc,halo-mcc,1,halo-mcc,0,0,False
wade-mulhern,Wade Mulhern,Wade Mulhern,halo-4,halo-5,2,halo-4|halo-5,3,3,False
wallace-breza,Wallace Breza,Wallace Breza,halo-5,halo-5,1,halo-5,0,0,False
wallace-kirkwood,Wallace Kirkwood,Wallace Kirkwood,halo-infinite,halo-infinite,1,halo-infinite,0,0,False
walter-de-torres,Walter de Torres,Walter de Torres,halo-infinite,halo-infinite,1,halo-infinite,0,0,False
walter-r-rector,Walter R Rector,Walter R Rector|Walter R. Rector,halo-mcc,halo-mcc-2021,2,halo-mcc|halo-mcc-2021,7,7,False
walter-rognrud,Walter Rognrud,Walter Rognrud,halo-infinite,halo-infinite,1,halo-infinite,0,0,False
wan-huiting,Wan Huiting,Wan Huiting,halo-campaign-evolved,halo-campaign-evolved,1,halo-campaign-evolved,0,0,False
wan-jing,Wang Jin,Wang Jin|Wan Jing,halo-infinite,halo-campaign-evolved,2,halo-infinite|halo-campaign-evolved,5,5,False
wan-peilin,Wan Peilin,Wan Peilin,halo-campaign-evolved,halo-campaign-evolved,1,halo-campaign-evolved,0,0,False
wan-zhongyuan,Wan Zhongyuan,Wan Zhongyuan,halo-campaign-evolved,halo-campaign-evolved,1,halo-campaign-evolved,0,0,False
wanda-boyer,Wanda Boyer,Wanda Boyer,halo-infinite,halo-infinite,1,halo-infinite,0,0,False
wang-bowen,Wang Bowen,Wang Bowen,halo-campaign-evolved,halo-campaign-evolved,1,halo-campaign-evolved,0,0,False
wang-chao,Wang Chao,Wang Chao,halo-infinite,halo-infinite,1,halo-infinite,0,0,False
wang-chen,Wang Chen,Wang Chen,halo-infinite,halo-infinite,1,halo-infinite,0,0,False
wang-chengyu,Wang Chengyu,Wang Chengyu,halo-campaign-evolved,halo-campaign-evolved,1,halo-campaign-evolved,0,0,False
wang-dong,Wang Dong,Wang Dong,halo-campaign-evolved,halo-campaign-evolved,1,halo-campaign-evolved,0,0,False
wang-hao,Wan Hao,Wan Hao|Wang Hao,halo-infinite,halo-campaign-evolved,2,halo-infinite|halo-campaign-evolved,5,5,False
wang-houdao,Wang Houdao,Wang Houdao,halo-campaign-evolved,halo-campaign-evolved,1,halo-campaign-evolved,0,0,False
wang-jiaping,Wang Jiaping,Wang Jiaping,halo-campaign-evolved,halo-campaign-evolved,1,halo-campaign-evolved,0,0,False
wang-kangning,Wang Kangning,Wang Kangning,halo-campaign-evolved,halo-campaign-evolved,1,halo-campaign-evolved,0,0,False
wang-kunlin,Wang Kunlin,Wang Kunlin,halo-campaign-evolved,halo-campaign-evolved,1,halo-campaign-evolved,0,0,False
wang-le,Wang Le,Wang Le,halo-campaign-evolved,halo-campaign-evolved,1,halo-campaign-evolved,0,0,False
wang-liqun,Wang Liqun,Wang Liqun,halo-infinite,halo-infinite,1,halo-infinite,0,0,False
wang-mingxun,Wang Mingxun,Wang Mingxun,halo-infinite,halo-infinite,1,halo-infinite,0,0,False
wang-naili,Wang Naili,Wang Naili,halo-campaign-evolved,halo-campaign-evolved,1,halo-campaign-evolved,0,0,False
wang-peng,Wang Peng,Wang Peng,halo-campaign-evolved,halo-campaign-evolved,1,halo-campaign-evolved,0,0,False
wang-qian,Wang Qian,Wang Qian,halo-campaign-evolved,halo-campaign-evolved,1,halo-campaign-evolved,0,0,False
wang-qiyun,Wang Qiyun,Wang Qiyun,halo-campaign-evolved,halo-campaign-evolved,1,halo-campaign-evolved,0,0,False
wang-ruizi,Wang Ruizi,Wang Ruizi,halo-campaign-evolved,halo-campaign-evolved,1,halo-campaign-evolved,0,0,False
wang-shuang,Wang Shuang,Wang Shuang,halo-campaign-evolved,halo-campaign-evolved,1,halo-campaign-evolved,0,0,False
wang-taiyu,Wang Taiyu,Wang Taiyu,halo-campaign-evolved,halo-campaign-evolved,1,halo-campaign-evolved,0,0,False
wang-wei,Wang Wei,Wang Wei,halo-campaign-evolved,halo-campaign-evolved,1,halo-campaign-evolved,0,0,False
wang-weiwei,Wang Weiwei,Wang Weiwei,halo-campaign-evolved,halo-campaign-evolved,1,halo-campaign-evolved,0,0,False
wang-wenlin,Wang Wenlin,Wang Wenlin,halo-campaign-evolved,halo-campaign-evolved,1,halo-campaign-evolved,0,0,False
wang-xiang,Wang Xiang,Wang Xiang,halo-campaign-evolved,halo-campaign-evolved,1,halo-campaign-evolved,0,0,False
wang-xiaoli,Wang Xiaoli,Wang Xiaoli,halo-campaign-evolved,halo-campaign-evolved,1,halo-campaign-evolved,0,0,False
wang-xiehan,Wang Xiehan,Wang Xiehan,halo-campaign-evolved,halo-campaign-evolved,1,halo-campaign-evolved,0,0,False
wang-xixi,Wang Xixi,Wang Xixi,halo-infinite,halo-infinite,1,halo-infinite,0,0,False
wang-xuan,Wang Xuan,Wang Xuan,halo-campaign-evolved,halo-campaign-evolved,1,halo-campaign-evolved,0,0,False
wang-xudong,Wang Xudong,Wang Xudong,halo-campaign-evolved,halo-campaign-evolved,1,halo-campaign-evolved,0,0,False
wang-xuyang,Wang Xuyang,Wang Xuyang,halo-campaign-evolved,halo-campaign-evolved,1,halo-campaign-evolved,0,0,False
wang-yi,Wang Yi,Wang Yi,halo-campaign-evolved,halo-campaign-evolved,1,halo-campaign-evolved,0,0,False
wang-yueyue,Wang Yueyue,Wang Yueyue,halo-campaign-evolved,halo-campaign-evolved,1,halo-campaign-evolved,0,0,False
wang-yujia,Wang Yujia,Wang Yujia,halo-campaign-evolved,halo-campaign-evolved,1,halo-campaign-evolved,0,0,False
wang-zekun,Wang Zekun,Wang Zekun,halo-campaign-evolved,halo-campaign-evolved,1,halo-campaign-evolved,0,0,False
wang-zhengbo,Wang Zhengbo,Wang Zhengbo,halo-campaign-evolved,halo-campaign-evolved,1,halo-campaign-evolved,0,0,False
wang-zhongjie,Wang Zhongjie,Wang Zhongjie,halo-campaign-evolved,halo-campaign-evolved,1,halo-campaign-evolved,0,0,False
wanying-renee-zhang,Wan-Ying (Renee) Zhang,Wan-Ying (Renee) Zhang,halo-campaign-evolved,halo-campaign-evolved,1,halo-campaign-evolved,0,0,False
warren-christian,Warren Christian,Warren Christian,halo-infinite,halo-infinite,1,halo-infinite,0,0,False
warren-zielinski,Warren Zielinski,Warren Zielinski,halo-5,halo-5,1,halo-5,0,0,False
wataru-hokoyama,Wataru Hokoyama,Wataru Hokoyama,halo-cea,halo-cea,1,halo-cea,0,0,False
wayne-meazza,Wayne Meazza,Wayne Meazza,halo-mcc-2018,halo-mcc-2018,1,halo-mcc-2018,0,0,False
wayne-richardson,Wayne Richardson,Wayne Richardson,halo-cea,halo-cea,1,halo-cea,0,0,False
wei-chen,Wei Chen,Wei Chen,halo-4,halo-campaign-evolved,3,halo-4|halo-5|halo-campaign-evolved,14,11,False
wei-hao,Wei Hao,Wei Hao,halo-campaign-evolved,halo-campaign-evolved,1,halo-campaign-evolved,0,0,False
wei-haosen,Wei Haosen,Wei Haosen,halo-campaign-evolved,halo-campaign-evolved,1,halo-campaign-evolved,0,0,False
wei-huimin,Wei Huimin,Wei Huimin,halo-infinite,halo-infinite,1,halo-infinite,0,0,False
wei-liuan,Wei Liuan,Wei Liuan,halo-campaign-evolved,halo-campaign-evolved,1,halo-campaign-evolved,0,0,False
weiyi-kate-chang,Weiyi Kate Chang,Weiyi Kate Chang,halo-campaign-evolved,halo-campaign-evolved,1,halo-campaign-evolved,0,0,False
wen-gang,Wen Gang,Wen Gang,halo-campaign-evolved,halo-campaign-evolved,1,halo-campaign-evolved,0,0,False
wen-lirui,Wen Lirui,Wen Lirui,halo-campaign-evolved,halo-campaign-evolved,1,halo-campaign-evolved,0,0,False
wendy-buzby,Wendy Buzby,Wendy Buzby,halo-mcc,halo-mcc,1,halo-mcc,0,0,False
wendy-grande,Wendy Grande,Wendy Grande,halo-3,halo-3,1,halo-3,0,0,False
wenkang-yin,Wen-Kang Yin,Wen-Kang Yin,halo-mcc-2021,halo-mcc-2021,1,halo-mcc-2021,0,0,False
wenyan-zhou,Wenyan Zhou,Wenyan Zhou,halo-infinite,halo-infinite,1,halo-infinite,0,0,False
wenyi-shih,Wenyi Shih,Wenyi Shih,halo-mcc,halo-mcc,1,halo-mcc,0,0,False
wesley-griffith,Wesley Griffith,Wesley Griffith,halo-5,halo-5,1,halo-5,0,0,False
wesley-h-grandmont-iii,Wesley H. Grandmont III,Wesley H. Grandmont III|Wesley Grandmont III,halo-4,halo-5,2,halo-4|halo-5,3,3,False
wesley-wittekind,Wesley Wittekind,Wesley Wittekind,halo-infinite,halo-infinite,1,halo-infinite,0,0,False
westley-james,Westley James,Westley James,halo-mcc,halo-mcc,1,halo-mcc,0,0,False
whit-brachna,Whit Brachna,Whit Brachna,halo-4,halo-4,1,halo-4,0,0,False
wilco-schroo,Wilco Schroo,Wilco Schroo,halo-mcc-2021,halo-mcc-2021,1,halo-mcc-2021,0,0,False
will-christiansen,Will Christiansen,Will Christiansen,halo-reach,halo-infinite,4,halo-reach|halo-4|halo-5|halo-infinite,11,6,False
will-cunningham,Will Cunningham,Will Cunningham,halo-mcc,halo-mcc,1,halo-mcc,0,0,False
will-fuller,Will Fuller,Will Fuller,halo-4,halo-4,1,halo-4,0,0,False
will-hardin,Will Hardin,Will Hardin,halo-4,halo-5,2,halo-4|halo-5,3,3,False
will-lake,Will Lake,Will Lake,halo-infinite,halo-infinite,1,halo-infinite,0,0,False
will-makra,Will Makra,Will Makra|William Charles Makra,halo-4,halo-4,1,halo-4,0,0,False
will-miranda,Will Miranda,Will Miranda,halo-infinite,halo-infinite,1,halo-infinite,0,0,False
will-morton,Will Morton,Will Morton|William Morton,halo-5,halo-infinite,3,halo-5|halo-mcc-2021|halo-infinite,6,6,False
will-pryor,Will Pryor,Will Pryor,halo-infinite,halo-infinite,1,halo-infinite,0,0,False
will-thompson,Will Thompson,Will Thompson,halo-3,halo-3,1,halo-3,0,0,False
will-yen,Will Yen,Will Yen,halo-campaign-evolved,halo-campaign-evolved,1,halo-campaign-evolved,0,0,False
william-archbell,William Archbell,William Archbell,halo-4,halo-5,2,halo-4|halo-5,3,3,False
william-brewster,William Brewster,William Brewster,halo-infinite,halo-infinite,1,halo-infinite,0,0,False
william-cameron,William Cameron,William Cameron,halo-infinite,halo-infinite,1,halo-infinite,0,0,False
william-chip-beaman,"William ""Chip"" Beaman","William ""Chip"" Beaman|William Beaman",halo-cea,halo-mcc,2,halo-cea|halo-mcc,3,3,False
william-fox,William Fox,William Fox,halo-cea,halo-4,2,halo-cea|halo-4,1,1,False
william-harry-gray,"William ""Harry"" Gray","William ""Harry"" Gray|William Gray",halo-infinite,halo-infinite,1,halo-infinite,0,0,False
william-mapother,William Mapother,William Mapother,halo-reach,halo-reach,1,halo-reach,0,0,False
william-obrien,William O'Brien,William O'Brien|William O'Brian|Bill O' Brien|Bill O'Brien,halo-2,halo-reach,4,halo-2|halo-3|halo-3-odst|halo-reach,6,3,False
william-podpechan,William Podpechan,William Podpechan,halo-infinite,halo-infinite,1,halo-infinite,0,0,False
william-poulter,William Poulter,William Poulter,halo-mcc,halo-mcc,1,halo-mcc,0,0,False
william-redmond,William Redmond,William Redmond,halo-infinite,halo-infinite,1,halo-infinite,0,0,False
william-s-morton,William S Morton,William S Morton,halo-mcc,halo-mcc,1,halo-mcc,0,0,False
william-wise,William Wise,William Wise,halo-infinite,halo-infinite,1,halo-infinite,0,0,False
william-zancan,William Zancan,William Zancan,halo-campaign-evolved,halo-campaign-evolved,1,halo-campaign-evolved,0,0,False
willie-loh,Willie Loh,Willie Loh,halo-infinite,halo-infinite,1,halo-infinite,0,0,False
willie-wight,Willie Wight,Willie Wight,halo-reach,halo-reach,1,halo-reach,0,0,False
wilson-sun,Wilson Sun,Wilson Sun,halo-infinite,halo-infinite,1,halo-infinite,0,0,False
wimolrat-nikki-tangtiphongkul,Wimolrat (Nikki) Tangtiphongkul,Wimolrat (Nikki) Tangtiphongkul|Wimolrat Tangtiphongkul,halo-cea,halo-mcc,2,halo-cea|halo-mcc,3,3,False
wisgary-torres,Wisgary Torres,Wisgary Torres,halo-mcc,halo-mcc,1,halo-mcc,0,0,False
wlad-litchinko,Wlad Litchinko,Wlad Litchinko,halo-mcc,halo-mcc,1,halo-mcc,0,0,False
wojciech-bogacki,Wojciech Bogacki,Wojciech Bogacki,halo-campaign-evolved,halo-campaign-evolved,1,halo-campaign-evolved,0,0,False
wojciech-starzynski,Wojciech Starzyński,Wojciech Starzyński,halo-mcc,halo-mcc,1,halo-mcc,0,0,False
wojciech-urbanowicz,Wojciech Urbanowicz,Wojciech Urbanowicz,halo-mcc,halo-mcc,1,halo-mcc,0,0,False
wong-wei-ming,Wong Wei Ming,Wong Wei Ming,halo-campaign-evolved,halo-campaign-evolved,1,halo-campaign-evolved,0,0,False
woong-bae-byun,Woong Bae Byun,Woong Bae Byun,halo-infinite,halo-infinite,1,halo-infinite,0,0,False
wu-bing,Wu Bing,Wu Bing,halo-campaign-evolved,halo-campaign-evolved,1,halo-campaign-evolved,0,0,False
wu-di,Wu Di,Wu Di,halo-campaign-evolved,halo-campaign-evolved,1,halo-campaign-evolved,0,0,False
wu-hao,Wu Hao,Wu Hao,halo-infinite,halo-infinite,1,halo-infinite,0,0,False
wu-haopeng,Wu Haopeng,Wu Haopeng,halo-campaign-evolved,halo-campaign-evolved,1,halo-campaign-evolved,0,0,False
wu-jiahao,Wu Jiahao,Wu Jiahao,halo-campaign-evolved,halo-campaign-evolved,1,halo-campaign-evolved,0,0,False
wu-panbei,Wu Panbei,Wu Panbei,halo-campaign-evolved,halo-campaign-evolved,1,halo-campaign-evolved,0,0,False
wu-puzhao,Wu Puzhao,Wu Puzhao,halo-campaign-evolved,halo-campaign-evolved,1,halo-campaign-evolved,0,0,False
wu-qian,Wu Qian,Wu Qian,halo-campaign-evolved,halo-campaign-evolved,1,halo-campaign-evolved,0,0,False
wu-shengtao,Wu Shengtao,Wu Shengtao,halo-campaign-evolved,halo-campaign-evolved,1,halo-campaign-evolved,0,0,False
wu-shiyue,Wu Shiyue,Wu Shiyue,halo-campaign-evolved,halo-campaign-evolved,1,halo-campaign-evolved,0,0,False
wu-sihai,Wu Sihai,Wu Sihai,halo-campaign-evolved,halo-campaign-evolved,1,halo-campaign-evolved,0,0,False
wu-siyao,Wu Siyao,Wu Siyao,halo-campaign-evolved,halo-campaign-evolved,1,halo-campaign-evolved,0,0,False
wu-yuheng,Wu Yuheng,Wu Yuheng,halo-campaign-evolved,halo-campaign-evolved,1,halo-campaign-evolved,0,0,False
wu-zhehai,Wu Zhehai,Wu Zhehai,halo-campaign-evolved,halo-campaign-evolved,1,halo-campaign-evolved,0,0,False
wu-zherui,Wu Zherui,Wu Zherui,halo-campaign-evolved,halo-campaign-evolved,1,halo-campaign-evolved,0,0,False
wu-zhiyi,Wu Zhiyi,Wu Zhiyi,halo-campaign-evolved,halo-campaign-evolved,1,halo-campaign-evolved,0,0,False
wyatt-dooley,Wyatt Dooley,Wyatt Dooley,halo-infinite,halo-infinite,1,halo-infinite,0,0,False
wysley-ng,Wysley Ng,Wysley Ng,halo-5,halo-infinite,2,halo-5|halo-infinite,6,6,False
xan-ridley,Xan Ridley,Xan Ridley,halo-campaign-evolved,halo-campaign-evolved,1,halo-campaign-evolved,0,0,False
xavier-antony,Xavier Antony,Xavier Antony,halo-4,halo-4,1,halo-4,0,0,False
xavier-gonzalez,Xavier Gonzalez,Xavier Gonzalez,halo-infinite,halo-campaign-evolved,2,halo-infinite|halo-campaign-evolved,5,5,False
xhavar-strothers,Xhavar Strothers,Xhavar Strothers,halo-3-odst,halo-infinite,2,halo-3-odst|halo-infinite,12,12,False
xi-sherry-he,"Xi ""Sherry"" He","Xi ""Sherry"" He",halo-campaign-evolved,halo-campaign-evolved,1,halo-campaign-evolved,0,0,False
xi-wang,Xi Wang,Xi Wang,halo-3,halo-campaign-evolved,4,halo-3|halo-3-odst|halo-reach|halo-campaign-evolved,19,16,False
xia-xiangyu,Xia Xiangyu,Xia Xiangyu,halo-campaign-evolved,halo-campaign-evolved,1,halo-campaign-evolved,0,0,False
xiao-shicheng,Xiao Shicheng,Xiao Shicheng,halo-campaign-evolved,halo-campaign-evolved,1,halo-campaign-evolved,0,0,False
xiaoxi-liu,Xiaoxi Liu,Xiaoxi Liu,halo-5,halo-5,1,halo-5,0,0,False
xiaoya-zhao,Xiaoya Zhao,Xiaoya Zhao,halo-infinite,halo-infinite,1,halo-infinite,0,0,False
xie-zhiyu,Xie Zhiyu,Xie Zhiyu,halo-campaign-evolved,halo-campaign-evolved,1,halo-campaign-evolved,0,0,False
xin-tong,Xin Tong,Xin Tong,halo-2,halo-2,1,halo-2,0,0,False
xing-huang,Xing Huang,Xing Huang,halo-3,halo-3,1,halo-3,0,0,False
xingguo-liu,Xingguo Liu,Xingguo Liu,halo-3,halo-3,1,halo-3,0,0,False
xiong-guang,Xiong Guang,Xiong Guang,halo-campaign-evolved,halo-campaign-evolved,1,halo-campaign-evolved,0,0,False
xiong-qi,Xiong Qi,Xiong Qi,halo-campaign-evolved,halo-campaign-evolved,1,halo-campaign-evolved,0,0,False
xo-corvus,xo corvus,xo corvus,halo-infinite,halo-infinite,1,halo-infinite,0,0,False
xu-binxiang,Xu Binxiang,Xu Binxiang,halo-campaign-evolved,halo-campaign-evolved,1,halo-campaign-evolved,0,0,False
xu-qiuxiang,Xu Qiuxiang,Xu Qiuxiang,halo-campaign-evolved,halo-campaign-evolved,1,halo-campaign-evolved,0,0,False
xu-qiuying,Xu Qiuying,Xu Qiuying,halo-campaign-evolved,halo-campaign-evolved,1,halo-campaign-evolved,0,0,False
xu-wei,Xu Wei,Xu Wei,halo-campaign-evolved,halo-campaign-evolved,1,halo-campaign-evolved,0,0,False
xu-ying,Xu Ying,Xu Ying,halo-campaign-evolved,halo-campaign-evolved,1,halo-campaign-evolved,0,0,False
ya-zhang,Ya Zhang,Ya Zhang,halo-infinite,halo-infinite,1,halo-infinite,0,0,False
yakov-shevchenko,Yakov Shevchenko,Yakov Shevchenko,halo-cea,halo-cea,1,halo-cea,0,0,False
yan-fangjin,Yan Fangjin,Yan Fangjin,halo-campaign-evolved,halo-campaign-evolved,1,halo-campaign-evolved,0,0,False
yan-lozovator,Yan Lozovator,Yan Lozovator,halo-mcc-2021,halo-mcc-2021,1,halo-mcc-2021,0,0,False
yan-shengchu,Yan Shengchu,Yan Shengchu,halo-campaign-evolved,halo-campaign-evolved,1,halo-campaign-evolved,0,0,False
yana-bondar,Yana Bondar,Yana Bondar,halo-mcc-2021,halo-mcc-2021,1,halo-mcc-2021,0,0,False
yanan-zhu,Yanan Zhu,Yanan Zhu,halo-infinite,halo-infinite,1,halo-infinite,0,0,False
yang-dongrong,Yang Dongrong,Yang Dongrong,halo-infinite,halo-infinite,1,halo-infinite,0,0,False
yang-heli,Yang Heli,Yang Heli,halo-infinite,halo-infinite,1,halo-infinite,0,0,False
yang-kexin,Yang Kexin,Yang Kexin,halo-campaign-evolved,halo-campaign-evolved,1,halo-campaign-evolved,0,0,False
yang-minghao,Yang Minghao,Yang Minghao,halo-campaign-evolved,halo-campaign-evolved,1,halo-campaign-evolved,0,0,False
yang-na,Yang Na,Yang Na,halo-campaign-evolved,halo-campaign-evolved,1,halo-campaign-evolved,0,0,False
yang-qingmao,Yang Qingmao,Yang Qingmao,halo-campaign-evolved,halo-campaign-evolved,1,halo-campaign-evolved,0,0,False
yang-rujian,Yang Rujian,Yang Rujian,halo-infinite,halo-infinite,1,halo-infinite,0,0,False
yang-ruolin,Yang Ruolin,Yang Ruolin,halo-campaign-evolved,halo-campaign-evolved,1,halo-campaign-evolved,0,0,False
yang-shaoyu,Yang Shaoyu,Yang Shaoyu,halo-infinite,halo-infinite,1,halo-infinite,0,0,False
yang-wei,Yang Wei,Yang Wei,halo-campaign-evolved,halo-campaign-evolved,1,halo-campaign-evolved,0,0,False
yang-xu,Yang Xu,Yang Xu,halo-campaign-evolved,halo-campaign-evolved,1,halo-campaign-evolved,0,0,False
yang-yijin,Yang Yijin,Yang Yijin,halo-campaign-evolved,halo-campaign-evolved,1,halo-campaign-evolved,0,0,False
yang-zhao,Yang Zhao,Yang Zhao,halo-infinite,halo-infinite,1,halo-infinite,0,0,False
yaniv-dekel,Yaniv Dekel,Yaniv Dekel,halo-infinite,halo-infinite,1,halo-infinite,0,0,False
yann-goument,Yann Goument,Yann Goument,halo-mcc,halo-mcc,1,halo-mcc,0,0,False
yannic-kawan,Yannic Kawan,Yannic Kawan,halo-infinite,halo-infinite,1,halo-infinite,0,0,False
yao-zhao,Yao Zhao,Yao Zhao,halo-infinite,halo-infinite,1,halo-infinite,0,0,False
yaohua-hu,Yaohua Hu,Yaohua Hu,halo-2,halo-reach,4,halo-2|halo-3|halo-3-odst|halo-reach,6,3,False
yaron-levi,Yaron Levi,Yaron Levi,halo-mcc,halo-mcc,1,halo-mcc,0,0,False
yaroslav-cherniy,Yaroslav Cherniy,Yaroslav Cherniy,halo-mcc,halo-mcc,1,halo-mcc,0,0,False
yaroslav-kulov,Yaroslav Kulov,Yaroslav Kulov,halo-mcc,halo-mcc,1,halo-mcc,0,0,False
yaroslav-odnorogov,Yaroslav Odnorogov,Yaroslav Odnorogov,halo-infinite,halo-infinite,1,halo-infinite,0,0,False
yasmine-nelson,Yasmine Nelson,Yasmine Nelson,halo-3,halo-3,1,halo-3,0,0,False
yasushi-ogura,Yasushi Ogura,Yasushi Ogura,halo-mcc,halo-mcc,1,halo-mcc,0,0,False
ye-chenting,Ye Chenting,Ye Chenting,halo-campaign-evolved,halo-campaign-evolved,1,halo-campaign-evolved,0,0,False
ye-rong,Ye Rong,Ye Rong,halo-campaign-evolved,halo-campaign-evolved,1,halo-campaign-evolved,0,0,False
ye-shengwei,Ye Shengwei,Ye Shengwei,halo-campaign-evolved,halo-campaign-evolved,1,halo-campaign-evolved,0,0,False
yen-ping-chu,Yen Ping Chu,Yen Ping Chu,halo-campaign-evolved,halo-campaign-evolved,1,halo-campaign-evolved,0,0,False
yi-xie,Yi Xie,Yi Xie,halo-4,halo-5,3,halo-4|halo-mcc|halo-5,3,2,False
yibo-liu,Yibo Liu,Yibo Liu,halo-campaign-evolved,halo-campaign-evolved,1,halo-campaign-evolved,0,0,False
yiming-cai,Yiming Cai,Yiming Cai,halo-infinite,halo-infinite,1,halo-infinite,0,0,False
yingyi-chen,Ying-Yi Chen,Ying-Yi Chen,halo-campaign-evolved,halo-campaign-evolved,1,halo-campaign-evolved,0,0,False
yogender-kumar,Yogender Kumar,Yogender Kumar,halo-infinite,halo-infinite,1,halo-infinite,0,0,False
yoko-hasegawa,Yoko Hasegawa,Yoko Hasegawa,halo-2,halo-2,1,halo-2,0,0,False
yolanda-zou,Yolanda Zou,Yolanda Zou,halo-campaign-evolved,halo-campaign-evolved,1,halo-campaign-evolved,0,0,False
yolteotl-camacho,Yolteotl Camacho,Yolteotl Camacho,halo-infinite,halo-infinite,1,halo-infinite,0,0,False
yongjoon-lee,Yongjoon Lee,Yongjoon Lee,halo-reach,halo-reach,1,halo-reach,0,0,False
yoon-he-jung,Yoon He Jung,Yoon He Jung,halo-2,halo-2,1,halo-2,0,0,False
yordan-zaykov,Yordan Zaykov,Yordan Zaykov,halo-infinite,halo-infinite,1,halo-infinite,0,0,False
young-hoon-shim,Young Hoon Shim,Young Hoon Shim,halo-cea,halo-cea,1,halo-cea,0,0,False
yu-cih-lin,Yu Cih Lin,Yu Cih Lin,halo-campaign-evolved,halo-campaign-evolved,1,halo-campaign-evolved,0,0,False
yu-heng-mo,Yu Heng Mo,Yu Heng Mo,halo-5,halo-5,1,halo-5,0,0,False
yu-liulin,Yu Liulin,Yu Liulin,halo-infinite,halo-infinite,1,halo-infinite,0,0,False
yu-qiuxiang,Yu Qiuxiang,Yu Qiuxiang,halo-campaign-evolved,halo-campaign-evolved,1,halo-campaign-evolved,0,0,False
yu-zhenhua,Yu Zhenhua,Yu Zhenhua,halo-campaign-evolved,halo-campaign-evolved,1,halo-campaign-evolved,0,0,False
yu-zhenyu,Yu Zhenyu,Yu Zhenyu,halo-infinite,halo-infinite,1,halo-infinite,0,0,False
yuan-wei,Yuan Wei,Yuan Wei,halo-campaign-evolved,halo-campaign-evolved,1,halo-campaign-evolved,0,0,False
yuchun-huang,Yuchun Huang,Yuchun Huang,halo-infinite,halo-infinite,1,halo-infinite,0,0,False
yue-han,Yue Han,Yue Han,halo-campaign-evolved,halo-campaign-evolved,1,halo-campaign-evolved,0,0,False
yue-suxin,Yue Suxin,Yue Suxin,halo-infinite,halo-infinite,1,halo-infinite,0,0,False
yue-wang,Yue Wang,Yue Wang,halo-mcc-2021,halo-mcc-2021,1,halo-mcc-2021,0,0,False
yuhki-kaneta,Yuhki Kaneta,Yuhki Kaneta,halo-mcc-2021,halo-mcc-2021,1,halo-mcc-2021,0,0,False
yujing-he,Yujing He,Yujing He,halo-5,halo-5,1,halo-5,0,0,False
yuki-harima,Yuki Harima,Yuki Harima,halo-2,halo-3,2,halo-2|halo-3,3,3,False
yuki-wakabayashi,Yuki Wakabayashi,Yuki Wakabayashi,halo-campaign-evolved,halo-campaign-evolved,1,halo-campaign-evolved,0,0,False
yukio-rahdert,Yukio Rahdert,Yukio Rahdert,halo-mcc,halo-mcc,1,halo-mcc,0,0,False
yulia-asanbaeva,Yulia Asanbaeva,Yulia Asanbaeva,halo-infinite,halo-infinite,1,halo-infinite,0,0,False
yulia-lavinyukova,Yulia Lavinyukova,Yulia Lavinyukova,halo-mcc,halo-mcc,1,halo-mcc,0,0,False
yuliya-egorova,Yuliya Egorova,Yuliya Egorova,halo-mcc-2021,halo-mcc-2021,1,halo-mcc-2021,0,0,False
yuliya-shevchuk,Yuliya Shevchuk,Yuliya Shevchuk,halo-infinite,halo-infinite,1,halo-infinite,0,0,False
yunyun-lin,Yunyun Lin,Yunyun Lin,halo-campaign-evolved,halo-campaign-evolved,1,halo-campaign-evolved,0,0,False
yuri-khamidulin,Yuri Khamidulin,Yuri Khamidulin,halo-mcc-2021,halo-mcc-2021,1,halo-mcc-2021,0,0,False
yuri-lowenthal,Yuri Lowenthal,Yuri Lowenthal,halo-4,halo-5,2,halo-4|halo-5,3,3,False
yuri-muzyria,Yuri Muzyria,Yuri Muzyria,halo-infinite,halo-infinite,1,halo-infinite,0,0,False
yuri-vorobiev,Yuri Vorobiev,Yuri Vorobiev,halo-infinite,halo-infinite,1,halo-infinite,0,0,False
yuriy-chernyish,Yuriy Chernyish,Yuriy Chernyish|Yuriy Chernysh,halo-cea,halo-mcc,2,halo-cea|halo-mcc,3,3,False
yury-rumak,Yury Rumak,Yury Rumak,halo-mcc,halo-mcc,1,halo-mcc,0,0,False
yury-sakovich,Yury Sakovich,Yury Sakovich,halo-mcc,halo-mcc,1,halo-mcc,0,0,False
yury-sapozhkov,Yury Sapozhkov,Yury Sapozhkov,halo-infinite,halo-infinite,1,halo-infinite,0,0,False
yutaka-hasegawa,Yutaka Hasegawa,Yutaka Hasegawa,halo-2,halo-2,1,halo-2,0,0,False
yvain-gnabro,Yvain Gnabro,Yvain Gnabro,halo-mcc,halo-mcc,1,halo-mcc,0,0,False
zabed-akbar,Zabed Akbar,Zabed Akbar,halo-infinite,halo-infinite,1,halo-infinite,0,0,False
zabir-hoque,Zabir Hoque,Zabir Hoque,halo-5,halo-5,1,halo-5,0,0,False
zac-steacy,Zac Steacy,Zac Steacy,halo-5,halo-5,1,halo-5,0,0,False
zach-bogatz,Zach Bogatz,Zach Bogatz,halo-infinite,halo-infinite,1,halo-infinite,0,0,False
zach-boyce,Zach Boyce,Zach Boyce,halo-5,halo-infinite,2,halo-5|halo-infinite,6,6,False
zach-guptil,Zach Guptil,Zach Guptil,halo-4,halo-4,1,halo-4,0,0,False
zach-lute,Zach Lute,Zach Lute|Zachary Lute,halo-infinite,halo-infinite,1,halo-infinite,0,0,False
zach-russell,Zach Russell,Zach Russell|Zach Russel,halo-ce,halo-reach,5,halo-ce|halo-2|halo-3|halo-3-odst|halo-reach,9,3,False
zach-splan,Zach Splan,Zach Splan,halo-infinite,halo-infinite,1,halo-infinite,0,0,False
zachary-barron,Zachary Barron,Zachary Barron,halo-infinite,halo-infinite,1,halo-infinite,0,0,False
zachary-christian-mason,Zachary Christian Mason,Zachary Christian Mason,halo-infinite,halo-infinite,1,halo-infinite,0,0,False
zachary-cork,Zachary Cork,Zachary Cork,halo-mcc,halo-mcc,1,halo-mcc,0,0,False
zachary-girgenti,Zachary Girgenti,Zachary Girgenti,halo-infinite,halo-infinite,1,halo-infinite,0,0,False
zachary-lebarron,Zachary LeBarron,Zachary LeBarron,halo-mcc-2021,halo-mcc-2021,1,halo-mcc-2021,0,0,False
zachary-levi,Zachary Levi,Zachary Levi,halo-reach,halo-reach,1,halo-reach,0,0,False
zachary-nightingale,Zachary Nightingale,Zachary Nightingale,halo-infinite,halo-infinite,1,halo-infinite,0,0,False
zachary-rubenstein,Zachary Rubenstein,Zachary Rubenstein,halo-infinite,halo-infinite,1,halo-infinite,0,0,False
zachary-suchlicki,Zachary Suchlicki,Zachary Suchlicki,halo-infinite,halo-infinite,1,halo-infinite,0,0,False
zachary-tang,Zachary Tang,Zachary Tang,halo-mcc,halo-mcc,1,halo-mcc,0,0,False
zachary-thomas,Zachary Thomas,Zachary Thomas|Zach Thomas,halo-4,halo-4,1,halo-4,0,0,False
zachary-wheeler,Zachary Wheeler,Zachary Wheeler,halo-mcc,halo-mcc,1,halo-mcc,0,0,False
zack-birkenbuel,Zack Birkenbuel,Zack Birkenbuel,halo-4,halo-4,1,halo-4,0,0,False
zack-cutri,Zack Cutri,Zack Cutri,halo-cea,halo-4,2,halo-cea|halo-4,1,1,False
zack-fannon,Zack Fannon,Zack Fannon,halo-mcc-2021,halo-campaign-evolved,3,halo-mcc-2021|halo-infinite|halo-campaign-evolved,5,5,False
zack-lee,Zack Lee,Zack Lee|Zackry Lee,halo-infinite,halo-infinite,1,halo-infinite,0,0,False
zack-sweeten,Zack Sweeten,Zack Sweeten,halo-5,halo-5,1,halo-5,0,0,False
zackary-myers,Zackary Myers,Zackary Myers,halo-mcc,halo-mcc,1,halo-mcc,0,0,False
zackery-maser,Zackery Maser,Zackery Maser|Zack Maser,halo-mcc-2021,halo-infinite,2,halo-mcc-2021|halo-infinite,0,0,False
zahria-williams,Zahria Williams,Zahria Williams,halo-infinite,halo-infinite,1,halo-infinite,0,0,False
zaid-shopeju,Zaid Shopeju,Zaid Shopeju,halo-infinite,halo-infinite,1,halo-infinite,0,0,False
zain-aziz,Zain Aziz,Zain Aziz,halo-5,halo-5,1,halo-5,0,0,False
zak-belisle,Zak Belisle,Zak Belisle,halo-mcc-2021,halo-infinite,2,halo-mcc-2021|halo-infinite,0,0,False
zak-kalles,Zak Kalles,Zak Kalles,halo-4,halo-4,1,halo-4,0,0,False
zakery-haynes,Zakery Haynes,Zakery Haynes,halo-infinite,halo-infinite,1,halo-infinite,0,0,False
zane-evans,Zane Evans,Zane Evans,halo-4,halo-4,1,halo-4,0,0,False
zane-gholson,Zane Gholson,Zane Gholson,halo-infinite,halo-infinite,1,halo-infinite,0,0,False
zara-varin,Zara Varin,Zara Varin,halo-infinite,halo-infinite,1,halo-infinite,0,0,False
zeev-harris,Ze'ev Harris,Ze'ev Harris,halo-4,halo-4,1,halo-4,0,0,False
zehra-fazal,Zehra Fazal,Zehra Fazal,halo-infinite,halo-infinite,1,halo-infinite,0,0,False
zeke-fenelon,Zeke Fenelon,Zeke Fenelon,halo-infinite,halo-infinite,1,halo-infinite,0,0,False
zeng-kai,Zeng Kai,Zeng Kai,halo-campaign-evolved,halo-campaign-evolved,1,halo-campaign-evolved,0,0,False
zeng-ruilin,Zeng Ruilin,Zeng Ruilin,halo-campaign-evolved,halo-campaign-evolved,1,halo-campaign-evolved,0,0,False
zeng-yanjia,Zeng Yanjia,Zeng Yanjia,halo-campaign-evolved,halo-campaign-evolved,1,halo-campaign-evolved,0,0,False
zeng-yu,Zeng Yu,Zeng Yu,halo-campaign-evolved,halo-campaign-evolved,1,halo-campaign-evolved,0,0,False
zeno-robinson,Zeno Robinson,Zeno Robinson,halo-infinite,halo-infinite,1,halo-infinite,0,0,False
zev-gendler,Zev Gendler,Zev Gendler,halo-infinite,halo-infinite,1,halo-infinite,0,0,False
zhai-dan,Zhai Dan,Zhai Dan,halo-campaign-evolved,halo-campaign-evolved,1,halo-campaign-evolved,0,0,False
zhang-chao,Zhang Chao,Zhang Chao,halo-campaign-evolved,halo-campaign-evolved,1,halo-campaign-evolved,0,0,False
zhang-fan,Zhang Fan,Zhang Fan,halo-campaign-evolved,halo-campaign-evolved,1,halo-campaign-evolved,0,0,False
zhang-hongjiang,Zhang Hongjiang,Zhang Hongjiang,halo-campaign-evolved,halo-campaign-evolved,1,halo-campaign-evolved,0,0,False
zhang-hongjie,Zhang Hongjie,Zhang Hongjie,halo-campaign-evolved,halo-campaign-evolved,1,halo-campaign-evolved,0,0,False
zhang-hu,Zhang Hu,Zhang Hu,halo-campaign-evolved,halo-campaign-evolved,1,halo-campaign-evolved,0,0,False
zhang-huadong,Zhang Huadong,Zhang Huadong,halo-campaign-evolved,halo-campaign-evolved,1,halo-campaign-evolved,0,0,False
zhang-jie,Zhang Jie,Zhang Jie,halo-infinite,halo-infinite,1,halo-infinite,0,0,False
zhang-jinde,Zhang Jinde,Zhang Jinde,halo-campaign-evolved,halo-campaign-evolved,1,halo-campaign-evolved,0,0,False
zhang-jing,Zhang Jing,Zhang Jing,halo-campaign-evolved,halo-campaign-evolved,1,halo-campaign-evolved,0,0,False
zhang-kaisong,Zhang Kaisong,Zhang Kaisong,halo-campaign-evolved,halo-campaign-evolved,1,halo-campaign-evolved,0,0,False
zhang-ke,Zhang Ke,Zhang Ke,halo-campaign-evolved,halo-campaign-evolved,1,halo-campaign-evolved,0,0,False
zhang-kexuan,Zhang Kexuan,Zhang Kexuan,halo-campaign-evolved,halo-campaign-evolved,1,halo-campaign-evolved,0,0,False
zhang-lishi,Zhang Lishi,Zhang Lishi,halo-campaign-evolved,halo-campaign-evolved,1,halo-campaign-evolved,0,0,False
zhang-liujun,Zhang Liujun,Zhang Liujun,halo-campaign-evolved,halo-campaign-evolved,1,halo-campaign-evolved,0,0,False
zhang-lixin,Zhang Lixin,Zhang Lixin,halo-infinite,halo-infinite,1,halo-infinite,0,0,False
zhang-lu,Zhang Lu,Zhang Lu,halo-campaign-evolved,halo-campaign-evolved,1,halo-campaign-evolved,0,0,False
zhang-mengxi,Zhang Mengxi,Zhang Mengxi,halo-campaign-evolved,halo-campaign-evolved,1,halo-campaign-evolved,0,0,False
zhang-peng,Zhang Peng,Zhang Peng,halo-campaign-evolved,halo-campaign-evolved,1,halo-campaign-evolved,0,0,False
zhang-qi,Zhang Qi,Zhang Qi,halo-campaign-evolved,halo-campaign-evolved,1,halo-campaign-evolved,0,0,False
zhang-qian,Zhang Qian,Zhang Qian,halo-campaign-evolved,halo-campaign-evolved,1,halo-campaign-evolved,0,0,False
zhang-qiang,Zhang Qiang,Zhang Qiang,halo-campaign-evolved,halo-campaign-evolved,1,halo-campaign-evolved,0,0,False
zhang-qiangzhi,Zhang Qiangzhi,Zhang Qiangzhi,halo-campaign-evolved,halo-campaign-evolved,1,halo-campaign-evolved,0,0,False
zhang-qilin,Zhang Qilin,Zhang Qilin,halo-campaign-evolved,halo-campaign-evolved,1,halo-campaign-evolved,0,0,False
zhang-ruiqi,Zhang Ruiqi,Zhang Ruiqi,halo-campaign-evolved,halo-campaign-evolved,1,halo-campaign-evolved,0,0,False
zhang-xiaoyi,Zhang Xiaoyi,Zhang Xiaoyi,halo-campaign-evolved,halo-campaign-evolved,1,halo-campaign-evolved,0,0,False
zhang-xin-c,Zhang Xin_c,Zhang Xin_c,halo-campaign-evolved,halo-campaign-evolved,1,halo-campaign-evolved,0,0,False
zhang-xingyuan,Zhang Xingyuan,Zhang Xingyuan,halo-campaign-evolved,halo-campaign-evolved,1,halo-campaign-evolved,0,0,False
zhang-xinyuan,Zhang Xinyuan,Zhang Xinyuan,halo-campaign-evolved,halo-campaign-evolved,1,halo-campaign-evolved,0,0,False
zhang-yadi,Zhang Yadi,Zhang Yadi,halo-infinite,halo-infinite,1,halo-infinite,0,0,False
zhang-yanping,Zhang Yanping,Zhang Yanping,halo-campaign-evolved,halo-campaign-evolved,1,halo-campaign-evolved,0,0,False
zhang-yichao,Zhang Yichao,Zhang Yichao,halo-campaign-evolved,halo-campaign-evolved,1,halo-campaign-evolved,0,0,False
zhang-yijia,Zhang Yijia,Zhang Yijia,halo-campaign-evolved,halo-campaign-evolved,1,halo-campaign-evolved,0,0,False
zhang-yongbin,Zhang Yongbin,Zhang Yongbin,halo-campaign-evolved,halo-campaign-evolved,1,halo-campaign-evolved,0,0,False
zhang-yu,Zhang Yu,Zhang Yu,halo-campaign-evolved,halo-campaign-evolved,1,halo-campaign-evolved,0,0,False
zhang-yuan,Zhang Yuan,Zhang Yuan,halo-infinite,halo-infinite,1,halo-infinite,0,0,False
zhang-yuanhang,Zhang Yuanhang,Zhang Yuanhang,halo-campaign-evolved,halo-campaign-evolved,1,halo-campaign-evolved,0,0,False
zhang-zhan,Zhang Zhan,Zhang Zhan,halo-campaign-evolved,halo-campaign-evolved,1,halo-campaign-evolved,0,0,False
zhang-zhen,Zhang Zhen,Zhang Zhen,halo-campaign-evolved,halo-campaign-evolved,1,halo-campaign-evolved,0,0,False
zhang-zhenyou,Zhang Zhenyou,Zhang Zhenyou,halo-campaign-evolved,halo-campaign-evolved,1,halo-campaign-evolved,0,0,False
zhang-zhixiang,Zhang Zhixiang,Zhang Zhixiang,halo-campaign-evolved,halo-campaign-evolved,1,halo-campaign-evolved,0,0,False
zhang-zhiyi,Zhang Zhiyi,Zhang Zhiyi,halo-campaign-evolved,halo-campaign-evolved,1,halo-campaign-evolved,0,0,False
zhao-hongping,Zhao Hongping,Zhao Hongping,halo-campaign-evolved,halo-campaign-evolved,1,halo-campaign-evolved,0,0,False
zhao-jie,Zhao Jie,Zhao Jie,halo-campaign-evolved,halo-campaign-evolved,1,halo-campaign-evolved,0,0,False
zhao-junhan,Zhao Junhan,Zhao Junhan,halo-campaign-evolved,halo-campaign-evolved,1,halo-campaign-evolved,0,0,False
zhao-rui,Zhao Rui,Zhao Rui,halo-campaign-evolved,halo-campaign-evolved,1,halo-campaign-evolved,0,0,False
zhao-tao,Zhao Tao,Zhao Tao,halo-campaign-evolved,halo-campaign-evolved,1,halo-campaign-evolved,0,0,False
zhao-weijun,Zhao Weijun,Zhao Weijun,halo-campaign-evolved,halo-campaign-evolved,1,halo-campaign-evolved,0,0,False
zhao-xudong,Zhao Xudong,Zhao Xudong,halo-campaign-evolved,halo-campaign-evolved,1,halo-campaign-evolved,0,0,False
zhao-yao,Zhao Yao,Zhao Yao,halo-infinite,halo-infinite,1,halo-infinite,0,0,False
zhao-yunfan,Zhao Yunfan,Zhao Yunfan,halo-campaign-evolved,halo-campaign-evolved,1,halo-campaign-evolved,0,0,False
zhao-zijun,Zhao Zijun,Zhao Zijun,halo-campaign-evolved,halo-campaign-evolved,1,halo-campaign-evolved,0,0,False
zhenfei-wu,Zhenfei Wu,Zhenfei Wu,halo-mcc,halo-mcc,1,halo-mcc,0,0,False
zheng-daowei,Zheng Daowei,Zheng Daowei,halo-campaign-evolved,halo-campaign-evolved,1,halo-campaign-evolved,0,0,False
zheng-rui,Zheng Rui,Zheng Rui,halo-campaign-evolved,halo-campaign-evolved,1,halo-campaign-evolved,0,0,False
zheng-yiheng,Zheng Yiheng,Zheng Yiheng,halo-campaign-evolved,halo-campaign-evolved,1,halo-campaign-evolved,0,0,False
zheng-zhong,Zheng Zhong,Zheng Zhong|Zhen Zhang,halo-infinite,halo-campaign-evolved,2,halo-infinite|halo-campaign-evolved,5,5,False
zhi-min-chen,Zhi Min Chen,Zhi Min Chen,halo-4,halo-5,2,halo-4|halo-5,3,3,False
zhipeng-hu,Zhipeng Hu,Zhipeng Hu,halo-3,halo-3,1,halo-3,0,0,False
zhong-yi,Zhong Yi,Zhong Yi,halo-campaign-evolved,halo-campaign-evolved,1,halo-campaign-evolved,0,0,False
zhou-huajun,Zhou Huajun,Zhou Huajun,halo-campaign-evolved,halo-campaign-evolved,1,halo-campaign-evolved,0,0,False
zhou-huayu,Zhou Huayu,Zhou Huayu,halo-campaign-evolved,halo-campaign-evolved,1,halo-campaign-evolved,0,0,False
zhou-ying,Zhou Ying,Zhou Ying,halo-campaign-evolved,halo-campaign-evolved,1,halo-campaign-evolved,0,0,False
zhou-zijian,Zhou Zijian,Zhou Zijian,halo-campaign-evolved,halo-campaign-evolved,1,halo-campaign-evolved,0,0,False
zhoula-uladzimir,Zhoula Uladzimir,Zhoula Uladzimir,halo-campaign-evolved,halo-campaign-evolved,1,halo-campaign-evolved,0,0,False
zhu-huawei,Zhu Huawei,Zhu Huawei,halo-campaign-evolved,halo-campaign-evolved,1,halo-campaign-evolved,0,0,False
zhu-jiaming,Zhu Jiaming,Zhu Jiaming,halo-campaign-evolved,halo-campaign-evolved,1,halo-campaign-evolved,0,0,False
zhu-jing-liu,Zhu Jing Liu,Zhu Jing Liu,halo-campaign-evolved,halo-campaign-evolved,1,halo-campaign-evolved,0,0,False
zhu-kai,Zhu Kai,Zhu Kai,halo-campaign-evolved,halo-campaign-evolved,1,halo-campaign-evolved,0,0,False
zhu-keyan,Zhu Keyan,Zhu Keyan,halo-infinite,halo-infinite,1,halo-infinite,0,0,False
zhu-ping,Zhu Ping,Zhu Ping,halo-campaign-evolved,halo-campaign-evolved,1,halo-campaign-evolved,0,0,False
zhu-shiqian,Zhu Shiqian,Zhu Shiqian,halo-campaign-evolved,halo-campaign-evolved,1,halo-campaign-evolved,0,0,False
zhu-yichen,Zhu Yichen,Zhu Yichen,halo-campaign-evolved,halo-campaign-evolved,1,halo-campaign-evolved,0,0,False
zhu-ziqi,Zhu Ziqi,Zhu Ziqi,halo-campaign-evolved,halo-campaign-evolved,1,halo-campaign-evolved,0,0,False
zoe-brawley,Zoé Brawley,Zoé Brawley,halo-2,halo-2,1,halo-2,0,0,False
zoey-schlemper,Zoey Schlemper,Zoey Schlemper,halo-infinite,halo-infinite,1,halo-infinite,0,0,False
zoia-maslova,Zoia Maslova,Zoia Maslova,halo-mcc-2021,halo-mcc-2021,1,halo-mcc-2021,0,0,False
zoltan-andras-gulyas,Zoltán András Gulyás,Zoltán András Gulyás,halo-campaign-evolved,halo-campaign-evolved,1,halo-campaign-evolved,0,0,False
zoltan-hollosy,Zoltán Hollósy,Zoltán Hollósy,halo-campaign-evolved,halo-campaign-evolved,1,halo-campaign-evolved,0,0,False
zoltan-horvath,Zoltán Horváth,Zoltán Horváth,halo-campaign-evolved,halo-campaign-evolved,1,halo-campaign-evolved,0,0,False
zoltan-kemeny,Zoltán Kemény,Zoltán Kemény,halo-campaign-evolved,halo-campaign-evolved,1,halo-campaign-evolved,0,0,False
zoltan-kuritar,Zoltán Kuritár,Zoltán Kuritár,halo-campaign-evolved,halo-campaign-evolved,1,halo-campaign-evolved,0,0,False
zoltan-pazsiczky,Zoltán Pázsiczky,Zoltán Pázsiczky,halo-campaign-evolved,halo-campaign-evolved,1,halo-campaign-evolved,0,0,False
zoltan-turi,Zoltán Turi,Zoltán Turi,halo-campaign-evolved,halo-campaign-evolved,1,halo-campaign-evolved,0,0,False
zoltan-zahorszki,Zoltán Záhorszki,Zoltán Záhorszki,halo-campaign-evolved,halo-campaign-evolved,1,halo-campaign-evolved,0,0,False
zou-defeng,Zou Defeng,Zou Defeng,halo-campaign-evolved,halo-campaign-evolved,1,halo-campaign-evolved,0,0,False
zou-dengjie,Zou Dengjie,Zou Dengjie,halo-campaign-evolved,halo-campaign-evolved,1,halo-campaign-evolved,0,0,False
zou-yicheng,Zou Yicheng,Zou Yicheng,halo-campaign-evolved,halo-campaign-evolved,1,halo-campaign-evolved,0,0,False
zou-yuchen,Zou Yuchen,Zou Yuchen,halo-campaign-evolved,halo-campaign-evolved,1,halo-campaign-evolved,0,0,False
zsanett-sarkozi,Zsanett Sárközi,Zsanett Sárközi,halo-campaign-evolved,halo-campaign-evolved,1,halo-campaign-evolved,0,0,False
zsofia-kocsmarszki,Zsofia Kocsmarszki,Zsofia Kocsmarszki,halo-campaign-evolved,halo-campaign-evolved,1,halo-campaign-evolved,0,0,False
zsolt-feher,Zsolt Fehér,Zsolt Fehér,halo-campaign-evolved,halo-campaign-evolved,1,halo-campaign-evolved,0,0,False
zsolt-halmagyi,Zsolt Halmágyi,Zsolt Halmágyi,halo-campaign-evolved,halo-campaign-evolved,1,halo-campaign-evolved,0,0,False
zsolt-vida,Zsolt Vida,Zsolt Vida,halo-campaign-evolved,halo-campaign-evolved,1,halo-campaign-evolved,0,0,False
zsombor-balogh,Zsombor Balogh,Zsombor Balogh,halo-campaign-evolved,halo-campaign-evolved,1,halo-campaign-evolved,0,0,False
zully-barrientos,Zully Barrientos,Zully Barrientos,halo-infinite,halo-infinite,1,halo-infinite,0,0,False
zuo-zechen,Zuo Zechen,Zuo Zechen,halo-campaign-evolved,halo-campaign-evolved,1,halo-campaign-evolved,0,0,False
zuzanna-gorka,Zuzanna Górka,Zuzanna Górka,halo-mcc,halo-mcc,1,halo-mcc,0,0,False
