game_id,source_ref,heading
halo-2,L100,Credits / Art / Additional 3D Art
halo-2,L102,Credits / Art / Senior Animator
halo-2,L103,Credits / Art / Senior Animator
halo-2,L105,"Credits / Art / Animators, Game & Cinematic"
halo-2,L106,"Credits / Art / Animators, Game & Cinematic"
halo-2,L107,"Credits / Art / Animators, Game & Cinematic"
halo-2,L108,"Credits / Art / Animators, Game & Cinematic"
halo-2,L110,Credits / Art / Additional Animation by
halo-2,L111,Credits / Art / Additional Animation by
halo-2,L112,Credits / Art / Additional Animation by
halo-2,L113,Credits / Art / Additional Animation by
halo-2,L115,Credits / Art / Lead Environment Artists
halo-2,L116,Credits / Art / Lead Environment Artists
halo-2,L117,Credits / Art / Lead Environment Artists
halo-2,L119,Credits / Art / Single-Player Environment Artists
halo-2,L120,Credits / Art / Single-Player Environment Artists
halo-2,L121,Credits / Art / Single-Player Environment Artists
halo-2,L122,Credits / Art / Single-Player Environment Artists
halo-2,L123,Credits / Art / Single-Player Environment Artists
halo-2,L124,Credits / Art / Single-Player Environment Artists
halo-2,L125,Credits / Art / Single-Player Environment Artists
halo-2,L126,Credits / Art / Single-Player Environment Artists
halo-2,L128,Credits / Art / Additional Single-Player Environment Art
halo-2,L129,Credits / Art / Additional Single-Player Environment Art
halo-2,L131,Credits / Art / Lead Multiplayer Environment Artist
halo-2,L132,Credits / Art / Lead Multiplayer Environment Artist
halo-2,L134,Credits / Art / Multiplayer Environment Artist
halo-2,L135,Credits / Art / Multiplayer Environment Artist
halo-2,L137,Credits / Art / User Interface Art and Design
halo-2,L138,Credits / Art / User Interface Art and Design
halo-2,L14,Credits
halo-2,L140,Credits / Art / Production Manager & Technical Artist
halo-2,L141,Credits / Art / Production Manager & Technical Artist
halo-2,L143,Credits / Art / Effects Artist
halo-2,L144,Credits / Art / Effects Artist
halo-2,L146,"Credits / Art / Concept Art, 2D & Matte Painting"
halo-2,L147,"Credits / Art / Concept Art, 2D & Matte Painting"
halo-2,L15,Credits
halo-2,L150,Credits / Audio / Audio Lead
halo-2,L151,Credits / Audio / Audio Lead
halo-2,L153,Credits / Audio / Sound Designer
halo-2,L154,Credits / Audio / Sound Designer
halo-2,L157,Credits / Test / Test Leads
halo-2,L158,Credits / Test / Test Leads
halo-2,L159,Credits / Test / Test Leads
halo-2,L160,Credits / Test / Test Leads
halo-2,L162,Credits / Test / Test Tools Engineering
halo-2,L163,Credits / Test / Test Tools Engineering
halo-2,L164,Credits / Test / Test Tools Engineering
halo-2,L165,Credits / Test / Test Tools Engineering
halo-2,L167,Credits / Test / Software Test Engineers
halo-2,L168,Credits / Test / Software Test Engineers
halo-2,L169,Credits / Test / Software Test Engineers
halo-2,L17,Credits / Project Lead
halo-2,L170,Credits / Test / Software Test Engineers
halo-2,L173,Credits / Bungie.net Team / Bungie Community Lead
halo-2,L174,Credits / Bungie.net Team / Bungie Community Lead
halo-2,L176,Credits / Bungie.net Team / Community Team
halo-2,L177,Credits / Bungie.net Team / Community Team
halo-2,L178,Credits / Bungie.net Team / Community Team
halo-2,L179,Credits / Bungie.net Team / Community Team
halo-2,L18,Credits / Project Lead
halo-2,L180,Credits / Bungie.net Team / Community Team
halo-2,L182,Credits / Bungie.net Team / Additional Community Support
halo-2,L183,Credits / Bungie.net Team / Additional Community Support
halo-2,L184,Credits / Bungie.net Team / Additional Community Support
halo-2,L185,Credits / Bungie.net Team / Additional Community Support
halo-2,L186,Credits / Bungie.net Team / Additional Community Support
halo-2,L188,Credits / Bungie.net Team / Administrative Assistant & Bungie Princess
halo-2,L189,Credits / Bungie.net Team / Administrative Assistant & Bungie Princess
halo-2,L191,Credits / Bungie.net Team / Additional Administrative Support
halo-2,L192,Credits / Bungie.net Team / Additional Administrative Support
halo-2,L193,Credits / Bungie.net Team / Additional Administrative Support
halo-2,L195,Credits / Additional Support
halo-2,L196,Credits / Additional Support
halo-2,L197,Credits / Additional Support
halo-2,L198,Credits / Additional Support
halo-2,L199,Credits / Additional Support
halo-2,L20,Credits / Executive Producer
halo-2,L200,Credits / Additional Support
halo-2,L201,Credits / Additional Support
halo-2,L202,Credits / Additional Support
halo-2,L203,Credits / Additional Support
halo-2,L204,Credits / Additional Support
halo-2,L205,Credits / Additional Support
halo-2,L206,Credits / Additional Support
halo-2,L208,Credits / Special Thanks
halo-2,L209,Credits / Special Thanks
halo-2,L21,Credits / Executive Producer
halo-2,L210,Credits / Special Thanks
halo-2,L211,Credits / Special Thanks
halo-2,L212,Credits / Special Thanks
halo-2,L213,Credits / Special Thanks
halo-2,L214,Credits / Special Thanks
halo-2,L215,Credits / Special Thanks
halo-2,L216,Credits / Special Thanks
halo-2,L217,Credits / Special Thanks
halo-2,L218,Credits / Special Thanks
halo-2,L219,Credits / Special Thanks
halo-2,L220,Credits / Special Thanks
halo-2,L221,Credits / Special Thanks
halo-2,L222,Credits / Special Thanks
halo-2,L223,Credits / Special Thanks
halo-2,L224,Credits / Special Thanks
halo-2,L227,Credits / Cinematic Cast / Cinematic Cast (in alphabetical order)
halo-2,L228,Credits / Cinematic Cast / Cinematic Cast (in alphabetical order)
halo-2,L229,Credits / Cinematic Cast / Cinematic Cast (in alphabetical order)
halo-2,L23,Credits / Engineering Leads
halo-2,L230,Credits / Cinematic Cast / Cinematic Cast (in alphabetical order)
halo-2,L231,Credits / Cinematic Cast / Cinematic Cast (in alphabetical order)
halo-2,L232,Credits / Cinematic Cast / Cinematic Cast (in alphabetical order)
halo-2,L233,Credits / Cinematic Cast / Cinematic Cast (in alphabetical order)
halo-2,L234,Credits / Cinematic Cast / Cinematic Cast (in alphabetical order)
halo-2,L235,Credits / Cinematic Cast / Cinematic Cast (in alphabetical order)
halo-2,L236,Credits / Cinematic Cast / Cinematic Cast (in alphabetical order)
halo-2,L237,Credits / Cinematic Cast / Cinematic Cast (in alphabetical order)
halo-2,L238,Credits / Cinematic Cast / Cinematic Cast (in alphabetical order)
halo-2,L239,Credits / Cinematic Cast / Cinematic Cast (in alphabetical order)
halo-2,L24,Credits / Engineering Leads
halo-2,L240,Credits / Cinematic Cast / Cinematic Cast (in alphabetical order)
halo-2,L241,Credits / Cinematic Cast / Cinematic Cast (in alphabetical order)
halo-2,L242,Credits / Cinematic Cast / Cinematic Cast (in alphabetical order)
halo-2,L244,Credits / Cinematic Cast / Artificial Intelligence Cast (in alphabetical order)
halo-2,L245,Credits / Cinematic Cast / Artificial Intelligence Cast (in alphabetical order)
halo-2,L246,Credits / Cinematic Cast / Artificial Intelligence Cast (in alphabetical order)
halo-2,L247,Credits / Cinematic Cast / Artificial Intelligence Cast (in alphabetical order)
halo-2,L248,Credits / Cinematic Cast / Artificial Intelligence Cast (in alphabetical order)
halo-2,L249,Credits / Cinematic Cast / Artificial Intelligence Cast (in alphabetical order)
halo-2,L25,Credits / Engineering Leads
halo-2,L250,Credits / Cinematic Cast / Artificial Intelligence Cast (in alphabetical order)
halo-2,L251,Credits / Cinematic Cast / Artificial Intelligence Cast (in alphabetical order)
halo-2,L252,Credits / Cinematic Cast / Artificial Intelligence Cast (in alphabetical order)
halo-2,L253,Credits / Cinematic Cast / Artificial Intelligence Cast (in alphabetical order)
halo-2,L254,Credits / Cinematic Cast / Artificial Intelligence Cast (in alphabetical order)
halo-2,L255,Credits / Cinematic Cast / Artificial Intelligence Cast (in alphabetical order)
halo-2,L256,Credits / Cinematic Cast / Artificial Intelligence Cast (in alphabetical order)
halo-2,L257,Credits / Cinematic Cast / Artificial Intelligence Cast (in alphabetical order)
halo-2,L258,Credits / Cinematic Cast / Artificial Intelligence Cast (in alphabetical order)
halo-2,L259,Credits / Cinematic Cast / Artificial Intelligence Cast (in alphabetical order)
halo-2,L26,Credits / Engineering Leads
halo-2,L261,Credits / Cinematic Cast / Additional Voices
halo-2,L262,Credits / Cinematic Cast / Additional Voices
halo-2,L264,Credits / Cinematic Cast / Casting & Voice-Over Production Services
halo-2,L265,Credits / Cinematic Cast / Casting & Voice-Over Production Services
halo-2,L268,Credits / Microsoft / Lead Product Marketing Manager
halo-2,L269,Credits / Microsoft / Lead Product Marketing Manager
halo-2,L27,Credits / Engineering Leads
halo-2,L271,Credits / Microsoft / User Testing Lead
halo-2,L272,Credits / Microsoft / User Testing Lead
halo-2,L274,Credits / Microsoft / Halo 2 for Windows Vista
halo-2,L276,Credits / Microsoft / Halo 2 for Windows Vista / Project Lead
halo-2,L277,Credits / Microsoft / Halo 2 for Windows Vista / Project Lead
halo-2,L279,Credits / Microsoft / Halo 2 for Windows Vista / Engineering Lead
halo-2,L280,Credits / Microsoft / Halo 2 for Windows Vista / Engineering Lead
halo-2,L282,Credits / Microsoft / Halo 2 for Windows Vista / Engineering
halo-2,L283,Credits / Microsoft / Halo 2 for Windows Vista / Engineering
halo-2,L284,Credits / Microsoft / Halo 2 for Windows Vista / Engineering
halo-2,L285,Credits / Microsoft / Halo 2 for Windows Vista / Engineering
halo-2,L286,Credits / Microsoft / Halo 2 for Windows Vista / Engineering
halo-2,L287,Credits / Microsoft / Halo 2 for Windows Vista / Engineering
halo-2,L288,Credits / Microsoft / Halo 2 for Windows Vista / Engineering
halo-2,L289,Credits / Microsoft / Halo 2 for Windows Vista / Engineering
halo-2,L29,Credits / Mission Design Lead
halo-2,L290,Credits / Microsoft / Halo 2 for Windows Vista / Engineering
halo-2,L291,Credits / Microsoft / Halo 2 for Windows Vista / Engineering
halo-2,L292,Credits / Microsoft / Halo 2 for Windows Vista / Engineering
halo-2,L293,Credits / Microsoft / Halo 2 for Windows Vista / Engineering
halo-2,L295,Credits / Microsoft / Halo 2 for Windows Vista / Test Leads
halo-2,L296,Credits / Microsoft / Halo 2 for Windows Vista / Test Leads
halo-2,L297,Credits / Microsoft / Halo 2 for Windows Vista / Test Leads
halo-2,L299,Credits / Microsoft / Halo 2 for Windows Vista / Test
halo-2,L30,Credits / Mission Design Lead
halo-2,L300,Credits / Microsoft / Halo 2 for Windows Vista / Test
halo-2,L301,Credits / Microsoft / Halo 2 for Windows Vista / Test
halo-2,L302,Credits / Microsoft / Halo 2 for Windows Vista / Test
halo-2,L303,Credits / Microsoft / Halo 2 for Windows Vista / Test
halo-2,L304,Credits / Microsoft / Halo 2 for Windows Vista / Test
halo-2,L305,Credits / Microsoft / Halo 2 for Windows Vista / Test
halo-2,L306,Credits / Microsoft / Halo 2 for Windows Vista / Test
halo-2,L307,Credits / Microsoft / Halo 2 for Windows Vista / Test
halo-2,L308,Credits / Microsoft / Halo 2 for Windows Vista / Test
halo-2,L310,Credits / Microsoft / Halo 2 for Windows Vista / Project Management
halo-2,L311,Credits / Microsoft / Halo 2 for Windows Vista / Project Management
halo-2,L313,Credits / Microsoft / Halo 2 for Windows Vista / Art and Design Lead
halo-2,L314,Credits / Microsoft / Halo 2 for Windows Vista / Art and Design Lead
halo-2,L316,Credits / Microsoft / Halo 2 for Windows Vista / Artist
halo-2,L317,Credits / Microsoft / Halo 2 for Windows Vista / Artist
halo-2,L319,Credits / Microsoft / Halo 2 for Windows Vista / Control and UI Design
halo-2,L32,Credits / Game Design Lead
halo-2,L320,Credits / Microsoft / Halo 2 for Windows Vista / Control and UI Design
halo-2,L322,Credits / Microsoft / Halo 2 for Windows Vista / Producer
halo-2,L323,Credits / Microsoft / Halo 2 for Windows Vista / Producer
halo-2,L325,Credits / Microsoft / Halo 2 for Windows Vista / Microsoft Game Studios
halo-2,L326,Credits / Microsoft / Halo 2 for Windows Vista / Microsoft Game Studios
halo-2,L327,Credits / Microsoft / Halo 2 for Windows Vista / Microsoft Game Studios
halo-2,L328,Credits / Microsoft / Halo 2 for Windows Vista / Microsoft Game Studios
halo-2,L329,Credits / Microsoft / Halo 2 for Windows Vista / Microsoft Game Studios
halo-2,L33,Credits / Game Design Lead
halo-2,L330,Credits / Microsoft / Halo 2 for Windows Vista / Microsoft Game Studios
halo-2,L331,Credits / Microsoft / Halo 2 for Windows Vista / Microsoft Game Studios
halo-2,L332,Credits / Microsoft / Halo 2 for Windows Vista / Microsoft Game Studios
halo-2,L333,Credits / Microsoft / Halo 2 for Windows Vista / Microsoft Game Studios
halo-2,L334,Credits / Microsoft / Halo 2 for Windows Vista / Microsoft Game Studios
halo-2,L335,Credits / Microsoft / Halo 2 for Windows Vista / Microsoft Game Studios
halo-2,L336,Credits / Microsoft / Halo 2 for Windows Vista / Microsoft Game Studios
halo-2,L337,Credits / Microsoft / Halo 2 for Windows Vista / Microsoft Game Studios
halo-2,L338,Credits / Microsoft / Halo 2 for Windows Vista / Microsoft Game Studios
halo-2,L339,Credits / Microsoft / Halo 2 for Windows Vista / Microsoft Game Studios
halo-2,L341,Credits / Microsoft / Halo 2 for Windows Vista / Microsoft Legal
halo-2,L342,Credits / Microsoft / Halo 2 for Windows Vista / Microsoft Legal
halo-2,L343,Credits / Microsoft / Halo 2 for Windows Vista / Microsoft Legal
halo-2,L345,Credits / Microsoft / Halo 2 for Windows Vista / Map Editor and New Maps
halo-2,L346,Credits / Microsoft / Halo 2 for Windows Vista / Map Editor and New Maps
halo-2,L347,Credits / Microsoft / Halo 2 for Windows Vista / Map Editor and New Maps
halo-2,L348,Credits / Microsoft / Halo 2 for Windows Vista / Map Editor and New Maps
halo-2,L349,Credits / Microsoft / Halo 2 for Windows Vista / Map Editor and New Maps
halo-2,L35,Credits / Art Director
halo-2,L350,Credits / Microsoft / Halo 2 for Windows Vista / Map Editor and New Maps
halo-2,L351,Credits / Microsoft / Halo 2 for Windows Vista / Map Editor and New Maps
halo-2,L352,Credits / Microsoft / Halo 2 for Windows Vista / Map Editor and New Maps
halo-2,L353,Credits / Microsoft / Halo 2 for Windows Vista / Map Editor and New Maps
halo-2,L354,Credits / Microsoft / Halo 2 for Windows Vista / Map Editor and New Maps
halo-2,L355,Credits / Microsoft / Halo 2 for Windows Vista / Map Editor and New Maps
halo-2,L356,Credits / Microsoft / Halo 2 for Windows Vista / Map Editor and New Maps
halo-2,L357,Credits / Microsoft / Halo 2 for Windows Vista / Map Editor and New Maps
halo-2,L359,Credits / Microsoft / Xbox Platform & Xbox Live
halo-2,L36,Credits / Art Director
halo-2,L360,Credits / Microsoft / Xbox Platform & Xbox Live
halo-2,L361,Credits / Microsoft / Xbox Platform & Xbox Live
halo-2,L362,Credits / Microsoft / Xbox Platform & Xbox Live
halo-2,L363,Credits / Microsoft / Xbox Platform & Xbox Live
halo-2,L364,Credits / Microsoft / Xbox Platform & Xbox Live
halo-2,L365,Credits / Microsoft / Xbox Platform & Xbox Live
halo-2,L366,Credits / Microsoft / Xbox Platform & Xbox Live
halo-2,L367,Credits / Microsoft / Xbox Platform & Xbox Live
halo-2,L368,Credits / Microsoft / Xbox Platform & Xbox Live
halo-2,L369,Credits / Microsoft / Xbox Platform & Xbox Live
halo-2,L370,Credits / Microsoft / Xbox Platform & Xbox Live
halo-2,L371,Credits / Microsoft / Xbox Platform & Xbox Live
halo-2,L372,Credits / Microsoft / Xbox Platform & Xbox Live
halo-2,L373,Credits / Microsoft / Xbox Platform & Xbox Live
halo-2,L374,Credits / Microsoft / Xbox Platform & Xbox Live
halo-2,L375,Credits / Microsoft / Xbox Platform & Xbox Live
halo-2,L376,Credits / Microsoft / Xbox Platform & Xbox Live
halo-2,L377,Credits / Microsoft / Xbox Platform & Xbox Live
halo-2,L378,Credits / Microsoft / Xbox Platform & Xbox Live
halo-2,L38,"Credits / Writer, Director of Cinematics"
halo-2,L380,Credits / Microsoft / Xbox Marketing & PR
halo-2,L381,Credits / Microsoft / Xbox Marketing & PR
halo-2,L382,Credits / Microsoft / Xbox Marketing & PR
halo-2,L383,Credits / Microsoft / Xbox Marketing & PR
halo-2,L384,Credits / Microsoft / Xbox Marketing & PR
halo-2,L385,Credits / Microsoft / Xbox Marketing & PR
halo-2,L386,Credits / Microsoft / Xbox Marketing & PR
halo-2,L387,Credits / Microsoft / Xbox Marketing & PR
halo-2,L389,Credits / Microsoft / User Experience
halo-2,L39,"Credits / Writer, Director of Cinematics"
halo-2,L390,Credits / Microsoft / User Experience
halo-2,L391,Credits / Microsoft / User Experience
halo-2,L392,Credits / Microsoft / User Experience
halo-2,L393,Credits / Microsoft / User Experience
halo-2,L394,Credits / Microsoft / User Experience
halo-2,L395,Credits / Microsoft / User Experience
halo-2,L397,Credits / Microsoft / User Testing
halo-2,L398,Credits / Microsoft / User Testing
halo-2,L399,Credits / Microsoft / User Testing
halo-2,L400,Credits / Microsoft / User Testing
halo-2,L402,Credits / Microsoft / Localization Teams
halo-2,L403,Credits / Microsoft / Localization Teams
halo-2,L404,Credits / Microsoft / Localization Teams
halo-2,L405,Credits / Microsoft / Localization Teams
halo-2,L406,Credits / Microsoft / Localization Teams
halo-2,L407,Credits / Microsoft / Localization Teams
halo-2,L408,Credits / Microsoft / Localization Teams
halo-2,L409,Credits / Microsoft / Localization Teams
halo-2,L41,"Credits / Composer, Audio Director"
halo-2,L410,Credits / Microsoft / Localization Teams
halo-2,L411,Credits / Microsoft / Localization Teams
halo-2,L412,Credits / Microsoft / Localization Teams
halo-2,L413,Credits / Microsoft / Localization Teams
halo-2,L414,Credits / Microsoft / Localization Teams
halo-2,L415,Credits / Microsoft / Localization Teams
halo-2,L416,Credits / Microsoft / Localization Teams
halo-2,L417,Credits / Microsoft / Localization Teams
halo-2,L418,Credits / Microsoft / Localization Teams
halo-2,L419,Credits / Microsoft / Localization Teams
halo-2,L42,"Credits / Composer, Audio Director"
halo-2,L420,Credits / Microsoft / Localization Teams
halo-2,L421,Credits / Microsoft / Localization Teams
halo-2,L422,Credits / Microsoft / Localization Teams
halo-2,L423,Credits / Microsoft / Localization Teams
halo-2,L424,Credits / Microsoft / Localization Teams
halo-2,L425,Credits / Microsoft / Localization Teams
halo-2,L426,Credits / Microsoft / Localization Teams
halo-2,L427,Credits / Microsoft / Localization Teams
halo-2,L429,Credits / Microsoft / Software Development
halo-2,L430,Credits / Microsoft / Software Development
halo-2,L431,Credits / Microsoft / Software Development
halo-2,L432,Credits / Microsoft / Software Development
halo-2,L433,Credits / Microsoft / Software Development
halo-2,L435,Credits / Microsoft / Software Test Engineers
halo-2,L436,Credits / Microsoft / Software Test Engineers
halo-2,L437,Credits / Microsoft / Software Test Engineers
halo-2,L438,Credits / Microsoft / Software Test Engineers
halo-2,L439,Credits / Microsoft / Software Test Engineers
halo-2,L44,Credits / Multiplayer & User-Interface Lead
halo-2,L440,Credits / Microsoft / Software Test Engineers
halo-2,L441,Credits / Microsoft / Software Test Engineers
halo-2,L443,Credits / Microsoft / Contract Test Team
halo-2,L444,Credits / Microsoft / Contract Test Team
halo-2,L445,Credits / Microsoft / Contract Test Team
halo-2,L446,Credits / Microsoft / Contract Test Team
halo-2,L447,Credits / Microsoft / Contract Test Team
halo-2,L448,Credits / Microsoft / Contract Test Team
halo-2,L449,Credits / Microsoft / Contract Test Team
halo-2,L45,Credits / Multiplayer & User-Interface Lead
halo-2,L450,Credits / Microsoft / Contract Test Team
halo-2,L451,Credits / Microsoft / Contract Test Team
halo-2,L452,Credits / Microsoft / Contract Test Team
halo-2,L453,Credits / Microsoft / Contract Test Team
halo-2,L454,Credits / Microsoft / Contract Test Team
halo-2,L455,Credits / Microsoft / Contract Test Team
halo-2,L456,Credits / Microsoft / Contract Test Team
halo-2,L457,Credits / Microsoft / Contract Test Team
halo-2,L458,Credits / Microsoft / Contract Test Team
halo-2,L459,Credits / Microsoft / Contract Test Team
halo-2,L46,Credits / Multiplayer & User-Interface Lead
halo-2,L460,Credits / Microsoft / Contract Test Team
halo-2,L461,Credits / Microsoft / Contract Test Team
halo-2,L462,Credits / Microsoft / Contract Test Team
halo-2,L463,Credits / Microsoft / Contract Test Team
halo-2,L464,Credits / Microsoft / Contract Test Team
halo-2,L465,Credits / Microsoft / Contract Test Team
halo-2,L466,Credits / Microsoft / Contract Test Team
halo-2,L467,Credits / Microsoft / Contract Test Team
halo-2,L468,Credits / Microsoft / Contract Test Team
halo-2,L469,Credits / Microsoft / Contract Test Team
halo-2,L47,Credits / Multiplayer & User-Interface Lead
halo-2,L471,Credits / Microsoft / Additional Microsoft Support
halo-2,L472,Credits / Microsoft / Additional Microsoft Support
halo-2,L473,Credits / Microsoft / Additional Microsoft Support
halo-2,L474,Credits / Microsoft / Additional Microsoft Support
halo-2,L475,Credits / Microsoft / Additional Microsoft Support
halo-2,L476,Credits / Microsoft / Additional Microsoft Support
halo-2,L477,Credits / Microsoft / Additional Microsoft Support
halo-2,L478,Credits / Microsoft / Additional Microsoft Support
halo-2,L479,Credits / Microsoft / Additional Microsoft Support
halo-2,L48,Credits / Multiplayer & User-Interface Lead
halo-2,L482,Credits / Community / Extra Special Thanks to some of our Biggest Community Supporters
halo-2,L483,Credits / Community / Extra Special Thanks to some of our Biggest Community Supporters
halo-2,L484,Credits / Community / Extra Special Thanks to some of our Biggest Community Supporters
halo-2,L485,Credits / Community / Extra Special Thanks to some of our Biggest Community Supporters
halo-2,L486,Credits / Community / Extra Special Thanks to some of our Biggest Community Supporters
halo-2,L487,Credits / Community / Extra Special Thanks to some of our Biggest Community Supporters
halo-2,L488,Credits / Community / Extra Special Thanks to some of our Biggest Community Supporters
halo-2,L489,Credits / Community / Extra Special Thanks to some of our Biggest Community Supporters
halo-2,L49,Credits / Multiplayer & User-Interface Lead
halo-2,L490,Credits / Community / Extra Special Thanks to some of our Biggest Community Supporters
halo-2,L491,Credits / Community / Extra Special Thanks to some of our Biggest Community Supporters
halo-2,L492,Credits / Community / Extra Special Thanks to some of our Biggest Community Supporters
halo-2,L493,Credits / Community / Extra Special Thanks to some of our Biggest Community Supporters
halo-2,L494,Credits / Community / Extra Special Thanks to some of our Biggest Community Supporters
halo-2,L495,Credits / Community / Extra Special Thanks to some of our Biggest Community Supporters
halo-2,L496,Credits / Community / Extra Special Thanks to some of our Biggest Community Supporters
halo-2,L497,Credits / Community / Extra Special Thanks to some of our Biggest Community Supporters
halo-2,L499,Credits / Community / Middleware and Additional Credits
halo-2,L500,Credits / Community / Middleware and Additional Credits
halo-2,L501,Credits / Community / Middleware and Additional Credits
halo-2,L502,Credits / Community / Middleware and Additional Credits
halo-2,L503,Credits / Community / Middleware and Additional Credits
halo-2,L504,Credits / Community / Middleware and Additional Credits
halo-2,L505,Credits / Community / Middleware and Additional Credits
halo-2,L506,Credits / Community / Middleware and Additional Credits
halo-2,L507,Credits / Community / Middleware and Additional Credits
halo-2,L508,Credits / Community / Middleware and Additional Credits
halo-2,L509,Credits / Community / Middleware and Additional Credits
halo-2,L51,Credits / Producers
halo-2,L510,Credits / Community / Middleware and Additional Credits
halo-2,L511,Credits / Community / Middleware and Additional Credits
halo-2,L512,Credits / Community / Middleware and Additional Credits
halo-2,L513,Credits / Community / Middleware and Additional Credits
halo-2,L514,Credits / Community / Middleware and Additional Credits
halo-2,L515,Credits / Community / Middleware and Additional Credits
halo-2,L516,Credits / Community / Middleware and Additional Credits
halo-2,L517,Credits / Community / Middleware and Additional Credits
halo-2,L518,Credits / Community / Middleware and Additional Credits
halo-2,L519,Credits / Community / Middleware and Additional Credits
halo-2,L52,Credits / Producers
halo-2,L520,Credits / Community / Middleware and Additional Credits
halo-2,L521,Credits / Community / Middleware and Additional Credits
halo-2,L522,Credits / Community / Middleware and Additional Credits
halo-2,L523,Credits / Community / Middleware and Additional Credits
halo-2,L524,Credits / Community / Middleware and Additional Credits
halo-2,L525,Credits / Community / Middleware and Additional Credits
halo-2,L526,Credits / Community / Middleware and Additional Credits
halo-2,L527,Credits / Community / Middleware and Additional Credits
halo-2,L528,Credits / Community / Middleware and Additional Credits
halo-2,L529,Credits / Community / Middleware and Additional Credits
halo-2,L53,Credits / Producers
halo-2,L530,Credits / Community / Middleware and Additional Credits
halo-2,L54,Credits / Producers
halo-2,L56,"Credits / Test Manager, Producer Bungie.net"
halo-2,L57,"Credits / Test Manager, Producer Bungie.net"
halo-2,L58,"Credits / Test Manager, Producer Bungie.net"
halo-2,L59,"Credits / Test Manager, Producer Bungie.net"
halo-2,L61,Credits / Engineering
halo-2,L62,Credits / Engineering
halo-2,L63,Credits / Engineering
halo-2,L64,Credits / Engineering
halo-2,L65,Credits / Engineering
halo-2,L66,Credits / Engineering
halo-2,L67,Credits / Engineering
halo-2,L68,Credits / Engineering
halo-2,L69,Credits / Engineering
halo-2,L70,Credits / Engineering
halo-2,L71,Credits / Engineering
halo-2,L72,Credits / Engineering
halo-2,L74,Credits / Engineering / Additional Engineering
halo-2,L75,Credits / Engineering / Additional Engineering
halo-2,L76,Credits / Engineering / Additional Engineering
halo-2,L79,Credits / Design / Mission Designers
halo-2,L80,Credits / Design / Mission Designers
halo-2,L81,Credits / Design / Mission Designers
halo-2,L83,Credits / Design / Additional Mission Design
halo-2,L84,Credits / Design / Additional Mission Design
halo-2,L86,Credits / Design / Cinematic Designer
halo-2,L87,Credits / Design / Cinematic Designer
halo-2,L90,Credits / Art / Lead 3D & Effects Artist
halo-2,L91,Credits / Art / Lead 3D & Effects Artist
halo-2,L93,Credits / Art / 3D Artists
halo-2,L94,Credits / Art / 3D Artists
halo-2,L95,Credits / Art / 3D Artists
halo-2,L96,Credits / Art / 3D Artists
halo-2,L97,Credits / Art / 3D Artists
halo-2,L99,Credits / Art / Additional 3D Art
halo-2,mobygames:tr0,Xbox credits (2004)
halo-2,mobygames:tr1,Bungie
halo-2,mobygames:tr10,Bungie
halo-2,mobygames:tr11,Bungie
halo-2,mobygames:tr12,Bungie
halo-2,mobygames:tr13,Bungie
halo-2,mobygames:tr14,Bungie
halo-2,mobygames:tr15,Bungie
halo-2,mobygames:tr16,Bungie
halo-2,mobygames:tr17,Bungie
halo-2,mobygames:tr18,Bungie
halo-2,mobygames:tr19,Bungie
halo-2,mobygames:tr2,Bungie
halo-2,mobygames:tr20,Bungie
halo-2,mobygames:tr21,Bungie
halo-2,mobygames:tr22,Bungie
halo-2,mobygames:tr23,Bungie
halo-2,mobygames:tr24,Bungie
halo-2,mobygames:tr25,Bungie
halo-2,mobygames:tr26,Bungie
halo-2,mobygames:tr27,Bungie
halo-2,mobygames:tr28,Bungie
halo-2,mobygames:tr29,Bungie
halo-2,mobygames:tr3,Bungie
halo-2,mobygames:tr30,Bungie
halo-2,mobygames:tr31,Bungie
halo-2,mobygames:tr32,Bungie
halo-2,mobygames:tr33,Bungie
halo-2,mobygames:tr34,Bungie
halo-2,mobygames:tr35,Bungie
halo-2,mobygames:tr36,Bungie
halo-2,mobygames:tr37,Bungie
halo-2,mobygames:tr38,Bungie
halo-2,mobygames:tr39,Bungie
halo-2,mobygames:tr4,Bungie
halo-2,mobygames:tr40,Bungie
halo-2,mobygames:tr41,Bungie
halo-2,mobygames:tr42,Bungie
halo-2,mobygames:tr43,Bungie
halo-2,mobygames:tr44,Bungie
halo-2,mobygames:tr45,Microsoft
halo-2,mobygames:tr46,Microsoft
halo-2,mobygames:tr47,Microsoft
halo-2,mobygames:tr48,Microsoft
halo-2,mobygames:tr49,Microsoft
halo-2,mobygames:tr5,Bungie
halo-2,mobygames:tr50,Microsoft
halo-2,mobygames:tr51,Microsoft
halo-2,mobygames:tr52,Microsoft
halo-2,mobygames:tr53,Microsoft
halo-2,mobygames:tr54,Microsoft
halo-2,mobygames:tr6,Bungie
halo-2,mobygames:tr7,Bungie
halo-2,mobygames:tr8,Bungie
halo-2,mobygames:tr9,Bungie
halo-3,L100,Credits / Art
halo-3,L1000,Credits / Test Contractors
halo-3,L1001,Credits / Test Contractors
halo-3,L1002,Credits / Test Contractors
halo-3,L1003,Credits / Test Contractors
halo-3,L1004,Credits / Test Contractors
halo-3,L1005,Credits / Test Contractors
halo-3,L1006,Credits / Test Contractors
halo-3,L1007,Credits / Test Contractors
halo-3,L1008,Credits / Test Contractors
halo-3,L1009,Credits / Test Contractors
halo-3,L101,Credits / Art
halo-3,L1010,Credits / Test Contractors
halo-3,L1011,Credits / Test Contractors
halo-3,L1012,Credits / Test Contractors
halo-3,L1013,Credits / Test Contractors
halo-3,L1014,Credits / Test Contractors
halo-3,L1015,Credits / Test Contractors
halo-3,L1016,Credits / Test Contractors
halo-3,L1017,Credits / Test Contractors
halo-3,L1018,Credits / Test Contractors
halo-3,L1019,Credits / Test Contractors
halo-3,L102,Credits / Art
halo-3,L1020,Credits / Test Contractors
halo-3,L1021,Credits / Test Contractors
halo-3,L1022,Credits / Test Contractors
halo-3,L1023,Credits / Test Contractors
halo-3,L1024,Credits / Test Contractors
halo-3,L1025,Credits / Test Contractors
halo-3,L1026,Credits / Test Contractors
halo-3,L1027,Credits / Test Contractors
halo-3,L1028,Credits / Test Contractors
halo-3,L1029,Credits / Test Contractors
halo-3,L103,Credits / Art
halo-3,L1030,Credits / Test Contractors
halo-3,L1031,Credits / Test Contractors
halo-3,L1032,Credits / Test Contractors
halo-3,L1033,Credits / Test Contractors
halo-3,L1034,Credits / Test Contractors
halo-3,L1035,Credits / Test Contractors
halo-3,L1036,Credits / Test Contractors
halo-3,L1037,Credits / Test Contractors
halo-3,L1038,Credits / Test Contractors
halo-3,L1039,Credits / Test Contractors
halo-3,L104,Credits / Art
halo-3,L1040,Credits / Test Contractors
halo-3,L1041,Credits / Test Contractors
halo-3,L1042,Credits / Test Contractors
halo-3,L1043,Credits / Test Contractors
halo-3,L1044,Credits / Test Contractors
halo-3,L1045,Credits / Test Contractors
halo-3,L1046,Credits / Test Contractors
halo-3,L1047,Credits / Test Contractors
halo-3,L1048,Credits / Test Contractors
halo-3,L1049,Credits / Test Contractors
halo-3,L105,Credits / Art
halo-3,L1050,Credits / Test Contractors
halo-3,L1051,Credits / Test Contractors
halo-3,L1052,Credits / Test Contractors
halo-3,L1053,Credits / Test Contractors
halo-3,L1054,Credits / Test Contractors
halo-3,L1055,Credits / Test Contractors
halo-3,L1056,Credits / Test Contractors
halo-3,L1057,Credits / Test Contractors
halo-3,L1058,Credits / Test Contractors
halo-3,L1059,Credits / Test Contractors
halo-3,L106,Credits / Art
halo-3,L1060,Credits / Test Contractors
halo-3,L1061,Credits / Test Contractors
halo-3,L1062,Credits / Test Contractors
halo-3,L1063,Credits / Test Contractors
halo-3,L1064,Credits / Test Contractors
halo-3,L1065,Credits / Test Contractors
halo-3,L1066,Credits / Test Contractors
halo-3,L1067,Credits / Test Contractors
halo-3,L1068,Credits / Test Contractors
halo-3,L1069,Credits / Test Contractors
halo-3,L107,Credits / Art
halo-3,L1070,Credits / Test Contractors
halo-3,L1071,Credits / Test Contractors
halo-3,L1072,Credits / Test Contractors
halo-3,L1073,Credits / Test Contractors
halo-3,L1074,Credits / Test Contractors
halo-3,L1075,Credits / Test Contractors
halo-3,L1076,Credits / Test Contractors
halo-3,L1077,Credits / Test Contractors
halo-3,L1078,Credits / Test Contractors
halo-3,L1079,Credits / Test Contractors
halo-3,L108,Credits / Art
halo-3,L1080,Credits / Test Contractors
halo-3,L1081,Credits / Test Contractors
halo-3,L1082,Credits / Test Contractors
halo-3,L1083,Credits / Test Contractors
halo-3,L1084,Credits / Test Contractors
halo-3,L1085,Credits / Test Contractors
halo-3,L1086,Credits / Test Contractors
halo-3,L1087,Credits / Test Contractors
halo-3,L1088,Credits / Test Contractors
halo-3,L1089,Credits / Test Contractors
halo-3,L109,Credits / Art
halo-3,L1090,Credits / Test Contractors
halo-3,L1091,Credits / Test Contractors
halo-3,L1092,Credits / Test Contractors
halo-3,L1093,Credits / Test Contractors
halo-3,L1094,Credits / Test Contractors
halo-3,L1095,Credits / Test Contractors
halo-3,L1096,Credits / Test Contractors
halo-3,L1097,Credits / Test Contractors
halo-3,L1098,Credits / Test Contractors
halo-3,L1099,Credits / Test Contractors
halo-3,L110,Credits / Art
halo-3,L1100,Credits / Test Contractors
halo-3,L1101,Credits / Test Contractors
halo-3,L1102,Credits / Test Contractors
halo-3,L1103,Credits / Test Contractors
halo-3,L1104,Credits / Test Contractors
halo-3,L1105,Credits / Test Contractors
halo-3,L1106,Credits / Test Contractors
halo-3,L1107,Credits / Test Contractors
halo-3,L1108,Credits / Test Contractors
halo-3,L1109,Credits / Test Contractors
halo-3,L111,Credits / Art
halo-3,L1110,Credits / Test Contractors
halo-3,L1111,Credits / Test Contractors
halo-3,L1112,Credits / Test Contractors
halo-3,L1113,Credits / Test Contractors
halo-3,L1114,Credits / Test Contractors
halo-3,L1115,Credits / Test Contractors
halo-3,L1116,Credits / Test Contractors
halo-3,L1117,Credits / Test Contractors
halo-3,L1118,Credits / Test Contractors
halo-3,L1119,Credits / Test Contractors
halo-3,L112,Credits / Art
halo-3,L1120,Credits / Test Contractors
halo-3,L1121,Credits / Test Contractors
halo-3,L1122,Credits / Test Contractors
halo-3,L1123,Credits / Test Contractors
halo-3,L1124,Credits / Test Contractors
halo-3,L1125,Credits / Test Contractors
halo-3,L1126,Credits / Test Contractors
halo-3,L1127,Credits / Test Contractors
halo-3,L1128,Credits / Test Contractors
halo-3,L1129,Credits / Test Contractors
halo-3,L113,Credits / Art
halo-3,L1130,Credits / Test Contractors
halo-3,L1131,Credits / Test Contractors
halo-3,L1132,Credits / Test Contractors
halo-3,L1133,Credits / Test Contractors
halo-3,L1134,Credits / Test Contractors
halo-3,L1135,Credits / Test Contractors
halo-3,L1136,Credits / Test Contractors
halo-3,L1137,Credits / Test Contractors
halo-3,L1138,Credits / Test Contractors
halo-3,L1139,Credits / Test Contractors
halo-3,L114,Credits / Art
halo-3,L1140,Credits / Test Contractors
halo-3,L1141,Credits / Test Contractors
halo-3,L1142,Credits / Test Contractors
halo-3,L1143,Credits / Test Contractors
halo-3,L1144,Credits / Test Contractors
halo-3,L1145,Credits / Test Contractors
halo-3,L1146,Credits / Test Contractors
halo-3,L1147,Credits / Test Contractors
halo-3,L1148,Credits / Test Contractors
halo-3,L1149,Credits / Test Contractors
halo-3,L115,Credits / Art
halo-3,L1150,Credits / Test Contractors
halo-3,L1151,Credits / Test Contractors
halo-3,L1152,Credits / Test Contractors
halo-3,L1153,Credits / Test Contractors
halo-3,L1154,Credits / Test Contractors
halo-3,L1155,Credits / Test Contractors
halo-3,L1156,Credits / Test Contractors
halo-3,L1157,Credits / Test Contractors
halo-3,L1158,Credits / Test Contractors
halo-3,L1159,Credits / Test Contractors
halo-3,L116,Credits / Art
halo-3,L1160,Credits / Test Contractors
halo-3,L1161,Credits / Test Contractors
halo-3,L1162,Credits / Test Contractors
halo-3,L1163,Credits / Test Contractors
halo-3,L1164,Credits / Test Contractors
halo-3,L1165,Credits / Test Contractors
halo-3,L1166,Credits / Test Contractors
halo-3,L1167,Credits / Test Contractors
halo-3,L1168,Credits / Test Contractors
halo-3,L1169,Credits / Test Contractors
halo-3,L117,Credits / Art
halo-3,L1170,Credits / Test Contractors
halo-3,L1171,Credits / Test Contractors
halo-3,L1172,Credits / Test Contractors
halo-3,L1173,Credits / Test Contractors
halo-3,L1174,Credits / Test Contractors
halo-3,L1175,Credits / Test Contractors
halo-3,L1176,Credits / Test Contractors
halo-3,L1177,Credits / Test Contractors
halo-3,L1178,Credits / Test Contractors
halo-3,L1179,Credits / Test Contractors
halo-3,L118,Credits / Art
halo-3,L1180,Credits / Test Contractors
halo-3,L1181,Credits / Test Contractors
halo-3,L1182,Credits / Test Contractors
halo-3,L1183,Credits / Test Contractors
halo-3,L1184,Credits / Test Contractors
halo-3,L1185,Credits / Test Contractors
halo-3,L1186,Credits / Test Contractors
halo-3,L1188,Credits / Community
halo-3,L1189,Credits / Community
halo-3,L119,Credits / Art
halo-3,L1190,Credits / Community
halo-3,L1191,Credits / Community
halo-3,L1192,Credits / Community
halo-3,L1193,Credits / Community
halo-3,L1194,Credits / Community
halo-3,L1195,Credits / Community
halo-3,L1196,Credits / Community
halo-3,L1197,Credits / Community
halo-3,L1198,Credits / Community
halo-3,L1199,Credits / Community
halo-3,L120,Credits / Art
halo-3,L1200,Credits / Community
halo-3,L1201,Credits / Community
halo-3,L1202,Credits / Community
halo-3,L1203,Credits / Community
halo-3,L1204,Credits / Community
halo-3,L1205,Credits / Community
halo-3,L1206,Credits / Community
halo-3,L1207,Credits / Community
halo-3,L1208,Credits / Community
halo-3,L1209,Credits / Community
halo-3,L121,Credits / Art
halo-3,L1210,Credits / Community
halo-3,L1211,Credits / Community
halo-3,L1212,Credits / Community
halo-3,L1213,Credits / Community
halo-3,L1215,Credits / Notices
halo-3,L1217,Credits / Notices / Bink Video
halo-3,L1218,Credits / Notices / Bink Video
halo-3,L122,Credits / Art
halo-3,L1220,Credits / Notices / Havok
halo-3,L1221,Credits / Notices / Havok
halo-3,L1223,Credits / Notices / OC3 Entertainment
halo-3,L1224,Credits / Notices / OC3 Entertainment
halo-3,L1226,Credits / Notices / WAVES
halo-3,L1227,Credits / Notices / WAVES
halo-3,L1228,Credits / Notices / WAVES
halo-3,L1229,Credits / Notices / WAVES
halo-3,L123,Credits / Art
halo-3,L1231,Credits / And Last But Not Least....
halo-3,L1232,Credits / And Last But Not Least....
halo-3,L1234,Trivia
halo-3,L1235,Trivia
halo-3,L1236,Trivia
halo-3,L1237,Trivia
halo-3,L1238,Trivia
halo-3,L124,Credits / Art
halo-3,L125,Credits / Art
halo-3,L126,Credits / Art
halo-3,L127,Credits / Art
halo-3,L129,Credits / Audio
halo-3,L130,Credits / Audio
halo-3,L131,Credits / Audio
halo-3,L132,Credits / Audio
halo-3,L133,Credits / Audio
halo-3,L134,Credits / Audio
halo-3,L135,Credits / Audio
halo-3,L136,Credits / Audio
halo-3,L137,Credits / Audio
halo-3,L138,Credits / Audio
halo-3,L139,Credits / Audio
halo-3,L140,Credits / Audio
halo-3,L142,Credits / Cinematics
halo-3,L143,Credits / Cinematics
halo-3,L144,Credits / Cinematics
halo-3,L145,Credits / Cinematics
halo-3,L146,Credits / Cinematics
halo-3,L147,Credits / Cinematics
halo-3,L148,Credits / Cinematics
halo-3,L149,Credits / Cinematics
halo-3,L15,Outro
halo-3,L150,Credits / Cinematics
halo-3,L151,Credits / Cinematics
halo-3,L153,Credits / Design
halo-3,L154,Credits / Design
halo-3,L155,Credits / Design
halo-3,L156,Credits / Design
halo-3,L157,Credits / Design
halo-3,L158,Credits / Design
halo-3,L159,Credits / Design
halo-3,L16,Outro
halo-3,L160,Credits / Design
halo-3,L161,Credits / Design
halo-3,L162,Credits / Design
halo-3,L163,Credits / Design
halo-3,L164,Credits / Design
halo-3,L165,Credits / Design
halo-3,L166,Credits / Design
halo-3,L167,Credits / Design
halo-3,L168,Credits / Design
halo-3,L169,Credits / Design
halo-3,L17,Outro
halo-3,L170,Credits / Design
halo-3,L171,Credits / Design
halo-3,L172,Credits / Design
halo-3,L173,Credits / Design
halo-3,L174,Credits / Design
halo-3,L175,Credits / Design
halo-3,L176,Credits / Design
halo-3,L177,Credits / Design
halo-3,L178,Credits / Design
halo-3,L179,Credits / Design
halo-3,L18,Outro
halo-3,L180,Credits / Design
halo-3,L181,Credits / Design
halo-3,L182,Credits / Design
halo-3,L184,Credits / Engineering
halo-3,L185,Credits / Engineering
halo-3,L186,Credits / Engineering
halo-3,L187,Credits / Engineering
halo-3,L188,Credits / Engineering
halo-3,L189,Credits / Engineering
halo-3,L190,Credits / Engineering
halo-3,L191,Credits / Engineering
halo-3,L192,Credits / Engineering
halo-3,L193,Credits / Engineering
halo-3,L194,Credits / Engineering
halo-3,L195,Credits / Engineering
halo-3,L196,Credits / Engineering
halo-3,L197,Credits / Engineering
halo-3,L198,Credits / Engineering
halo-3,L199,Credits / Engineering
halo-3,L20,Credits
halo-3,L200,Credits / Engineering
halo-3,L201,Credits / Engineering
halo-3,L202,Credits / Engineering
halo-3,L203,Credits / Engineering
halo-3,L204,Credits / Engineering
halo-3,L205,Credits / Engineering
halo-3,L206,Credits / Engineering
halo-3,L207,Credits / Engineering
halo-3,L208,Credits / Engineering
halo-3,L209,Credits / Engineering
halo-3,L21,Credits
halo-3,L210,Credits / Engineering
halo-3,L211,Credits / Engineering
halo-3,L212,Credits / Engineering
halo-3,L213,Credits / Engineering
halo-3,L214,Credits / Engineering
halo-3,L215,Credits / Engineering
halo-3,L216,Credits / Engineering
halo-3,L217,Credits / Engineering
halo-3,L218,Credits / Engineering
halo-3,L219,Credits / Engineering
halo-3,L220,Credits / Engineering
halo-3,L221,Credits / Engineering
halo-3,L222,Credits / Engineering
halo-3,L223,Credits / Engineering
halo-3,L224,Credits / Engineering
halo-3,L225,Credits / Engineering
halo-3,L226,Credits / Engineering
halo-3,L227,Credits / Engineering
halo-3,L228,Credits / Engineering
halo-3,L229,Credits / Engineering
halo-3,L23,Credits / General Management
halo-3,L230,Credits / Engineering
halo-3,L231,Credits / Engineering
halo-3,L232,Credits / Engineering
halo-3,L233,Credits / Engineering
halo-3,L235,Credits / Production Engineering
halo-3,L236,Credits / Production Engineering
halo-3,L237,Credits / Production Engineering
halo-3,L238,Credits / Production Engineering
halo-3,L239,Credits / Production Engineering
halo-3,L24,Credits / General Management
halo-3,L240,Credits / Production Engineering
halo-3,L241,Credits / Production Engineering
halo-3,L242,Credits / Production Engineering
halo-3,L243,Credits / Production Engineering
halo-3,L244,Credits / Production Engineering
halo-3,L245,Credits / Production Engineering
halo-3,L246,Credits / Production Engineering
halo-3,L247,Credits / Production Engineering
halo-3,L248,Credits / Production Engineering
halo-3,L249,Credits / Production Engineering
halo-3,L25,Credits / General Management
halo-3,L250,Credits / Production Engineering
halo-3,L251,Credits / Production Engineering
halo-3,L252,Credits / Production Engineering
halo-3,L253,Credits / Production Engineering
halo-3,L254,Credits / Production Engineering
halo-3,L255,Credits / Production Engineering
halo-3,L256,Credits / Production Engineering
halo-3,L257,Credits / Production Engineering
halo-3,L258,Credits / Production Engineering
halo-3,L259,Credits / Production Engineering
halo-3,L26,Credits / General Management
halo-3,L260,Credits / Production Engineering
halo-3,L262,Credits / Graphic Design and User Interface
halo-3,L263,Credits / Graphic Design and User Interface
halo-3,L264,Credits / Graphic Design and User Interface
halo-3,L265,Credits / Graphic Design and User Interface
halo-3,L266,Credits / Graphic Design and User Interface
halo-3,L267,Credits / Graphic Design and User Interface
halo-3,L268,Credits / Graphic Design and User Interface
halo-3,L269,Credits / Graphic Design and User Interface
halo-3,L270,Credits / Graphic Design and User Interface
halo-3,L271,Credits / Graphic Design and User Interface
halo-3,L272,Credits / Graphic Design and User Interface
halo-3,L273,Credits / Graphic Design and User Interface
halo-3,L274,Credits / Graphic Design and User Interface
halo-3,L275,Credits / Graphic Design and User Interface
halo-3,L277,Credits / Production
halo-3,L278,Credits / Production
halo-3,L279,Credits / Production
halo-3,L28,Credits / Art
halo-3,L280,Credits / Production
halo-3,L281,Credits / Production
halo-3,L282,Credits / Production
halo-3,L283,Credits / Production
halo-3,L284,Credits / Production
halo-3,L285,Credits / Production
halo-3,L286,Credits / Production
halo-3,L287,Credits / Production
halo-3,L288,Credits / Production
halo-3,L289,Credits / Production
halo-3,L29,Credits / Art
halo-3,L290,Credits / Production
halo-3,L291,Credits / Production
halo-3,L292,Credits / Production
halo-3,L293,Credits / Production
halo-3,L294,Credits / Production
halo-3,L295,Credits / Production
halo-3,L296,Credits / Production
halo-3,L297,Credits / Production
halo-3,L298,Credits / Production
halo-3,L299,Credits / Production
halo-3,L30,Credits / Art
halo-3,L300,Credits / Production
halo-3,L302,Credits / Test
halo-3,L303,Credits / Test
halo-3,L304,Credits / Test
halo-3,L305,Credits / Test
halo-3,L306,Credits / Test
halo-3,L307,Credits / Test
halo-3,L308,Credits / Test
halo-3,L309,Credits / Test
halo-3,L31,Credits / Art
halo-3,L310,Credits / Test
halo-3,L311,Credits / Test
halo-3,L312,Credits / Test
halo-3,L313,Credits / Test
halo-3,L315,Credits / Writing
halo-3,L316,Credits / Writing
halo-3,L317,Credits / Writing
halo-3,L318,Credits / Writing
halo-3,L319,Credits / Writing
halo-3,L32,Credits / Art
halo-3,L320,Credits / Writing
halo-3,L321,Credits / Writing
halo-3,L322,Credits / Writing
halo-3,L323,Credits / Writing
halo-3,L324,Credits / Writing
halo-3,L325,Credits / Writing
halo-3,L326,Credits / Writing
halo-3,L327,Credits / Writing
halo-3,L328,Credits / Writing
halo-3,L33,Credits / Art
halo-3,L330,Credits / Bungie.net Team
halo-3,L331,Credits / Bungie.net Team
halo-3,L332,Credits / Bungie.net Team
halo-3,L333,Credits / Bungie.net Team
halo-3,L334,Credits / Bungie.net Team
halo-3,L335,Credits / Bungie.net Team
halo-3,L336,Credits / Bungie.net Team
halo-3,L337,Credits / Bungie.net Team
halo-3,L338,Credits / Bungie.net Team
halo-3,L339,Credits / Bungie.net Team
halo-3,L34,Credits / Art
halo-3,L340,Credits / Bungie.net Team
halo-3,L341,Credits / Bungie.net Team
halo-3,L342,Credits / Bungie.net Team
halo-3,L343,Credits / Bungie.net Team
halo-3,L344,Credits / Bungie.net Team
halo-3,L345,Credits / Bungie.net Team
halo-3,L347,Credits / Bungie Backbone
halo-3,L348,Credits / Bungie Backbone
halo-3,L349,Credits / Bungie Backbone
halo-3,L35,Credits / Art
halo-3,L350,Credits / Bungie Backbone
halo-3,L351,Credits / Bungie Backbone
halo-3,L352,Credits / Bungie Backbone
halo-3,L353,Credits / Bungie Backbone
halo-3,L354,Credits / Bungie Backbone
halo-3,L355,Credits / Bungie Backbone
halo-3,L356,Credits / Bungie Backbone
halo-3,L357,Credits / Bungie Backbone
halo-3,L358,Credits / Bungie Backbone
halo-3,L359,Credits / Bungie Backbone
halo-3,L36,Credits / Art
halo-3,L360,Credits / Bungie Backbone
halo-3,L361,Credits / Bungie Backbone
halo-3,L362,Credits / Bungie Backbone
halo-3,L363,Credits / Bungie Backbone
halo-3,L364,Credits / Bungie Backbone
halo-3,L365,Credits / Bungie Backbone
halo-3,L366,Credits / Bungie Backbone
halo-3,L367,Credits / Bungie Backbone
halo-3,L368,Credits / Bungie Backbone
halo-3,L369,Credits / Bungie Backbone
halo-3,L37,Credits / Art
halo-3,L370,Credits / Bungie Backbone
halo-3,L372,Credits / Additional Support
halo-3,L373,Credits / Additional Support
halo-3,L374,Credits / Additional Support
halo-3,L375,Credits / Additional Support
halo-3,L376,Credits / Additional Support
halo-3,L377,Credits / Additional Support
halo-3,L378,Credits / Additional Support
halo-3,L379,Credits / Additional Support
halo-3,L38,Credits / Art
halo-3,L380,Credits / Additional Support
halo-3,L381,Credits / Additional Support
halo-3,L382,Credits / Additional Support
halo-3,L383,Credits / Additional Support
halo-3,L384,Credits / Additional Support
halo-3,L385,Credits / Additional Support
halo-3,L386,Credits / Additional Support
halo-3,L387,Credits / Additional Support
halo-3,L389,Credits / Special Thanks
halo-3,L39,Credits / Art
halo-3,L390,Credits / Special Thanks
halo-3,L391,Credits / Special Thanks
halo-3,L392,Credits / Special Thanks
halo-3,L393,Credits / Special Thanks
halo-3,L394,Credits / Special Thanks
halo-3,L395,Credits / Special Thanks
halo-3,L396,Credits / Special Thanks
halo-3,L397,Credits / Special Thanks
halo-3,L398,Credits / Special Thanks
halo-3,L399,Credits / Special Thanks
halo-3,L40,Credits / Art
halo-3,L400,Credits / Special Thanks
halo-3,L401,Credits / Special Thanks
halo-3,L402,Credits / Special Thanks
halo-3,L403,Credits / Special Thanks
halo-3,L404,Credits / Special Thanks
halo-3,L405,Credits / Special Thanks
halo-3,L406,Credits / Special Thanks
halo-3,L407,Credits / Special Thanks
halo-3,L408,Credits / Special Thanks
halo-3,L409,Credits / Special Thanks
halo-3,L41,Credits / Art
halo-3,L410,Credits / Special Thanks
halo-3,L411,Credits / Special Thanks
halo-3,L412,Credits / Special Thanks
halo-3,L413,Credits / Special Thanks
halo-3,L414,Credits / Special Thanks
halo-3,L415,Credits / Special Thanks
halo-3,L416,Credits / Special Thanks
halo-3,L417,Credits / Special Thanks
halo-3,L418,Credits / Special Thanks
halo-3,L419,Credits / Special Thanks
halo-3,L42,Credits / Art
halo-3,L420,Credits / Special Thanks
halo-3,L421,Credits / Special Thanks
halo-3,L422,Credits / Special Thanks
halo-3,L423,Credits / Special Thanks
halo-3,L424,Credits / Special Thanks
halo-3,L425,Credits / Special Thanks
halo-3,L426,Credits / Special Thanks
halo-3,L427,Credits / Special Thanks
halo-3,L428,Credits / Special Thanks
halo-3,L429,Credits / Special Thanks
halo-3,L43,Credits / Art
halo-3,L430,Credits / Special Thanks
halo-3,L432,Credits / Voice Actors
halo-3,L434,Credits / Voice Actors / Cinematic Cast
halo-3,L435,Credits / Voice Actors / Cinematic Cast
halo-3,L436,Credits / Voice Actors / Cinematic Cast
halo-3,L437,Credits / Voice Actors / Cinematic Cast
halo-3,L438,Credits / Voice Actors / Cinematic Cast
halo-3,L439,Credits / Voice Actors / Cinematic Cast
halo-3,L44,Credits / Art
halo-3,L440,Credits / Voice Actors / Cinematic Cast
halo-3,L441,Credits / Voice Actors / Cinematic Cast
halo-3,L442,Credits / Voice Actors / Cinematic Cast
halo-3,L443,Credits / Voice Actors / Cinematic Cast
halo-3,L444,Credits / Voice Actors / Cinematic Cast
halo-3,L445,Credits / Voice Actors / Cinematic Cast
halo-3,L446,Credits / Voice Actors / Cinematic Cast
halo-3,L447,Credits / Voice Actors / Cinematic Cast
halo-3,L448,Credits / Voice Actors / Cinematic Cast
halo-3,L449,Credits / Voice Actors / Cinematic Cast
halo-3,L45,Credits / Art
halo-3,L450,Credits / Voice Actors / Cinematic Cast
halo-3,L451,Credits / Voice Actors / Cinematic Cast
halo-3,L452,Credits / Voice Actors / Cinematic Cast
halo-3,L453,Credits / Voice Actors / Cinematic Cast
halo-3,L454,Credits / Voice Actors / Cinematic Cast
halo-3,L455,Credits / Voice Actors / Cinematic Cast
halo-3,L456,Credits / Voice Actors / Cinematic Cast
halo-3,L457,Credits / Voice Actors / Cinematic Cast
halo-3,L458,Credits / Voice Actors / Cinematic Cast
halo-3,L459,Credits / Voice Actors / Cinematic Cast
halo-3,L46,Credits / Art
halo-3,L460,Credits / Voice Actors / Cinematic Cast
halo-3,L461,Credits / Voice Actors / Cinematic Cast
halo-3,L462,Credits / Voice Actors / Cinematic Cast
halo-3,L463,Credits / Voice Actors / Cinematic Cast
halo-3,L464,Credits / Voice Actors / Cinematic Cast
halo-3,L465,Credits / Voice Actors / Cinematic Cast
halo-3,L466,Credits / Voice Actors / Cinematic Cast
halo-3,L467,Credits / Voice Actors / Cinematic Cast
halo-3,L468,Credits / Voice Actors / Cinematic Cast
halo-3,L469,Credits / Voice Actors / Cinematic Cast
halo-3,L47,Credits / Art
halo-3,L470,Credits / Voice Actors / Cinematic Cast
halo-3,L471,Credits / Voice Actors / Cinematic Cast
halo-3,L472,Credits / Voice Actors / Cinematic Cast
halo-3,L473,Credits / Voice Actors / Cinematic Cast
halo-3,L475,Credits / Voice Actors / Artificial Intelligence Cast
halo-3,L476,Credits / Voice Actors / Artificial Intelligence Cast
halo-3,L477,Credits / Voice Actors / Artificial Intelligence Cast
halo-3,L478,Credits / Voice Actors / Artificial Intelligence Cast
halo-3,L479,Credits / Voice Actors / Artificial Intelligence Cast
halo-3,L48,Credits / Art
halo-3,L480,Credits / Voice Actors / Artificial Intelligence Cast
halo-3,L481,Credits / Voice Actors / Artificial Intelligence Cast
halo-3,L482,Credits / Voice Actors / Artificial Intelligence Cast
halo-3,L483,Credits / Voice Actors / Artificial Intelligence Cast
halo-3,L484,Credits / Voice Actors / Artificial Intelligence Cast
halo-3,L485,Credits / Voice Actors / Artificial Intelligence Cast
halo-3,L486,Credits / Voice Actors / Artificial Intelligence Cast
halo-3,L487,Credits / Voice Actors / Artificial Intelligence Cast
halo-3,L488,Credits / Voice Actors / Artificial Intelligence Cast
halo-3,L489,Credits / Voice Actors / Artificial Intelligence Cast
halo-3,L49,Credits / Art
halo-3,L490,Credits / Voice Actors / Artificial Intelligence Cast
halo-3,L491,Credits / Voice Actors / Artificial Intelligence Cast
halo-3,L492,Credits / Voice Actors / Artificial Intelligence Cast
halo-3,L493,Credits / Voice Actors / Artificial Intelligence Cast
halo-3,L494,Credits / Voice Actors / Artificial Intelligence Cast
halo-3,L495,Credits / Voice Actors / Artificial Intelligence Cast
halo-3,L496,Credits / Voice Actors / Artificial Intelligence Cast
halo-3,L497,Credits / Voice Actors / Artificial Intelligence Cast
halo-3,L498,Credits / Voice Actors / Artificial Intelligence Cast
halo-3,L499,Credits / Voice Actors / Artificial Intelligence Cast
halo-3,L50,Credits / Art
halo-3,L500,Credits / Voice Actors / Artificial Intelligence Cast
halo-3,L501,Credits / Voice Actors / Artificial Intelligence Cast
halo-3,L502,Credits / Voice Actors / Artificial Intelligence Cast
halo-3,L503,Credits / Voice Actors / Artificial Intelligence Cast
halo-3,L504,Credits / Voice Actors / Artificial Intelligence Cast
halo-3,L505,Credits / Voice Actors / Artificial Intelligence Cast
halo-3,L506,Credits / Voice Actors / Artificial Intelligence Cast
halo-3,L507,Credits / Voice Actors / Artificial Intelligence Cast
halo-3,L508,Credits / Voice Actors / Artificial Intelligence Cast
halo-3,L509,Credits / Voice Actors / Artificial Intelligence Cast
halo-3,L51,Credits / Art
halo-3,L510,Credits / Voice Actors / Artificial Intelligence Cast
halo-3,L511,Credits / Voice Actors / Artificial Intelligence Cast
halo-3,L512,Credits / Voice Actors / Artificial Intelligence Cast
halo-3,L513,Credits / Voice Actors / Artificial Intelligence Cast
halo-3,L514,Credits / Voice Actors / Artificial Intelligence Cast
halo-3,L515,Credits / Voice Actors / Artificial Intelligence Cast
halo-3,L516,Credits / Voice Actors / Artificial Intelligence Cast
halo-3,L517,Credits / Voice Actors / Artificial Intelligence Cast
halo-3,L518,Credits / Voice Actors / Artificial Intelligence Cast
halo-3,L519,Credits / Voice Actors / Artificial Intelligence Cast
halo-3,L52,Credits / Art
halo-3,L520,Credits / Voice Actors / Artificial Intelligence Cast
halo-3,L521,Credits / Voice Actors / Artificial Intelligence Cast
halo-3,L522,Credits / Voice Actors / Artificial Intelligence Cast
halo-3,L523,Credits / Voice Actors / Artificial Intelligence Cast
halo-3,L524,Credits / Voice Actors / Artificial Intelligence Cast
halo-3,L525,Credits / Voice Actors / Artificial Intelligence Cast
halo-3,L526,Credits / Voice Actors / Artificial Intelligence Cast
halo-3,L527,Credits / Voice Actors / Artificial Intelligence Cast
halo-3,L528,Credits / Voice Actors / Artificial Intelligence Cast
halo-3,L529,Credits / Voice Actors / Artificial Intelligence Cast
halo-3,L53,Credits / Art
halo-3,L530,Credits / Voice Actors / Artificial Intelligence Cast
halo-3,L531,Credits / Voice Actors / Artificial Intelligence Cast
halo-3,L532,Credits / Voice Actors / Artificial Intelligence Cast
halo-3,L533,Credits / Voice Actors / Artificial Intelligence Cast
halo-3,L534,Credits / Voice Actors / Artificial Intelligence Cast
halo-3,L535,Credits / Voice Actors / Artificial Intelligence Cast
halo-3,L536,Credits / Voice Actors / Artificial Intelligence Cast
halo-3,L537,Credits / Voice Actors / Artificial Intelligence Cast
halo-3,L538,Credits / Voice Actors / Artificial Intelligence Cast
halo-3,L539,Credits / Voice Actors / Artificial Intelligence Cast
halo-3,L54,Credits / Art
halo-3,L540,Credits / Voice Actors / Artificial Intelligence Cast
halo-3,L541,Credits / Voice Actors / Artificial Intelligence Cast
halo-3,L542,Credits / Voice Actors / Artificial Intelligence Cast
halo-3,L543,Credits / Voice Actors / Artificial Intelligence Cast
halo-3,L544,Credits / Voice Actors / Artificial Intelligence Cast
halo-3,L545,Credits / Voice Actors / Artificial Intelligence Cast
halo-3,L546,Credits / Voice Actors / Artificial Intelligence Cast
halo-3,L547,Credits / Voice Actors / Artificial Intelligence Cast
halo-3,L548,Credits / Voice Actors / Artificial Intelligence Cast
halo-3,L549,Credits / Voice Actors / Artificial Intelligence Cast
halo-3,L55,Credits / Art
halo-3,L550,Credits / Voice Actors / Artificial Intelligence Cast
halo-3,L551,Credits / Voice Actors / Artificial Intelligence Cast
halo-3,L552,Credits / Voice Actors / Artificial Intelligence Cast
halo-3,L553,Credits / Voice Actors / Artificial Intelligence Cast
halo-3,L554,Credits / Voice Actors / Artificial Intelligence Cast
halo-3,L555,Credits / Voice Actors / Artificial Intelligence Cast
halo-3,L556,Credits / Voice Actors / Artificial Intelligence Cast
halo-3,L557,Credits / Voice Actors / Artificial Intelligence Cast
halo-3,L558,Credits / Voice Actors / Artificial Intelligence Cast
halo-3,L559,Credits / Voice Actors / Artificial Intelligence Cast
halo-3,L56,Credits / Art
halo-3,L560,Credits / Voice Actors / Artificial Intelligence Cast
halo-3,L561,Credits / Voice Actors / Artificial Intelligence Cast
halo-3,L562,Credits / Voice Actors / Artificial Intelligence Cast
halo-3,L563,Credits / Voice Actors / Artificial Intelligence Cast
halo-3,L564,Credits / Voice Actors / Artificial Intelligence Cast
halo-3,L565,Credits / Voice Actors / Artificial Intelligence Cast
halo-3,L566,Credits / Voice Actors / Artificial Intelligence Cast
halo-3,L567,Credits / Voice Actors / Artificial Intelligence Cast
halo-3,L568,Credits / Voice Actors / Artificial Intelligence Cast
halo-3,L569,Credits / Voice Actors / Artificial Intelligence Cast
halo-3,L57,Credits / Art
halo-3,L570,Credits / Voice Actors / Artificial Intelligence Cast
halo-3,L571,Credits / Voice Actors / Artificial Intelligence Cast
halo-3,L572,Credits / Voice Actors / Artificial Intelligence Cast
halo-3,L573,Credits / Voice Actors / Artificial Intelligence Cast
halo-3,L574,Credits / Voice Actors / Artificial Intelligence Cast
halo-3,L576,Credits / Cinematic Animation Partners
halo-3,L577,Credits / Cinematic Animation Partners
halo-3,L578,Credits / Cinematic Animation Partners
halo-3,L579,Credits / Cinematic Animation Partners
halo-3,L58,Credits / Art
halo-3,L580,Credits / Cinematic Animation Partners
halo-3,L581,Credits / Cinematic Animation Partners
halo-3,L582,Credits / Cinematic Animation Partners
halo-3,L583,Credits / Cinematic Animation Partners
halo-3,L584,Credits / Cinematic Animation Partners
halo-3,L585,Credits / Cinematic Animation Partners
halo-3,L586,Credits / Cinematic Animation Partners
halo-3,L587,Credits / Cinematic Animation Partners
halo-3,L588,Credits / Cinematic Animation Partners
halo-3,L589,Credits / Cinematic Animation Partners
halo-3,L59,Credits / Art
halo-3,L590,Credits / Cinematic Animation Partners
halo-3,L591,Credits / Cinematic Animation Partners
halo-3,L592,Credits / Cinematic Animation Partners
halo-3,L593,Credits / Cinematic Animation Partners
halo-3,L594,Credits / Cinematic Animation Partners
halo-3,L595,Credits / Cinematic Animation Partners
halo-3,L596,Credits / Cinematic Animation Partners
halo-3,L597,Credits / Cinematic Animation Partners
halo-3,L598,Credits / Cinematic Animation Partners
halo-3,L599,Credits / Cinematic Animation Partners
halo-3,L60,Credits / Art
halo-3,L600,Credits / Cinematic Animation Partners
halo-3,L601,Credits / Cinematic Animation Partners
halo-3,L602,Credits / Cinematic Animation Partners
halo-3,L603,Credits / Cinematic Animation Partners
halo-3,L604,Credits / Cinematic Animation Partners
halo-3,L605,Credits / Cinematic Animation Partners
halo-3,L606,Credits / Cinematic Animation Partners
halo-3,L607,Credits / Cinematic Animation Partners
halo-3,L608,Credits / Cinematic Animation Partners
halo-3,L609,Credits / Cinematic Animation Partners
halo-3,L61,Credits / Art
halo-3,L610,Credits / Cinematic Animation Partners
halo-3,L611,Credits / Cinematic Animation Partners
halo-3,L612,Credits / Cinematic Animation Partners
halo-3,L613,Credits / Cinematic Animation Partners
halo-3,L614,Credits / Cinematic Animation Partners
halo-3,L615,Credits / Cinematic Animation Partners
halo-3,L616,Credits / Cinematic Animation Partners
halo-3,L617,Credits / Cinematic Animation Partners
halo-3,L618,Credits / Cinematic Animation Partners
halo-3,L619,Credits / Cinematic Animation Partners
halo-3,L62,Credits / Art
halo-3,L620,Credits / Cinematic Animation Partners
halo-3,L621,Credits / Cinematic Animation Partners
halo-3,L622,Credits / Cinematic Animation Partners
halo-3,L623,Credits / Cinematic Animation Partners
halo-3,L624,Credits / Cinematic Animation Partners
halo-3,L625,Credits / Cinematic Animation Partners
halo-3,L626,Credits / Cinematic Animation Partners
halo-3,L627,Credits / Cinematic Animation Partners
halo-3,L628,Credits / Cinematic Animation Partners
halo-3,L629,Credits / Cinematic Animation Partners
halo-3,L63,Credits / Art
halo-3,L630,Credits / Cinematic Animation Partners
halo-3,L631,Credits / Cinematic Animation Partners
halo-3,L632,Credits / Cinematic Animation Partners
halo-3,L633,Credits / Cinematic Animation Partners
halo-3,L634,Credits / Cinematic Animation Partners
halo-3,L635,Credits / Cinematic Animation Partners
halo-3,L636,Credits / Cinematic Animation Partners
halo-3,L637,Credits / Cinematic Animation Partners
halo-3,L638,Credits / Cinematic Animation Partners
halo-3,L639,Credits / Cinematic Animation Partners
halo-3,L64,Credits / Art
halo-3,L640,Credits / Cinematic Animation Partners
halo-3,L641,Credits / Cinematic Animation Partners
halo-3,L642,Credits / Cinematic Animation Partners
halo-3,L643,Credits / Cinematic Animation Partners
halo-3,L644,Credits / Cinematic Animation Partners
halo-3,L645,Credits / Cinematic Animation Partners
halo-3,L646,Credits / Cinematic Animation Partners
halo-3,L647,Credits / Cinematic Animation Partners
halo-3,L648,Credits / Cinematic Animation Partners
halo-3,L649,Credits / Cinematic Animation Partners
halo-3,L65,Credits / Art
halo-3,L650,Credits / Cinematic Animation Partners
halo-3,L651,Credits / Cinematic Animation Partners
halo-3,L653,Credits / Microsoft Game Studios Publishing
halo-3,L654,Credits / Microsoft Game Studios Publishing
halo-3,L655,Credits / Microsoft Game Studios Publishing
halo-3,L656,Credits / Microsoft Game Studios Publishing
halo-3,L657,Credits / Microsoft Game Studios Publishing
halo-3,L658,Credits / Microsoft Game Studios Publishing
halo-3,L659,Credits / Microsoft Game Studios Publishing
halo-3,L66,Credits / Art
halo-3,L660,Credits / Microsoft Game Studios Publishing
halo-3,L661,Credits / Microsoft Game Studios Publishing
halo-3,L662,Credits / Microsoft Game Studios Publishing
halo-3,L663,Credits / Microsoft Game Studios Publishing
halo-3,L664,Credits / Microsoft Game Studios Publishing
halo-3,L665,Credits / Microsoft Game Studios Publishing
halo-3,L666,Credits / Microsoft Game Studios Publishing
halo-3,L667,Credits / Microsoft Game Studios Publishing
halo-3,L668,Credits / Microsoft Game Studios Publishing
halo-3,L669,Credits / Microsoft Game Studios Publishing
halo-3,L67,Credits / Art
halo-3,L670,Credits / Microsoft Game Studios Publishing
halo-3,L671,Credits / Microsoft Game Studios Publishing
halo-3,L672,Credits / Microsoft Game Studios Publishing
halo-3,L673,Credits / Microsoft Game Studios Publishing
halo-3,L674,Credits / Microsoft Game Studios Publishing
halo-3,L675,Credits / Microsoft Game Studios Publishing
halo-3,L676,Credits / Microsoft Game Studios Publishing
halo-3,L677,Credits / Microsoft Game Studios Publishing
halo-3,L678,Credits / Microsoft Game Studios Publishing
halo-3,L68,Credits / Art
halo-3,L680,Credits / Microsoft Games (Xbox)
halo-3,L681,Credits / Microsoft Games (Xbox)
halo-3,L682,Credits / Microsoft Games (Xbox)
halo-3,L683,Credits / Microsoft Games (Xbox)
halo-3,L684,Credits / Microsoft Games (Xbox)
halo-3,L685,Credits / Microsoft Games (Xbox)
halo-3,L686,Credits / Microsoft Games (Xbox)
halo-3,L687,Credits / Microsoft Games (Xbox)
halo-3,L688,Credits / Microsoft Games (Xbox)
halo-3,L689,Credits / Microsoft Games (Xbox)
halo-3,L69,Credits / Art
halo-3,L690,Credits / Microsoft Games (Xbox)
halo-3,L691,Credits / Microsoft Games (Xbox)
halo-3,L692,Credits / Microsoft Games (Xbox)
halo-3,L693,Credits / Microsoft Games (Xbox)
halo-3,L694,Credits / Microsoft Games (Xbox)
halo-3,L695,Credits / Microsoft Games (Xbox)
halo-3,L696,Credits / Microsoft Games (Xbox)
halo-3,L697,Credits / Microsoft Games (Xbox)
halo-3,L698,Credits / Microsoft Games (Xbox)
halo-3,L699,Credits / Microsoft Games (Xbox)
halo-3,L70,Credits / Art
halo-3,L700,Credits / Microsoft Games (Xbox)
halo-3,L701,Credits / Microsoft Games (Xbox)
halo-3,L702,Credits / Microsoft Games (Xbox)
halo-3,L703,Credits / Microsoft Games (Xbox)
halo-3,L704,Credits / Microsoft Games (Xbox)
halo-3,L705,Credits / Microsoft Games (Xbox)
halo-3,L706,Credits / Microsoft Games (Xbox)
halo-3,L707,Credits / Microsoft Games (Xbox)
halo-3,L708,Credits / Microsoft Games (Xbox)
halo-3,L709,Credits / Microsoft Games (Xbox)
halo-3,L71,Credits / Art
halo-3,L710,Credits / Microsoft Games (Xbox)
halo-3,L711,Credits / Microsoft Games (Xbox)
halo-3,L712,Credits / Microsoft Games (Xbox)
halo-3,L713,Credits / Microsoft Games (Xbox)
halo-3,L714,Credits / Microsoft Games (Xbox)
halo-3,L715,Credits / Microsoft Games (Xbox)
halo-3,L716,Credits / Microsoft Games (Xbox)
halo-3,L717,Credits / Microsoft Games (Xbox)
halo-3,L718,Credits / Microsoft Games (Xbox)
halo-3,L719,Credits / Microsoft Games (Xbox)
halo-3,L72,Credits / Art
halo-3,L720,Credits / Microsoft Games (Xbox)
halo-3,L721,Credits / Microsoft Games (Xbox)
halo-3,L722,Credits / Microsoft Games (Xbox)
halo-3,L723,Credits / Microsoft Games (Xbox)
halo-3,L724,Credits / Microsoft Games (Xbox)
halo-3,L725,Credits / Microsoft Games (Xbox)
halo-3,L726,Credits / Microsoft Games (Xbox)
halo-3,L727,Credits / Microsoft Games (Xbox)
halo-3,L728,Credits / Microsoft Games (Xbox)
halo-3,L729,Credits / Microsoft Games (Xbox)
halo-3,L73,Credits / Art
halo-3,L730,Credits / Microsoft Games (Xbox)
halo-3,L731,Credits / Microsoft Games (Xbox)
halo-3,L732,Credits / Microsoft Games (Xbox)
halo-3,L733,Credits / Microsoft Games (Xbox)
halo-3,L734,Credits / Microsoft Games (Xbox)
halo-3,L735,Credits / Microsoft Games (Xbox)
halo-3,L736,Credits / Microsoft Games (Xbox)
halo-3,L737,Credits / Microsoft Games (Xbox)
halo-3,L738,Credits / Microsoft Games (Xbox)
halo-3,L739,Credits / Microsoft Games (Xbox)
halo-3,L74,Credits / Art
halo-3,L740,Credits / Microsoft Games (Xbox)
halo-3,L741,Credits / Microsoft Games (Xbox)
halo-3,L742,Credits / Microsoft Games (Xbox)
halo-3,L743,Credits / Microsoft Games (Xbox)
halo-3,L744,Credits / Microsoft Games (Xbox)
halo-3,L745,Credits / Microsoft Games (Xbox)
halo-3,L747,Credits / Microsoft Research Asia
halo-3,L748,Credits / Microsoft Research Asia
halo-3,L749,Credits / Microsoft Research Asia
halo-3,L75,Credits / Art
halo-3,L750,Credits / Microsoft Research Asia
halo-3,L751,Credits / Microsoft Research Asia
halo-3,L752,Credits / Microsoft Research Asia
halo-3,L753,Credits / Microsoft Research Asia
halo-3,L754,Credits / Microsoft Research Asia
halo-3,L755,Credits / Microsoft Research Asia
halo-3,L756,Credits / Microsoft Research Asia
halo-3,L757,Credits / Microsoft Research Asia
halo-3,L758,Credits / Microsoft Research Asia
halo-3,L759,Credits / Microsoft Research Asia
halo-3,L76,Credits / Art
halo-3,L760,Credits / Microsoft Research Asia
halo-3,L762,Credits / Microsoft Test
halo-3,L763,Credits / Microsoft Test
halo-3,L764,Credits / Microsoft Test
halo-3,L765,Credits / Microsoft Test
halo-3,L766,Credits / Microsoft Test
halo-3,L767,Credits / Microsoft Test
halo-3,L768,Credits / Microsoft Test
halo-3,L769,Credits / Microsoft Test
halo-3,L77,Credits / Art
halo-3,L770,Credits / Microsoft Test
halo-3,L771,Credits / Microsoft Test
halo-3,L772,Credits / Microsoft Test
halo-3,L773,Credits / Microsoft Test
halo-3,L774,Credits / Microsoft Test
halo-3,L775,Credits / Microsoft Test
halo-3,L776,Credits / Microsoft Test
halo-3,L777,Credits / Microsoft Test
halo-3,L778,Credits / Microsoft Test
halo-3,L779,Credits / Microsoft Test
halo-3,L78,Credits / Art
halo-3,L780,Credits / Microsoft Test
halo-3,L781,Credits / Microsoft Test
halo-3,L782,Credits / Microsoft Test
halo-3,L783,Credits / Microsoft Test
halo-3,L784,Credits / Microsoft Test
halo-3,L785,Credits / Microsoft Test
halo-3,L786,Credits / Microsoft Test
halo-3,L787,Credits / Microsoft Test
halo-3,L788,Credits / Microsoft Test
halo-3,L789,Credits / Microsoft Test
halo-3,L79,Credits / Art
halo-3,L790,Credits / Microsoft Test
halo-3,L791,Credits / Microsoft Test
halo-3,L793,Credits / Microsoft Xbox
halo-3,L794,Credits / Microsoft Xbox
halo-3,L795,Credits / Microsoft Xbox
halo-3,L796,Credits / Microsoft Xbox
halo-3,L797,Credits / Microsoft Xbox
halo-3,L798,Credits / Microsoft Xbox
halo-3,L799,Credits / Microsoft Xbox
halo-3,L80,Credits / Art
halo-3,L800,Credits / Microsoft Xbox
halo-3,L801,Credits / Microsoft Xbox
halo-3,L802,Credits / Microsoft Xbox
halo-3,L803,Credits / Microsoft Xbox
halo-3,L804,Credits / Microsoft Xbox
halo-3,L805,Credits / Microsoft Xbox
halo-3,L806,Credits / Microsoft Xbox
halo-3,L807,Credits / Microsoft Xbox
halo-3,L808,Credits / Microsoft Xbox
halo-3,L809,Credits / Microsoft Xbox
halo-3,L81,Credits / Art
halo-3,L810,Credits / Microsoft Xbox
halo-3,L811,Credits / Microsoft Xbox
halo-3,L812,Credits / Microsoft Xbox
halo-3,L813,Credits / Microsoft Xbox
halo-3,L814,Credits / Microsoft Xbox
halo-3,L815,Credits / Microsoft Xbox
halo-3,L816,Credits / Microsoft Xbox
halo-3,L817,Credits / Microsoft Xbox
halo-3,L818,Credits / Microsoft Xbox
halo-3,L819,Credits / Microsoft Xbox
halo-3,L82,Credits / Art
halo-3,L820,Credits / Microsoft Xbox
halo-3,L821,Credits / Microsoft Xbox
halo-3,L822,Credits / Microsoft Xbox
halo-3,L823,Credits / Microsoft Xbox
halo-3,L824,Credits / Microsoft Xbox
halo-3,L825,Credits / Microsoft Xbox
halo-3,L826,Credits / Microsoft Xbox
halo-3,L828,Credits / Microsoft
halo-3,L83,Credits / Art
halo-3,L830,Credits / Microsoft / Localization Teams
halo-3,L831,Credits / Microsoft / Localization Teams
halo-3,L832,Credits / Microsoft / Localization Teams
halo-3,L833,Credits / Microsoft / Localization Teams
halo-3,L834,Credits / Microsoft / Localization Teams
halo-3,L835,Credits / Microsoft / Localization Teams
halo-3,L836,Credits / Microsoft / Localization Teams
halo-3,L837,Credits / Microsoft / Localization Teams
halo-3,L838,Credits / Microsoft / Localization Teams
halo-3,L839,Credits / Microsoft / Localization Teams
halo-3,L84,Credits / Art
halo-3,L840,Credits / Microsoft / Localization Teams
halo-3,L841,Credits / Microsoft / Localization Teams
halo-3,L842,Credits / Microsoft / Localization Teams
halo-3,L843,Credits / Microsoft / Localization Teams
halo-3,L844,Credits / Microsoft / Localization Teams
halo-3,L845,Credits / Microsoft / Localization Teams
halo-3,L846,Credits / Microsoft / Localization Teams
halo-3,L847,Credits / Microsoft / Localization Teams
halo-3,L848,Credits / Microsoft / Localization Teams
halo-3,L849,Credits / Microsoft / Localization Teams
halo-3,L85,Credits / Art
halo-3,L850,Credits / Microsoft / Localization Teams
halo-3,L851,Credits / Microsoft / Localization Teams
halo-3,L852,Credits / Microsoft / Localization Teams
halo-3,L853,Credits / Microsoft / Localization Teams
halo-3,L854,Credits / Microsoft / Localization Teams
halo-3,L855,Credits / Microsoft / Localization Teams
halo-3,L856,Credits / Microsoft / Localization Teams
halo-3,L857,Credits / Microsoft / Localization Teams
halo-3,L858,Credits / Microsoft / Localization Teams
halo-3,L859,Credits / Microsoft / Localization Teams
halo-3,L86,Credits / Art
halo-3,L860,Credits / Microsoft / Localization Teams
halo-3,L861,Credits / Microsoft / Localization Teams
halo-3,L862,Credits / Microsoft / Localization Teams
halo-3,L863,Credits / Microsoft / Localization Teams
halo-3,L864,Credits / Microsoft / Localization Teams
halo-3,L865,Credits / Microsoft / Localization Teams
halo-3,L866,Credits / Microsoft / Localization Teams
halo-3,L867,Credits / Microsoft / Localization Teams
halo-3,L868,Credits / Microsoft / Localization Teams
halo-3,L869,Credits / Microsoft / Localization Teams
halo-3,L87,Credits / Art
halo-3,L870,Credits / Microsoft / Localization Teams
halo-3,L871,Credits / Microsoft / Localization Teams
halo-3,L872,Credits / Microsoft / Localization Teams
halo-3,L873,Credits / Microsoft / Localization Teams
halo-3,L874,Credits / Microsoft / Localization Teams
halo-3,L875,Credits / Microsoft / Localization Teams
halo-3,L877,Credits / Microsoft Development Partners
halo-3,L878,Credits / Microsoft Development Partners
halo-3,L879,Credits / Microsoft Development Partners
halo-3,L88,Credits / Art
halo-3,L880,Credits / Microsoft Development Partners
halo-3,L881,Credits / Microsoft Development Partners
halo-3,L882,Credits / Microsoft Development Partners
halo-3,L883,Credits / Microsoft Development Partners
halo-3,L884,Credits / Microsoft Development Partners
halo-3,L885,Credits / Microsoft Development Partners
halo-3,L886,Credits / Microsoft Development Partners
halo-3,L887,Credits / Microsoft Development Partners
halo-3,L888,Credits / Microsoft Development Partners
halo-3,L889,Credits / Microsoft Development Partners
halo-3,L89,Credits / Art
halo-3,L890,Credits / Microsoft Development Partners
halo-3,L891,Credits / Microsoft Development Partners
halo-3,L892,Credits / Microsoft Development Partners
halo-3,L893,Credits / Microsoft Development Partners
halo-3,L894,Credits / Microsoft Development Partners
halo-3,L895,Credits / Microsoft Development Partners
halo-3,L896,Credits / Microsoft Development Partners
halo-3,L897,Credits / Microsoft Development Partners
halo-3,L898,Credits / Microsoft Development Partners
halo-3,L899,Credits / Microsoft Development Partners
halo-3,L90,Credits / Art
halo-3,L900,Credits / Microsoft Development Partners
halo-3,L901,Credits / Microsoft Development Partners
halo-3,L902,Credits / Microsoft Development Partners
halo-3,L903,Credits / Microsoft Development Partners
halo-3,L904,Credits / Microsoft Development Partners
halo-3,L906,"Credits / Producers, Engineering & Artists Contractors"
halo-3,L907,"Credits / Producers, Engineering & Artists Contractors"
halo-3,L908,"Credits / Producers, Engineering & Artists Contractors"
halo-3,L909,"Credits / Producers, Engineering & Artists Contractors"
halo-3,L91,Credits / Art
halo-3,L910,"Credits / Producers, Engineering & Artists Contractors"
halo-3,L911,"Credits / Producers, Engineering & Artists Contractors"
halo-3,L912,"Credits / Producers, Engineering & Artists Contractors"
halo-3,L913,"Credits / Producers, Engineering & Artists Contractors"
halo-3,L914,"Credits / Producers, Engineering & Artists Contractors"
halo-3,L915,"Credits / Producers, Engineering & Artists Contractors"
halo-3,L916,"Credits / Producers, Engineering & Artists Contractors"
halo-3,L917,"Credits / Producers, Engineering & Artists Contractors"
halo-3,L918,"Credits / Producers, Engineering & Artists Contractors"
halo-3,L919,"Credits / Producers, Engineering & Artists Contractors"
halo-3,L92,Credits / Art
halo-3,L920,"Credits / Producers, Engineering & Artists Contractors"
halo-3,L921,"Credits / Producers, Engineering & Artists Contractors"
halo-3,L922,"Credits / Producers, Engineering & Artists Contractors"
halo-3,L923,"Credits / Producers, Engineering & Artists Contractors"
halo-3,L924,"Credits / Producers, Engineering & Artists Contractors"
halo-3,L925,"Credits / Producers, Engineering & Artists Contractors"
halo-3,L926,"Credits / Producers, Engineering & Artists Contractors"
halo-3,L927,"Credits / Producers, Engineering & Artists Contractors"
halo-3,L928,"Credits / Producers, Engineering & Artists Contractors"
halo-3,L929,"Credits / Producers, Engineering & Artists Contractors"
halo-3,L93,Credits / Art
halo-3,L930,"Credits / Producers, Engineering & Artists Contractors"
halo-3,L931,"Credits / Producers, Engineering & Artists Contractors"
halo-3,L932,"Credits / Producers, Engineering & Artists Contractors"
halo-3,L933,"Credits / Producers, Engineering & Artists Contractors"
halo-3,L934,"Credits / Producers, Engineering & Artists Contractors"
halo-3,L935,"Credits / Producers, Engineering & Artists Contractors"
halo-3,L936,"Credits / Producers, Engineering & Artists Contractors"
halo-3,L937,"Credits / Producers, Engineering & Artists Contractors"
halo-3,L938,"Credits / Producers, Engineering & Artists Contractors"
halo-3,L939,"Credits / Producers, Engineering & Artists Contractors"
halo-3,L94,Credits / Art
halo-3,L940,"Credits / Producers, Engineering & Artists Contractors"
halo-3,L941,"Credits / Producers, Engineering & Artists Contractors"
halo-3,L942,"Credits / Producers, Engineering & Artists Contractors"
halo-3,L943,"Credits / Producers, Engineering & Artists Contractors"
halo-3,L944,"Credits / Producers, Engineering & Artists Contractors"
halo-3,L945,"Credits / Producers, Engineering & Artists Contractors"
halo-3,L946,"Credits / Producers, Engineering & Artists Contractors"
halo-3,L947,"Credits / Producers, Engineering & Artists Contractors"
halo-3,L948,"Credits / Producers, Engineering & Artists Contractors"
halo-3,L949,"Credits / Producers, Engineering & Artists Contractors"
halo-3,L95,Credits / Art
halo-3,L950,"Credits / Producers, Engineering & Artists Contractors"
halo-3,L951,"Credits / Producers, Engineering & Artists Contractors"
halo-3,L952,"Credits / Producers, Engineering & Artists Contractors"
halo-3,L953,"Credits / Producers, Engineering & Artists Contractors"
halo-3,L954,"Credits / Producers, Engineering & Artists Contractors"
halo-3,L955,"Credits / Producers, Engineering & Artists Contractors"
halo-3,L956,"Credits / Producers, Engineering & Artists Contractors"
halo-3,L957,"Credits / Producers, Engineering & Artists Contractors"
halo-3,L958,"Credits / Producers, Engineering & Artists Contractors"
halo-3,L959,"Credits / Producers, Engineering & Artists Contractors"
halo-3,L96,Credits / Art
halo-3,L960,"Credits / Producers, Engineering & Artists Contractors"
halo-3,L961,"Credits / Producers, Engineering & Artists Contractors"
halo-3,L962,"Credits / Producers, Engineering & Artists Contractors"
halo-3,L963,"Credits / Producers, Engineering & Artists Contractors"
halo-3,L964,"Credits / Producers, Engineering & Artists Contractors"
halo-3,L965,"Credits / Producers, Engineering & Artists Contractors"
halo-3,L966,"Credits / Producers, Engineering & Artists Contractors"
halo-3,L967,"Credits / Producers, Engineering & Artists Contractors"
halo-3,L968,"Credits / Producers, Engineering & Artists Contractors"
halo-3,L969,"Credits / Producers, Engineering & Artists Contractors"
halo-3,L97,Credits / Art
halo-3,L971,Credits / Test Contractors
halo-3,L972,Credits / Test Contractors
halo-3,L973,Credits / Test Contractors
halo-3,L974,Credits / Test Contractors
halo-3,L975,Credits / Test Contractors
halo-3,L976,Credits / Test Contractors
halo-3,L977,Credits / Test Contractors
halo-3,L978,Credits / Test Contractors
halo-3,L979,Credits / Test Contractors
halo-3,L98,Credits / Art
halo-3,L980,Credits / Test Contractors
halo-3,L981,Credits / Test Contractors
halo-3,L982,Credits / Test Contractors
halo-3,L983,Credits / Test Contractors
halo-3,L984,Credits / Test Contractors
halo-3,L985,Credits / Test Contractors
halo-3,L986,Credits / Test Contractors
halo-3,L987,Credits / Test Contractors
halo-3,L988,Credits / Test Contractors
halo-3,L989,Credits / Test Contractors
halo-3,L99,Credits / Art
halo-3,L990,Credits / Test Contractors
halo-3,L991,Credits / Test Contractors
halo-3,L992,Credits / Test Contractors
halo-3,L993,Credits / Test Contractors
halo-3,L994,Credits / Test Contractors
halo-3,L995,Credits / Test Contractors
halo-3,L996,Credits / Test Contractors
halo-3,L997,Credits / Test Contractors
halo-3,L998,Credits / Test Contractors
halo-3,L999,Credits / Test Contractors
halo-3,mobygames:tr0,Xbox 360 credits (2007)
halo-3,mobygames:tr1,Administration
halo-3,mobygames:tr10,Art
halo-3,mobygames:tr100,Voice Actors
halo-3,mobygames:tr101,Voice Actors
halo-3,mobygames:tr102,Voice Actors
halo-3,mobygames:tr103,Voice Actors
halo-3,mobygames:tr104,Voice Actors
halo-3,mobygames:tr105,Voice Actors
halo-3,mobygames:tr106,Voice Actors
halo-3,mobygames:tr107,Voice Actors
halo-3,mobygames:tr108,Voice Actors
halo-3,mobygames:tr109,Voice Actors
halo-3,mobygames:tr11,Art
halo-3,mobygames:tr110,Voice Actors
halo-3,mobygames:tr111,Voice Actors
halo-3,mobygames:tr112,Voice Actors
halo-3,mobygames:tr113,Voice Actors
halo-3,mobygames:tr114,Voice Actors
halo-3,mobygames:tr115,Voice Actors
halo-3,mobygames:tr116,Voice Actors
halo-3,mobygames:tr117,Voice Actors
halo-3,mobygames:tr118,Voice Actors
halo-3,mobygames:tr119,Microsoft
halo-3,mobygames:tr12,Art
halo-3,mobygames:tr120,Microsoft
halo-3,mobygames:tr121,Microsoft
halo-3,mobygames:tr122,Microsoft
halo-3,mobygames:tr123,Microsoft
halo-3,mobygames:tr124,Microsoft
halo-3,mobygames:tr125,Microsoft
halo-3,mobygames:tr126,Microsoft
halo-3,mobygames:tr127,Localization Teams
halo-3,mobygames:tr128,Localization Teams
halo-3,mobygames:tr129,Localization Teams
halo-3,mobygames:tr13,Art
halo-3,mobygames:tr130,Localization Teams
halo-3,mobygames:tr131,Localization Teams
halo-3,mobygames:tr132,Localization Teams
halo-3,mobygames:tr133,Extra special thanks to some of our biggest community supporters (in alphabetical order)
halo-3,mobygames:tr134,Extra special thanks to some of our biggest community supporters (in alphabetical order)
halo-3,mobygames:tr135,Microsoft Game Studios Publishing
halo-3,mobygames:tr136,Microsoft Game Studios Publishing
halo-3,mobygames:tr137,Microsoft Game Studios Publishing
halo-3,mobygames:tr138,Engineering
halo-3,mobygames:tr139,Engineering
halo-3,mobygames:tr14,Art
halo-3,mobygames:tr140,Engineering
halo-3,mobygames:tr141,Microsoft Games (Xbox)
halo-3,mobygames:tr142,Microsoft Games (Xbox)
halo-3,mobygames:tr15,Art
halo-3,mobygames:tr16,Art
halo-3,mobygames:tr17,Art
halo-3,mobygames:tr18,Art
halo-3,mobygames:tr19,Audio
halo-3,mobygames:tr2,Administration
halo-3,mobygames:tr20,Audio
halo-3,mobygames:tr21,Audio
halo-3,mobygames:tr22,Audio
halo-3,mobygames:tr23,Audio
halo-3,mobygames:tr24,Audio
halo-3,mobygames:tr25,Cinematics
halo-3,mobygames:tr26,Cinematics
halo-3,mobygames:tr27,Cinematics
halo-3,mobygames:tr28,Design
halo-3,mobygames:tr29,Design
halo-3,mobygames:tr3,Administration
halo-3,mobygames:tr30,Design
halo-3,mobygames:tr31,Design
halo-3,mobygames:tr32,Design
halo-3,mobygames:tr33,Design
halo-3,mobygames:tr34,Design
halo-3,mobygames:tr35,Engineering
halo-3,mobygames:tr36,Engineering
halo-3,mobygames:tr37,Engineering
halo-3,mobygames:tr38,Engineering
halo-3,mobygames:tr39,Engineering
halo-3,mobygames:tr4,Art
halo-3,mobygames:tr40,Engineering
halo-3,mobygames:tr41,Graphic Design and User Interface
halo-3,mobygames:tr42,Graphic Design and User Interface
halo-3,mobygames:tr43,Graphic Design and User Interface
halo-3,mobygames:tr44,Graphic Design and User Interface
halo-3,mobygames:tr45,Production
halo-3,mobygames:tr46,Production
halo-3,mobygames:tr47,Production
halo-3,mobygames:tr48,Production
halo-3,mobygames:tr49,Production
halo-3,mobygames:tr5,Art
halo-3,mobygames:tr50,Production Engineering
halo-3,mobygames:tr51,Production Engineering
halo-3,mobygames:tr52,Production Engineering
halo-3,mobygames:tr53,Test
halo-3,mobygames:tr54,Test
halo-3,mobygames:tr55,Test
halo-3,mobygames:tr56,Writing
halo-3,mobygames:tr57,Writing
halo-3,mobygames:tr58,Writing
halo-3,mobygames:tr59,Writing
halo-3,mobygames:tr6,Art
halo-3,mobygames:tr60,Bungie.net Team
halo-3,mobygames:tr61,Bungie.net Team
halo-3,mobygames:tr62,Bungie.net Team
halo-3,mobygames:tr63,Bungie.net Team
halo-3,mobygames:tr64,Bungie.net Team
halo-3,mobygames:tr65,Bungie.net Team
halo-3,mobygames:tr66,Bungie.net Team
halo-3,mobygames:tr67,Bungie Backbone
halo-3,mobygames:tr68,Bungie Backbone
halo-3,mobygames:tr69,Bungie Backbone
halo-3,mobygames:tr7,Art
halo-3,mobygames:tr70,Bungie Backbone
halo-3,mobygames:tr71,Bungie Backbone
halo-3,mobygames:tr72,Bungie Backbone
halo-3,mobygames:tr73,Additional Support
halo-3,mobygames:tr74,Additional Support
halo-3,mobygames:tr75,Additional Support
halo-3,mobygames:tr76,Additional Support
halo-3,mobygames:tr77,Additional Support
halo-3,mobygames:tr78,Additional Support
halo-3,mobygames:tr79,Additional Support
halo-3,mobygames:tr8,Art
halo-3,mobygames:tr80,Special Thanks
halo-3,mobygames:tr81,Special Thanks
halo-3,mobygames:tr82,Development Partners
halo-3,mobygames:tr83,Development Partners
halo-3,mobygames:tr84,Development Partners
halo-3,mobygames:tr85,Development Partners
halo-3,mobygames:tr86,Microsoft Research Asia
halo-3,mobygames:tr87,Microsoft Research Asia
halo-3,mobygames:tr88,Cinematic Animation Partners
halo-3,mobygames:tr89,Cinematic Animation Partners
halo-3,mobygames:tr9,Art
halo-3,mobygames:tr90,Cinematic Animation Partners
halo-3,mobygames:tr91,"Contract Artists, Engineers, Producers & Testers"
halo-3,mobygames:tr92,"Contract Artists, Engineers, Producers & Testers"
halo-3,mobygames:tr93,"Contract Artists, Engineers, Producers & Testers"
halo-3,mobygames:tr94,"Contract Artists, Engineers, Producers & Testers"
halo-3,mobygames:tr95,"Contract Artists, Engineers, Producers & Testers"
halo-3,mobygames:tr96,"Contract Artists, Engineers, Producers & Testers"
halo-3,mobygames:tr97,"Contract Artists, Engineers, Producers & Testers"
halo-3,mobygames:tr98,"Contract Artists, Engineers, Producers & Testers"
halo-3,mobygames:tr99,Voice Actors
halo-3-odst,L100,Credits / ODST : Engineering / Tools Engineering
halo-3-odst,L102,Credits / ODST : Engineering / Online Engineering
halo-3-odst,L103,Credits / ODST : Engineering / Online Engineering
halo-3-odst,L104,Credits / ODST : Engineering / Online Engineering
halo-3-odst,L105,Credits / ODST : Engineering / Online Engineering
halo-3-odst,L106,Credits / ODST : Engineering / Online Engineering
halo-3-odst,L107,Credits / ODST : Engineering / Online Engineering
halo-3-odst,L108,Credits / ODST : Engineering / Online Engineering
halo-3-odst,L109,Credits / ODST : Engineering / Online Engineering
halo-3-odst,L111,Credits / ODST : Art
halo-3-odst,L113,Credits / ODST : Art / Environment Art Leads
halo-3-odst,L114,Credits / ODST : Art / Environment Art Leads
halo-3-odst,L115,Credits / ODST : Art / Environment Art Leads
halo-3-odst,L116,Credits / ODST : Art / Environment Art Leads
halo-3-odst,L118,Credits / ODST : Art / Additional Art Direction
halo-3-odst,L119,Credits / ODST : Art / Additional Art Direction
halo-3-odst,L121,Credits / ODST : Art / Art Department Manager
halo-3-odst,L122,Credits / ODST : Art / Art Department Manager
halo-3-odst,L124,Credits / ODST : Art / Environment Artists
halo-3-odst,L125,Credits / ODST : Art / Environment Artists
halo-3-odst,L126,Credits / ODST : Art / Environment Artists
halo-3-odst,L127,Credits / ODST : Art / Environment Artists
halo-3-odst,L128,Credits / ODST : Art / Environment Artists
halo-3-odst,L129,Credits / ODST : Art / Environment Artists
halo-3-odst,L130,Credits / ODST : Art / Environment Artists
halo-3-odst,L131,Credits / ODST : Art / Environment Artists
halo-3-odst,L132,Credits / ODST : Art / Environment Artists
halo-3-odst,L133,Credits / ODST : Art / Environment Artists
halo-3-odst,L134,Credits / ODST : Art / Environment Artists
halo-3-odst,L135,Credits / ODST : Art / Environment Artists
halo-3-odst,L136,Credits / ODST : Art / Environment Artists
halo-3-odst,L137,Credits / ODST : Art / Environment Artists
halo-3-odst,L138,Credits / ODST : Art / Environment Artists
halo-3-odst,L139,Credits / ODST : Art / Environment Artists
halo-3-odst,L14,Credits
halo-3-odst,L140,Credits / ODST : Art / Environment Artists
halo-3-odst,L141,Credits / ODST : Art / Environment Artists
halo-3-odst,L142,Credits / ODST : Art / Environment Artists
halo-3-odst,L143,Credits / ODST : Art / Environment Artists
halo-3-odst,L144,Credits / ODST : Art / Environment Artists
halo-3-odst,L145,Credits / ODST : Art / Environment Artists
halo-3-odst,L146,Credits / ODST : Art / Environment Artists
halo-3-odst,L147,Credits / ODST : Art / Environment Artists
halo-3-odst,L149,Credits / ODST : Art / 3D art leads
halo-3-odst,L15,Credits
halo-3-odst,L150,Credits / ODST : Art / 3D art leads
halo-3-odst,L151,Credits / ODST : Art / 3D art leads
halo-3-odst,L152,Credits / ODST : Art / 3D art leads
halo-3-odst,L154,Credits / ODST : Art / Effects Art Lead
halo-3-odst,L155,Credits / ODST : Art / Effects Art Lead
halo-3-odst,L157,Credits / ODST : Art / Effects Artist
halo-3-odst,L158,Credits / ODST : Art / Effects Artist
halo-3-odst,L16,Credits
halo-3-odst,L160,Credits / ODST : Art / 3D Artists
halo-3-odst,L161,Credits / ODST : Art / 3D Artists
halo-3-odst,L162,Credits / ODST : Art / 3D Artists
halo-3-odst,L163,Credits / ODST : Art / 3D Artists
halo-3-odst,L164,Credits / ODST : Art / 3D Artists
halo-3-odst,L165,Credits / ODST : Art / 3D Artists
halo-3-odst,L166,Credits / ODST : Art / 3D Artists
halo-3-odst,L167,Credits / ODST : Art / 3D Artists
halo-3-odst,L168,Credits / ODST : Art / 3D Artists
halo-3-odst,L169,Credits / ODST : Art / 3D Artists
halo-3-odst,L17,Credits
halo-3-odst,L170,Credits / ODST : Art / 3D Artists
halo-3-odst,L171,Credits / ODST : Art / 3D Artists
halo-3-odst,L172,Credits / ODST : Art / 3D Artists
halo-3-odst,L173,Credits / ODST : Art / 3D Artists
halo-3-odst,L174,Credits / ODST : Art / 3D Artists
halo-3-odst,L175,Credits / ODST : Art / 3D Artists
halo-3-odst,L176,Credits / ODST : Art / 3D Artists
halo-3-odst,L177,Credits / ODST : Art / 3D Artists
halo-3-odst,L178,Credits / ODST : Art / 3D Artists
halo-3-odst,L179,Credits / ODST : Art / 3D Artists
halo-3-odst,L180,Credits / ODST : Art / 3D Artists
halo-3-odst,L181,Credits / ODST : Art / 3D Artists
halo-3-odst,L183,Credits / ODST : Art / Visual Design Lead
halo-3-odst,L184,Credits / ODST : Art / Visual Design Lead
halo-3-odst,L186,Credits / ODST : Art / Visual Design Artists
halo-3-odst,L187,Credits / ODST : Art / Visual Design Artists
halo-3-odst,L188,Credits / ODST : Art / Visual Design Artists
halo-3-odst,L189,Credits / ODST : Art / Visual Design Artists
halo-3-odst,L19,Credits / Halo 3: ODST
halo-3-odst,L190,Credits / ODST : Art / Visual Design Artists
halo-3-odst,L191,Credits / ODST : Art / Visual Design Artists
halo-3-odst,L192,Credits / ODST : Art / Visual Design Artists
halo-3-odst,L193,Credits / ODST : Art / Visual Design Artists
halo-3-odst,L194,Credits / ODST : Art / Visual Design Artists
halo-3-odst,L195,Credits / ODST : Art / Visual Design Artists
halo-3-odst,L197,Credits / ODST : Art / Content Coordinator
halo-3-odst,L198,Credits / ODST : Art / Content Coordinator
halo-3-odst,L20,Credits / Halo 3: ODST
halo-3-odst,L200,Credits / ODST : Art / Concept and Skies
halo-3-odst,L201,Credits / ODST : Art / Concept and Skies
halo-3-odst,L202,Credits / ODST : Art / Concept and Skies
halo-3-odst,L203,Credits / ODST : Art / Concept and Skies
halo-3-odst,L204,Credits / ODST : Art / Concept and Skies
halo-3-odst,L205,Credits / ODST : Art / Concept and Skies
halo-3-odst,L206,Credits / ODST : Art / Concept and Skies
halo-3-odst,L207,Credits / ODST : Art / Concept and Skies
halo-3-odst,L208,Credits / ODST : Art / Concept and Skies
halo-3-odst,L209,Credits / ODST : Art / Concept and Skies
halo-3-odst,L211,Credits / ODST : Art / User Interface Lead
halo-3-odst,L212,Credits / ODST : Art / User Interface Lead
halo-3-odst,L214,Credits / ODST : Art / User Interface Artist
halo-3-odst,L215,Credits / ODST : Art / User Interface Artist
halo-3-odst,L217,Credits / ODST : Art / Animation Lead
halo-3-odst,L218,Credits / ODST : Art / Animation Lead
halo-3-odst,L22,Credits / ODST : Design
halo-3-odst,L220,Credits / ODST : Art / Animators
halo-3-odst,L221,Credits / ODST : Art / Animators
halo-3-odst,L222,Credits / ODST : Art / Animators
halo-3-odst,L223,Credits / ODST : Art / Animators
halo-3-odst,L224,Credits / ODST : Art / Animators
halo-3-odst,L225,Credits / ODST : Art / Animators
halo-3-odst,L226,Credits / ODST : Art / Animators
halo-3-odst,L227,Credits / ODST : Art / Animators
halo-3-odst,L228,Credits / ODST : Art / Animators
halo-3-odst,L229,Credits / ODST : Art / Animators
halo-3-odst,L230,Credits / ODST : Art / Animators
halo-3-odst,L231,Credits / ODST : Art / Animators
halo-3-odst,L233,Credits / ODST : Art / Cinematics Animation
halo-3-odst,L234,Credits / ODST : Art / Cinematics Animation
halo-3-odst,L235,Credits / ODST : Art / Cinematics Animation
halo-3-odst,L236,Credits / ODST : Art / Cinematics Animation
halo-3-odst,L238,Credits / ODST : Art / Tech Art Lead
halo-3-odst,L239,Credits / ODST : Art / Tech Art Lead
halo-3-odst,L24,Credits / ODST : Design / Design Director
halo-3-odst,L241,Credits / ODST : Art / Tech Artists
halo-3-odst,L242,Credits / ODST : Art / Tech Artists
halo-3-odst,L243,Credits / ODST : Art / Tech Artists
halo-3-odst,L244,Credits / ODST : Art / Tech Artists
halo-3-odst,L245,Credits / ODST : Art / Tech Artists
halo-3-odst,L246,Credits / ODST : Art / Tech Artists
halo-3-odst,L247,Credits / ODST : Art / Tech Artists
halo-3-odst,L248,Credits / ODST : Art / Tech Artists
halo-3-odst,L249,Credits / ODST : Art / Tech Artists
halo-3-odst,L25,Credits / ODST : Design / Design Director
halo-3-odst,L250,Credits / ODST : Art / Tech Artists
halo-3-odst,L252,Credits / ODST : Audio
halo-3-odst,L254,Credits / ODST : Audio / Audio Director & Composer
halo-3-odst,L255,Credits / ODST : Audio / Audio Director & Composer
halo-3-odst,L257,Credits / ODST : Audio / Audio Lead & Sound Design
halo-3-odst,L258,Credits / ODST : Audio / Audio Lead & Sound Design
halo-3-odst,L260,Credits / ODST : Audio / Sound Design & Additional Music
halo-3-odst,L261,Credits / ODST : Audio / Sound Design & Additional Music
halo-3-odst,L263,Credits / ODST : Audio / Additional Music
halo-3-odst,L264,Credits / ODST : Audio / Additional Music
halo-3-odst,L265,Credits / ODST : Audio / Additional Music
halo-3-odst,L266,Credits / ODST : Audio / Additional Music
halo-3-odst,L268,Credits / ODST : Production
halo-3-odst,L27,"Credits / ODST : Design / Creative Director, Writer"
halo-3-odst,L270,Credits / ODST : Production / Director of Production
halo-3-odst,L271,Credits / ODST : Production / Director of Production
halo-3-odst,L273,Credits / ODST : Production / Production Lead
halo-3-odst,L274,Credits / ODST : Production / Production Lead
halo-3-odst,L276,Credits / ODST : Production / Producer
halo-3-odst,L277,Credits / ODST : Production / Producer
halo-3-odst,L278,Credits / ODST : Production / Producer
halo-3-odst,L279,Credits / ODST : Production / Producer
halo-3-odst,L28,"Credits / ODST : Design / Creative Director, Writer"
halo-3-odst,L280,Credits / ODST : Production / Producer
halo-3-odst,L281,Credits / ODST : Production / Producer
halo-3-odst,L282,Credits / ODST : Production / Producer
halo-3-odst,L283,Credits / ODST : Production / Producer
halo-3-odst,L284,Credits / ODST : Production / Producer
halo-3-odst,L285,Credits / ODST : Production / Producer
halo-3-odst,L287,Credits / ODST : Production Engineering and Test
halo-3-odst,L289,Credits / ODST : Production Engineering and Test / Production Engineering Lead
halo-3-odst,L290,Credits / ODST : Production Engineering and Test / Production Engineering Lead
halo-3-odst,L292,Credits / ODST : Production Engineering and Test / Production Engineer
halo-3-odst,L293,Credits / ODST : Production Engineering and Test / Production Engineer
halo-3-odst,L294,Credits / ODST : Production Engineering and Test / Production Engineer
halo-3-odst,L295,Credits / ODST : Production Engineering and Test / Production Engineer
halo-3-odst,L296,Credits / ODST : Production Engineering and Test / Production Engineer
halo-3-odst,L297,Credits / ODST : Production Engineering and Test / Production Engineer
halo-3-odst,L298,Credits / ODST : Production Engineering and Test / Production Engineer
halo-3-odst,L299,Credits / ODST : Production Engineering and Test / Production Engineer
halo-3-odst,L30,Credits / ODST : Design / Designers
halo-3-odst,L300,Credits / ODST : Production Engineering and Test / Production Engineer
halo-3-odst,L301,Credits / ODST : Production Engineering and Test / Production Engineer
halo-3-odst,L303,Credits / ODST : Production Engineering and Test / Test Manager
halo-3-odst,L304,Credits / ODST : Production Engineering and Test / Test Manager
halo-3-odst,L306,Credits / ODST : Production Engineering and Test / Test Leads
halo-3-odst,L307,Credits / ODST : Production Engineering and Test / Test Leads
halo-3-odst,L308,Credits / ODST : Production Engineering and Test / Test Leads
halo-3-odst,L309,Credits / ODST : Production Engineering and Test / Test Leads
halo-3-odst,L31,Credits / ODST : Design / Designers
halo-3-odst,L311,Credits / ODST : Production Engineering and Test / Testers
halo-3-odst,L312,Credits / ODST : Production Engineering and Test / Testers
halo-3-odst,L313,Credits / ODST : Production Engineering and Test / Testers
halo-3-odst,L314,Credits / ODST : Production Engineering and Test / Testers
halo-3-odst,L315,Credits / ODST : Production Engineering and Test / Testers
halo-3-odst,L316,Credits / ODST : Production Engineering and Test / Testers
halo-3-odst,L317,Credits / ODST : Production Engineering and Test / Testers
halo-3-odst,L318,Credits / ODST : Production Engineering and Test / Testers
halo-3-odst,L319,Credits / ODST : Production Engineering and Test / Testers
halo-3-odst,L32,Credits / ODST : Design / Designers
halo-3-odst,L320,Credits / ODST : Production Engineering and Test / Testers
halo-3-odst,L321,Credits / ODST : Production Engineering and Test / Testers
halo-3-odst,L322,Credits / ODST : Production Engineering and Test / Testers
halo-3-odst,L323,Credits / ODST : Production Engineering and Test / Testers
halo-3-odst,L324,Credits / ODST : Production Engineering and Test / Testers
halo-3-odst,L325,Credits / ODST : Production Engineering and Test / Testers
halo-3-odst,L326,Credits / ODST : Production Engineering and Test / Testers
halo-3-odst,L327,Credits / ODST : Production Engineering and Test / Testers
halo-3-odst,L328,Credits / ODST : Production Engineering and Test / Testers
halo-3-odst,L329,Credits / ODST : Production Engineering and Test / Testers
halo-3-odst,L33,Credits / ODST : Design / Designers
halo-3-odst,L330,Credits / ODST : Production Engineering and Test / Testers
halo-3-odst,L331,Credits / ODST : Production Engineering and Test / Testers
halo-3-odst,L332,Credits / ODST : Production Engineering and Test / Testers
halo-3-odst,L333,Credits / ODST : Production Engineering and Test / Testers
halo-3-odst,L334,Credits / ODST : Production Engineering and Test / Testers
halo-3-odst,L335,Credits / ODST : Production Engineering and Test / Testers
halo-3-odst,L336,Credits / ODST : Production Engineering and Test / Testers
halo-3-odst,L337,Credits / ODST : Production Engineering and Test / Testers
halo-3-odst,L338,Credits / ODST : Production Engineering and Test / Testers
halo-3-odst,L339,Credits / ODST : Production Engineering and Test / Testers
halo-3-odst,L34,Credits / ODST : Design / Designers
halo-3-odst,L340,Credits / ODST : Production Engineering and Test / Testers
halo-3-odst,L341,Credits / ODST : Production Engineering and Test / Testers
halo-3-odst,L342,Credits / ODST : Production Engineering and Test / Testers
halo-3-odst,L343,Credits / ODST : Production Engineering and Test / Testers
halo-3-odst,L344,Credits / ODST : Production Engineering and Test / Testers
halo-3-odst,L345,Credits / ODST : Production Engineering and Test / Testers
halo-3-odst,L346,Credits / ODST : Production Engineering and Test / Testers
halo-3-odst,L347,Credits / ODST : Production Engineering and Test / Testers
halo-3-odst,L348,Credits / ODST : Production Engineering and Test / Testers
halo-3-odst,L349,Credits / ODST : Production Engineering and Test / Testers
halo-3-odst,L35,Credits / ODST : Design / Designers
halo-3-odst,L350,Credits / ODST : Production Engineering and Test / Testers
halo-3-odst,L351,Credits / ODST : Production Engineering and Test / Testers
halo-3-odst,L352,Credits / ODST : Production Engineering and Test / Testers
halo-3-odst,L353,Credits / ODST : Production Engineering and Test / Testers
halo-3-odst,L354,Credits / ODST : Production Engineering and Test / Testers
halo-3-odst,L355,Credits / ODST : Production Engineering and Test / Testers
halo-3-odst,L356,Credits / ODST : Production Engineering and Test / Testers
halo-3-odst,L357,Credits / ODST : Production Engineering and Test / Testers
halo-3-odst,L358,Credits / ODST : Production Engineering and Test / Testers
halo-3-odst,L359,Credits / ODST : Production Engineering and Test / Testers
halo-3-odst,L360,Credits / ODST : Production Engineering and Test / Testers
halo-3-odst,L361,Credits / ODST : Production Engineering and Test / Testers
halo-3-odst,L362,Credits / ODST : Production Engineering and Test / Testers
halo-3-odst,L363,Credits / ODST : Production Engineering and Test / Testers
halo-3-odst,L364,Credits / ODST : Production Engineering and Test / Testers
halo-3-odst,L365,Credits / ODST : Production Engineering and Test / Testers
halo-3-odst,L366,Credits / ODST : Production Engineering and Test / Testers
halo-3-odst,L367,Credits / ODST : Production Engineering and Test / Testers
halo-3-odst,L368,Credits / ODST : Production Engineering and Test / Testers
halo-3-odst,L369,Credits / ODST : Production Engineering and Test / Testers
halo-3-odst,L37,Credits / ODST : Design / Cinematics Director
halo-3-odst,L370,Credits / ODST : Production Engineering and Test / Testers
halo-3-odst,L371,Credits / ODST : Production Engineering and Test / Testers
halo-3-odst,L372,Credits / ODST : Production Engineering and Test / Testers
halo-3-odst,L373,Credits / ODST : Production Engineering and Test / Testers
halo-3-odst,L374,Credits / ODST : Production Engineering and Test / Testers
halo-3-odst,L375,Credits / ODST : Production Engineering and Test / Testers
halo-3-odst,L376,Credits / ODST : Production Engineering and Test / Testers
halo-3-odst,L378,Credits / Bungie.net
halo-3-odst,L38,Credits / ODST : Design / Cinematics Director
halo-3-odst,L380,Credits / Bungie.net / Head of infrastructure & Bungie.net
halo-3-odst,L381,Credits / Bungie.net / Head of infrastructure & Bungie.net
halo-3-odst,L383,Credits / Bungie.net / Bungie.net writer
halo-3-odst,L384,Credits / Bungie.net / Bungie.net writer
halo-3-odst,L386,Credits / Bungie.net / Bungie.net Community
halo-3-odst,L387,Credits / Bungie.net / Bungie.net Community
halo-3-odst,L389,Credits / Bungie.net / Web Design
halo-3-odst,L390,Credits / Bungie.net / Web Design
halo-3-odst,L392,Credits / Bungie
halo-3-odst,L394,Credits / Bungie / IT Lead
halo-3-odst,L395,Credits / Bungie / IT Lead
halo-3-odst,L397,Credits / Bungie / IT Team
halo-3-odst,L398,Credits / Bungie / IT Team
halo-3-odst,L399,Credits / Bungie / IT Team
halo-3-odst,L40,Credits / ODST : Engineering
halo-3-odst,L400,Credits / Bungie / IT Team
halo-3-odst,L401,Credits / Bungie / IT Team
halo-3-odst,L402,Credits / Bungie / IT Team
halo-3-odst,L403,Credits / Bungie / IT Team
halo-3-odst,L404,Credits / Bungie / IT Team
halo-3-odst,L405,Credits / Bungie / IT Team
halo-3-odst,L406,Credits / Bungie / IT Team
halo-3-odst,L407,Credits / Bungie / IT Team
halo-3-odst,L408,Credits / Bungie / IT Team
halo-3-odst,L410,Credits / Bungie / Security Lead
halo-3-odst,L411,Credits / Bungie / Security Lead
halo-3-odst,L413,Credits / Bungie / Security
halo-3-odst,L414,Credits / Bungie / Security
halo-3-odst,L415,Credits / Bungie / Security
halo-3-odst,L416,Credits / Bungie / Security
halo-3-odst,L418,Credits / Bungie / President
halo-3-odst,L419,Credits / Bungie / President
halo-3-odst,L42,Credits / ODST : Engineering / Engineering Leads
halo-3-odst,L421,Credits / Bungie / Director of Marketing
halo-3-odst,L422,Credits / Bungie / Director of Marketing
halo-3-odst,L424,Credits / Bungie / Marketing/PR/Community
halo-3-odst,L425,Credits / Bungie / Marketing/PR/Community
halo-3-odst,L427,Credits / Bungie / Administration
halo-3-odst,L428,Credits / Bungie / Administration
halo-3-odst,L429,Credits / Bungie / Administration
halo-3-odst,L43,Credits / ODST : Engineering / Engineering Leads
halo-3-odst,L430,Credits / Bungie / Administration
halo-3-odst,L432,Credits / Bungie / Business development & finance
halo-3-odst,L433,Credits / Bungie / Business development & finance
halo-3-odst,L434,Credits / Bungie / Business development & finance
halo-3-odst,L435,Credits / Bungie / Business development & finance
halo-3-odst,L436,Credits / Bungie / Business development & finance
halo-3-odst,L437,Credits / Bungie / Business development & finance
halo-3-odst,L438,Credits / Bungie / Business development & finance
halo-3-odst,L439,Credits / Bungie / Business development & finance
halo-3-odst,L44,Credits / ODST : Engineering / Engineering Leads
halo-3-odst,L441,Credits / Bungie / HR
halo-3-odst,L442,Credits / Bungie / HR
halo-3-odst,L443,Credits / Bungie / HR
halo-3-odst,L444,Credits / Bungie / HR
halo-3-odst,L445,Credits / Bungie / HR
halo-3-odst,L446,Credits / Bungie / HR
halo-3-odst,L448,Credits / Halo 3 Contributors
halo-3-odst,L449,Credits / Halo 3 Contributors
halo-3-odst,L45,Credits / ODST : Engineering / Engineering Leads
halo-3-odst,L450,Credits / Halo 3 Contributors
halo-3-odst,L451,Credits / Halo 3 Contributors
halo-3-odst,L452,Credits / Halo 3 Contributors
halo-3-odst,L453,Credits / Halo 3 Contributors
halo-3-odst,L454,Credits / Halo 3 Contributors
halo-3-odst,L455,Credits / Halo 3 Contributors
halo-3-odst,L456,Credits / Halo 3 Contributors
halo-3-odst,L457,Credits / Halo 3 Contributors
halo-3-odst,L458,Credits / Halo 3 Contributors
halo-3-odst,L459,Credits / Halo 3 Contributors
halo-3-odst,L46,Credits / ODST : Engineering / Engineering Leads
halo-3-odst,L460,Credits / Halo 3 Contributors
halo-3-odst,L461,Credits / Halo 3 Contributors
halo-3-odst,L462,Credits / Halo 3 Contributors
halo-3-odst,L463,Credits / Halo 3 Contributors
halo-3-odst,L464,Credits / Halo 3 Contributors
halo-3-odst,L465,Credits / Halo 3 Contributors
halo-3-odst,L466,Credits / Halo 3 Contributors
halo-3-odst,L467,Credits / Halo 3 Contributors
halo-3-odst,L468,Credits / Halo 3 Contributors
halo-3-odst,L469,Credits / Halo 3 Contributors
halo-3-odst,L47,Credits / ODST : Engineering / Engineering Leads
halo-3-odst,L470,Credits / Halo 3 Contributors
halo-3-odst,L471,Credits / Halo 3 Contributors
halo-3-odst,L472,Credits / Halo 3 Contributors
halo-3-odst,L473,Credits / Halo 3 Contributors
halo-3-odst,L474,Credits / Halo 3 Contributors
halo-3-odst,L475,Credits / Halo 3 Contributors
halo-3-odst,L476,Credits / Halo 3 Contributors
halo-3-odst,L477,Credits / Halo 3 Contributors
halo-3-odst,L478,Credits / Halo 3 Contributors
halo-3-odst,L479,Credits / Halo 3 Contributors
halo-3-odst,L481,Credits / Halo 3 Contributors / ... And the Rest of the Bungie Crew
halo-3-odst,L482,Credits / Halo 3 Contributors / ... And the Rest of the Bungie Crew
halo-3-odst,L483,Credits / Halo 3 Contributors / ... And the Rest of the Bungie Crew
halo-3-odst,L484,Credits / Halo 3 Contributors / ... And the Rest of the Bungie Crew
halo-3-odst,L485,Credits / Halo 3 Contributors / ... And the Rest of the Bungie Crew
halo-3-odst,L486,Credits / Halo 3 Contributors / ... And the Rest of the Bungie Crew
halo-3-odst,L487,Credits / Halo 3 Contributors / ... And the Rest of the Bungie Crew
halo-3-odst,L488,Credits / Halo 3 Contributors / ... And the Rest of the Bungie Crew
halo-3-odst,L489,Credits / Halo 3 Contributors / ... And the Rest of the Bungie Crew
halo-3-odst,L49,Credits / ODST : Engineering / Engineering
halo-3-odst,L490,Credits / Halo 3 Contributors / ... And the Rest of the Bungie Crew
halo-3-odst,L491,Credits / Halo 3 Contributors / ... And the Rest of the Bungie Crew
halo-3-odst,L492,Credits / Halo 3 Contributors / ... And the Rest of the Bungie Crew
halo-3-odst,L493,Credits / Halo 3 Contributors / ... And the Rest of the Bungie Crew
halo-3-odst,L494,Credits / Halo 3 Contributors / ... And the Rest of the Bungie Crew
halo-3-odst,L495,Credits / Halo 3 Contributors / ... And the Rest of the Bungie Crew
halo-3-odst,L496,Credits / Halo 3 Contributors / ... And the Rest of the Bungie Crew
halo-3-odst,L497,Credits / Halo 3 Contributors / ... And the Rest of the Bungie Crew
halo-3-odst,L498,Credits / Halo 3 Contributors / ... And the Rest of the Bungie Crew
halo-3-odst,L499,Credits / Halo 3 Contributors / ... And the Rest of the Bungie Crew
halo-3-odst,L50,Credits / ODST : Engineering / Engineering
halo-3-odst,L500,Credits / Halo 3 Contributors / ... And the Rest of the Bungie Crew
halo-3-odst,L501,Credits / Halo 3 Contributors / ... And the Rest of the Bungie Crew
halo-3-odst,L502,Credits / Halo 3 Contributors / ... And the Rest of the Bungie Crew
halo-3-odst,L503,Credits / Halo 3 Contributors / ... And the Rest of the Bungie Crew
halo-3-odst,L504,Credits / Halo 3 Contributors / ... And the Rest of the Bungie Crew
halo-3-odst,L505,Credits / Halo 3 Contributors / ... And the Rest of the Bungie Crew
halo-3-odst,L506,Credits / Halo 3 Contributors / ... And the Rest of the Bungie Crew
halo-3-odst,L507,Credits / Halo 3 Contributors / ... And the Rest of the Bungie Crew
halo-3-odst,L508,Credits / Halo 3 Contributors / ... And the Rest of the Bungie Crew
halo-3-odst,L509,Credits / Halo 3 Contributors / ... And the Rest of the Bungie Crew
halo-3-odst,L51,Credits / ODST : Engineering / Engineering
halo-3-odst,L510,Credits / Halo 3 Contributors / ... And the Rest of the Bungie Crew
halo-3-odst,L512,Credits / ODST : Cinematic Animation Partners
halo-3-odst,L514,Credits / ODST : Cinematic Animation Partners / Animation supervisor
halo-3-odst,L515,Credits / ODST : Cinematic Animation Partners / Animation supervisor
halo-3-odst,L517,Credits / ODST : Cinematic Animation Partners / Production coordinator
halo-3-odst,L518,Credits / ODST : Cinematic Animation Partners / Production coordinator
halo-3-odst,L52,Credits / ODST : Engineering / Engineering
halo-3-odst,L520,Credits / ODST : Cinematic Animation Partners / Animators
halo-3-odst,L521,Credits / ODST : Cinematic Animation Partners / Animators
halo-3-odst,L522,Credits / ODST : Cinematic Animation Partners / Animators
halo-3-odst,L523,Credits / ODST : Cinematic Animation Partners / Animators
halo-3-odst,L524,Credits / ODST : Cinematic Animation Partners / Animators
halo-3-odst,L525,Credits / ODST : Cinematic Animation Partners / Animators
halo-3-odst,L526,Credits / ODST : Cinematic Animation Partners / Animators
halo-3-odst,L527,Credits / ODST : Cinematic Animation Partners / Animators
halo-3-odst,L528,Credits / ODST : Cinematic Animation Partners / Animators
halo-3-odst,L529,Credits / ODST : Cinematic Animation Partners / Animators
halo-3-odst,L53,Credits / ODST : Engineering / Engineering
halo-3-odst,L530,Credits / ODST : Cinematic Animation Partners / Animators
halo-3-odst,L531,Credits / ODST : Cinematic Animation Partners / Animators
halo-3-odst,L532,Credits / ODST : Cinematic Animation Partners / Animators
halo-3-odst,L533,Credits / ODST : Cinematic Animation Partners / Animators
halo-3-odst,L534,Credits / ODST : Cinematic Animation Partners / Animators
halo-3-odst,L535,Credits / ODST : Cinematic Animation Partners / Animators
halo-3-odst,L536,Credits / ODST : Cinematic Animation Partners / Animators
halo-3-odst,L537,Credits / ODST : Cinematic Animation Partners / Animators
halo-3-odst,L538,Credits / ODST : Cinematic Animation Partners / Animators
halo-3-odst,L539,Credits / ODST : Cinematic Animation Partners / Animators
halo-3-odst,L54,Credits / ODST : Engineering / Engineering
halo-3-odst,L540,Credits / ODST : Cinematic Animation Partners / Animators
halo-3-odst,L541,Credits / ODST : Cinematic Animation Partners / Animators
halo-3-odst,L542,Credits / ODST : Cinematic Animation Partners / Animators
halo-3-odst,L543,Credits / ODST : Cinematic Animation Partners / Animators
halo-3-odst,L544,Credits / ODST : Cinematic Animation Partners / Animators
halo-3-odst,L545,Credits / ODST : Cinematic Animation Partners / Animators
halo-3-odst,L546,Credits / ODST : Cinematic Animation Partners / Animators
halo-3-odst,L547,Credits / ODST : Cinematic Animation Partners / Animators
halo-3-odst,L548,Credits / ODST : Cinematic Animation Partners / Animators
halo-3-odst,L549,Credits / ODST : Cinematic Animation Partners / Animators
halo-3-odst,L55,Credits / ODST : Engineering / Engineering
halo-3-odst,L550,Credits / ODST : Cinematic Animation Partners / Animators
halo-3-odst,L551,Credits / ODST : Cinematic Animation Partners / Animators
halo-3-odst,L552,Credits / ODST : Cinematic Animation Partners / Animators
halo-3-odst,L553,Credits / ODST : Cinematic Animation Partners / Animators
halo-3-odst,L554,Credits / ODST : Cinematic Animation Partners / Animators
halo-3-odst,L555,Credits / ODST : Cinematic Animation Partners / Animators
halo-3-odst,L556,Credits / ODST : Cinematic Animation Partners / Animators
halo-3-odst,L557,Credits / ODST : Cinematic Animation Partners / Animators
halo-3-odst,L558,Credits / ODST : Cinematic Animation Partners / Animators
halo-3-odst,L559,Credits / ODST : Cinematic Animation Partners / Animators
halo-3-odst,L56,Credits / ODST : Engineering / Engineering
halo-3-odst,L560,Credits / ODST : Cinematic Animation Partners / Animators
halo-3-odst,L561,Credits / ODST : Cinematic Animation Partners / Animators
halo-3-odst,L563,Credits / ODST : Cast
halo-3-odst,L564,Credits / ODST : Cast
halo-3-odst,L565,Credits / ODST : Cast
halo-3-odst,L566,Credits / ODST : Cast
halo-3-odst,L567,Credits / ODST : Cast
halo-3-odst,L568,Credits / ODST : Cast
halo-3-odst,L569,Credits / ODST : Cast
halo-3-odst,L57,Credits / ODST : Engineering / Engineering
halo-3-odst,L570,Credits / ODST : Cast
halo-3-odst,L571,Credits / ODST : Cast
halo-3-odst,L572,Credits / ODST : Cast
halo-3-odst,L573,Credits / ODST : Cast
halo-3-odst,L574,Credits / ODST : Cast
halo-3-odst,L575,Credits / ODST : Cast
halo-3-odst,L576,Credits / ODST : Cast
halo-3-odst,L578,Credits / ODST : Cast / Marines
halo-3-odst,L579,Credits / ODST : Cast / Marines
halo-3-odst,L58,Credits / ODST : Engineering / Engineering
halo-3-odst,L580,Credits / ODST : Cast / Marines
halo-3-odst,L581,Credits / ODST : Cast / Marines
halo-3-odst,L582,Credits / ODST : Cast / Marines
halo-3-odst,L583,Credits / ODST : Cast / Marines
halo-3-odst,L584,Credits / ODST : Cast / Marines
halo-3-odst,L585,Credits / ODST : Cast / Marines
halo-3-odst,L586,Credits / ODST : Cast / Marines
halo-3-odst,L587,Credits / ODST : Cast / Marines
halo-3-odst,L588,Credits / ODST : Cast / Marines
halo-3-odst,L589,Credits / ODST : Cast / Marines
halo-3-odst,L59,Credits / ODST : Engineering / Engineering
halo-3-odst,L591,Credits / ODST : Cast / New Mombasa Police Department officers
halo-3-odst,L592,Credits / ODST : Cast / New Mombasa Police Department officers
halo-3-odst,L593,Credits / ODST : Cast / New Mombasa Police Department officers
halo-3-odst,L594,Credits / ODST : Cast / New Mombasa Police Department officers
halo-3-odst,L595,Credits / ODST : Cast / New Mombasa Police Department officers
halo-3-odst,L596,Credits / ODST : Cast / New Mombasa Police Department officers
halo-3-odst,L598,Credits / ODST : Cast / Brutes
halo-3-odst,L599,Credits / ODST : Cast / Brutes
halo-3-odst,L60,Credits / ODST : Engineering / Engineering
halo-3-odst,L600,Credits / ODST : Cast / Brutes
halo-3-odst,L601,Credits / ODST : Cast / Brutes
halo-3-odst,L602,Credits / ODST : Cast / Brutes
halo-3-odst,L603,Credits / ODST : Cast / Brutes
halo-3-odst,L604,Credits / ODST : Cast / Brutes
halo-3-odst,L605,Credits / ODST : Cast / Brutes
halo-3-odst,L607,Credits / ODST : Cast / Grunts
halo-3-odst,L608,Credits / ODST : Cast / Grunts
halo-3-odst,L609,Credits / ODST : Cast / Grunts
halo-3-odst,L61,Credits / ODST : Engineering / Engineering
halo-3-odst,L610,Credits / ODST : Cast / Grunts
halo-3-odst,L612,Credits / ODST : Cast / Superintendent
halo-3-odst,L613,Credits / ODST : Cast / Superintendent
halo-3-odst,L615,Credits / ODST : Sadie's Story
halo-3-odst,L617,Credits / ODST : Sadie's Story / Writing & Design
halo-3-odst,L618,Credits / ODST : Sadie's Story / Writing & Design
halo-3-odst,L62,Credits / ODST : Engineering / Engineering
halo-3-odst,L620,Credits / ODST : Sadie's Story / Artwork
halo-3-odst,L621,Credits / ODST : Sadie's Story / Artwork
halo-3-odst,L623,Credits / ODST : Sadie's Story / Cast
halo-3-odst,L624,Credits / ODST : Sadie's Story / Cast
halo-3-odst,L625,Credits / ODST : Sadie's Story / Cast
halo-3-odst,L626,Credits / ODST : Sadie's Story / Cast
halo-3-odst,L627,Credits / ODST : Sadie's Story / Cast
halo-3-odst,L628,Credits / ODST : Sadie's Story / Cast
halo-3-odst,L629,Credits / ODST : Sadie's Story / Cast
halo-3-odst,L63,Credits / ODST : Engineering / Engineering
halo-3-odst,L630,Credits / ODST : Sadie's Story / Cast
halo-3-odst,L631,Credits / ODST : Sadie's Story / Cast
halo-3-odst,L632,Credits / ODST : Sadie's Story / Cast
halo-3-odst,L633,Credits / ODST : Sadie's Story / Cast
halo-3-odst,L634,Credits / ODST : Sadie's Story / Cast
halo-3-odst,L635,Credits / ODST : Sadie's Story / Cast
halo-3-odst,L636,Credits / ODST : Sadie's Story / Cast
halo-3-odst,L637,Credits / ODST : Sadie's Story / Cast
halo-3-odst,L638,Credits / ODST : Sadie's Story / Cast
halo-3-odst,L639,Credits / ODST : Sadie's Story / Cast
halo-3-odst,L64,Credits / ODST : Engineering / Engineering
halo-3-odst,L640,Credits / ODST : Sadie's Story / Cast
halo-3-odst,L641,Credits / ODST : Sadie's Story / Cast
halo-3-odst,L642,Credits / ODST : Sadie's Story / Cast
halo-3-odst,L643,Credits / ODST : Sadie's Story / Cast
halo-3-odst,L644,Credits / ODST : Sadie's Story / Cast
halo-3-odst,L645,Credits / ODST : Sadie's Story / Cast
halo-3-odst,L646,Credits / ODST : Sadie's Story / Cast
halo-3-odst,L647,Credits / ODST : Sadie's Story / Cast
halo-3-odst,L648,Credits / ODST : Sadie's Story / Cast
halo-3-odst,L65,Credits / ODST : Engineering / Engineering
halo-3-odst,L650,Credits / ODST : Sadie's Story / Casting & Voice-Over Production Services
halo-3-odst,L651,Credits / ODST : Sadie's Story / Casting & Voice-Over Production Services
halo-3-odst,L653,Credits / Community
halo-3-odst,L654,Credits / Community
halo-3-odst,L655,Credits / Community
halo-3-odst,L656,Credits / Community
halo-3-odst,L657,Credits / Community
halo-3-odst,L658,Credits / Community
halo-3-odst,L659,Credits / Community
halo-3-odst,L66,Credits / ODST : Engineering / Engineering
halo-3-odst,L660,Credits / Community
halo-3-odst,L661,Credits / Community
halo-3-odst,L662,Credits / Community
halo-3-odst,L663,Credits / Community
halo-3-odst,L664,Credits / Community
halo-3-odst,L665,Credits / Community
halo-3-odst,L666,Credits / Community
halo-3-odst,L667,Credits / Community
halo-3-odst,L668,Credits / Community
halo-3-odst,L669,Credits / Community
halo-3-odst,L67,Credits / ODST : Engineering / Engineering
halo-3-odst,L670,Credits / Community
halo-3-odst,L671,Credits / Community
halo-3-odst,L672,Credits / Community
halo-3-odst,L673,Credits / Community
halo-3-odst,L674,Credits / Community
halo-3-odst,L676,Credits / Community / Special Thanks to
halo-3-odst,L677,Credits / Community / Special Thanks to
halo-3-odst,L678,Credits / Community / Special Thanks to
halo-3-odst,L679,Credits / Community / Special Thanks to
halo-3-odst,L68,Credits / ODST : Engineering / Engineering
halo-3-odst,L680,Credits / Community / Special Thanks to
halo-3-odst,L681,Credits / Community / Special Thanks to
halo-3-odst,L682,Credits / Community / Special Thanks to
halo-3-odst,L683,Credits / Community / Special Thanks to
halo-3-odst,L684,Credits / Community / Special Thanks to
halo-3-odst,L685,Credits / Community / Special Thanks to
halo-3-odst,L686,Credits / Community / Special Thanks to
halo-3-odst,L687,Credits / Community / Special Thanks to
halo-3-odst,L688,Credits / Community / Special Thanks to
halo-3-odst,L689,Credits / Community / Special Thanks to
halo-3-odst,L69,Credits / ODST : Engineering / Engineering
halo-3-odst,L691,Credits / Microsoft Game Studios
halo-3-odst,L693,Credits / Microsoft Game Studios / Executive Producer
halo-3-odst,L694,Credits / Microsoft Game Studios / Executive Producer
halo-3-odst,L696,Credits / Microsoft Game Studios / Lead Producer
halo-3-odst,L697,Credits / Microsoft Game Studios / Lead Producer
halo-3-odst,L699,Credits / Microsoft Game Studios / Producers
halo-3-odst,L70,Credits / ODST : Engineering / Engineering
halo-3-odst,L700,Credits / Microsoft Game Studios / Producers
halo-3-odst,L701,Credits / Microsoft Game Studios / Producers
halo-3-odst,L702,Credits / Microsoft Game Studios / Producers
halo-3-odst,L704,Credits / Microsoft Game Studios / Director of Art
halo-3-odst,L705,Credits / Microsoft Game Studios / Director of Art
halo-3-odst,L707,Credits / MGS : Business Development
halo-3-odst,L709,Credits / MGS : Business Development / Senior Director
halo-3-odst,L71,Credits / ODST : Engineering / Engineering
halo-3-odst,L710,Credits / MGS : Business Development / Senior Director
halo-3-odst,L712,Credits / MGS : Business Development / Director
halo-3-odst,L713,Credits / MGS : Business Development / Director
halo-3-odst,L715,Credits / MGS : Business Development / Business Lead
halo-3-odst,L716,Credits / MGS : Business Development / Business Lead
halo-3-odst,L718,Credits / MGS : User Experience
halo-3-odst,L72,Credits / ODST : Engineering / Engineering
halo-3-odst,L720,Credits / MGS : User Experience / Editing Leads
halo-3-odst,L721,Credits / MGS : User Experience / Editing Leads
halo-3-odst,L722,Credits / MGS : User Experience / Editing Leads
halo-3-odst,L723,Credits / MGS : User Experience / Editing Leads
halo-3-odst,L725,Credits / MGS : User Experience / Manuel Design Labs
halo-3-odst,L726,Credits / MGS : User Experience / Manuel Design Labs
halo-3-odst,L727,Credits / MGS : User Experience / Manuel Design Labs
halo-3-odst,L728,Credits / MGS : User Experience / Manuel Design Labs
halo-3-odst,L730,Credits / MGS : User Research
halo-3-odst,L732,Credits / MGS : User Research / User Research Lead
halo-3-odst,L733,Credits / MGS : User Research / User Research Lead
halo-3-odst,L735,Credits / MGS : User Research / User Research Engineers
halo-3-odst,L736,Credits / MGS : User Research / User Research Engineers
halo-3-odst,L737,Credits / MGS : User Research / User Research Engineers
halo-3-odst,L738,Credits / MGS : User Research / User Research Engineers
halo-3-odst,L74,Credits / ODST : Engineering / Additional Engineering
halo-3-odst,L740,Credits / MGS: Engineering
halo-3-odst,L742,Credits / MGS: Engineering / Engineering leads
halo-3-odst,L743,Credits / MGS: Engineering / Engineering leads
halo-3-odst,L744,Credits / MGS: Engineering / Engineering leads
halo-3-odst,L745,Credits / MGS: Engineering / Engineering leads
halo-3-odst,L746,Credits / MGS: Engineering / Engineering leads
halo-3-odst,L747,Credits / MGS: Engineering / Engineering leads
halo-3-odst,L749,Credits / MGS : Audio
halo-3-odst,L75,Credits / ODST : Engineering / Additional Engineering
halo-3-odst,L751,Credits / MGS : Audio / Additional sound design
halo-3-odst,L752,Credits / MGS : Audio / Additional sound design
halo-3-odst,L753,Credits / MGS : Audio / Additional sound design
halo-3-odst,L754,Credits / MGS : Audio / Additional sound design
halo-3-odst,L756,Credits / MGS : Marketing & Public Relations
halo-3-odst,L757,Credits / MGS : Marketing & Public Relations
halo-3-odst,L758,Credits / MGS : Marketing & Public Relations
halo-3-odst,L759,Credits / MGS : Marketing & Public Relations
halo-3-odst,L76,Credits / ODST : Engineering / Additional Engineering
halo-3-odst,L760,Credits / MGS : Marketing & Public Relations
halo-3-odst,L761,Credits / MGS : Marketing & Public Relations
halo-3-odst,L762,Credits / MGS : Marketing & Public Relations
halo-3-odst,L763,Credits / MGS : Marketing & Public Relations
halo-3-odst,L764,Credits / MGS : Marketing & Public Relations
halo-3-odst,L765,Credits / MGS : Marketing & Public Relations
halo-3-odst,L766,Credits / MGS : Marketing & Public Relations
halo-3-odst,L767,Credits / MGS : Marketing & Public Relations
halo-3-odst,L768,Credits / MGS : Marketing & Public Relations
halo-3-odst,L769,Credits / MGS : Marketing & Public Relations
halo-3-odst,L77,Credits / ODST : Engineering / Additional Engineering
halo-3-odst,L770,Credits / MGS : Marketing & Public Relations
halo-3-odst,L771,Credits / MGS : Marketing & Public Relations
halo-3-odst,L772,Credits / MGS : Marketing & Public Relations
halo-3-odst,L773,Credits / MGS : Marketing & Public Relations
halo-3-odst,L774,Credits / MGS : Marketing & Public Relations
halo-3-odst,L775,Credits / MGS : Marketing & Public Relations
halo-3-odst,L776,Credits / MGS : Marketing & Public Relations
halo-3-odst,L777,Credits / MGS : Marketing & Public Relations
halo-3-odst,L778,Credits / MGS : Marketing & Public Relations
halo-3-odst,L779,Credits / MGS : Marketing & Public Relations
halo-3-odst,L78,Credits / ODST : Engineering / Additional Engineering
halo-3-odst,L780,Credits / MGS : Marketing & Public Relations
halo-3-odst,L781,Credits / MGS : Marketing & Public Relations
halo-3-odst,L783,Credits / MGS : Test
halo-3-odst,L785,Credits / MGS : Test / Test Manager
halo-3-odst,L786,Credits / MGS : Test / Test Manager
halo-3-odst,L788,Credits / MGS : Test / Test Lead
halo-3-odst,L789,Credits / MGS : Test / Test Lead
halo-3-odst,L79,Credits / ODST : Engineering / Additional Engineering
halo-3-odst,L791,Credits / MGS : Test / SDets
halo-3-odst,L792,Credits / MGS : Test / SDets
halo-3-odst,L793,Credits / MGS : Test / SDets
halo-3-odst,L794,Credits / MGS : Test / SDets
halo-3-odst,L795,Credits / MGS : Test / SDets
halo-3-odst,L796,Credits / MGS : Test / SDets
halo-3-odst,L797,Credits / MGS : Test / SDets
halo-3-odst,L798,Credits / MGS : Test / SDets
halo-3-odst,L799,Credits / MGS : Test / SDets
halo-3-odst,L80,Credits / ODST : Engineering / Additional Engineering
halo-3-odst,L800,Credits / MGS : Test / SDets
halo-3-odst,L801,Credits / MGS : Test / SDets
halo-3-odst,L802,Credits / MGS : Test / SDets
halo-3-odst,L803,Credits / MGS : Test / SDets
halo-3-odst,L804,Credits / MGS : Test / SDets
halo-3-odst,L805,Credits / MGS : Test / SDets
halo-3-odst,L806,Credits / MGS : Test / SDets
halo-3-odst,L808,Credits / MGS : Test / Excell Data Corporation
halo-3-odst,L809,Credits / MGS : Test / Excell Data Corporation
halo-3-odst,L81,Credits / ODST : Engineering / Additional Engineering
halo-3-odst,L810,Credits / MGS : Test / Excell Data Corporation
halo-3-odst,L811,Credits / MGS : Test / Excell Data Corporation
halo-3-odst,L812,Credits / MGS : Test / Excell Data Corporation
halo-3-odst,L813,Credits / MGS : Test / Excell Data Corporation
halo-3-odst,L814,Credits / MGS : Test / Excell Data Corporation
halo-3-odst,L815,Credits / MGS : Test / Excell Data Corporation
halo-3-odst,L816,Credits / MGS : Test / Excell Data Corporation
halo-3-odst,L817,Credits / MGS : Test / Excell Data Corporation
halo-3-odst,L818,Credits / MGS : Test / Excell Data Corporation
halo-3-odst,L819,Credits / MGS : Test / Excell Data Corporation
halo-3-odst,L82,Credits / ODST : Engineering / Additional Engineering
halo-3-odst,L820,Credits / MGS : Test / Excell Data Corporation
halo-3-odst,L821,Credits / MGS : Test / Excell Data Corporation
halo-3-odst,L822,Credits / MGS : Test / Excell Data Corporation
halo-3-odst,L823,Credits / MGS : Test / Excell Data Corporation
halo-3-odst,L824,Credits / MGS : Test / Excell Data Corporation
halo-3-odst,L825,Credits / MGS : Test / Excell Data Corporation
halo-3-odst,L826,Credits / MGS : Test / Excell Data Corporation
halo-3-odst,L827,Credits / MGS : Test / Excell Data Corporation
halo-3-odst,L828,Credits / MGS : Test / Excell Data Corporation
halo-3-odst,L829,Credits / MGS : Test / Excell Data Corporation
halo-3-odst,L83,Credits / ODST : Engineering / Additional Engineering
halo-3-odst,L830,Credits / MGS : Test / Excell Data Corporation
halo-3-odst,L831,Credits / MGS : Test / Excell Data Corporation
halo-3-odst,L833,Credits / MGS : Test / Volt
halo-3-odst,L834,Credits / MGS : Test / Volt
halo-3-odst,L835,Credits / MGS : Test / Volt
halo-3-odst,L836,Credits / MGS : Test / Volt
halo-3-odst,L837,Credits / MGS : Test / Volt
halo-3-odst,L838,Credits / MGS : Test / Volt
halo-3-odst,L839,Credits / MGS : Test / Volt
halo-3-odst,L84,Credits / ODST : Engineering / Additional Engineering
halo-3-odst,L840,Credits / MGS : Test / Volt
halo-3-odst,L841,Credits / MGS : Test / Volt
halo-3-odst,L842,Credits / MGS : Test / Volt
halo-3-odst,L843,Credits / MGS : Test / Volt
halo-3-odst,L844,Credits / MGS : Test / Volt
halo-3-odst,L845,Credits / MGS : Test / Volt
halo-3-odst,L846,Credits / MGS : Test / Volt
halo-3-odst,L847,Credits / MGS : Test / Volt
halo-3-odst,L848,Credits / MGS : Test / Volt
halo-3-odst,L849,Credits / MGS : Test / Volt
halo-3-odst,L85,Credits / ODST : Engineering / Additional Engineering
halo-3-odst,L850,Credits / MGS : Test / Volt
halo-3-odst,L852,Credits / MGS : Localization
halo-3-odst,L854,Credits / MGS : Localization / Dublin Localization Team
halo-3-odst,L856,Credits / MGS : Localization / Program Manager
halo-3-odst,L857,Credits / MGS : Localization / Program Manager
halo-3-odst,L859,Credits / MGS : Localization / Software Manager
halo-3-odst,L86,Credits / ODST : Engineering / Additional Engineering
halo-3-odst,L860,Credits / MGS : Localization / Software Manager
halo-3-odst,L862,Credits / MGS : Localization / Audio Producer
halo-3-odst,L863,Credits / MGS : Localization / Audio Producer
halo-3-odst,L865,Credits / MGS : Localization / Japan Localization Team
halo-3-odst,L867,Credits / MGS : Localization / Program Manager
halo-3-odst,L868,Credits / MGS : Localization / Program Manager
halo-3-odst,L87,Credits / ODST : Engineering / Additional Engineering
halo-3-odst,L870,Credits / MGS : Localization / Content Editor
halo-3-odst,L871,Credits / MGS : Localization / Content Editor
halo-3-odst,L873,Credits / MGS : Localization / Software Test Engineers
halo-3-odst,L874,Credits / MGS : Localization / Software Test Engineers
halo-3-odst,L875,Credits / MGS : Localization / Software Test Engineers
halo-3-odst,L876,Credits / MGS : Localization / Software Test Engineers
halo-3-odst,L878,Credits / MGS : Localization / Korea Localization Team
halo-3-odst,L88,Credits / ODST : Engineering / Additional Engineering
halo-3-odst,L880,Credits / MGS : Localization / Program Manager
halo-3-odst,L881,Credits / MGS : Localization / Program Manager
halo-3-odst,L883,Credits / MGS : Localization / Localization Program Manager
halo-3-odst,L884,Credits / MGS : Localization / Localization Program Manager
halo-3-odst,L886,Credits / MGS : Localization / Software Test Engineer
halo-3-odst,L887,Credits / MGS : Localization / Software Test Engineer
halo-3-odst,L889,Credits / MGS : Localization / Taiwan Localization Team
halo-3-odst,L89,Credits / ODST : Engineering / Additional Engineering
halo-3-odst,L891,Credits / MGS : Localization / Program Manager
halo-3-odst,L892,Credits / MGS : Localization / Program Manager
halo-3-odst,L894,Credits / MGS : Localization / Localization Program Manager
halo-3-odst,L895,Credits / MGS : Localization / Localization Program Manager
halo-3-odst,L897,Credits / MGS : Localization / Software Test Engineer
halo-3-odst,L898,Credits / MGS : Localization / Software Test Engineer
halo-3-odst,L90,Credits / ODST : Engineering / Additional Engineering
halo-3-odst,L900,Credits / MGS : Special Thanks
halo-3-odst,L901,Credits / MGS : Special Thanks
halo-3-odst,L902,Credits / MGS : Special Thanks
halo-3-odst,L903,Credits / MGS : Special Thanks
halo-3-odst,L904,Credits / MGS : Special Thanks
halo-3-odst,L905,Credits / MGS : Special Thanks
halo-3-odst,L906,Credits / MGS : Special Thanks
halo-3-odst,L907,Credits / MGS : Special Thanks
halo-3-odst,L908,Credits / MGS : Special Thanks
halo-3-odst,L909,Credits / MGS : Special Thanks
halo-3-odst,L91,Credits / ODST : Engineering / Additional Engineering
halo-3-odst,L910,Credits / MGS : Special Thanks
halo-3-odst,L911,Credits / MGS : Special Thanks
halo-3-odst,L912,Credits / MGS : Special Thanks
halo-3-odst,L913,Credits / MGS : Special Thanks
halo-3-odst,L914,Credits / MGS : Special Thanks
halo-3-odst,L915,Credits / MGS : Special Thanks
halo-3-odst,L916,Credits / MGS : Special Thanks
halo-3-odst,L917,Credits / MGS : Special Thanks
halo-3-odst,L918,Credits / MGS : Special Thanks
halo-3-odst,L919,Credits / MGS : Special Thanks
halo-3-odst,L92,Credits / ODST : Engineering / Additional Engineering
halo-3-odst,L920,Credits / MGS : Special Thanks
halo-3-odst,L921,Credits / MGS : Special Thanks
halo-3-odst,L922,Credits / MGS : Special Thanks
halo-3-odst,L923,Credits / MGS : Special Thanks
halo-3-odst,L924,Credits / MGS : Special Thanks
halo-3-odst,L925,Credits / MGS : Special Thanks
halo-3-odst,L926,Credits / MGS : Special Thanks
halo-3-odst,L927,Credits / MGS : Special Thanks
halo-3-odst,L928,Credits / MGS : Special Thanks
halo-3-odst,L929,Credits / MGS : Special Thanks
halo-3-odst,L93,Credits / ODST : Engineering / Additional Engineering
halo-3-odst,L930,Credits / MGS : Special Thanks
halo-3-odst,L931,Credits / MGS : Special Thanks
halo-3-odst,L932,Credits / MGS : Special Thanks
halo-3-odst,L933,Credits / MGS : Special Thanks
halo-3-odst,L934,Credits / MGS : Special Thanks
halo-3-odst,L935,Credits / MGS : Special Thanks
halo-3-odst,L936,Credits / MGS : Special Thanks
halo-3-odst,L937,Credits / MGS : Special Thanks
halo-3-odst,L938,Credits / MGS : Special Thanks
halo-3-odst,L939,Credits / MGS : Special Thanks
halo-3-odst,L940,Credits / MGS : Special Thanks
halo-3-odst,L941,Credits / MGS : Special Thanks
halo-3-odst,L942,Credits / MGS : Special Thanks
halo-3-odst,L943,Credits / MGS : Special Thanks
halo-3-odst,L944,Credits / MGS : Special Thanks
halo-3-odst,L945,Credits / MGS : Special Thanks
halo-3-odst,L946,Credits / MGS : Special Thanks
halo-3-odst,L947,Credits / MGS : Special Thanks
halo-3-odst,L948,Credits / MGS : Special Thanks
halo-3-odst,L949,Credits / MGS : Special Thanks
halo-3-odst,L95,Credits / ODST : Engineering / Tools Engineering
halo-3-odst,L951,Credits / Notices
halo-3-odst,L953,Credits / Notices / Havok
halo-3-odst,L954,Credits / Notices / Havok
halo-3-odst,L955,Credits / Notices / Havok
halo-3-odst,L957,Credits / Notices / WAVES
halo-3-odst,L958,Credits / Notices / WAVES
halo-3-odst,L96,Credits / ODST : Engineering / Tools Engineering
halo-3-odst,L960,Credits / Notices / FaceFX
halo-3-odst,L961,Credits / Notices / FaceFX
halo-3-odst,L963,Credits / Notices / Bink Video
halo-3-odst,L964,Credits / Notices / Bink Video
halo-3-odst,L965,Credits / Notices / Bink Video
halo-3-odst,L966,Credits / Notices / Bink Video
halo-3-odst,L967,Credits / Notices / Bink Video
halo-3-odst,L968,Credits / Notices / Bink Video
halo-3-odst,L969,Credits / Notices / Bink Video
halo-3-odst,L97,Credits / ODST : Engineering / Tools Engineering
halo-3-odst,L970,Credits / Notices / Bink Video
halo-3-odst,L971,Credits / Notices / Bink Video
halo-3-odst,L972,Credits / Notices / Bink Video
halo-3-odst,L973,Credits / Notices / Bink Video
halo-3-odst,L974,Credits / Notices / Bink Video
halo-3-odst,L975,Credits / Notices / Bink Video
halo-3-odst,L976,Credits / Notices / Bink Video
halo-3-odst,L98,Credits / ODST : Engineering / Tools Engineering
halo-3-odst,L99,Credits / ODST : Engineering / Tools Engineering
halo-3-odst,mobygames:tr0,Xbox 360 credits (2009)
halo-3-odst,mobygames:tr1,ODST: Design
halo-3-odst,mobygames:tr10,ODST: Engineering
halo-3-odst,mobygames:tr100,Microsoft Game Studios
halo-3-odst,mobygames:tr101,Microsoft Game Studios
halo-3-odst,mobygames:tr102,Microsoft Game Studios
halo-3-odst,mobygames:tr103,MGS: Business Development
halo-3-odst,mobygames:tr104,MGS: Business Development
halo-3-odst,mobygames:tr105,MGS: Business Development
halo-3-odst,mobygames:tr106,MGS: Business Development
halo-3-odst,mobygames:tr107,MGS: User Experience
halo-3-odst,mobygames:tr108,MGS: User Experience
halo-3-odst,mobygames:tr109,MGS: User Experience
halo-3-odst,mobygames:tr11,ODST: Engineering
halo-3-odst,mobygames:tr110,MGS: Research
halo-3-odst,mobygames:tr111,MGS: Research
halo-3-odst,mobygames:tr112,MGS: Research
halo-3-odst,mobygames:tr113,MGS: Engineering
halo-3-odst,mobygames:tr114,MGS: Engineering
halo-3-odst,mobygames:tr115,MGS: Audio
halo-3-odst,mobygames:tr116,MGS: Audio
halo-3-odst,mobygames:tr117,MGS: Marketing & Public Relations
halo-3-odst,mobygames:tr118,MGS: Marketing & Public Relations
halo-3-odst,mobygames:tr119,MGS: Marketing & Public Relations
halo-3-odst,mobygames:tr12,ODST: Engineering
halo-3-odst,mobygames:tr120,MGS: Test
halo-3-odst,mobygames:tr121,MGS: Test
halo-3-odst,mobygames:tr122,MGS: Test
halo-3-odst,mobygames:tr123,MGS: Test
halo-3-odst,mobygames:tr124,MGS: Test
halo-3-odst,mobygames:tr125,MGS: Test
halo-3-odst,mobygames:tr126,MGS: Localization (Dublin)
halo-3-odst,mobygames:tr127,MGS: Localization (Dublin)
halo-3-odst,mobygames:tr128,MGS: Localization (Dublin)
halo-3-odst,mobygames:tr129,MGS: Localization (Dublin)
halo-3-odst,mobygames:tr13,ODST: Engineering
halo-3-odst,mobygames:tr130,MGS: Localization (Japan)
halo-3-odst,mobygames:tr131,MGS: Localization (Japan)
halo-3-odst,mobygames:tr132,MGS: Localization (Japan)
halo-3-odst,mobygames:tr133,MGS: Localization (Japan)
halo-3-odst,mobygames:tr134,MGS: Localization (Korea)
halo-3-odst,mobygames:tr135,MGS: Localization (Korea)
halo-3-odst,mobygames:tr136,MGS: Localization (Korea)
halo-3-odst,mobygames:tr137,MGS: Localization (Korea)
halo-3-odst,mobygames:tr138,MGS: Localization (Taiwan)
halo-3-odst,mobygames:tr139,MGS: Localization (Taiwan)
halo-3-odst,mobygames:tr14,ODST: Art
halo-3-odst,mobygames:tr140,MGS: Localization (Taiwan)
halo-3-odst,mobygames:tr141,MGS: Localization (Taiwan)
halo-3-odst,mobygames:tr142,MGS: Special Thanks
halo-3-odst,mobygames:tr143,MGS: Special Thanks
halo-3-odst,mobygames:tr144,Notices
halo-3-odst,mobygames:tr15,ODST: Art
halo-3-odst,mobygames:tr16,ODST: Art
halo-3-odst,mobygames:tr17,ODST: Art
halo-3-odst,mobygames:tr18,ODST: Art
halo-3-odst,mobygames:tr19,ODST: Art
halo-3-odst,mobygames:tr2,ODST: Design
halo-3-odst,mobygames:tr20,ODST: Art
halo-3-odst,mobygames:tr21,ODST: Art
halo-3-odst,mobygames:tr22,ODST: Art
halo-3-odst,mobygames:tr23,ODST: Art
halo-3-odst,mobygames:tr24,ODST: Art
halo-3-odst,mobygames:tr25,ODST: Art
halo-3-odst,mobygames:tr26,ODST: Art
halo-3-odst,mobygames:tr27,ODST: Art
halo-3-odst,mobygames:tr28,ODST: Art
halo-3-odst,mobygames:tr29,ODST: Art
halo-3-odst,mobygames:tr3,ODST: Design
halo-3-odst,mobygames:tr30,ODST: Art
halo-3-odst,mobygames:tr31,ODST: Art
halo-3-odst,mobygames:tr32,ODST: Art
halo-3-odst,mobygames:tr33,ODST: Art
halo-3-odst,mobygames:tr34,ODST: Audio
halo-3-odst,mobygames:tr35,ODST: Audio
halo-3-odst,mobygames:tr36,ODST: Audio
halo-3-odst,mobygames:tr37,ODST: Audio
halo-3-odst,mobygames:tr38,ODST: Audio
halo-3-odst,mobygames:tr39,ODST: Audio
halo-3-odst,mobygames:tr4,ODST: Design
halo-3-odst,mobygames:tr40,ODST: Production
halo-3-odst,mobygames:tr41,ODST: Production
halo-3-odst,mobygames:tr42,ODST: Production
halo-3-odst,mobygames:tr43,ODST: Production
halo-3-odst,mobygames:tr44,ODST: Production Engineering & Test
halo-3-odst,mobygames:tr45,ODST: Production Engineering & Test
halo-3-odst,mobygames:tr46,ODST: Production Engineering & Test
halo-3-odst,mobygames:tr47,ODST: Production Engineering & Test
halo-3-odst,mobygames:tr48,ODST: Production Engineering & Test
halo-3-odst,mobygames:tr49,ODST: Production Engineering & Test
halo-3-odst,mobygames:tr5,ODST: Design
halo-3-odst,mobygames:tr50,Bungie.Net
halo-3-odst,mobygames:tr51,Bungie.Net
halo-3-odst,mobygames:tr52,Bungie.Net
halo-3-odst,mobygames:tr53,Bungie.Net
halo-3-odst,mobygames:tr54,Bungie.Net
halo-3-odst,mobygames:tr55,Bungie
halo-3-odst,mobygames:tr56,Bungie
halo-3-odst,mobygames:tr57,Bungie
halo-3-odst,mobygames:tr58,Bungie
halo-3-odst,mobygames:tr59,Bungie
halo-3-odst,mobygames:tr6,ODST: Design
halo-3-odst,mobygames:tr60,Bungie
halo-3-odst,mobygames:tr61,Bungie
halo-3-odst,mobygames:tr62,Bungie
halo-3-odst,mobygames:tr63,Bungie
halo-3-odst,mobygames:tr64,Bungie
halo-3-odst,mobygames:tr65,Bungie
halo-3-odst,mobygames:tr66,Bungie
halo-3-odst,mobygames:tr67,Bungie
halo-3-odst,mobygames:tr68,Bungie
halo-3-odst,mobygames:tr69,Bungie
halo-3-odst,mobygames:tr7,ODST: Design
halo-3-odst,mobygames:tr70,Bungie
halo-3-odst,mobygames:tr71,ODST: Cinematic Animation Partners
halo-3-odst,mobygames:tr72,ODST: Cinematic Animation Partners
halo-3-odst,mobygames:tr73,ODST: Cinematic Animation Partners
halo-3-odst,mobygames:tr74,ODST: Cinematic Animation Partners
halo-3-odst,mobygames:tr75,ODST: Cast
halo-3-odst,mobygames:tr76,ODST: Cast
halo-3-odst,mobygames:tr77,ODST: Cast
halo-3-odst,mobygames:tr78,ODST: Cast
halo-3-odst,mobygames:tr79,ODST: Cast
halo-3-odst,mobygames:tr8,ODST: Engineering
halo-3-odst,mobygames:tr80,ODST: Cast
halo-3-odst,mobygames:tr81,ODST: Cast
halo-3-odst,mobygames:tr82,ODST: Cast
halo-3-odst,mobygames:tr83,ODST: Cast
halo-3-odst,mobygames:tr84,ODST: Cast
halo-3-odst,mobygames:tr85,ODST: Cast
halo-3-odst,mobygames:tr86,ODST: Cast
halo-3-odst,mobygames:tr87,ODST: Cast
halo-3-odst,mobygames:tr88,"ODST: ""Sadie's Story"""
halo-3-odst,mobygames:tr89,"ODST: ""Sadie's Story"""
halo-3-odst,mobygames:tr9,ODST: Engineering
halo-3-odst,mobygames:tr90,"ODST: ""Sadie's Story"""
halo-3-odst,mobygames:tr91,"ODST: ""Sadie's Story"""
halo-3-odst,mobygames:tr92,"ODST: ""Sadie's Story"""
halo-3-odst,mobygames:tr93,"ODST: ""Sadie's Story"""
halo-3-odst,mobygames:tr94,Community
halo-3-odst,mobygames:tr95,Community
halo-3-odst,mobygames:tr96,Special Thanks to
halo-3-odst,mobygames:tr97,Special Thanks to
halo-3-odst,mobygames:tr98,Microsoft Game Studios
halo-3-odst,mobygames:tr99,Microsoft Game Studios
halo-4,L100,Credits / Infinity Design
halo-4,L1000,Credits / Licensing Team
halo-4,L1001,Credits / Licensing Team
halo-4,L1002,Credits / Licensing Team
halo-4,L1004,Credits / IT
halo-4,L1005,Credits / IT
halo-4,L1006,Credits / IT
halo-4,L1007,Credits / IT
halo-4,L1008,Credits / IT
halo-4,L1009,Credits / IT
halo-4,L101,Credits / Infinity Design
halo-4,L1010,Credits / IT
halo-4,L1011,Credits / IT
halo-4,L1012,Credits / IT
halo-4,L1013,Credits / IT
halo-4,L1014,Credits / IT
halo-4,L1015,Credits / IT
halo-4,L1016,Credits / IT
halo-4,L1017,Credits / IT
halo-4,L1018,Credits / IT
halo-4,L1019,Credits / IT
halo-4,L102,Credits / Infinity Design
halo-4,L1021,Credits / Studio Production & Administration
halo-4,L1022,Credits / Studio Production & Administration
halo-4,L1023,Credits / Studio Production & Administration
halo-4,L1024,Credits / Studio Production & Administration
halo-4,L1025,Credits / Studio Production & Administration
halo-4,L1026,Credits / Studio Production & Administration
halo-4,L1027,Credits / Studio Production & Administration
halo-4,L1028,Credits / Studio Production & Administration
halo-4,L1029,Credits / Studio Production & Administration
halo-4,L103,Credits / Infinity Design
halo-4,L1030,Credits / Studio Production & Administration
halo-4,L1032,Credits / Studio Production & Technology
halo-4,L1033,Credits / Studio Production & Technology
halo-4,L1034,Credits / Studio Production & Technology
halo-4,L1035,Credits / Studio Production & Technology
halo-4,L1037,Credits / Studio Management
halo-4,L1038,Credits / Studio Management
halo-4,L104,Credits / Infinity Design
halo-4,L1040,"Credits / Additional Multiplayer Design And Development By: Certain Affinity, Inc."
halo-4,L1041,"Credits / Additional Multiplayer Design And Development By: Certain Affinity, Inc."
halo-4,L1042,"Credits / Additional Multiplayer Design And Development By: Certain Affinity, Inc."
halo-4,L1043,"Credits / Additional Multiplayer Design And Development By: Certain Affinity, Inc."
halo-4,L1044,"Credits / Additional Multiplayer Design And Development By: Certain Affinity, Inc."
halo-4,L1045,"Credits / Additional Multiplayer Design And Development By: Certain Affinity, Inc."
halo-4,L1046,"Credits / Additional Multiplayer Design And Development By: Certain Affinity, Inc."
halo-4,L1047,"Credits / Additional Multiplayer Design And Development By: Certain Affinity, Inc."
halo-4,L1048,"Credits / Additional Multiplayer Design And Development By: Certain Affinity, Inc."
halo-4,L1049,"Credits / Additional Multiplayer Design And Development By: Certain Affinity, Inc."
halo-4,L105,Credits / Infinity Design
halo-4,L1050,"Credits / Additional Multiplayer Design And Development By: Certain Affinity, Inc."
halo-4,L1051,"Credits / Additional Multiplayer Design And Development By: Certain Affinity, Inc."
halo-4,L1052,"Credits / Additional Multiplayer Design And Development By: Certain Affinity, Inc."
halo-4,L1053,"Credits / Additional Multiplayer Design And Development By: Certain Affinity, Inc."
halo-4,L1054,"Credits / Additional Multiplayer Design And Development By: Certain Affinity, Inc."
halo-4,L1055,"Credits / Additional Multiplayer Design And Development By: Certain Affinity, Inc."
halo-4,L1056,"Credits / Additional Multiplayer Design And Development By: Certain Affinity, Inc."
halo-4,L1057,"Credits / Additional Multiplayer Design And Development By: Certain Affinity, Inc."
halo-4,L1058,"Credits / Additional Multiplayer Design And Development By: Certain Affinity, Inc."
halo-4,L1059,"Credits / Additional Multiplayer Design And Development By: Certain Affinity, Inc."
halo-4,L106,Credits / Infinity Design
halo-4,L1060,"Credits / Additional Multiplayer Design And Development By: Certain Affinity, Inc."
halo-4,L1061,"Credits / Additional Multiplayer Design And Development By: Certain Affinity, Inc."
halo-4,L1062,"Credits / Additional Multiplayer Design And Development By: Certain Affinity, Inc."
halo-4,L1063,"Credits / Additional Multiplayer Design And Development By: Certain Affinity, Inc."
halo-4,L1064,"Credits / Additional Multiplayer Design And Development By: Certain Affinity, Inc."
halo-4,L1065,"Credits / Additional Multiplayer Design And Development By: Certain Affinity, Inc."
halo-4,L1066,"Credits / Additional Multiplayer Design And Development By: Certain Affinity, Inc."
halo-4,L1067,"Credits / Additional Multiplayer Design And Development By: Certain Affinity, Inc."
halo-4,L1068,"Credits / Additional Multiplayer Design And Development By: Certain Affinity, Inc."
halo-4,L1069,"Credits / Additional Multiplayer Design And Development By: Certain Affinity, Inc."
halo-4,L107,Credits / Infinity Design
halo-4,L1070,"Credits / Additional Multiplayer Design And Development By: Certain Affinity, Inc."
halo-4,L1071,"Credits / Additional Multiplayer Design And Development By: Certain Affinity, Inc."
halo-4,L1072,"Credits / Additional Multiplayer Design And Development By: Certain Affinity, Inc."
halo-4,L1073,"Credits / Additional Multiplayer Design And Development By: Certain Affinity, Inc."
halo-4,L1074,"Credits / Additional Multiplayer Design And Development By: Certain Affinity, Inc."
halo-4,L1075,"Credits / Additional Multiplayer Design And Development By: Certain Affinity, Inc."
halo-4,L1076,"Credits / Additional Multiplayer Design And Development By: Certain Affinity, Inc."
halo-4,L1077,"Credits / Additional Multiplayer Design And Development By: Certain Affinity, Inc."
halo-4,L1078,"Credits / Additional Multiplayer Design And Development By: Certain Affinity, Inc."
halo-4,L1079,"Credits / Additional Multiplayer Design And Development By: Certain Affinity, Inc."
halo-4,L108,Credits / Infinity Design
halo-4,L1080,"Credits / Additional Multiplayer Design And Development By: Certain Affinity, Inc."
halo-4,L1081,"Credits / Additional Multiplayer Design And Development By: Certain Affinity, Inc."
halo-4,L1082,"Credits / Additional Multiplayer Design And Development By: Certain Affinity, Inc."
halo-4,L1083,"Credits / Additional Multiplayer Design And Development By: Certain Affinity, Inc."
halo-4,L1084,"Credits / Additional Multiplayer Design And Development By: Certain Affinity, Inc."
halo-4,L1085,"Credits / Additional Multiplayer Design And Development By: Certain Affinity, Inc."
halo-4,L1086,"Credits / Additional Multiplayer Design And Development By: Certain Affinity, Inc."
halo-4,L1087,"Credits / Additional Multiplayer Design And Development By: Certain Affinity, Inc."
halo-4,L1088,"Credits / Additional Multiplayer Design And Development By: Certain Affinity, Inc."
halo-4,L1089,"Credits / Additional Multiplayer Design And Development By: Certain Affinity, Inc."
halo-4,L109,Credits / Infinity Design
halo-4,L1090,"Credits / Additional Multiplayer Design And Development By: Certain Affinity, Inc."
halo-4,L1091,"Credits / Additional Multiplayer Design And Development By: Certain Affinity, Inc."
halo-4,L1092,"Credits / Additional Multiplayer Design And Development By: Certain Affinity, Inc."
halo-4,L1093,"Credits / Additional Multiplayer Design And Development By: Certain Affinity, Inc."
halo-4,L1094,"Credits / Additional Multiplayer Design And Development By: Certain Affinity, Inc."
halo-4,L1095,"Credits / Additional Multiplayer Design And Development By: Certain Affinity, Inc."
halo-4,L1096,"Credits / Additional Multiplayer Design And Development By: Certain Affinity, Inc."
halo-4,L1097,"Credits / Additional Multiplayer Design And Development By: Certain Affinity, Inc."
halo-4,L1098,"Credits / Additional Multiplayer Design And Development By: Certain Affinity, Inc."
halo-4,L1099,"Credits / Additional Multiplayer Design And Development By: Certain Affinity, Inc."
halo-4,L1100,"Credits / Additional Multiplayer Design And Development By: Certain Affinity, Inc."
halo-4,L1101,"Credits / Additional Multiplayer Design And Development By: Certain Affinity, Inc."
halo-4,L1102,"Credits / Additional Multiplayer Design And Development By: Certain Affinity, Inc."
halo-4,L1103,"Credits / Additional Multiplayer Design And Development By: Certain Affinity, Inc."
halo-4,L1104,"Credits / Additional Multiplayer Design And Development By: Certain Affinity, Inc."
halo-4,L1105,"Credits / Additional Multiplayer Design And Development By: Certain Affinity, Inc."
halo-4,L1106,"Credits / Additional Multiplayer Design And Development By: Certain Affinity, Inc."
halo-4,L1107,"Credits / Additional Multiplayer Design And Development By: Certain Affinity, Inc."
halo-4,L1108,"Credits / Additional Multiplayer Design And Development By: Certain Affinity, Inc."
halo-4,L1109,"Credits / Additional Multiplayer Design And Development By: Certain Affinity, Inc."
halo-4,L111,Credits / Narrative Design
halo-4,L1110,"Credits / Additional Multiplayer Design And Development By: Certain Affinity, Inc."
halo-4,L1111,"Credits / Additional Multiplayer Design And Development By: Certain Affinity, Inc."
halo-4,L1112,"Credits / Additional Multiplayer Design And Development By: Certain Affinity, Inc."
halo-4,L1113,"Credits / Additional Multiplayer Design And Development By: Certain Affinity, Inc."
halo-4,L1114,"Credits / Additional Multiplayer Design And Development By: Certain Affinity, Inc."
halo-4,L1115,"Credits / Additional Multiplayer Design And Development By: Certain Affinity, Inc."
halo-4,L1116,"Credits / Additional Multiplayer Design And Development By: Certain Affinity, Inc."
halo-4,L1117,"Credits / Additional Multiplayer Design And Development By: Certain Affinity, Inc."
halo-4,L1118,"Credits / Additional Multiplayer Design And Development By: Certain Affinity, Inc."
halo-4,L1119,"Credits / Additional Multiplayer Design And Development By: Certain Affinity, Inc."
halo-4,L112,Credits / Narrative Design
halo-4,L1120,"Credits / Additional Multiplayer Design And Development By: Certain Affinity, Inc."
halo-4,L1121,"Credits / Additional Multiplayer Design And Development By: Certain Affinity, Inc."
halo-4,L1122,"Credits / Additional Multiplayer Design And Development By: Certain Affinity, Inc."
halo-4,L1123,"Credits / Additional Multiplayer Design And Development By: Certain Affinity, Inc."
halo-4,L1124,"Credits / Additional Multiplayer Design And Development By: Certain Affinity, Inc."
halo-4,L1125,"Credits / Additional Multiplayer Design And Development By: Certain Affinity, Inc."
halo-4,L1126,"Credits / Additional Multiplayer Design And Development By: Certain Affinity, Inc."
halo-4,L1127,"Credits / Additional Multiplayer Design And Development By: Certain Affinity, Inc."
halo-4,L1128,"Credits / Additional Multiplayer Design And Development By: Certain Affinity, Inc."
halo-4,L1129,"Credits / Additional Multiplayer Design And Development By: Certain Affinity, Inc."
halo-4,L113,Credits / Narrative Design
halo-4,L1130,"Credits / Additional Multiplayer Design And Development By: Certain Affinity, Inc."
halo-4,L1131,"Credits / Additional Multiplayer Design And Development By: Certain Affinity, Inc."
halo-4,L1132,"Credits / Additional Multiplayer Design And Development By: Certain Affinity, Inc."
halo-4,L1133,"Credits / Additional Multiplayer Design And Development By: Certain Affinity, Inc."
halo-4,L1134,"Credits / Additional Multiplayer Design And Development By: Certain Affinity, Inc."
halo-4,L1135,"Credits / Additional Multiplayer Design And Development By: Certain Affinity, Inc."
halo-4,L1136,"Credits / Additional Multiplayer Design And Development By: Certain Affinity, Inc."
halo-4,L1137,"Credits / Additional Multiplayer Design And Development By: Certain Affinity, Inc."
halo-4,L1138,"Credits / Additional Multiplayer Design And Development By: Certain Affinity, Inc."
halo-4,L1139,"Credits / Additional Multiplayer Design And Development By: Certain Affinity, Inc."
halo-4,L114,Credits / Narrative Design
halo-4,L1140,"Credits / Additional Multiplayer Design And Development By: Certain Affinity, Inc."
halo-4,L1141,"Credits / Additional Multiplayer Design And Development By: Certain Affinity, Inc."
halo-4,L1142,"Credits / Additional Multiplayer Design And Development By: Certain Affinity, Inc."
halo-4,L1143,"Credits / Additional Multiplayer Design And Development By: Certain Affinity, Inc."
halo-4,L1144,"Credits / Additional Multiplayer Design And Development By: Certain Affinity, Inc."
halo-4,L1145,"Credits / Additional Multiplayer Design And Development By: Certain Affinity, Inc."
halo-4,L1146,"Credits / Additional Multiplayer Design And Development By: Certain Affinity, Inc."
halo-4,L1147,"Credits / Additional Multiplayer Design And Development By: Certain Affinity, Inc."
halo-4,L1148,"Credits / Additional Multiplayer Design And Development By: Certain Affinity, Inc."
halo-4,L1149,"Credits / Additional Multiplayer Design And Development By: Certain Affinity, Inc."
halo-4,L115,Credits / Narrative Design
halo-4,L1150,"Credits / Additional Multiplayer Design And Development By: Certain Affinity, Inc."
halo-4,L1151,"Credits / Additional Multiplayer Design And Development By: Certain Affinity, Inc."
halo-4,L1152,"Credits / Additional Multiplayer Design And Development By: Certain Affinity, Inc."
halo-4,L1153,"Credits / Additional Multiplayer Design And Development By: Certain Affinity, Inc."
halo-4,L1154,"Credits / Additional Multiplayer Design And Development By: Certain Affinity, Inc."
halo-4,L1155,"Credits / Additional Multiplayer Design And Development By: Certain Affinity, Inc."
halo-4,L1156,"Credits / Additional Multiplayer Design And Development By: Certain Affinity, Inc."
halo-4,L1157,"Credits / Additional Multiplayer Design And Development By: Certain Affinity, Inc."
halo-4,L1158,"Credits / Additional Multiplayer Design And Development By: Certain Affinity, Inc."
halo-4,L1159,"Credits / Additional Multiplayer Design And Development By: Certain Affinity, Inc."
halo-4,L116,Credits / Narrative Design
halo-4,L1160,"Credits / Additional Multiplayer Design And Development By: Certain Affinity, Inc."
halo-4,L1161,"Credits / Additional Multiplayer Design And Development By: Certain Affinity, Inc."
halo-4,L1162,"Credits / Additional Multiplayer Design And Development By: Certain Affinity, Inc."
halo-4,L1163,"Credits / Additional Multiplayer Design And Development By: Certain Affinity, Inc."
halo-4,L1164,"Credits / Additional Multiplayer Design And Development By: Certain Affinity, Inc."
halo-4,L1165,"Credits / Additional Multiplayer Design And Development By: Certain Affinity, Inc."
halo-4,L1166,"Credits / Additional Multiplayer Design And Development By: Certain Affinity, Inc."
halo-4,L1167,"Credits / Additional Multiplayer Design And Development By: Certain Affinity, Inc."
halo-4,L1168,"Credits / Additional Multiplayer Design And Development By: Certain Affinity, Inc."
halo-4,L1169,"Credits / Additional Multiplayer Design And Development By: Certain Affinity, Inc."
halo-4,L117,Credits / Narrative Design
halo-4,L1170,"Credits / Additional Multiplayer Design And Development By: Certain Affinity, Inc."
halo-4,L1171,"Credits / Additional Multiplayer Design And Development By: Certain Affinity, Inc."
halo-4,L1172,"Credits / Additional Multiplayer Design And Development By: Certain Affinity, Inc."
halo-4,L1173,"Credits / Additional Multiplayer Design And Development By: Certain Affinity, Inc."
halo-4,L1174,"Credits / Additional Multiplayer Design And Development By: Certain Affinity, Inc."
halo-4,L1175,"Credits / Additional Multiplayer Design And Development By: Certain Affinity, Inc."
halo-4,L1176,"Credits / Additional Multiplayer Design And Development By: Certain Affinity, Inc."
halo-4,L1177,"Credits / Additional Multiplayer Design And Development By: Certain Affinity, Inc."
halo-4,L1178,"Credits / Additional Multiplayer Design And Development By: Certain Affinity, Inc."
halo-4,L1179,"Credits / Additional Multiplayer Design And Development By: Certain Affinity, Inc."
halo-4,L118,Credits / Narrative Design
halo-4,L1180,"Credits / Additional Multiplayer Design And Development By: Certain Affinity, Inc."
halo-4,L1181,"Credits / Additional Multiplayer Design And Development By: Certain Affinity, Inc."
halo-4,L1182,"Credits / Additional Multiplayer Design And Development By: Certain Affinity, Inc."
halo-4,L1183,"Credits / Additional Multiplayer Design And Development By: Certain Affinity, Inc."
halo-4,L1184,"Credits / Additional Multiplayer Design And Development By: Certain Affinity, Inc."
halo-4,L1185,"Credits / Additional Multiplayer Design And Development By: Certain Affinity, Inc."
halo-4,L1186,"Credits / Additional Multiplayer Design And Development By: Certain Affinity, Inc."
halo-4,L1187,"Credits / Additional Multiplayer Design And Development By: Certain Affinity, Inc."
halo-4,L1188,"Credits / Additional Multiplayer Design And Development By: Certain Affinity, Inc."
halo-4,L1189,"Credits / Additional Multiplayer Design And Development By: Certain Affinity, Inc."
halo-4,L1190,"Credits / Additional Multiplayer Design And Development By: Certain Affinity, Inc."
halo-4,L1191,"Credits / Additional Multiplayer Design And Development By: Certain Affinity, Inc."
halo-4,L1192,"Credits / Additional Multiplayer Design And Development By: Certain Affinity, Inc."
halo-4,L1193,"Credits / Additional Multiplayer Design And Development By: Certain Affinity, Inc."
halo-4,L1194,"Credits / Additional Multiplayer Design And Development By: Certain Affinity, Inc."
halo-4,L1195,"Credits / Additional Multiplayer Design And Development By: Certain Affinity, Inc."
halo-4,L1196,"Credits / Additional Multiplayer Design And Development By: Certain Affinity, Inc."
halo-4,L1197,"Credits / Additional Multiplayer Design And Development By: Certain Affinity, Inc."
halo-4,L1198,"Credits / Additional Multiplayer Design And Development By: Certain Affinity, Inc."
halo-4,L1199,"Credits / Additional Multiplayer Design And Development By: Certain Affinity, Inc."
halo-4,L120,Credits / User Research
halo-4,L1200,"Credits / Additional Multiplayer Design And Development By: Certain Affinity, Inc."
halo-4,L1201,"Credits / Additional Multiplayer Design And Development By: Certain Affinity, Inc."
halo-4,L1202,"Credits / Additional Multiplayer Design And Development By: Certain Affinity, Inc."
halo-4,L1203,"Credits / Additional Multiplayer Design And Development By: Certain Affinity, Inc."
halo-4,L1204,"Credits / Additional Multiplayer Design And Development By: Certain Affinity, Inc."
halo-4,L1205,"Credits / Additional Multiplayer Design And Development By: Certain Affinity, Inc."
halo-4,L1206,"Credits / Additional Multiplayer Design And Development By: Certain Affinity, Inc."
halo-4,L1207,"Credits / Additional Multiplayer Design And Development By: Certain Affinity, Inc."
halo-4,L1208,"Credits / Additional Multiplayer Design And Development By: Certain Affinity, Inc."
halo-4,L1209,"Credits / Additional Multiplayer Design And Development By: Certain Affinity, Inc."
halo-4,L121,Credits / User Research
halo-4,L1210,"Credits / Additional Multiplayer Design And Development By: Certain Affinity, Inc."
halo-4,L1211,"Credits / Additional Multiplayer Design And Development By: Certain Affinity, Inc."
halo-4,L1213,Credits / Certain Affinity - Special Thanks
halo-4,L1214,Credits / Certain Affinity - Special Thanks
halo-4,L1215,Credits / Certain Affinity - Special Thanks
halo-4,L1216,Credits / Certain Affinity - Special Thanks
halo-4,L1217,Credits / Certain Affinity - Special Thanks
halo-4,L1218,Credits / Certain Affinity - Special Thanks
halo-4,L1219,Credits / Certain Affinity - Special Thanks
halo-4,L1220,Credits / Certain Affinity - Special Thanks
halo-4,L1221,Credits / Certain Affinity - Special Thanks
halo-4,L1222,Credits / Certain Affinity - Special Thanks
halo-4,L1223,Credits / Certain Affinity - Special Thanks
halo-4,L1224,Credits / Certain Affinity - Special Thanks
halo-4,L1225,Credits / Certain Affinity - Special Thanks
halo-4,L1226,Credits / Certain Affinity - Special Thanks
halo-4,L1227,Credits / Certain Affinity - Special Thanks
halo-4,L1228,Credits / Certain Affinity - Special Thanks
halo-4,L1229,Credits / Certain Affinity - Special Thanks
halo-4,L123,Credits / Animation Engineering
halo-4,L1230,Credits / Certain Affinity - Special Thanks
halo-4,L1231,Credits / Certain Affinity - Special Thanks
halo-4,L1232,Credits / Certain Affinity - Special Thanks
halo-4,L1234,Credits / Additional Multiplayer And Development By: Digital Extremes
halo-4,L1235,Credits / Additional Multiplayer And Development By: Digital Extremes
halo-4,L1236,Credits / Additional Multiplayer And Development By: Digital Extremes
halo-4,L1237,Credits / Additional Multiplayer And Development By: Digital Extremes
halo-4,L1238,Credits / Additional Multiplayer And Development By: Digital Extremes
halo-4,L1239,Credits / Additional Multiplayer And Development By: Digital Extremes
halo-4,L124,Credits / Animation Engineering
halo-4,L1240,Credits / Additional Multiplayer And Development By: Digital Extremes
halo-4,L1241,Credits / Additional Multiplayer And Development By: Digital Extremes
halo-4,L1242,Credits / Additional Multiplayer And Development By: Digital Extremes
halo-4,L1243,Credits / Additional Multiplayer And Development By: Digital Extremes
halo-4,L1244,Credits / Additional Multiplayer And Development By: Digital Extremes
halo-4,L1245,Credits / Additional Multiplayer And Development By: Digital Extremes
halo-4,L1246,Credits / Additional Multiplayer And Development By: Digital Extremes
halo-4,L1247,Credits / Additional Multiplayer And Development By: Digital Extremes
halo-4,L1248,Credits / Additional Multiplayer And Development By: Digital Extremes
halo-4,L1249,Credits / Additional Multiplayer And Development By: Digital Extremes
halo-4,L125,Credits / Animation Engineering
halo-4,L1250,Credits / Additional Multiplayer And Development By: Digital Extremes
halo-4,L1251,Credits / Additional Multiplayer And Development By: Digital Extremes
halo-4,L1252,Credits / Additional Multiplayer And Development By: Digital Extremes
halo-4,L1253,Credits / Additional Multiplayer And Development By: Digital Extremes
halo-4,L1254,Credits / Additional Multiplayer And Development By: Digital Extremes
halo-4,L1255,Credits / Additional Multiplayer And Development By: Digital Extremes
halo-4,L1256,Credits / Additional Multiplayer And Development By: Digital Extremes
halo-4,L1257,Credits / Additional Multiplayer And Development By: Digital Extremes
halo-4,L1258,Credits / Additional Multiplayer And Development By: Digital Extremes
halo-4,L1259,Credits / Additional Multiplayer And Development By: Digital Extremes
halo-4,L126,Credits / Animation Engineering
halo-4,L1260,Credits / Additional Multiplayer And Development By: Digital Extremes
halo-4,L1261,Credits / Additional Multiplayer And Development By: Digital Extremes
halo-4,L1262,Credits / Additional Multiplayer And Development By: Digital Extremes
halo-4,L1263,Credits / Additional Multiplayer And Development By: Digital Extremes
halo-4,L1264,Credits / Additional Multiplayer And Development By: Digital Extremes
halo-4,L1265,Credits / Additional Multiplayer And Development By: Digital Extremes
halo-4,L1266,Credits / Additional Multiplayer And Development By: Digital Extremes
halo-4,L1267,Credits / Additional Multiplayer And Development By: Digital Extremes
halo-4,L1268,Credits / Additional Multiplayer And Development By: Digital Extremes
halo-4,L1269,Credits / Additional Multiplayer And Development By: Digital Extremes
halo-4,L1270,Credits / Additional Multiplayer And Development By: Digital Extremes
halo-4,L1271,Credits / Additional Multiplayer And Development By: Digital Extremes
halo-4,L1272,Credits / Additional Multiplayer And Development By: Digital Extremes
halo-4,L1273,Credits / Additional Multiplayer And Development By: Digital Extremes
halo-4,L1274,Credits / Additional Multiplayer And Development By: Digital Extremes
halo-4,L1275,Credits / Additional Multiplayer And Development By: Digital Extremes
halo-4,L1276,Credits / Additional Multiplayer And Development By: Digital Extremes
halo-4,L1277,Credits / Additional Multiplayer And Development By: Digital Extremes
halo-4,L1278,Credits / Additional Multiplayer And Development By: Digital Extremes
halo-4,L1279,Credits / Additional Multiplayer And Development By: Digital Extremes
halo-4,L128,Credits / Audio Engineering
halo-4,L1280,Credits / Additional Multiplayer And Development By: Digital Extremes
halo-4,L1281,Credits / Additional Multiplayer And Development By: Digital Extremes
halo-4,L1282,Credits / Additional Multiplayer And Development By: Digital Extremes
halo-4,L1283,Credits / Additional Multiplayer And Development By: Digital Extremes
halo-4,L1284,Credits / Additional Multiplayer And Development By: Digital Extremes
halo-4,L1285,Credits / Additional Multiplayer And Development By: Digital Extremes
halo-4,L1286,Credits / Additional Multiplayer And Development By: Digital Extremes
halo-4,L1287,Credits / Additional Multiplayer And Development By: Digital Extremes
halo-4,L1288,Credits / Additional Multiplayer And Development By: Digital Extremes
halo-4,L1289,Credits / Additional Multiplayer And Development By: Digital Extremes
halo-4,L129,Credits / Audio Engineering
halo-4,L1290,Credits / Additional Multiplayer And Development By: Digital Extremes
halo-4,L1291,Credits / Additional Multiplayer And Development By: Digital Extremes
halo-4,L1292,Credits / Additional Multiplayer And Development By: Digital Extremes
halo-4,L1293,Credits / Additional Multiplayer And Development By: Digital Extremes
halo-4,L1294,Credits / Additional Multiplayer And Development By: Digital Extremes
halo-4,L1295,Credits / Additional Multiplayer And Development By: Digital Extremes
halo-4,L1296,Credits / Additional Multiplayer And Development By: Digital Extremes
halo-4,L1297,Credits / Additional Multiplayer And Development By: Digital Extremes
halo-4,L1298,Credits / Additional Multiplayer And Development By: Digital Extremes
halo-4,L1299,Credits / Additional Multiplayer And Development By: Digital Extremes
halo-4,L1300,Credits / Additional Multiplayer And Development By: Digital Extremes
halo-4,L1301,Credits / Additional Multiplayer And Development By: Digital Extremes
halo-4,L1302,Credits / Additional Multiplayer And Development By: Digital Extremes
halo-4,L1303,Credits / Additional Multiplayer And Development By: Digital Extremes
halo-4,L1304,Credits / Additional Multiplayer And Development By: Digital Extremes
halo-4,L1305,Credits / Additional Multiplayer And Development By: Digital Extremes
halo-4,L1306,Credits / Additional Multiplayer And Development By: Digital Extremes
halo-4,L1307,Credits / Additional Multiplayer And Development By: Digital Extremes
halo-4,L1309,Credits / Test Reserves
halo-4,L131,Credits / Graphics Engineering
halo-4,L1310,Credits / Test Reserves
halo-4,L1311,Credits / Test Reserves
halo-4,L1312,Credits / Test Reserves
halo-4,L1313,Credits / Test Reserves
halo-4,L1314,Credits / Test Reserves
halo-4,L1315,Credits / Test Reserves
halo-4,L1316,Credits / Test Reserves
halo-4,L1317,Credits / Test Reserves
halo-4,L1318,Credits / Test Reserves
halo-4,L1319,Credits / Test Reserves
halo-4,L132,Credits / Graphics Engineering
halo-4,L1320,Credits / Test Reserves
halo-4,L1321,Credits / Test Reserves
halo-4,L1322,Credits / Test Reserves
halo-4,L1323,Credits / Test Reserves
halo-4,L1324,Credits / Test Reserves
halo-4,L1325,Credits / Test Reserves
halo-4,L1326,Credits / Test Reserves
halo-4,L1327,Credits / Test Reserves
halo-4,L1328,Credits / Test Reserves
halo-4,L1329,Credits / Test Reserves
halo-4,L133,Credits / Graphics Engineering
halo-4,L1330,Credits / Test Reserves
halo-4,L1331,Credits / Test Reserves
halo-4,L1332,Credits / Test Reserves
halo-4,L1333,Credits / Test Reserves
halo-4,L1334,Credits / Test Reserves
halo-4,L1335,Credits / Test Reserves
halo-4,L1336,Credits / Test Reserves
halo-4,L1337,Credits / Test Reserves
halo-4,L1338,Credits / Test Reserves
halo-4,L1339,Credits / Test Reserves
halo-4,L134,Credits / Graphics Engineering
halo-4,L1340,Credits / Test Reserves
halo-4,L1341,Credits / Test Reserves
halo-4,L1342,Credits / Test Reserves
halo-4,L1343,Credits / Test Reserves
halo-4,L1344,Credits / Test Reserves
halo-4,L1345,Credits / Test Reserves
halo-4,L1346,Credits / Test Reserves
halo-4,L1347,Credits / Test Reserves
halo-4,L1348,Credits / Test Reserves
halo-4,L1349,Credits / Test Reserves
halo-4,L135,Credits / Graphics Engineering
halo-4,L1350,Credits / Test Reserves
halo-4,L1351,Credits / Test Reserves
halo-4,L1352,Credits / Test Reserves
halo-4,L1353,Credits / Test Reserves
halo-4,L1354,Credits / Test Reserves
halo-4,L1355,Credits / Test Reserves
halo-4,L1356,Credits / Test Reserves
halo-4,L1357,Credits / Test Reserves
halo-4,L1358,Credits / Test Reserves
halo-4,L1359,Credits / Test Reserves
halo-4,L136,Credits / Graphics Engineering
halo-4,L1360,Credits / Test Reserves
halo-4,L1361,Credits / Test Reserves
halo-4,L1362,Credits / Test Reserves
halo-4,L1363,Credits / Test Reserves
halo-4,L1364,Credits / Test Reserves
halo-4,L1365,Credits / Test Reserves
halo-4,L1366,Credits / Test Reserves
halo-4,L1367,Credits / Test Reserves
halo-4,L1368,Credits / Test Reserves
halo-4,L1369,Credits / Test Reserves
halo-4,L137,Credits / Graphics Engineering
halo-4,L1370,Credits / Test Reserves
halo-4,L1371,Credits / Test Reserves
halo-4,L1372,Credits / Test Reserves
halo-4,L1373,Credits / Test Reserves
halo-4,L1374,Credits / Test Reserves
halo-4,L1375,Credits / Test Reserves
halo-4,L1376,Credits / Test Reserves
halo-4,L1377,Credits / Test Reserves
halo-4,L1378,Credits / Test Reserves
halo-4,L1379,Credits / Test Reserves
halo-4,L138,Credits / Graphics Engineering
halo-4,L1380,Credits / Test Reserves
halo-4,L1381,Credits / Test Reserves
halo-4,L1382,Credits / Test Reserves
halo-4,L1383,Credits / Test Reserves
halo-4,L1384,Credits / Test Reserves
halo-4,L1385,Credits / Test Reserves
halo-4,L1386,Credits / Test Reserves
halo-4,L1387,Credits / Test Reserves
halo-4,L1388,Credits / Test Reserves
halo-4,L1389,Credits / Test Reserves
halo-4,L139,Credits / Graphics Engineering
halo-4,L1390,Credits / Test Reserves
halo-4,L1391,Credits / Test Reserves
halo-4,L1392,Credits / Test Reserves
halo-4,L1393,Credits / Test Reserves
halo-4,L1394,Credits / Test Reserves
halo-4,L1395,Credits / Test Reserves
halo-4,L1396,Credits / Test Reserves
halo-4,L1397,Credits / Test Reserves
halo-4,L1398,Credits / Test Reserves
halo-4,L1399,Credits / Test Reserves
halo-4,L14,Outro
halo-4,L140,Credits / Graphics Engineering
halo-4,L1400,Credits / Test Reserves
halo-4,L1401,Credits / Test Reserves
halo-4,L1402,Credits / Test Reserves
halo-4,L1403,Credits / Test Reserves
halo-4,L1404,Credits / Test Reserves
halo-4,L1405,Credits / Test Reserves
halo-4,L1406,Credits / Test Reserves
halo-4,L1407,Credits / Test Reserves
halo-4,L1408,Credits / Test Reserves
halo-4,L1409,Credits / Test Reserves
halo-4,L141,Credits / Graphics Engineering
halo-4,L1410,Credits / Test Reserves
halo-4,L1411,Credits / Test Reserves
halo-4,L1412,Credits / Test Reserves
halo-4,L1413,Credits / Test Reserves
halo-4,L1414,Credits / Test Reserves
halo-4,L1415,Credits / Test Reserves
halo-4,L1416,Credits / Test Reserves
halo-4,L1417,Credits / Test Reserves
halo-4,L1418,Credits / Test Reserves
halo-4,L1419,Credits / Test Reserves
halo-4,L142,Credits / Graphics Engineering
halo-4,L1420,Credits / Test Reserves
halo-4,L1421,Credits / Test Reserves
halo-4,L1422,Credits / Test Reserves
halo-4,L1423,Credits / Test Reserves
halo-4,L1424,Credits / Test Reserves
halo-4,L1425,Credits / Test Reserves
halo-4,L1426,Credits / Test Reserves
halo-4,L1427,Credits / Test Reserves
halo-4,L1428,Credits / Test Reserves
halo-4,L1429,Credits / Test Reserves
halo-4,L143,Credits / Graphics Engineering
halo-4,L1430,Credits / Test Reserves
halo-4,L1431,Credits / Test Reserves
halo-4,L1432,Credits / Test Reserves
halo-4,L1433,Credits / Test Reserves
halo-4,L1434,Credits / Test Reserves
halo-4,L1435,Credits / Test Reserves
halo-4,L1436,Credits / Test Reserves
halo-4,L1437,Credits / Test Reserves
halo-4,L1438,Credits / Test Reserves
halo-4,L1439,Credits / Test Reserves
halo-4,L144,Credits / Graphics Engineering
halo-4,L1440,Credits / Test Reserves
halo-4,L1441,Credits / Test Reserves
halo-4,L1442,Credits / Test Reserves
halo-4,L1443,Credits / Test Reserves
halo-4,L1444,Credits / Test Reserves
halo-4,L1445,Credits / Test Reserves
halo-4,L1446,Credits / Test Reserves
halo-4,L1447,Credits / Test Reserves
halo-4,L1448,Credits / Test Reserves
halo-4,L1449,Credits / Test Reserves
halo-4,L1450,Credits / Test Reserves
halo-4,L1451,Credits / Test Reserves
halo-4,L1452,Credits / Test Reserves
halo-4,L1453,Credits / Test Reserves
halo-4,L1454,Credits / Test Reserves
halo-4,L1455,Credits / Test Reserves
halo-4,L1456,Credits / Test Reserves
halo-4,L1457,Credits / Test Reserves
halo-4,L1458,Credits / Test Reserves
halo-4,L1459,Credits / Test Reserves
halo-4,L146,Credits / Infrastructure Engineering
halo-4,L1460,Credits / Test Reserves
halo-4,L1461,Credits / Test Reserves
halo-4,L1462,Credits / Test Reserves
halo-4,L1463,Credits / Test Reserves
halo-4,L1464,Credits / Test Reserves
halo-4,L1465,Credits / Test Reserves
halo-4,L1466,Credits / Test Reserves
halo-4,L1467,Credits / Test Reserves
halo-4,L1468,Credits / Test Reserves
halo-4,L1469,Credits / Test Reserves
halo-4,L147,Credits / Infrastructure Engineering
halo-4,L1470,Credits / Test Reserves
halo-4,L1471,Credits / Test Reserves
halo-4,L1472,Credits / Test Reserves
halo-4,L1473,Credits / Test Reserves
halo-4,L1474,Credits / Test Reserves
halo-4,L1475,Credits / Test Reserves
halo-4,L1476,Credits / Test Reserves
halo-4,L1477,Credits / Test Reserves
halo-4,L1478,Credits / Test Reserves
halo-4,L1479,Credits / Test Reserves
halo-4,L148,Credits / Infrastructure Engineering
halo-4,L1480,Credits / Test Reserves
halo-4,L1481,Credits / Test Reserves
halo-4,L1482,Credits / Test Reserves
halo-4,L1483,Credits / Test Reserves
halo-4,L1484,Credits / Test Reserves
halo-4,L1485,Credits / Test Reserves
halo-4,L1486,Credits / Test Reserves
halo-4,L1487,Credits / Test Reserves
halo-4,L1488,Credits / Test Reserves
halo-4,L1489,Credits / Test Reserves
halo-4,L149,Credits / Infrastructure Engineering
halo-4,L1490,Credits / Test Reserves
halo-4,L1491,Credits / Test Reserves
halo-4,L1492,Credits / Test Reserves
halo-4,L1493,Credits / Test Reserves
halo-4,L1494,Credits / Test Reserves
halo-4,L1495,Credits / Test Reserves
halo-4,L1496,Credits / Test Reserves
halo-4,L1497,Credits / Test Reserves
halo-4,L1498,Credits / Test Reserves
halo-4,L1499,Credits / Test Reserves
halo-4,L15,Outro
halo-4,L150,Credits / Infrastructure Engineering
halo-4,L1500,Credits / Test Reserves
halo-4,L1501,Credits / Test Reserves
halo-4,L1502,Credits / Test Reserves
halo-4,L1503,Credits / Test Reserves
halo-4,L1504,Credits / Test Reserves
halo-4,L1505,Credits / Test Reserves
halo-4,L1506,Credits / Test Reserves
halo-4,L1507,Credits / Test Reserves
halo-4,L1508,Credits / Test Reserves
halo-4,L1509,Credits / Test Reserves
halo-4,L151,Credits / Infrastructure Engineering
halo-4,L1510,Credits / Test Reserves
halo-4,L1511,Credits / Test Reserves
halo-4,L1512,Credits / Test Reserves
halo-4,L1513,Credits / Test Reserves
halo-4,L1514,Credits / Test Reserves
halo-4,L1515,Credits / Test Reserves
halo-4,L1516,Credits / Test Reserves
halo-4,L1518,Credits / Test - Experis
halo-4,L1519,Credits / Test - Experis
halo-4,L152,Credits / Infrastructure Engineering
halo-4,L1520,Credits / Test - Experis
halo-4,L1521,Credits / Test - Experis
halo-4,L1522,Credits / Test - Experis
halo-4,L1523,Credits / Test - Experis
halo-4,L1524,Credits / Test - Experis
halo-4,L1525,Credits / Test - Experis
halo-4,L1526,Credits / Test - Experis
halo-4,L1527,Credits / Test - Experis
halo-4,L1528,Credits / Test - Experis
halo-4,L1529,Credits / Test - Experis
halo-4,L153,Credits / Infrastructure Engineering
halo-4,L1530,Credits / Test - Experis
halo-4,L1531,Credits / Test - Experis
halo-4,L1532,Credits / Test - Experis
halo-4,L1533,Credits / Test - Experis
halo-4,L1534,Credits / Test - Experis
halo-4,L1535,Credits / Test - Experis
halo-4,L1536,Credits / Test - Experis
halo-4,L1537,Credits / Test - Experis
halo-4,L1538,Credits / Test - Experis
halo-4,L1539,Credits / Test - Experis
halo-4,L1540,Credits / Test - Experis
halo-4,L1541,Credits / Test - Experis
halo-4,L1542,Credits / Test - Experis
halo-4,L1543,Credits / Test - Experis
halo-4,L1544,Credits / Test - Experis
halo-4,L1545,Credits / Test - Experis
halo-4,L1546,Credits / Test - Experis
halo-4,L1547,Credits / Test - Experis
halo-4,L1548,Credits / Test - Experis
halo-4,L1549,Credits / Test - Experis
halo-4,L155,Credits / Multiplayer Engineering
halo-4,L1550,Credits / Test - Experis
halo-4,L1551,Credits / Test - Experis
halo-4,L1552,Credits / Test - Experis
halo-4,L1553,Credits / Test - Experis
halo-4,L1554,Credits / Test - Experis
halo-4,L1555,Credits / Test - Experis
halo-4,L1556,Credits / Test - Experis
halo-4,L1557,Credits / Test - Experis
halo-4,L1558,Credits / Test - Experis
halo-4,L1559,Credits / Test - Experis
halo-4,L156,Credits / Multiplayer Engineering
halo-4,L1560,Credits / Test - Experis
halo-4,L1561,Credits / Test - Experis
halo-4,L1562,Credits / Test - Experis
halo-4,L1563,Credits / Test - Experis
halo-4,L1565,Credits / Microsoft Central Media
halo-4,L1566,Credits / Microsoft Central Media
halo-4,L1567,Credits / Microsoft Central Media
halo-4,L1568,Credits / Microsoft Central Media
halo-4,L1569,Credits / Microsoft Central Media
halo-4,L157,Credits / Multiplayer Engineering
halo-4,L1570,Credits / Microsoft Central Media
halo-4,L1571,Credits / Microsoft Central Media
halo-4,L1572,Credits / Microsoft Central Media
halo-4,L1573,Credits / Microsoft Central Media
halo-4,L1574,Credits / Microsoft Central Media
halo-4,L1575,Credits / Microsoft Central Media
halo-4,L1576,Credits / Microsoft Central Media
halo-4,L1577,Credits / Microsoft Central Media
halo-4,L1578,Credits / Microsoft Central Media
halo-4,L1579,Credits / Microsoft Central Media
halo-4,L158,Credits / Multiplayer Engineering
halo-4,L1580,Credits / Microsoft Central Media
halo-4,L1581,Credits / Microsoft Central Media
halo-4,L1582,Credits / Microsoft Central Media
halo-4,L1584,Credits / Soundlab
halo-4,L1585,Credits / Soundlab
halo-4,L1586,Credits / Soundlab
halo-4,L1587,Credits / Soundlab
halo-4,L1588,Credits / Soundlab
halo-4,L1589,Credits / Soundlab
halo-4,L159,Credits / Multiplayer Engineering
halo-4,L1590,Credits / Soundlab
halo-4,L1591,Credits / Soundlab
halo-4,L1592,Credits / Soundlab
halo-4,L1593,Credits / Soundlab
halo-4,L1594,Credits / Soundlab
halo-4,L1595,Credits / Soundlab
halo-4,L1596,Credits / Soundlab
halo-4,L1597,Credits / Soundlab
halo-4,L1598,Credits / Soundlab
halo-4,L1599,Credits / Soundlab
halo-4,L16,Outro
halo-4,L160,Credits / Multiplayer Engineering
halo-4,L1600,Credits / Soundlab
halo-4,L1601,Credits / Soundlab
halo-4,L1602,Credits / Soundlab
halo-4,L1603,Credits / Soundlab
halo-4,L1604,Credits / Soundlab
halo-4,L1605,Credits / Soundlab
halo-4,L1607,"Credits / Geops, Editing, And Localization Management"
halo-4,L1608,"Credits / Geops, Editing, And Localization Management"
halo-4,L1609,"Credits / Geops, Editing, And Localization Management"
halo-4,L161,Credits / Multiplayer Engineering
halo-4,L1610,"Credits / Geops, Editing, And Localization Management"
halo-4,L1611,"Credits / Geops, Editing, And Localization Management"
halo-4,L1612,"Credits / Geops, Editing, And Localization Management"
halo-4,L1614,Credits / Microsoft PR & Marketing
halo-4,L1615,Credits / Microsoft PR & Marketing
halo-4,L1616,Credits / Microsoft PR & Marketing
halo-4,L1617,Credits / Microsoft PR & Marketing
halo-4,L1618,Credits / Microsoft PR & Marketing
halo-4,L1619,Credits / Microsoft PR & Marketing
halo-4,L162,Credits / Multiplayer Engineering
halo-4,L1620,Credits / Microsoft PR & Marketing
halo-4,L1621,Credits / Microsoft PR & Marketing
halo-4,L1622,Credits / Microsoft PR & Marketing
halo-4,L1623,Credits / Microsoft PR & Marketing
halo-4,L1624,Credits / Microsoft PR & Marketing
halo-4,L1625,Credits / Microsoft PR & Marketing
halo-4,L1626,Credits / Microsoft PR & Marketing
halo-4,L1627,Credits / Microsoft PR & Marketing
halo-4,L1628,Credits / Microsoft PR & Marketing
halo-4,L1629,Credits / Microsoft PR & Marketing
halo-4,L163,Credits / Multiplayer Engineering
halo-4,L1630,Credits / Microsoft PR & Marketing
halo-4,L1631,Credits / Microsoft PR & Marketing
halo-4,L1632,Credits / Microsoft PR & Marketing
halo-4,L1633,Credits / Microsoft PR & Marketing
halo-4,L1634,Credits / Microsoft PR & Marketing
halo-4,L1635,Credits / Microsoft PR & Marketing
halo-4,L1636,Credits / Microsoft PR & Marketing
halo-4,L1637,Credits / Microsoft PR & Marketing
halo-4,L1638,Credits / Microsoft PR & Marketing
halo-4,L1639,Credits / Microsoft PR & Marketing
halo-4,L164,Credits / Multiplayer Engineering
halo-4,L1640,Credits / Microsoft PR & Marketing
halo-4,L1641,Credits / Microsoft PR & Marketing
halo-4,L1643,Credits / Microsoft Publishing Business Development
halo-4,L1644,Credits / Microsoft Publishing Business Development
halo-4,L1645,Credits / Microsoft Publishing Business Development
halo-4,L1646,Credits / Microsoft Publishing Business Development
halo-4,L1648,Credits / Microsoft User Research
halo-4,L1649,Credits / Microsoft User Research
halo-4,L165,Credits / Multiplayer Engineering
halo-4,L1650,Credits / Microsoft User Research
halo-4,L1651,Credits / Microsoft User Research
halo-4,L1652,Credits / Microsoft User Research
halo-4,L1653,Credits / Microsoft User Research
halo-4,L1655,Credits / Test Management
halo-4,L1656,Credits / Test Management
halo-4,L1657,Credits / Test Management
halo-4,L1658,Credits / Test Management
halo-4,L1659,Credits / Test Management
halo-4,L166,Credits / Multiplayer Engineering
halo-4,L1660,Credits / Test Management
halo-4,L1662,Credits / EMEA Localization
halo-4,L1663,Credits / EMEA Localization
halo-4,L1664,Credits / EMEA Localization
halo-4,L1665,Credits / EMEA Localization
halo-4,L1666,Credits / EMEA Localization
halo-4,L1667,Credits / EMEA Localization
halo-4,L1668,Credits / EMEA Localization
halo-4,L1669,Credits / EMEA Localization
halo-4,L1671,Credits / Ireland Localization Team
halo-4,L1672,Credits / Ireland Localization Team
halo-4,L1673,Credits / Ireland Localization Team
halo-4,L1674,Credits / Ireland Localization Team
halo-4,L1675,Credits / Ireland Localization Team
halo-4,L1676,Credits / Ireland Localization Team
halo-4,L1677,Credits / Ireland Localization Team
halo-4,L1678,Credits / Ireland Localization Team
halo-4,L1679,Credits / Ireland Localization Team
halo-4,L168,Credits / Sandbox Engineering
halo-4,L1680,Credits / Ireland Localization Team
halo-4,L1681,Credits / Ireland Localization Team
halo-4,L1682,Credits / Ireland Localization Team
halo-4,L1683,Credits / Ireland Localization Team
halo-4,L1684,Credits / Ireland Localization Team
halo-4,L1685,Credits / Ireland Localization Team
halo-4,L1686,Credits / Ireland Localization Team
halo-4,L1687,Credits / Ireland Localization Team
halo-4,L1688,Credits / Ireland Localization Team
halo-4,L1689,Credits / Ireland Localization Team
halo-4,L169,Credits / Sandbox Engineering
halo-4,L1690,Credits / Ireland Localization Team
halo-4,L1691,Credits / Ireland Localization Team
halo-4,L1692,Credits / Ireland Localization Team
halo-4,L1693,Credits / Ireland Localization Team
halo-4,L1694,Credits / Ireland Localization Team
halo-4,L1695,Credits / Ireland Localization Team
halo-4,L1696,Credits / Ireland Localization Team
halo-4,L1697,Credits / Ireland Localization Team
halo-4,L1698,Credits / Ireland Localization Team
halo-4,L1699,Credits / Ireland Localization Team
halo-4,L17,Outro
halo-4,L170,Credits / Sandbox Engineering
halo-4,L1700,Credits / Ireland Localization Team
halo-4,L1701,Credits / Ireland Localization Team
halo-4,L1702,Credits / Ireland Localization Team
halo-4,L1703,Credits / Ireland Localization Team
halo-4,L1704,Credits / Ireland Localization Team
halo-4,L1705,Credits / Ireland Localization Team
halo-4,L1706,Credits / Ireland Localization Team
halo-4,L1707,Credits / Ireland Localization Team
halo-4,L1708,Credits / Ireland Localization Team
halo-4,L1709,Credits / Ireland Localization Team
halo-4,L171,Credits / Sandbox Engineering
halo-4,L1710,Credits / Ireland Localization Team
halo-4,L1711,Credits / Ireland Localization Team
halo-4,L1712,Credits / Ireland Localization Team
halo-4,L1713,Credits / Ireland Localization Team
halo-4,L1714,Credits / Ireland Localization Team
halo-4,L1715,Credits / Ireland Localization Team
halo-4,L1716,Credits / Ireland Localization Team
halo-4,L1717,Credits / Ireland Localization Team
halo-4,L1718,Credits / Ireland Localization Team
halo-4,L1719,Credits / Ireland Localization Team
halo-4,L172,Credits / Sandbox Engineering
halo-4,L1720,Credits / Ireland Localization Team
halo-4,L1721,Credits / Ireland Localization Team
halo-4,L1722,Credits / Ireland Localization Team
halo-4,L1723,Credits / Ireland Localization Team
halo-4,L1724,Credits / Ireland Localization Team
halo-4,L1725,Credits / Ireland Localization Team
halo-4,L1726,Credits / Ireland Localization Team
halo-4,L1727,Credits / Ireland Localization Team
halo-4,L1728,Credits / Ireland Localization Team
halo-4,L1729,Credits / Ireland Localization Team
halo-4,L173,Credits / Sandbox Engineering
halo-4,L1730,Credits / Ireland Localization Team
halo-4,L1732,Credits / East Asia Localization
halo-4,L1733,Credits / East Asia Localization
halo-4,L1734,Credits / East Asia Localization
halo-4,L1735,Credits / East Asia Localization
halo-4,L1736,Credits / East Asia Localization
halo-4,L1737,Credits / East Asia Localization
halo-4,L1738,Credits / East Asia Localization
halo-4,L1739,Credits / East Asia Localization
halo-4,L174,Credits / Sandbox Engineering
halo-4,L1740,Credits / East Asia Localization
halo-4,L1741,Credits / East Asia Localization
halo-4,L1742,Credits / East Asia Localization
halo-4,L1743,Credits / East Asia Localization
halo-4,L1744,Credits / East Asia Localization
halo-4,L1745,Credits / East Asia Localization
halo-4,L1746,Credits / East Asia Localization
halo-4,L1747,Credits / East Asia Localization
halo-4,L1748,Credits / East Asia Localization
halo-4,L1749,Credits / East Asia Localization
halo-4,L175,Credits / Sandbox Engineering
halo-4,L1750,Credits / East Asia Localization
halo-4,L1751,Credits / East Asia Localization
halo-4,L1752,Credits / East Asia Localization
halo-4,L1753,Credits / East Asia Localization
halo-4,L1754,Credits / East Asia Localization
halo-4,L1755,Credits / East Asia Localization
halo-4,L1756,Credits / East Asia Localization
halo-4,L1757,Credits / East Asia Localization
halo-4,L1758,Credits / East Asia Localization
halo-4,L1759,Credits / East Asia Localization
halo-4,L176,Credits / Sandbox Engineering
halo-4,L1760,Credits / East Asia Localization
halo-4,L1761,Credits / East Asia Localization
halo-4,L1762,Credits / East Asia Localization
halo-4,L1763,Credits / East Asia Localization
halo-4,L1764,Credits / East Asia Localization
halo-4,L1765,Credits / East Asia Localization
halo-4,L1766,Credits / East Asia Localization
halo-4,L1767,Credits / East Asia Localization
halo-4,L1769,Credits / East Asia Localization Test
halo-4,L177,Credits / Sandbox Engineering
halo-4,L1770,Credits / East Asia Localization Test
halo-4,L1771,Credits / East Asia Localization Test
halo-4,L1772,Credits / East Asia Localization Test
halo-4,L1773,Credits / East Asia Localization Test
halo-4,L1774,Credits / East Asia Localization Test
halo-4,L1775,Credits / East Asia Localization Test
halo-4,L1776,Credits / East Asia Localization Test
halo-4,L1777,Credits / East Asia Localization Test
halo-4,L1778,Credits / East Asia Localization Test
halo-4,L1779,Credits / East Asia Localization Test
halo-4,L178,Credits / Sandbox Engineering
halo-4,L1780,Credits / East Asia Localization Test
halo-4,L1781,Credits / East Asia Localization Test
halo-4,L1782,Credits / East Asia Localization Test
halo-4,L1783,Credits / East Asia Localization Test
halo-4,L1784,Credits / East Asia Localization Test
halo-4,L1786,Credits / Microsoft HR & Recruiting
halo-4,L1787,Credits / Microsoft HR & Recruiting
halo-4,L1788,Credits / Microsoft HR & Recruiting
halo-4,L1789,Credits / Microsoft HR & Recruiting
halo-4,L179,Credits / Sandbox Engineering
halo-4,L1790,Credits / Microsoft HR & Recruiting
halo-4,L1791,Credits / Microsoft HR & Recruiting
halo-4,L1792,Credits / Microsoft HR & Recruiting
halo-4,L1793,Credits / Microsoft HR & Recruiting
halo-4,L1794,Credits / Microsoft HR & Recruiting
halo-4,L1795,Credits / Microsoft HR & Recruiting
halo-4,L1796,Credits / Microsoft HR & Recruiting
halo-4,L1797,Credits / Microsoft HR & Recruiting
halo-4,L1798,Credits / Microsoft HR & Recruiting
halo-4,L1799,Credits / Microsoft HR & Recruiting
halo-4,L18,Outro
halo-4,L180,Credits / Sandbox Engineering
halo-4,L1801,Credits / Microsoft LCA
halo-4,L1802,Credits / Microsoft LCA
halo-4,L1803,Credits / Microsoft LCA
halo-4,L1804,Credits / Microsoft LCA
halo-4,L1805,Credits / Microsoft LCA
halo-4,L1806,Credits / Microsoft LCA
halo-4,L1808,Credits / Microsoft Finance
halo-4,L1809,Credits / Microsoft Finance
halo-4,L181,Credits / Sandbox Engineering
halo-4,L1810,Credits / Microsoft Finance
halo-4,L1811,Credits / Microsoft Finance
halo-4,L1813,Credits / IEB Leadership
halo-4,L1814,Credits / IEB Leadership
halo-4,L1815,Credits / IEB Leadership
halo-4,L1816,Credits / IEB Leadership
halo-4,L1817,Credits / IEB Leadership
halo-4,L1818,Credits / IEB Leadership
halo-4,L1819,Credits / IEB Leadership
halo-4,L182,Credits / Sandbox Engineering
halo-4,L1820,Credits / IEB Leadership
halo-4,L1822,Credits / Bristol/London Music Production Unit
halo-4,L1823,Credits / Bristol/London Music Production Unit
halo-4,L1824,Credits / Bristol/London Music Production Unit
halo-4,L1825,Credits / Bristol/London Music Production Unit
halo-4,L1826,Credits / Bristol/London Music Production Unit
halo-4,L1827,Credits / Bristol/London Music Production Unit
halo-4,L1828,Credits / Bristol/London Music Production Unit
halo-4,L1829,Credits / Bristol/London Music Production Unit
halo-4,L183,Credits / Sandbox Engineering
halo-4,L1830,Credits / Bristol/London Music Production Unit
halo-4,L1831,Credits / Bristol/London Music Production Unit
halo-4,L1832,Credits / Bristol/London Music Production Unit
halo-4,L1833,Credits / Bristol/London Music Production Unit
halo-4,L1834,Credits / Bristol/London Music Production Unit
halo-4,L1835,Credits / Bristol/London Music Production Unit
halo-4,L1836,Credits / Bristol/London Music Production Unit
halo-4,L1837,Credits / Bristol/London Music Production Unit
halo-4,L1838,Credits / Bristol/London Music Production Unit
halo-4,L1839,Credits / Bristol/London Music Production Unit
halo-4,L184,Credits / Sandbox Engineering
halo-4,L1840,Credits / Bristol/London Music Production Unit
halo-4,L1841,Credits / Bristol/London Music Production Unit
halo-4,L1842,Credits / Bristol/London Music Production Unit
halo-4,L1843,Credits / Bristol/London Music Production Unit
halo-4,L1844,Credits / Bristol/London Music Production Unit
halo-4,L1845,Credits / Bristol/London Music Production Unit
halo-4,L1846,Credits / Bristol/London Music Production Unit
halo-4,L1847,Credits / Bristol/London Music Production Unit
halo-4,L1848,Credits / Bristol/London Music Production Unit
halo-4,L1849,Credits / Bristol/London Music Production Unit
halo-4,L185,Credits / Sandbox Engineering
halo-4,L1850,Credits / Bristol/London Music Production Unit
halo-4,L1851,Credits / Bristol/London Music Production Unit
halo-4,L1852,Credits / Bristol/London Music Production Unit
halo-4,L1853,Credits / Bristol/London Music Production Unit
halo-4,L1854,Credits / Bristol/London Music Production Unit
halo-4,L1855,Credits / Bristol/London Music Production Unit
halo-4,L1856,Credits / Bristol/London Music Production Unit
halo-4,L1857,Credits / Bristol/London Music Production Unit
halo-4,L1858,Credits / Bristol/London Music Production Unit
halo-4,L1859,Credits / Bristol/London Music Production Unit
halo-4,L1860,Credits / Bristol/London Music Production Unit
halo-4,L1861,Credits / Bristol/London Music Production Unit
halo-4,L1862,Credits / Bristol/London Music Production Unit
halo-4,L1863,Credits / Bristol/London Music Production Unit
halo-4,L1864,Credits / Bristol/London Music Production Unit
halo-4,L1865,Credits / Bristol/London Music Production Unit
halo-4,L1866,Credits / Bristol/London Music Production Unit
halo-4,L1867,Credits / Bristol/London Music Production Unit
halo-4,L1868,Credits / Bristol/London Music Production Unit
halo-4,L1869,Credits / Bristol/London Music Production Unit
halo-4,L187,Credits / Systems Engineering
halo-4,L1870,Credits / Bristol/London Music Production Unit
halo-4,L1871,Credits / Bristol/London Music Production Unit
halo-4,L1872,Credits / Bristol/London Music Production Unit
halo-4,L1873,Credits / Bristol/London Music Production Unit
halo-4,L1874,Credits / Bristol/London Music Production Unit
halo-4,L1875,Credits / Bristol/London Music Production Unit
halo-4,L1876,Credits / Bristol/London Music Production Unit
halo-4,L1877,Credits / Bristol/London Music Production Unit
halo-4,L1878,Credits / Bristol/London Music Production Unit
halo-4,L1879,Credits / Bristol/London Music Production Unit
halo-4,L188,Credits / Systems Engineering
halo-4,L1880,Credits / Bristol/London Music Production Unit
halo-4,L1881,Credits / Bristol/London Music Production Unit
halo-4,L1882,Credits / Bristol/London Music Production Unit
halo-4,L1883,Credits / Bristol/London Music Production Unit
halo-4,L1884,Credits / Bristol/London Music Production Unit
halo-4,L1885,Credits / Bristol/London Music Production Unit
halo-4,L1886,Credits / Bristol/London Music Production Unit
halo-4,L1887,Credits / Bristol/London Music Production Unit
halo-4,L1888,Credits / Bristol/London Music Production Unit
halo-4,L1889,Credits / Bristol/London Music Production Unit
halo-4,L189,Credits / Systems Engineering
halo-4,L1890,Credits / Bristol/London Music Production Unit
halo-4,L1891,Credits / Bristol/London Music Production Unit
halo-4,L1892,Credits / Bristol/London Music Production Unit
halo-4,L1893,Credits / Bristol/London Music Production Unit
halo-4,L1894,Credits / Bristol/London Music Production Unit
halo-4,L1895,Credits / Bristol/London Music Production Unit
halo-4,L1896,Credits / Bristol/London Music Production Unit
halo-4,L1897,Credits / Bristol/London Music Production Unit
halo-4,L1898,Credits / Bristol/London Music Production Unit
halo-4,L1899,Credits / Bristol/London Music Production Unit
halo-4,L19,Outro
halo-4,L190,Credits / Systems Engineering
halo-4,L1900,Credits / Bristol/London Music Production Unit
halo-4,L1901,Credits / Bristol/London Music Production Unit
halo-4,L1902,Credits / Bristol/London Music Production Unit
halo-4,L1903,Credits / Bristol/London Music Production Unit
halo-4,L1904,Credits / Bristol/London Music Production Unit
halo-4,L1905,Credits / Bristol/London Music Production Unit
halo-4,L1906,Credits / Bristol/London Music Production Unit
halo-4,L1907,Credits / Bristol/London Music Production Unit
halo-4,L1908,Credits / Bristol/London Music Production Unit
halo-4,L1909,Credits / Bristol/London Music Production Unit
halo-4,L1910,Credits / Bristol/London Music Production Unit
halo-4,L1911,Credits / Bristol/London Music Production Unit
halo-4,L1912,Credits / Bristol/London Music Production Unit
halo-4,L1913,Credits / Bristol/London Music Production Unit
halo-4,L1914,Credits / Bristol/London Music Production Unit
halo-4,L1915,Credits / Bristol/London Music Production Unit
halo-4,L1916,Credits / Bristol/London Music Production Unit
halo-4,L1917,Credits / Bristol/London Music Production Unit
halo-4,L1918,Credits / Bristol/London Music Production Unit
halo-4,L1919,Credits / Bristol/London Music Production Unit
halo-4,L192,Credits / Tools Engineering
halo-4,L1920,Credits / Bristol/London Music Production Unit
halo-4,L1921,Credits / Bristol/London Music Production Unit
halo-4,L1922,Credits / Bristol/London Music Production Unit
halo-4,L1923,Credits / Bristol/London Music Production Unit
halo-4,L1924,Credits / Bristol/London Music Production Unit
halo-4,L1925,Credits / Bristol/London Music Production Unit
halo-4,L1926,Credits / Bristol/London Music Production Unit
halo-4,L1927,Credits / Bristol/London Music Production Unit
halo-4,L1929,Credits / Los Angeles/Seattle/Tokyo Music Production Unit
halo-4,L193,Credits / Tools Engineering
halo-4,L1930,Credits / Los Angeles/Seattle/Tokyo Music Production Unit
halo-4,L1931,Credits / Los Angeles/Seattle/Tokyo Music Production Unit
halo-4,L1932,Credits / Los Angeles/Seattle/Tokyo Music Production Unit
halo-4,L1933,Credits / Los Angeles/Seattle/Tokyo Music Production Unit
halo-4,L1934,Credits / Los Angeles/Seattle/Tokyo Music Production Unit
halo-4,L1935,Credits / Los Angeles/Seattle/Tokyo Music Production Unit
halo-4,L1936,Credits / Los Angeles/Seattle/Tokyo Music Production Unit
halo-4,L1937,Credits / Los Angeles/Seattle/Tokyo Music Production Unit
halo-4,L1938,Credits / Los Angeles/Seattle/Tokyo Music Production Unit
halo-4,L1939,Credits / Los Angeles/Seattle/Tokyo Music Production Unit
halo-4,L194,Credits / Tools Engineering
halo-4,L1940,Credits / Los Angeles/Seattle/Tokyo Music Production Unit
halo-4,L1941,Credits / Los Angeles/Seattle/Tokyo Music Production Unit
halo-4,L1942,Credits / Los Angeles/Seattle/Tokyo Music Production Unit
halo-4,L1943,Credits / Los Angeles/Seattle/Tokyo Music Production Unit
halo-4,L1944,Credits / Los Angeles/Seattle/Tokyo Music Production Unit
halo-4,L1945,Credits / Los Angeles/Seattle/Tokyo Music Production Unit
halo-4,L1946,Credits / Los Angeles/Seattle/Tokyo Music Production Unit
halo-4,L1947,Credits / Los Angeles/Seattle/Tokyo Music Production Unit
halo-4,L1948,Credits / Los Angeles/Seattle/Tokyo Music Production Unit
halo-4,L1949,Credits / Los Angeles/Seattle/Tokyo Music Production Unit
halo-4,L195,Credits / Tools Engineering
halo-4,L1950,Credits / Los Angeles/Seattle/Tokyo Music Production Unit
halo-4,L1951,Credits / Los Angeles/Seattle/Tokyo Music Production Unit
halo-4,L1952,Credits / Los Angeles/Seattle/Tokyo Music Production Unit
halo-4,L1953,Credits / Los Angeles/Seattle/Tokyo Music Production Unit
halo-4,L1954,Credits / Los Angeles/Seattle/Tokyo Music Production Unit
halo-4,L1955,Credits / Los Angeles/Seattle/Tokyo Music Production Unit
halo-4,L1956,Credits / Los Angeles/Seattle/Tokyo Music Production Unit
halo-4,L1957,Credits / Los Angeles/Seattle/Tokyo Music Production Unit
halo-4,L1958,Credits / Los Angeles/Seattle/Tokyo Music Production Unit
halo-4,L1959,Credits / Los Angeles/Seattle/Tokyo Music Production Unit
halo-4,L196,Credits / Tools Engineering
halo-4,L1960,Credits / Los Angeles/Seattle/Tokyo Music Production Unit
halo-4,L1961,Credits / Los Angeles/Seattle/Tokyo Music Production Unit
halo-4,L1962,Credits / Los Angeles/Seattle/Tokyo Music Production Unit
halo-4,L1963,Credits / Los Angeles/Seattle/Tokyo Music Production Unit
halo-4,L1964,Credits / Los Angeles/Seattle/Tokyo Music Production Unit
halo-4,L1965,Credits / Los Angeles/Seattle/Tokyo Music Production Unit
halo-4,L1966,Credits / Los Angeles/Seattle/Tokyo Music Production Unit
halo-4,L1967,Credits / Los Angeles/Seattle/Tokyo Music Production Unit
halo-4,L1968,Credits / Los Angeles/Seattle/Tokyo Music Production Unit
halo-4,L1969,Credits / Los Angeles/Seattle/Tokyo Music Production Unit
halo-4,L197,Credits / Tools Engineering
halo-4,L1970,Credits / Los Angeles/Seattle/Tokyo Music Production Unit
halo-4,L1971,Credits / Los Angeles/Seattle/Tokyo Music Production Unit
halo-4,L1972,Credits / Los Angeles/Seattle/Tokyo Music Production Unit
halo-4,L1973,Credits / Los Angeles/Seattle/Tokyo Music Production Unit
halo-4,L1974,Credits / Los Angeles/Seattle/Tokyo Music Production Unit
halo-4,L1975,Credits / Los Angeles/Seattle/Tokyo Music Production Unit
halo-4,L1976,Credits / Los Angeles/Seattle/Tokyo Music Production Unit
halo-4,L1977,Credits / Los Angeles/Seattle/Tokyo Music Production Unit
halo-4,L1978,Credits / Los Angeles/Seattle/Tokyo Music Production Unit
halo-4,L1979,Credits / Los Angeles/Seattle/Tokyo Music Production Unit
halo-4,L198,Credits / Tools Engineering
halo-4,L1980,Credits / Los Angeles/Seattle/Tokyo Music Production Unit
halo-4,L1981,Credits / Los Angeles/Seattle/Tokyo Music Production Unit
halo-4,L1982,Credits / Los Angeles/Seattle/Tokyo Music Production Unit
halo-4,L1983,Credits / Los Angeles/Seattle/Tokyo Music Production Unit
halo-4,L1984,Credits / Los Angeles/Seattle/Tokyo Music Production Unit
halo-4,L1985,Credits / Los Angeles/Seattle/Tokyo Music Production Unit
halo-4,L1986,Credits / Los Angeles/Seattle/Tokyo Music Production Unit
halo-4,L1987,Credits / Los Angeles/Seattle/Tokyo Music Production Unit
halo-4,L1988,Credits / Los Angeles/Seattle/Tokyo Music Production Unit
halo-4,L1989,Credits / Los Angeles/Seattle/Tokyo Music Production Unit
halo-4,L199,Credits / Tools Engineering
halo-4,L1990,Credits / Los Angeles/Seattle/Tokyo Music Production Unit
halo-4,L1991,Credits / Los Angeles/Seattle/Tokyo Music Production Unit
halo-4,L1992,Credits / Los Angeles/Seattle/Tokyo Music Production Unit
halo-4,L1993,Credits / Los Angeles/Seattle/Tokyo Music Production Unit
halo-4,L1994,Credits / Los Angeles/Seattle/Tokyo Music Production Unit
halo-4,L1995,Credits / Los Angeles/Seattle/Tokyo Music Production Unit
halo-4,L1996,Credits / Los Angeles/Seattle/Tokyo Music Production Unit
halo-4,L1997,Credits / Los Angeles/Seattle/Tokyo Music Production Unit
halo-4,L1998,Credits / Los Angeles/Seattle/Tokyo Music Production Unit
halo-4,L1999,Credits / Los Angeles/Seattle/Tokyo Music Production Unit
halo-4,L20,Outro
halo-4,L200,Credits / Tools Engineering
halo-4,L2000,Credits / Los Angeles/Seattle/Tokyo Music Production Unit
halo-4,L2001,Credits / Los Angeles/Seattle/Tokyo Music Production Unit
halo-4,L2002,Credits / Los Angeles/Seattle/Tokyo Music Production Unit
halo-4,L2003,Credits / Los Angeles/Seattle/Tokyo Music Production Unit
halo-4,L2004,Credits / Los Angeles/Seattle/Tokyo Music Production Unit
halo-4,L2005,Credits / Los Angeles/Seattle/Tokyo Music Production Unit
halo-4,L2006,Credits / Los Angeles/Seattle/Tokyo Music Production Unit
halo-4,L2007,Credits / Los Angeles/Seattle/Tokyo Music Production Unit
halo-4,L2008,Credits / Los Angeles/Seattle/Tokyo Music Production Unit
halo-4,L201,Credits / Tools Engineering
halo-4,L2010,Credits / Additional Writing
halo-4,L2011,Credits / Additional Writing
halo-4,L2012,Credits / Additional Writing
halo-4,L2013,Credits / Additional Writing
halo-4,L2015,Credits / Main Voice & Performance Cast
halo-4,L2016,Credits / Main Voice & Performance Cast
halo-4,L2017,Credits / Main Voice & Performance Cast
halo-4,L2018,Credits / Main Voice & Performance Cast
halo-4,L2019,Credits / Main Voice & Performance Cast
halo-4,L202,Credits / Tools Engineering
halo-4,L2020,Credits / Main Voice & Performance Cast
halo-4,L2021,Credits / Main Voice & Performance Cast
halo-4,L2022,Credits / Main Voice & Performance Cast
halo-4,L2023,Credits / Main Voice & Performance Cast
halo-4,L2024,Credits / Main Voice & Performance Cast
halo-4,L2025,Credits / Main Voice & Performance Cast
halo-4,L2026,Credits / Main Voice & Performance Cast
halo-4,L2027,Credits / Main Voice & Performance Cast
halo-4,L2028,Credits / Main Voice & Performance Cast
halo-4,L2029,Credits / Main Voice & Performance Cast
halo-4,L203,Credits / Tools Engineering
halo-4,L2030,Credits / Main Voice & Performance Cast
halo-4,L2031,Credits / Main Voice & Performance Cast
halo-4,L2032,Credits / Main Voice & Performance Cast
halo-4,L2033,Credits / Main Voice & Performance Cast
halo-4,L2034,Credits / Main Voice & Performance Cast
halo-4,L2035,Credits / Main Voice & Performance Cast
halo-4,L2036,Credits / Main Voice & Performance Cast
halo-4,L2037,Credits / Main Voice & Performance Cast
halo-4,L2038,Credits / Main Voice & Performance Cast
halo-4,L2039,Credits / Main Voice & Performance Cast
halo-4,L204,Credits / Tools Engineering
halo-4,L2040,Credits / Main Voice & Performance Cast
halo-4,L2041,Credits / Main Voice & Performance Cast
halo-4,L2042,Credits / Main Voice & Performance Cast
halo-4,L2043,Credits / Main Voice & Performance Cast
halo-4,L2044,Credits / Main Voice & Performance Cast
halo-4,L2045,Credits / Main Voice & Performance Cast
halo-4,L2046,Credits / Main Voice & Performance Cast
halo-4,L2047,Credits / Main Voice & Performance Cast
halo-4,L2048,Credits / Main Voice & Performance Cast
halo-4,L2049,Credits / Main Voice & Performance Cast
halo-4,L205,Credits / Tools Engineering
halo-4,L2050,Credits / Main Voice & Performance Cast
halo-4,L2051,Credits / Main Voice & Performance Cast
halo-4,L2052,Credits / Main Voice & Performance Cast
halo-4,L2053,Credits / Main Voice & Performance Cast
halo-4,L2054,Credits / Main Voice & Performance Cast
halo-4,L2055,Credits / Main Voice & Performance Cast
halo-4,L2056,Credits / Main Voice & Performance Cast
halo-4,L2057,Credits / Main Voice & Performance Cast
halo-4,L2058,Credits / Main Voice & Performance Cast
halo-4,L2059,Credits / Main Voice & Performance Cast
halo-4,L206,Credits / Tools Engineering
halo-4,L2060,Credits / Main Voice & Performance Cast
halo-4,L2061,Credits / Main Voice & Performance Cast
halo-4,L2062,Credits / Main Voice & Performance Cast
halo-4,L2063,Credits / Main Voice & Performance Cast
halo-4,L2064,Credits / Main Voice & Performance Cast
halo-4,L2065,Credits / Main Voice & Performance Cast
halo-4,L2066,Credits / Main Voice & Performance Cast
halo-4,L2067,Credits / Main Voice & Performance Cast
halo-4,L2068,Credits / Main Voice & Performance Cast
halo-4,L207,Credits / Tools Engineering
halo-4,L2070,Credits / Additional Voices
halo-4,L2071,Credits / Additional Voices
halo-4,L2072,Credits / Additional Voices
halo-4,L2073,Credits / Additional Voices
halo-4,L2074,Credits / Additional Voices
halo-4,L2075,Credits / Additional Voices
halo-4,L2076,Credits / Additional Voices
halo-4,L2077,Credits / Additional Voices
halo-4,L2078,Credits / Additional Voices
halo-4,L2079,Credits / Additional Voices
halo-4,L208,Credits / Tools Engineering
halo-4,L2080,Credits / Additional Voices
halo-4,L2081,Credits / Additional Voices
halo-4,L2082,Credits / Additional Voices
halo-4,L2083,Credits / Additional Voices
halo-4,L2084,Credits / Additional Voices
halo-4,L2085,Credits / Additional Voices
halo-4,L2086,Credits / Additional Voices
halo-4,L2087,Credits / Additional Voices
halo-4,L2088,Credits / Additional Voices
halo-4,L2089,Credits / Additional Voices
halo-4,L209,Credits / Tools Engineering
halo-4,L2090,Credits / Additional Voices
halo-4,L2091,Credits / Additional Voices
halo-4,L2092,Credits / Additional Voices
halo-4,L2093,Credits / Additional Voices
halo-4,L2094,Credits / Additional Voices
halo-4,L2095,Credits / Additional Voices
halo-4,L2096,Credits / Additional Voices
halo-4,L2097,Credits / Additional Voices
halo-4,L2098,Credits / Additional Voices
halo-4,L2099,Credits / Additional Voices
halo-4,L21,Outro
halo-4,L2100,Credits / Additional Voices
halo-4,L2101,Credits / Additional Voices
halo-4,L2102,Credits / Additional Voices
halo-4,L2103,Credits / Additional Voices
halo-4,L2104,Credits / Additional Voices
halo-4,L2105,Credits / Additional Voices
halo-4,L2106,Credits / Additional Voices
halo-4,L2107,Credits / Additional Voices
halo-4,L2108,Credits / Additional Voices
halo-4,L2109,Credits / Additional Voices
halo-4,L211,Credits / UI Engineering
halo-4,L2110,Credits / Additional Voices
halo-4,L2111,Credits / Additional Voices
halo-4,L2112,Credits / Additional Voices
halo-4,L2113,Credits / Additional Voices
halo-4,L2114,Credits / Additional Voices
halo-4,L2115,Credits / Additional Voices
halo-4,L2116,Credits / Additional Voices
halo-4,L2117,Credits / Additional Voices
halo-4,L2118,Credits / Additional Voices
halo-4,L2119,Credits / Additional Voices
halo-4,L212,Credits / UI Engineering
halo-4,L2120,Credits / Additional Voices
halo-4,L2121,Credits / Additional Voices
halo-4,L2122,Credits / Additional Voices
halo-4,L2123,Credits / Additional Voices
halo-4,L2124,Credits / Additional Voices
halo-4,L2125,Credits / Additional Voices
halo-4,L2126,Credits / Additional Voices
halo-4,L2127,Credits / Additional Voices
halo-4,L2128,Credits / Additional Voices
halo-4,L2129,Credits / Additional Voices
halo-4,L213,Credits / UI Engineering
halo-4,L2130,Credits / Additional Voices
halo-4,L2131,Credits / Additional Voices
halo-4,L2132,Credits / Additional Voices
halo-4,L2133,Credits / Additional Voices
halo-4,L2135,Credits / Motion Capture Actors
halo-4,L2136,Credits / Motion Capture Actors
halo-4,L2137,Credits / Motion Capture Actors
halo-4,L2138,Credits / Motion Capture Actors
halo-4,L2139,Credits / Motion Capture Actors
halo-4,L214,Credits / UI Engineering
halo-4,L2140,Credits / Motion Capture Actors
halo-4,L2141,Credits / Motion Capture Actors
halo-4,L2142,Credits / Motion Capture Actors
halo-4,L2143,Credits / Motion Capture Actors
halo-4,L2144,Credits / Motion Capture Actors
halo-4,L2145,Credits / Motion Capture Actors
halo-4,L2146,Credits / Motion Capture Actors
halo-4,L2147,Credits / Motion Capture Actors
halo-4,L2148,Credits / Motion Capture Actors
halo-4,L2149,Credits / Motion Capture Actors
halo-4,L215,Credits / UI Engineering
halo-4,L2150,Credits / Motion Capture Actors
halo-4,L2151,Credits / Motion Capture Actors
halo-4,L2152,Credits / Motion Capture Actors
halo-4,L2154,Credits / Scanned Talent
halo-4,L2155,Credits / Scanned Talent
halo-4,L2156,Credits / Scanned Talent
halo-4,L2157,Credits / Scanned Talent
halo-4,L2158,Credits / Scanned Talent
halo-4,L2159,Credits / Scanned Talent
halo-4,L216,Credits / UI Engineering
halo-4,L2160,Credits / Scanned Talent
halo-4,L2161,Credits / Scanned Talent
halo-4,L2162,Credits / Scanned Talent
halo-4,L2163,Credits / Scanned Talent
halo-4,L2164,Credits / Scanned Talent
halo-4,L2165,Credits / Scanned Talent
halo-4,L2166,Credits / Scanned Talent
halo-4,L2167,Credits / Scanned Talent
halo-4,L2168,Credits / Scanned Talent
halo-4,L2169,Credits / Scanned Talent
halo-4,L217,Credits / UI Engineering
halo-4,L2170,Credits / Scanned Talent
halo-4,L2171,Credits / Scanned Talent
halo-4,L2172,Credits / Scanned Talent
halo-4,L2173,Credits / Scanned Talent
halo-4,L2174,Credits / Scanned Talent
halo-4,L2175,Credits / Scanned Talent
halo-4,L2176,Credits / Scanned Talent
halo-4,L2177,Credits / Scanned Talent
halo-4,L2178,Credits / Scanned Talent
halo-4,L2179,Credits / Scanned Talent
halo-4,L218,Credits / UI Engineering
halo-4,L2180,Credits / Scanned Talent
halo-4,L2181,Credits / Scanned Talent
halo-4,L2182,Credits / Scanned Talent
halo-4,L2183,Credits / Scanned Talent
halo-4,L2184,Credits / Scanned Talent
halo-4,L2185,Credits / Scanned Talent
halo-4,L2186,Credits / Scanned Talent
halo-4,L2187,Credits / Scanned Talent
halo-4,L2188,Credits / Scanned Talent
halo-4,L2189,Credits / Scanned Talent
halo-4,L219,Credits / UI Engineering
halo-4,L2190,Credits / Scanned Talent
halo-4,L2191,Credits / Scanned Talent
halo-4,L2192,Credits / Scanned Talent
halo-4,L2193,Credits / Scanned Talent
halo-4,L2194,Credits / Scanned Talent
halo-4,L2195,Credits / Scanned Talent
halo-4,L2196,Credits / Scanned Talent
halo-4,L2197,Credits / Scanned Talent
halo-4,L2198,Credits / Scanned Talent
halo-4,L2199,Credits / Scanned Talent
halo-4,L22,Outro
halo-4,L220,Credits / UI Engineering
halo-4,L2200,Credits / Scanned Talent
halo-4,L2201,Credits / Scanned Talent
halo-4,L2202,Credits / Scanned Talent
halo-4,L2203,Credits / Scanned Talent
halo-4,L2204,Credits / Scanned Talent
halo-4,L2205,Credits / Scanned Talent
halo-4,L2206,Credits / Scanned Talent
halo-4,L2207,Credits / Scanned Talent
halo-4,L2208,Credits / Scanned Talent
halo-4,L2209,Credits / Scanned Talent
halo-4,L221,Credits / UI Engineering
halo-4,L2210,Credits / Scanned Talent
halo-4,L2211,Credits / Scanned Talent
halo-4,L2212,Credits / Scanned Talent
halo-4,L2213,Credits / Scanned Talent
halo-4,L2214,Credits / Scanned Talent
halo-4,L2215,Credits / Scanned Talent
halo-4,L2216,Credits / Scanned Talent
halo-4,L2217,Credits / Scanned Talent
halo-4,L2218,Credits / Scanned Talent
halo-4,L2219,Credits / Scanned Talent
halo-4,L222,Credits / UI Engineering
halo-4,L2220,Credits / Scanned Talent
halo-4,L2221,Credits / Scanned Talent
halo-4,L2222,Credits / Scanned Talent
halo-4,L2223,Credits / Scanned Talent
halo-4,L2224,Credits / Scanned Talent
halo-4,L2225,Credits / Scanned Talent
halo-4,L2226,Credits / Scanned Talent
halo-4,L2227,Credits / Scanned Talent
halo-4,L2228,Credits / Scanned Talent
halo-4,L2229,Credits / Scanned Talent
halo-4,L2230,Credits / Scanned Talent
halo-4,L2231,Credits / Scanned Talent
halo-4,L2232,Credits / Scanned Talent
halo-4,L2233,Credits / Scanned Talent
halo-4,L2234,Credits / Scanned Talent
halo-4,L2235,Credits / Scanned Talent
halo-4,L2236,Credits / Scanned Talent
halo-4,L2237,Credits / Scanned Talent
halo-4,L2238,Credits / Scanned Talent
halo-4,L2239,Credits / Scanned Talent
halo-4,L224,Credits / Additional Engineering
halo-4,L2240,Credits / Scanned Talent
halo-4,L2241,Credits / Scanned Talent
halo-4,L2243,Credits / Other Contributors
halo-4,L2244,Credits / Other Contributors
halo-4,L2245,Credits / Other Contributors
halo-4,L2246,Credits / Other Contributors
halo-4,L2247,Credits / Other Contributors
halo-4,L2248,Credits / Other Contributors
halo-4,L2249,Credits / Other Contributors
halo-4,L225,Credits / Additional Engineering
halo-4,L2250,Credits / Other Contributors
halo-4,L2251,Credits / Other Contributors
halo-4,L2252,Credits / Other Contributors
halo-4,L2253,Credits / Other Contributors
halo-4,L2254,Credits / Other Contributors
halo-4,L2255,Credits / Other Contributors
halo-4,L2256,Credits / Other Contributors
halo-4,L2257,Credits / Other Contributors
halo-4,L2258,Credits / Other Contributors
halo-4,L2259,Credits / Other Contributors
halo-4,L226,Credits / Additional Engineering
halo-4,L2260,Credits / Other Contributors
halo-4,L2261,Credits / Other Contributors
halo-4,L2262,Credits / Other Contributors
halo-4,L2263,Credits / Other Contributors
halo-4,L2264,Credits / Other Contributors
halo-4,L2265,Credits / Other Contributors
halo-4,L2266,Credits / Other Contributors
halo-4,L2267,Credits / Other Contributors
halo-4,L2268,Credits / Other Contributors
halo-4,L2269,Credits / Other Contributors
halo-4,L227,Credits / Additional Engineering
halo-4,L2270,Credits / Other Contributors
halo-4,L2271,Credits / Other Contributors
halo-4,L2272,Credits / Other Contributors
halo-4,L2273,Credits / Other Contributors
halo-4,L2274,Credits / Other Contributors
halo-4,L2275,Credits / Other Contributors
halo-4,L2276,Credits / Other Contributors
halo-4,L2277,Credits / Other Contributors
halo-4,L2278,Credits / Other Contributors
halo-4,L2279,Credits / Other Contributors
halo-4,L228,Credits / Additional Engineering
halo-4,L2280,Credits / Other Contributors
halo-4,L2281,Credits / Other Contributors
halo-4,L2282,Credits / Other Contributors
halo-4,L2283,Credits / Other Contributors
halo-4,L2284,Credits / Other Contributors
halo-4,L2285,Credits / Other Contributors
halo-4,L2286,Credits / Other Contributors
halo-4,L2287,Credits / Other Contributors
halo-4,L2288,Credits / Other Contributors
halo-4,L2289,Credits / Other Contributors
halo-4,L229,Credits / Additional Engineering
halo-4,L2290,Credits / Other Contributors
halo-4,L2291,Credits / Other Contributors
halo-4,L2292,Credits / Other Contributors
halo-4,L2293,Credits / Other Contributors
halo-4,L2294,Credits / Other Contributors
halo-4,L2295,Credits / Other Contributors
halo-4,L2296,Credits / Other Contributors
halo-4,L2297,Credits / Other Contributors
halo-4,L2298,Credits / Other Contributors
halo-4,L2299,Credits / Other Contributors
halo-4,L23,Outro
halo-4,L230,Credits / Additional Engineering
halo-4,L2300,Credits / Other Contributors
halo-4,L2301,Credits / Other Contributors
halo-4,L2302,Credits / Other Contributors
halo-4,L2303,Credits / Other Contributors
halo-4,L2304,Credits / Other Contributors
halo-4,L2305,Credits / Other Contributors
halo-4,L2306,Credits / Other Contributors
halo-4,L2307,Credits / Other Contributors
halo-4,L2308,Credits / Other Contributors
halo-4,L2309,Credits / Other Contributors
halo-4,L231,Credits / Additional Engineering
halo-4,L2310,Credits / Other Contributors
halo-4,L2311,Credits / Other Contributors
halo-4,L2312,Credits / Other Contributors
halo-4,L2314,Credits / Special Thanks
halo-4,L2315,Credits / Special Thanks
halo-4,L2316,Credits / Special Thanks
halo-4,L2317,Credits / Special Thanks
halo-4,L2318,Credits / Special Thanks
halo-4,L2319,Credits / Special Thanks
halo-4,L232,Credits / Additional Engineering
halo-4,L2320,Credits / Special Thanks
halo-4,L2321,Credits / Special Thanks
halo-4,L2322,Credits / Special Thanks
halo-4,L2323,Credits / Special Thanks
halo-4,L2324,Credits / Special Thanks
halo-4,L2325,Credits / Special Thanks
halo-4,L2326,Credits / Special Thanks
halo-4,L2327,Credits / Special Thanks
halo-4,L2328,Credits / Special Thanks
halo-4,L2329,Credits / Special Thanks
halo-4,L233,Credits / Additional Engineering
halo-4,L2330,Credits / Special Thanks
halo-4,L2331,Credits / Special Thanks
halo-4,L2332,Credits / Special Thanks
halo-4,L2333,Credits / Special Thanks
halo-4,L2334,Credits / Special Thanks
halo-4,L2335,Credits / Special Thanks
halo-4,L2336,Credits / Special Thanks
halo-4,L2337,Credits / Special Thanks
halo-4,L2338,Credits / Special Thanks
halo-4,L2339,Credits / Special Thanks
halo-4,L234,Credits / Additional Engineering
halo-4,L2340,Credits / Special Thanks
halo-4,L2341,Credits / Special Thanks
halo-4,L2342,Credits / Special Thanks
halo-4,L2343,Credits / Special Thanks
halo-4,L2344,Credits / Special Thanks
halo-4,L2345,Credits / Special Thanks
halo-4,L2346,Credits / Special Thanks
halo-4,L2347,Credits / Special Thanks
halo-4,L2348,Credits / Special Thanks
halo-4,L2349,Credits / Special Thanks
halo-4,L235,Credits / Additional Engineering
halo-4,L2350,Credits / Special Thanks
halo-4,L2351,Credits / Special Thanks
halo-4,L2352,Credits / Special Thanks
halo-4,L2353,Credits / Special Thanks
halo-4,L2354,Credits / Special Thanks
halo-4,L2355,Credits / Special Thanks
halo-4,L2356,Credits / Special Thanks
halo-4,L2357,Credits / Special Thanks
halo-4,L2358,Credits / Special Thanks
halo-4,L2359,Credits / Special Thanks
halo-4,L236,Credits / Additional Engineering
halo-4,L2360,Credits / Special Thanks
halo-4,L2361,Credits / Special Thanks
halo-4,L2362,Credits / Special Thanks
halo-4,L2363,Credits / Special Thanks
halo-4,L2364,Credits / Special Thanks
halo-4,L2365,Credits / Special Thanks
halo-4,L2366,Credits / Special Thanks
halo-4,L2367,Credits / Special Thanks
halo-4,L2368,Credits / Special Thanks
halo-4,L2369,Credits / Special Thanks
halo-4,L237,Credits / Additional Engineering
halo-4,L2370,Credits / Special Thanks
halo-4,L2371,Credits / Special Thanks
halo-4,L2372,Credits / Special Thanks
halo-4,L2373,Credits / Special Thanks
halo-4,L2374,Credits / Special Thanks
halo-4,L2375,Credits / Special Thanks
halo-4,L2376,Credits / Special Thanks
halo-4,L2377,Credits / Special Thanks
halo-4,L2378,Credits / Special Thanks
halo-4,L2379,Credits / Special Thanks
halo-4,L238,Credits / Additional Engineering
halo-4,L2380,Credits / Special Thanks
halo-4,L2381,Credits / Special Thanks
halo-4,L2382,Credits / Special Thanks
halo-4,L2383,Credits / Special Thanks
halo-4,L2384,Credits / Special Thanks
halo-4,L2385,Credits / Special Thanks
halo-4,L2386,Credits / Special Thanks
halo-4,L2387,Credits / Special Thanks
halo-4,L2388,Credits / Special Thanks
halo-4,L2389,Credits / Special Thanks
halo-4,L239,Credits / Additional Engineering
halo-4,L2390,Credits / Special Thanks
halo-4,L2391,Credits / Special Thanks
halo-4,L2392,Credits / Special Thanks
halo-4,L2393,Credits / Special Thanks
halo-4,L2394,Credits / Special Thanks
halo-4,L2395,Credits / Special Thanks
halo-4,L2396,Credits / Special Thanks
halo-4,L2397,Credits / Special Thanks
halo-4,L2398,Credits / Special Thanks
halo-4,L2399,Credits / Special Thanks
halo-4,L240,Credits / Additional Engineering
halo-4,L2400,Credits / Special Thanks
halo-4,L2401,Credits / Special Thanks
halo-4,L2402,Credits / Special Thanks
halo-4,L2403,Credits / Special Thanks
halo-4,L2404,Credits / Special Thanks
halo-4,L2405,Credits / Special Thanks
halo-4,L2406,Credits / Special Thanks
halo-4,L2407,Credits / Special Thanks
halo-4,L2408,Credits / Special Thanks
halo-4,L2409,Credits / Special Thanks
halo-4,L241,Credits / Additional Engineering
halo-4,L2410,Credits / Special Thanks
halo-4,L2411,Credits / Special Thanks
halo-4,L2412,Credits / Special Thanks
halo-4,L2413,Credits / Special Thanks
halo-4,L2414,Credits / Special Thanks
halo-4,L2415,Credits / Special Thanks
halo-4,L2416,Credits / Special Thanks
halo-4,L2417,Credits / Special Thanks
halo-4,L2418,Credits / Special Thanks
halo-4,L2419,Credits / Special Thanks
halo-4,L242,Credits / Additional Engineering
halo-4,L2420,Credits / Special Thanks
halo-4,L2421,Credits / Special Thanks
halo-4,L2422,Credits / Special Thanks
halo-4,L2423,Credits / Special Thanks
halo-4,L2424,Credits / Special Thanks
halo-4,L2425,Credits / Special Thanks
halo-4,L2426,Credits / Special Thanks
halo-4,L2427,Credits / Special Thanks
halo-4,L2428,Credits / Special Thanks
halo-4,L2429,Credits / Special Thanks
halo-4,L243,Credits / Additional Engineering
halo-4,L2430,Credits / Special Thanks
halo-4,L2431,Credits / Special Thanks
halo-4,L2432,Credits / Special Thanks
halo-4,L2433,Credits / Special Thanks
halo-4,L2434,Credits / Special Thanks
halo-4,L2435,Credits / Special Thanks
halo-4,L2436,Credits / Special Thanks
halo-4,L2437,Credits / Special Thanks
halo-4,L2439,Credits / Additional Content Developed By
halo-4,L244,Credits / Additional Engineering
halo-4,L2440,Credits / Additional Content Developed By
halo-4,L2441,Credits / Additional Content Developed By
halo-4,L2442,Credits / Additional Content Developed By
halo-4,L2443,Credits / Additional Content Developed By
halo-4,L2444,Credits / Additional Content Developed By
halo-4,L2445,Credits / Additional Content Developed By
halo-4,L2446,Credits / Additional Content Developed By
halo-4,L2447,Credits / Additional Content Developed By
halo-4,L2448,Credits / Additional Content Developed By
halo-4,L2449,Credits / Additional Content Developed By
halo-4,L245,Credits / Additional Engineering
halo-4,L2450,Credits / Additional Content Developed By
halo-4,L2451,Credits / Additional Content Developed By
halo-4,L2452,Credits / Additional Content Developed By
halo-4,L2453,Credits / Additional Content Developed By
halo-4,L2454,Credits / Additional Content Developed By
halo-4,L2456,Credits / Production Babies
halo-4,L2457,Credits / Production Babies
halo-4,L2458,Credits / Production Babies
halo-4,L2459,Credits / Production Babies
halo-4,L246,Credits / Additional Engineering
halo-4,L2460,Credits / Production Babies
halo-4,L2461,Credits / Production Babies
halo-4,L2462,Credits / Production Babies
halo-4,L2463,Credits / Production Babies
halo-4,L2464,Credits / Production Babies
halo-4,L2465,Credits / Production Babies
halo-4,L2466,Credits / Production Babies
halo-4,L2467,Credits / Production Babies
halo-4,L2468,Credits / Production Babies
halo-4,L2469,Credits / Production Babies
halo-4,L247,Credits / Additional Engineering
halo-4,L2470,Credits / Production Babies
halo-4,L2471,Credits / Production Babies
halo-4,L2472,Credits / Production Babies
halo-4,L2473,Credits / Production Babies
halo-4,L2474,Credits / Production Babies
halo-4,L2475,Credits / Production Babies
halo-4,L2476,Credits / Production Babies
halo-4,L2477,Credits / Production Babies
halo-4,L2478,Credits / Production Babies
halo-4,L2479,Credits / Production Babies
halo-4,L248,Credits / Additional Engineering
halo-4,L2480,Credits / Production Babies
halo-4,L2481,Credits / Production Babies
halo-4,L2482,Credits / Production Babies
halo-4,L2483,Credits / Production Babies
halo-4,L2484,Credits / Production Babies
halo-4,L2485,Credits / Production Babies
halo-4,L2486,Credits / Production Babies
halo-4,L2487,Credits / Production Babies
halo-4,L2488,Credits / Production Babies
halo-4,L2489,Credits / Production Babies
halo-4,L249,Credits / Additional Engineering
halo-4,L2490,Credits / Production Babies
halo-4,L2491,Credits / Production Babies
halo-4,L2492,Credits / Production Babies
halo-4,L2493,Credits / Production Babies
halo-4,L2494,Credits / Production Babies
halo-4,L2495,Credits / Production Babies
halo-4,L2496,Credits / Production Babies
halo-4,L2497,Credits / Production Babies
halo-4,L2498,Credits / Production Babies
halo-4,L2499,Credits / Production Babies
halo-4,L250,Credits / Additional Engineering
halo-4,L2500,Credits / Production Babies
halo-4,L2501,Credits / Production Babies
halo-4,L2502,Credits / Production Babies
halo-4,L2503,Credits / Production Babies
halo-4,L2504,Credits / Production Babies
halo-4,L2505,Credits / Production Babies
halo-4,L2506,Credits / Production Babies
halo-4,L2507,Credits / Production Babies
halo-4,L2508,Credits / Production Babies
halo-4,L2509,Credits / Production Babies
halo-4,L251,Credits / Additional Engineering
halo-4,L2510,Credits / Production Babies
halo-4,L2511,Credits / Production Babies
halo-4,L2512,Credits / Production Babies
halo-4,L2513,Credits / Production Babies
halo-4,L2514,Credits / Production Babies
halo-4,L2515,Credits / Production Babies
halo-4,L2516,Credits / Production Babies
halo-4,L2517,Credits / Production Babies
halo-4,L2518,Credits / Production Babies
halo-4,L2519,Credits / Production Babies
halo-4,L252,Credits / Additional Engineering
halo-4,L2521,Credits / Heroes Never Die: In Memory of Spartans
halo-4,L2522,Credits / Heroes Never Die: In Memory of Spartans
halo-4,L2523,Credits / Heroes Never Die: In Memory of Spartans
halo-4,L2524,Credits / Heroes Never Die: In Memory of Spartans
halo-4,L2525,Credits / Heroes Never Die: In Memory of Spartans
halo-4,L2526,Credits / Heroes Never Die: In Memory of Spartans
halo-4,L2527,Credits / Heroes Never Die: In Memory of Spartans
halo-4,L2528,Credits / Heroes Never Die: In Memory of Spartans
halo-4,L2529,Credits / Heroes Never Die: In Memory of Spartans
halo-4,L253,Credits / Additional Engineering
halo-4,L2530,Credits / Heroes Never Die: In Memory of Spartans
halo-4,L2531,Credits / Heroes Never Die: In Memory of Spartans
halo-4,L254,Credits / Additional Engineering
halo-4,L255,Credits / Additional Engineering
halo-4,L256,Credits / Additional Engineering
halo-4,L257,Credits / Additional Engineering
halo-4,L258,Credits / Additional Engineering
halo-4,L259,Credits / Additional Engineering
halo-4,L26,Credits / Project Leads
halo-4,L261,Credits / Tech Art
halo-4,L262,Credits / Tech Art
halo-4,L263,Credits / Tech Art
halo-4,L264,Credits / Tech Art
halo-4,L265,Credits / Tech Art
halo-4,L266,Credits / Tech Art
halo-4,L267,Credits / Tech Art
halo-4,L268,Credits / Tech Art
halo-4,L269,Credits / Tech Art
halo-4,L27,Credits / Project Leads
halo-4,L270,Credits / Tech Art
halo-4,L271,Credits / Tech Art
halo-4,L272,Credits / Tech Art
halo-4,L273,Credits / Tech Art
halo-4,L274,Credits / Tech Art
halo-4,L275,Credits / Tech Art
halo-4,L276,Credits / Tech Art
halo-4,L277,Credits / Tech Art
halo-4,L278,Credits / Tech Art
halo-4,L28,Credits / Project Leads
halo-4,L280,Credits / Concept Art
halo-4,L281,Credits / Concept Art
halo-4,L282,Credits / Concept Art
halo-4,L283,Credits / Concept Art
halo-4,L284,Credits / Concept Art
halo-4,L285,Credits / Concept Art
halo-4,L286,Credits / Concept Art
halo-4,L287,Credits / Concept Art
halo-4,L288,Credits / Concept Art
halo-4,L289,Credits / Concept Art
halo-4,L29,Credits / Project Leads
halo-4,L290,Credits / Concept Art
halo-4,L291,Credits / Concept Art
halo-4,L292,Credits / Concept Art
halo-4,L293,Credits / Concept Art
halo-4,L294,Credits / Concept Art
halo-4,L295,Credits / Concept Art
halo-4,L296,Credits / Concept Art
halo-4,L297,Credits / Concept Art
halo-4,L298,Credits / Concept Art
halo-4,L299,Credits / Concept Art
halo-4,L30,Credits / Project Leads
halo-4,L300,Credits / Concept Art
halo-4,L301,Credits / Concept Art
halo-4,L302,Credits / Concept Art
halo-4,L303,Credits / Concept Art
halo-4,L305,Credits / Environment Art
halo-4,L306,Credits / Environment Art
halo-4,L307,Credits / Environment Art
halo-4,L308,Credits / Environment Art
halo-4,L309,Credits / Environment Art
halo-4,L31,Credits / Project Leads
halo-4,L310,Credits / Environment Art
halo-4,L311,Credits / Environment Art
halo-4,L312,Credits / Environment Art
halo-4,L313,Credits / Environment Art
halo-4,L314,Credits / Environment Art
halo-4,L315,Credits / Environment Art
halo-4,L316,Credits / Environment Art
halo-4,L317,Credits / Environment Art
halo-4,L318,Credits / Environment Art
halo-4,L319,Credits / Environment Art
halo-4,L32,Credits / Project Leads
halo-4,L320,Credits / Environment Art
halo-4,L321,Credits / Environment Art
halo-4,L322,Credits / Environment Art
halo-4,L323,Credits / Environment Art
halo-4,L324,Credits / Environment Art
halo-4,L325,Credits / Environment Art
halo-4,L326,Credits / Environment Art
halo-4,L327,Credits / Environment Art
halo-4,L328,Credits / Environment Art
halo-4,L329,Credits / Environment Art
halo-4,L33,Credits / Project Leads
halo-4,L330,Credits / Environment Art
halo-4,L331,Credits / Environment Art
halo-4,L332,Credits / Environment Art
halo-4,L333,Credits / Environment Art
halo-4,L334,Credits / Environment Art
halo-4,L335,Credits / Environment Art
halo-4,L336,Credits / Environment Art
halo-4,L337,Credits / Environment Art
halo-4,L338,Credits / Environment Art
halo-4,L339,Credits / Environment Art
halo-4,L34,Credits / Project Leads
halo-4,L340,Credits / Environment Art
halo-4,L341,Credits / Environment Art
halo-4,L342,Credits / Environment Art
halo-4,L343,Credits / Environment Art
halo-4,L344,Credits / Environment Art
halo-4,L345,Credits / Environment Art
halo-4,L346,Credits / Environment Art
halo-4,L347,Credits / Environment Art
halo-4,L348,Credits / Environment Art
halo-4,L349,Credits / Environment Art
halo-4,L35,Credits / Project Leads
halo-4,L350,Credits / Environment Art
halo-4,L351,Credits / Environment Art
halo-4,L352,Credits / Environment Art
halo-4,L353,Credits / Environment Art
halo-4,L354,Credits / Environment Art
halo-4,L355,Credits / Environment Art
halo-4,L356,Credits / Environment Art
halo-4,L357,Credits / Environment Art
halo-4,L358,Credits / Environment Art
halo-4,L359,Credits / Environment Art
halo-4,L36,Credits / Project Leads
halo-4,L360,Credits / Environment Art
halo-4,L361,Credits / Environment Art
halo-4,L362,Credits / Environment Art
halo-4,L363,Credits / Environment Art
halo-4,L364,Credits / Environment Art
halo-4,L365,Credits / Environment Art
halo-4,L366,Credits / Environment Art
halo-4,L367,Credits / Environment Art
halo-4,L368,Credits / Environment Art
halo-4,L369,Credits / Environment Art
halo-4,L37,Credits / Project Leads
halo-4,L370,Credits / Environment Art
halo-4,L371,Credits / Environment Art
halo-4,L372,Credits / Environment Art
halo-4,L373,Credits / Environment Art
halo-4,L374,Credits / Environment Art
halo-4,L375,Credits / Environment Art
halo-4,L376,Credits / Environment Art
halo-4,L377,Credits / Environment Art
halo-4,L378,Credits / Environment Art
halo-4,L379,Credits / Environment Art
halo-4,L38,Credits / Project Leads
halo-4,L380,Credits / Environment Art
halo-4,L381,Credits / Environment Art
halo-4,L382,Credits / Environment Art
halo-4,L383,Credits / Environment Art
halo-4,L384,Credits / Environment Art
halo-4,L385,Credits / Environment Art
halo-4,L386,Credits / Environment Art
halo-4,L387,Credits / Environment Art
halo-4,L388,Credits / Environment Art
halo-4,L389,Credits / Environment Art
halo-4,L39,Credits / Project Leads
halo-4,L390,Credits / Environment Art
halo-4,L391,Credits / Environment Art
halo-4,L392,Credits / Environment Art
halo-4,L393,Credits / Environment Art
halo-4,L394,Credits / Environment Art
halo-4,L395,Credits / Environment Art
halo-4,L396,Credits / Environment Art
halo-4,L397,Credits / Environment Art
halo-4,L398,Credits / Environment Art
halo-4,L399,Credits / Environment Art
halo-4,L40,Credits / Project Leads
halo-4,L400,Credits / Environment Art
halo-4,L401,Credits / Environment Art
halo-4,L402,Credits / Environment Art
halo-4,L403,Credits / Environment Art
halo-4,L404,Credits / Environment Art
halo-4,L405,Credits / Environment Art
halo-4,L406,Credits / Environment Art
halo-4,L407,Credits / Environment Art
halo-4,L408,Credits / Environment Art
halo-4,L409,Credits / Environment Art
halo-4,L41,Credits / Project Leads
halo-4,L410,Credits / Environment Art
halo-4,L411,Credits / Environment Art
halo-4,L412,Credits / Environment Art
halo-4,L413,Credits / Environment Art
halo-4,L414,Credits / Environment Art
halo-4,L415,Credits / Environment Art
halo-4,L416,Credits / Environment Art
halo-4,L417,Credits / Environment Art
halo-4,L418,Credits / Environment Art
halo-4,L419,Credits / Environment Art
halo-4,L42,Credits / Project Leads
halo-4,L420,Credits / Environment Art
halo-4,L421,Credits / Environment Art
halo-4,L422,Credits / Environment Art
halo-4,L423,Credits / Environment Art
halo-4,L424,Credits / Environment Art
halo-4,L425,Credits / Environment Art
halo-4,L426,Credits / Environment Art
halo-4,L427,Credits / Environment Art
halo-4,L428,Credits / Environment Art
halo-4,L429,Credits / Environment Art
halo-4,L43,Credits / Project Leads
halo-4,L430,Credits / Environment Art
halo-4,L431,Credits / Environment Art
halo-4,L432,Credits / Environment Art
halo-4,L433,Credits / Environment Art
halo-4,L434,Credits / Environment Art
halo-4,L436,"Credits / Character, Vehicle, and Weapon Art"
halo-4,L437,"Credits / Character, Vehicle, and Weapon Art"
halo-4,L438,"Credits / Character, Vehicle, and Weapon Art"
halo-4,L439,"Credits / Character, Vehicle, and Weapon Art"
halo-4,L440,"Credits / Character, Vehicle, and Weapon Art"
halo-4,L441,"Credits / Character, Vehicle, and Weapon Art"
halo-4,L442,"Credits / Character, Vehicle, and Weapon Art"
halo-4,L443,"Credits / Character, Vehicle, and Weapon Art"
halo-4,L444,"Credits / Character, Vehicle, and Weapon Art"
halo-4,L445,"Credits / Character, Vehicle, and Weapon Art"
halo-4,L446,"Credits / Character, Vehicle, and Weapon Art"
halo-4,L447,"Credits / Character, Vehicle, and Weapon Art"
halo-4,L448,"Credits / Character, Vehicle, and Weapon Art"
halo-4,L449,"Credits / Character, Vehicle, and Weapon Art"
halo-4,L45,Credits / Universe Development
halo-4,L450,"Credits / Character, Vehicle, and Weapon Art"
halo-4,L451,"Credits / Character, Vehicle, and Weapon Art"
halo-4,L452,"Credits / Character, Vehicle, and Weapon Art"
halo-4,L453,"Credits / Character, Vehicle, and Weapon Art"
halo-4,L454,"Credits / Character, Vehicle, and Weapon Art"
halo-4,L455,"Credits / Character, Vehicle, and Weapon Art"
halo-4,L457,Credits / Lighting
halo-4,L458,Credits / Lighting
halo-4,L459,Credits / Lighting
halo-4,L46,Credits / Universe Development
halo-4,L460,Credits / Lighting
halo-4,L461,Credits / Lighting
halo-4,L462,Credits / Lighting
halo-4,L463,Credits / Lighting
halo-4,L464,Credits / Lighting
halo-4,L465,Credits / Lighting
halo-4,L466,Credits / Lighting
halo-4,L467,Credits / Lighting
halo-4,L468,Credits / Lighting
halo-4,L470,Credits / FX Art
halo-4,L471,Credits / FX Art
halo-4,L472,Credits / FX Art
halo-4,L473,Credits / FX Art
halo-4,L474,Credits / FX Art
halo-4,L475,Credits / FX Art
halo-4,L476,Credits / FX Art
halo-4,L477,Credits / FX Art
halo-4,L478,Credits / FX Art
halo-4,L479,Credits / FX Art
halo-4,L48,Credits / Mission Design
halo-4,L480,Credits / FX Art
halo-4,L481,Credits / FX Art
halo-4,L482,Credits / FX Art
halo-4,L483,Credits / FX Art
halo-4,L484,Credits / FX Art
halo-4,L485,Credits / FX Art
halo-4,L486,Credits / FX Art
halo-4,L487,Credits / FX Art
halo-4,L488,Credits / FX Art
halo-4,L489,Credits / FX Art
halo-4,L49,Credits / Mission Design
halo-4,L490,Credits / FX Art
halo-4,L491,Credits / FX Art
halo-4,L492,Credits / FX Art
halo-4,L493,Credits / FX Art
halo-4,L494,Credits / FX Art
halo-4,L495,Credits / FX Art
halo-4,L497,Credits / Animation
halo-4,L498,Credits / Animation
halo-4,L50,Credits / Mission Design
halo-4,L500,Credits / Gameplay Animation
halo-4,L501,Credits / Gameplay Animation
halo-4,L502,Credits / Gameplay Animation
halo-4,L503,Credits / Gameplay Animation
halo-4,L504,Credits / Gameplay Animation
halo-4,L505,Credits / Gameplay Animation
halo-4,L506,Credits / Gameplay Animation
halo-4,L507,Credits / Gameplay Animation
halo-4,L508,Credits / Gameplay Animation
halo-4,L509,Credits / Gameplay Animation
halo-4,L51,Credits / Mission Design
halo-4,L510,Credits / Gameplay Animation
halo-4,L511,Credits / Gameplay Animation
halo-4,L512,Credits / Gameplay Animation
halo-4,L513,Credits / Gameplay Animation
halo-4,L514,Credits / Gameplay Animation
halo-4,L515,Credits / Gameplay Animation
halo-4,L516,Credits / Gameplay Animation
halo-4,L517,Credits / Gameplay Animation
halo-4,L518,Credits / Gameplay Animation
halo-4,L519,Credits / Gameplay Animation
halo-4,L52,Credits / Mission Design
halo-4,L520,Credits / Gameplay Animation
halo-4,L521,Credits / Gameplay Animation
halo-4,L522,Credits / Gameplay Animation
halo-4,L523,Credits / Gameplay Animation
halo-4,L524,Credits / Gameplay Animation
halo-4,L525,Credits / Gameplay Animation
halo-4,L526,Credits / Gameplay Animation
halo-4,L527,Credits / Gameplay Animation
halo-4,L528,Credits / Gameplay Animation
halo-4,L529,Credits / Gameplay Animation
halo-4,L53,Credits / Mission Design
halo-4,L530,Credits / Gameplay Animation
halo-4,L531,Credits / Gameplay Animation
halo-4,L532,Credits / Gameplay Animation
halo-4,L533,Credits / Gameplay Animation
halo-4,L535,Credits / Cinematics
halo-4,L536,Credits / Cinematics
halo-4,L537,Credits / Cinematics
halo-4,L538,Credits / Cinematics
halo-4,L539,Credits / Cinematics
halo-4,L54,Credits / Mission Design
halo-4,L540,Credits / Cinematics
halo-4,L541,Credits / Cinematics
halo-4,L542,Credits / Cinematics
halo-4,L543,Credits / Cinematics
halo-4,L544,Credits / Cinematics
halo-4,L545,Credits / Cinematics
halo-4,L546,Credits / Cinematics
halo-4,L547,Credits / Cinematics
halo-4,L548,Credits / Cinematics
halo-4,L549,Credits / Cinematics
halo-4,L55,Credits / Mission Design
halo-4,L550,Credits / Cinematics
halo-4,L551,Credits / Cinematics
halo-4,L552,Credits / Cinematics
halo-4,L553,Credits / Cinematics
halo-4,L554,Credits / Cinematics
halo-4,L555,Credits / Cinematics
halo-4,L556,Credits / Cinematics
halo-4,L557,Credits / Cinematics
halo-4,L558,Credits / Cinematics
halo-4,L559,Credits / Cinematics
halo-4,L56,Credits / Mission Design
halo-4,L560,Credits / Cinematics
halo-4,L561,Credits / Cinematics
halo-4,L562,Credits / Cinematics
halo-4,L563,Credits / Cinematics
halo-4,L564,Credits / Cinematics
halo-4,L565,Credits / Cinematics
halo-4,L566,Credits / Cinematics
halo-4,L567,Credits / Cinematics
halo-4,L568,Credits / Cinematics
halo-4,L57,Credits / Mission Design
halo-4,L570,Credits / Skybox Art
halo-4,L571,Credits / Skybox Art
halo-4,L572,Credits / Skybox Art
halo-4,L573,Credits / Skybox Art
halo-4,L574,Credits / Skybox Art
halo-4,L575,Credits / Skybox Art
halo-4,L577,Credits / UI Art
halo-4,L578,Credits / UI Art
halo-4,L579,Credits / UI Art
halo-4,L58,Credits / Mission Design
halo-4,L580,Credits / UI Art
halo-4,L581,Credits / UI Art
halo-4,L582,Credits / UI Art
halo-4,L583,Credits / UI Art
halo-4,L584,Credits / UI Art
halo-4,L585,Credits / UI Art
halo-4,L586,Credits / UI Art
halo-4,L588,Credits / UI Implementation
halo-4,L589,Credits / UI Implementation
halo-4,L59,Credits / Mission Design
halo-4,L590,Credits / UI Implementation
halo-4,L591,Credits / UI Implementation
halo-4,L592,Credits / UI Implementation
halo-4,L593,Credits / UI Implementation
halo-4,L594,Credits / UI Implementation
halo-4,L595,Credits / UI Implementation
halo-4,L596,Credits / UI Implementation
halo-4,L597,Credits / UI Implementation
halo-4,L599,Credits / Audio
halo-4,L60,Credits / Mission Design
halo-4,L600,Credits / Audio
halo-4,L601,Credits / Audio
halo-4,L602,Credits / Audio
halo-4,L603,Credits / Audio
halo-4,L604,Credits / Audio
halo-4,L605,Credits / Audio
halo-4,L606,Credits / Audio
halo-4,L607,Credits / Audio
halo-4,L608,Credits / Audio
halo-4,L609,Credits / Audio
halo-4,L61,Credits / Mission Design
halo-4,L610,Credits / Audio
halo-4,L611,Credits / Audio
halo-4,L612,Credits / Audio
halo-4,L613,Credits / Audio
halo-4,L614,Credits / Audio
halo-4,L615,Credits / Audio
halo-4,L616,Credits / Audio
halo-4,L617,Credits / Audio
halo-4,L618,Credits / Audio
halo-4,L62,Credits / Mission Design
halo-4,L620,Credits / Animation Production
halo-4,L621,Credits / Animation Production
halo-4,L623,Credits / Art Production
halo-4,L624,Credits / Art Production
halo-4,L625,Credits / Art Production
halo-4,L626,Credits / Art Production
halo-4,L628,Credits / Audio Production
halo-4,L629,Credits / Audio Production
halo-4,L63,Credits / Mission Design
halo-4,L630,Credits / Audio Production
halo-4,L631,Credits / Audio Production
halo-4,L633,Credits / Campaign Production
halo-4,L634,Credits / Campaign Production
halo-4,L635,Credits / Campaign Production
halo-4,L636,Credits / Campaign Production
halo-4,L637,Credits / Campaign Production
halo-4,L638,Credits / Campaign Production
halo-4,L64,Credits / Mission Design
halo-4,L640,Credits / Character Production
halo-4,L641,Credits / Character Production
halo-4,L643,Credits / Cinematics Production
halo-4,L644,Credits / Cinematics Production
halo-4,L646,Credits / Multiplayer Production
halo-4,L647,Credits / Multiplayer Production
halo-4,L648,Credits / Multiplayer Production
halo-4,L649,Credits / Multiplayer Production
halo-4,L65,Credits / Mission Design
halo-4,L650,Credits / Multiplayer Production
halo-4,L651,Credits / Multiplayer Production
halo-4,L652,Credits / Multiplayer Production
halo-4,L653,Credits / Multiplayer Production
halo-4,L655,Credits / Additional Production
halo-4,L656,Credits / Additional Production
halo-4,L657,Credits / Additional Production
halo-4,L658,Credits / Additional Production
halo-4,L659,Credits / Additional Production
halo-4,L66,Credits / Mission Design
halo-4,L660,Credits / Additional Production
halo-4,L661,Credits / Additional Production
halo-4,L662,Credits / Additional Production
halo-4,L664,Credits / Test
halo-4,L665,Credits / Test
halo-4,L666,Credits / Test
halo-4,L667,Credits / Test
halo-4,L668,Credits / Test
halo-4,L669,Credits / Test
halo-4,L67,Credits / Mission Design
halo-4,L670,Credits / Test
halo-4,L671,Credits / Test
halo-4,L672,Credits / Test
halo-4,L673,Credits / Test
halo-4,L674,Credits / Test
halo-4,L675,Credits / Test
halo-4,L676,Credits / Test
halo-4,L677,Credits / Test
halo-4,L678,Credits / Test
halo-4,L679,Credits / Test
halo-4,L68,Credits / Mission Design
halo-4,L680,Credits / Test
halo-4,L681,Credits / Test
halo-4,L682,Credits / Test
halo-4,L683,Credits / Test
halo-4,L684,Credits / Test
halo-4,L685,Credits / Test
halo-4,L686,Credits / Test
halo-4,L687,Credits / Test
halo-4,L688,Credits / Test
halo-4,L689,Credits / Test
halo-4,L69,Credits / Mission Design
halo-4,L690,Credits / Test
halo-4,L691,Credits / Test
halo-4,L692,Credits / Test
halo-4,L693,Credits / Test
halo-4,L694,Credits / Test
halo-4,L695,Credits / Test
halo-4,L696,Credits / Test
halo-4,L697,Credits / Test
halo-4,L698,Credits / Test
halo-4,L699,Credits / Test
halo-4,L70,Credits / Mission Design
halo-4,L700,Credits / Test
halo-4,L701,Credits / Test
halo-4,L702,Credits / Test
halo-4,L703,Credits / Test
halo-4,L704,Credits / Test
halo-4,L705,Credits / Test
halo-4,L706,Credits / Test
halo-4,L707,Credits / Test
halo-4,L708,Credits / Test
halo-4,L709,Credits / Test
halo-4,L71,Credits / Mission Design
halo-4,L710,Credits / Test
halo-4,L711,Credits / Test
halo-4,L712,Credits / Test
halo-4,L713,Credits / Test
halo-4,L714,Credits / Test
halo-4,L715,Credits / Test
halo-4,L716,Credits / Test
halo-4,L717,Credits / Test
halo-4,L718,Credits / Test
halo-4,L719,Credits / Test
halo-4,L720,Credits / Test
halo-4,L721,Credits / Test
halo-4,L722,Credits / Test
halo-4,L723,Credits / Test
halo-4,L724,Credits / Test
halo-4,L725,Credits / Test
halo-4,L726,Credits / Test
halo-4,L727,Credits / Test
halo-4,L728,Credits / Test
halo-4,L729,Credits / Test
halo-4,L73,Credits / Sandbox Design
halo-4,L730,Credits / Test
halo-4,L731,Credits / Test
halo-4,L732,Credits / Test
halo-4,L733,Credits / Test
halo-4,L734,Credits / Test
halo-4,L735,Credits / Test
halo-4,L736,Credits / Test
halo-4,L737,Credits / Test
halo-4,L738,Credits / Test
halo-4,L739,Credits / Test
halo-4,L74,Credits / Sandbox Design
halo-4,L740,Credits / Test
halo-4,L741,Credits / Test
halo-4,L742,Credits / Test
halo-4,L743,Credits / Test
halo-4,L744,Credits / Test
halo-4,L745,Credits / Test
halo-4,L746,Credits / Test
halo-4,L747,Credits / Test
halo-4,L748,Credits / Test
halo-4,L749,Credits / Test
halo-4,L75,Credits / Sandbox Design
halo-4,L750,Credits / Test
halo-4,L751,Credits / Test
halo-4,L752,Credits / Test
halo-4,L753,Credits / Test
halo-4,L754,Credits / Test
halo-4,L755,Credits / Test
halo-4,L756,Credits / Test
halo-4,L757,Credits / Test
halo-4,L758,Credits / Test
halo-4,L759,Credits / Test
halo-4,L76,Credits / Sandbox Design
halo-4,L760,Credits / Test
halo-4,L761,Credits / Test
halo-4,L762,Credits / Test
halo-4,L763,Credits / Test
halo-4,L764,Credits / Test
halo-4,L765,Credits / Test
halo-4,L766,Credits / Test
halo-4,L767,Credits / Test
halo-4,L768,Credits / Test
halo-4,L769,Credits / Test
halo-4,L77,Credits / Sandbox Design
halo-4,L770,Credits / Test
halo-4,L771,Credits / Test
halo-4,L772,Credits / Test
halo-4,L773,Credits / Test
halo-4,L774,Credits / Test
halo-4,L775,Credits / Test
halo-4,L776,Credits / Test
halo-4,L777,Credits / Test
halo-4,L778,Credits / Test
halo-4,L779,Credits / Test
halo-4,L78,Credits / Sandbox Design
halo-4,L780,Credits / Test
halo-4,L781,Credits / Test
halo-4,L782,Credits / Test
halo-4,L783,Credits / Test
halo-4,L784,Credits / Test
halo-4,L785,Credits / Test
halo-4,L786,Credits / Test
halo-4,L787,Credits / Test
halo-4,L788,Credits / Test
halo-4,L789,Credits / Test
halo-4,L79,Credits / Sandbox Design
halo-4,L790,Credits / Test
halo-4,L791,Credits / Test
halo-4,L792,Credits / Test
halo-4,L793,Credits / Test
halo-4,L795,Credits / Publishing
halo-4,L796,Credits / Publishing
halo-4,L797,Credits / Publishing
halo-4,L798,Credits / Publishing
halo-4,L799,Credits / Publishing
halo-4,L80,Credits / Sandbox Design
halo-4,L800,Credits / Publishing
halo-4,L801,Credits / Publishing
halo-4,L802,Credits / Publishing
halo-4,L803,Credits / Publishing
halo-4,L804,Credits / Publishing
halo-4,L805,Credits / Publishing
halo-4,L806,Credits / Publishing
halo-4,L807,Credits / Publishing
halo-4,L808,Credits / Publishing
halo-4,L809,Credits / Publishing
halo-4,L81,Credits / Sandbox Design
halo-4,L810,Credits / Publishing
halo-4,L811,Credits / Publishing
halo-4,L812,Credits / Publishing
halo-4,L814,Credits / Section 3 Engineering
halo-4,L815,Credits / Section 3 Engineering
halo-4,L816,Credits / Section 3 Engineering
halo-4,L817,Credits / Section 3 Engineering
halo-4,L818,Credits / Section 3 Engineering
halo-4,L819,Credits / Section 3 Engineering
halo-4,L82,Credits / Sandbox Design
halo-4,L820,Credits / Section 3 Engineering
halo-4,L821,Credits / Section 3 Engineering
halo-4,L822,Credits / Section 3 Engineering
halo-4,L823,Credits / Section 3 Engineering
halo-4,L824,Credits / Section 3 Engineering
halo-4,L825,Credits / Section 3 Engineering
halo-4,L826,Credits / Section 3 Engineering
halo-4,L827,Credits / Section 3 Engineering
halo-4,L828,Credits / Section 3 Engineering
halo-4,L829,Credits / Section 3 Engineering
halo-4,L83,Credits / Sandbox Design
halo-4,L830,Credits / Section 3 Engineering
halo-4,L831,Credits / Section 3 Engineering
halo-4,L832,Credits / Section 3 Engineering
halo-4,L833,Credits / Section 3 Engineering
halo-4,L834,Credits / Section 3 Engineering
halo-4,L835,Credits / Section 3 Engineering
halo-4,L836,Credits / Section 3 Engineering
halo-4,L837,Credits / Section 3 Engineering
halo-4,L838,Credits / Section 3 Engineering
halo-4,L839,Credits / Section 3 Engineering
halo-4,L84,Credits / Sandbox Design
halo-4,L840,Credits / Section 3 Engineering
halo-4,L841,Credits / Section 3 Engineering
halo-4,L842,Credits / Section 3 Engineering
halo-4,L843,Credits / Section 3 Engineering
halo-4,L844,Credits / Section 3 Engineering
halo-4,L845,Credits / Section 3 Engineering
halo-4,L846,Credits / Section 3 Engineering
halo-4,L847,Credits / Section 3 Engineering
halo-4,L848,Credits / Section 3 Engineering
halo-4,L849,Credits / Section 3 Engineering
halo-4,L850,Credits / Section 3 Engineering
halo-4,L851,Credits / Section 3 Engineering
halo-4,L852,Credits / Section 3 Engineering
halo-4,L853,Credits / Section 3 Engineering
halo-4,L854,Credits / Section 3 Engineering
halo-4,L855,Credits / Section 3 Engineering
halo-4,L856,Credits / Section 3 Engineering
halo-4,L857,Credits / Section 3 Engineering
halo-4,L858,Credits / Section 3 Engineering
halo-4,L859,Credits / Section 3 Engineering
halo-4,L86,Credits / Infinity Design
halo-4,L860,Credits / Section 3 Engineering
halo-4,L861,Credits / Section 3 Engineering
halo-4,L863,Credits / Section 3 UX
halo-4,L864,Credits / Section 3 UX
halo-4,L865,Credits / Section 3 UX
halo-4,L866,Credits / Section 3 UX
halo-4,L867,Credits / Section 3 UX
halo-4,L868,Credits / Section 3 UX
halo-4,L87,Credits / Infinity Design
halo-4,L870,Credits / Section 3 Production
halo-4,L871,Credits / Section 3 Production
halo-4,L872,Credits / Section 3 Production
halo-4,L873,Credits / Section 3 Production
halo-4,L874,Credits / Section 3 Production
halo-4,L875,Credits / Section 3 Production
halo-4,L876,Credits / Section 3 Production
halo-4,L877,Credits / Section 3 Production
halo-4,L878,Credits / Section 3 Production
halo-4,L879,Credits / Section 3 Production
halo-4,L88,Credits / Infinity Design
halo-4,L880,Credits / Section 3 Production
halo-4,L881,Credits / Section 3 Production
halo-4,L882,Credits / Section 3 Production
halo-4,L883,Credits / Section 3 Production
halo-4,L884,Credits / Section 3 Production
halo-4,L885,Credits / Section 3 Production
halo-4,L886,Credits / Section 3 Production
halo-4,L887,Credits / Section 3 Production
halo-4,L888,Credits / Section 3 Production
halo-4,L889,Credits / Section 3 Production
halo-4,L89,Credits / Infinity Design
halo-4,L891,Credits / Section 3 Test
halo-4,L892,Credits / Section 3 Test
halo-4,L893,Credits / Section 3 Test
halo-4,L894,Credits / Section 3 Test
halo-4,L895,Credits / Section 3 Test
halo-4,L896,Credits / Section 3 Test
halo-4,L897,Credits / Section 3 Test
halo-4,L898,Credits / Section 3 Test
halo-4,L899,Credits / Section 3 Test
halo-4,L90,Credits / Infinity Design
halo-4,L900,Credits / Section 3 Test
halo-4,L901,Credits / Section 3 Test
halo-4,L902,Credits / Section 3 Test
halo-4,L903,Credits / Section 3 Test
halo-4,L904,Credits / Section 3 Test
halo-4,L905,Credits / Section 3 Test
halo-4,L906,Credits / Section 3 Test
halo-4,L907,Credits / Section 3 Test
halo-4,L908,Credits / Section 3 Test
halo-4,L909,Credits / Section 3 Test
halo-4,L91,Credits / Infinity Design
halo-4,L910,Credits / Section 3 Test
halo-4,L911,Credits / Section 3 Test
halo-4,L912,Credits / Section 3 Test
halo-4,L913,Credits / Section 3 Test
halo-4,L914,Credits / Section 3 Test
halo-4,L915,Credits / Section 3 Test
halo-4,L916,Credits / Section 3 Test
halo-4,L917,Credits / Section 3 Test
halo-4,L918,Credits / Section 3 Test
halo-4,L919,Credits / Section 3 Test
halo-4,L92,Credits / Infinity Design
halo-4,L920,Credits / Section 3 Test
halo-4,L921,Credits / Section 3 Test
halo-4,L922,Credits / Section 3 Test
halo-4,L923,Credits / Section 3 Test
halo-4,L924,Credits / Section 3 Test
halo-4,L925,Credits / Section 3 Test
halo-4,L926,Credits / Section 3 Test
halo-4,L927,Credits / Section 3 Test
halo-4,L928,Credits / Section 3 Test
halo-4,L929,Credits / Section 3 Test
halo-4,L93,Credits / Infinity Design
halo-4,L930,Credits / Section 3 Test
halo-4,L931,Credits / Section 3 Test
halo-4,L932,Credits / Section 3 Test
halo-4,L934,Credits / Franchise Development
halo-4,L935,Credits / Franchise Development
halo-4,L936,Credits / Franchise Development
halo-4,L937,Credits / Franchise Development
halo-4,L938,Credits / Franchise Development
halo-4,L939,Credits / Franchise Development
halo-4,L94,Credits / Infinity Design
halo-4,L940,Credits / Franchise Development
halo-4,L941,Credits / Franchise Development
halo-4,L942,Credits / Franchise Development
halo-4,L943,Credits / Franchise Development
halo-4,L945,Credits / Franchise Community & Media
halo-4,L946,Credits / Franchise Community & Media
halo-4,L947,Credits / Franchise Community & Media
halo-4,L948,Credits / Franchise Community & Media
halo-4,L949,Credits / Franchise Community & Media
halo-4,L95,Credits / Infinity Design
halo-4,L950,Credits / Franchise Community & Media
halo-4,L951,Credits / Franchise Community & Media
halo-4,L952,Credits / Franchise Community & Media
halo-4,L953,Credits / Franchise Community & Media
halo-4,L954,Credits / Franchise Community & Media
halo-4,L955,Credits / Franchise Community & Media
halo-4,L956,Credits / Franchise Community & Media
halo-4,L957,Credits / Franchise Community & Media
halo-4,L958,Credits / Franchise Community & Media
halo-4,L959,Credits / Franchise Community & Media
halo-4,L96,Credits / Infinity Design
halo-4,L960,Credits / Franchise Community & Media
halo-4,L961,Credits / Franchise Community & Media
halo-4,L962,Credits / Franchise Community & Media
halo-4,L963,Credits / Franchise Community & Media
halo-4,L964,Credits / Franchise Community & Media
halo-4,L965,Credits / Franchise Community & Media
halo-4,L966,Credits / Franchise Community & Media
halo-4,L968,Credits / Strategy & Business Development
halo-4,L969,Credits / Strategy & Business Development
halo-4,L97,Credits / Infinity Design
halo-4,L970,Credits / Strategy & Business Development
halo-4,L971,Credits / Strategy & Business Development
halo-4,L972,Credits / Strategy & Business Development
halo-4,L973,Credits / Strategy & Business Development
halo-4,L974,Credits / Strategy & Business Development
halo-4,L975,Credits / Strategy & Business Development
halo-4,L976,Credits / Strategy & Business Development
halo-4,L977,Credits / Strategy & Business Development
halo-4,L978,Credits / Strategy & Business Development
halo-4,L979,Credits / Strategy & Business Development
halo-4,L98,Credits / Infinity Design
halo-4,L980,Credits / Strategy & Business Development
halo-4,L981,Credits / Strategy & Business Development
halo-4,L983,Credits / Licensing Team
halo-4,L984,Credits / Licensing Team
halo-4,L985,Credits / Licensing Team
halo-4,L986,Credits / Licensing Team
halo-4,L987,Credits / Licensing Team
halo-4,L988,Credits / Licensing Team
halo-4,L989,Credits / Licensing Team
halo-4,L99,Credits / Infinity Design
halo-4,L990,Credits / Licensing Team
halo-4,L991,Credits / Licensing Team
halo-4,L992,Credits / Licensing Team
halo-4,L993,Credits / Licensing Team
halo-4,L994,Credits / Licensing Team
halo-4,L995,Credits / Licensing Team
halo-4,L996,Credits / Licensing Team
halo-4,L997,Credits / Licensing Team
halo-4,L998,Credits / Licensing Team
halo-4,L999,Credits / Licensing Team
halo-4,mobygames:tr0,Xbox 360 credits (2012)
halo-4,mobygames:tr1,343 Industries: Projects Leads
halo-4,mobygames:tr10,343 Industries: Projects Leads
halo-4,mobygames:tr100,343 Industries: Art Production
halo-4,mobygames:tr101,343 Industries: Art Production
halo-4,mobygames:tr102,343 Industries: Audio Production
halo-4,mobygames:tr103,343 Industries: Audio Production
halo-4,mobygames:tr104,343 Industries: Campaign Production
halo-4,mobygames:tr105,343 Industries: Campaign Production
halo-4,mobygames:tr106,343 Industries: Campaign Production
halo-4,mobygames:tr107,343 Industries: Character Production
halo-4,mobygames:tr108,343 Industries: Character Production
halo-4,mobygames:tr109,343 Industries: Cinematics Production
halo-4,mobygames:tr11,343 Industries: Universe Development
halo-4,mobygames:tr110,343 Industries: Cinematics Production
halo-4,mobygames:tr111,343 Industries: Multiplayer Production
halo-4,mobygames:tr112,343 Industries: Multiplayer Production
halo-4,mobygames:tr113,343 Industries: Multiplayer Production
halo-4,mobygames:tr114,343 Industries: Additional Production
halo-4,mobygames:tr115,343 Industries: Additional Production
halo-4,mobygames:tr116,343 Industries: Test
halo-4,mobygames:tr117,343 Industries: Test
halo-4,mobygames:tr118,343 Industries: Test
halo-4,mobygames:tr119,343 Industries: Publishing
halo-4,mobygames:tr12,343 Industries: Universe Development
halo-4,mobygames:tr120,343 Industries: Publishing
halo-4,mobygames:tr121,343 Industries: Publishing
halo-4,mobygames:tr122,343 Industries: Publishing
halo-4,mobygames:tr123,343 Industries: Publishing
halo-4,mobygames:tr124,343 Industries: Publishing
halo-4,mobygames:tr125,343 Industries: Section 3 Engineering
halo-4,mobygames:tr126,343 Industries: Section 3 Engineering
halo-4,mobygames:tr127,343 Industries: Section 3 Engineering
halo-4,mobygames:tr128,343 Industries: Section 3 UX
halo-4,mobygames:tr129,343 Industries: Section 3 UX
halo-4,mobygames:tr13,343 Industries: Mission Design
halo-4,mobygames:tr130,343 Industries: Section 3 Production
halo-4,mobygames:tr131,343 Industries: Section 3 Production
halo-4,mobygames:tr132,343 Industries: Section 3 Production
halo-4,mobygames:tr133,343 Industries: Section 3 Production
halo-4,mobygames:tr134,343 Industries: Section 3 Test
halo-4,mobygames:tr135,343 Industries: Section 3 Test
halo-4,mobygames:tr136,343 Industries: Section 3 Test
halo-4,mobygames:tr137,343 Industries: Section 3 Test
halo-4,mobygames:tr138,343 Industries: Franchise Development
halo-4,mobygames:tr139,343 Industries: Franchise Development
halo-4,mobygames:tr14,343 Industries: Mission Design
halo-4,mobygames:tr140,343 Industries: Franchise Development
halo-4,mobygames:tr141,343 Industries: Franchise Community & Media
halo-4,mobygames:tr142,343 Industries: Franchise Community & Media
halo-4,mobygames:tr143,343 Industries: Franchise Community & Media
halo-4,mobygames:tr144,343 Industries: Strategy & Business Development
halo-4,mobygames:tr145,343 Industries: Strategy & Business Development
halo-4,mobygames:tr146,343 Industries: Strategy & Business Development
halo-4,mobygames:tr147,343 Industries: Licensing Team
halo-4,mobygames:tr148,343 Industries: Licensing Team
halo-4,mobygames:tr149,343 Industries: Licensing Team
halo-4,mobygames:tr15,343 Industries: Mission Design
halo-4,mobygames:tr150,343 Industries: IT
halo-4,mobygames:tr151,343 Industries: IT
halo-4,mobygames:tr152,343 Industries: IT
halo-4,mobygames:tr153,343 Industries: IT
halo-4,mobygames:tr154,343 Industries: Studio Production & Administration
halo-4,mobygames:tr155,343 Industries: Studio Production & Administration
halo-4,mobygames:tr156,343 Industries: Studio Production & Technology
halo-4,mobygames:tr157,343 Industries: Studio Production & Technology
halo-4,mobygames:tr158,343 Industries: Studio Production & Technology
halo-4,mobygames:tr159,343 Industries: Studio Management
halo-4,mobygames:tr16,343 Industries: Mission Design
halo-4,mobygames:tr160,343 Industries: Studio Management
halo-4,mobygames:tr161,"Additional Multiplayer Design and Development by Certain Affinity, Inc."
halo-4,mobygames:tr162,"Additional Multiplayer Design and Development by Certain Affinity, Inc."
halo-4,mobygames:tr163,"Additional Multiplayer Design and Development by Certain Affinity, Inc."
halo-4,mobygames:tr164,"Additional Multiplayer Design and Development by Certain Affinity, Inc."
halo-4,mobygames:tr165,"Additional Multiplayer Design and Development by Certain Affinity, Inc."
halo-4,mobygames:tr166,"Additional Multiplayer Design and Development by Certain Affinity, Inc."
halo-4,mobygames:tr167,"Additional Multiplayer Design and Development by Certain Affinity, Inc."
halo-4,mobygames:tr168,"Additional Multiplayer Design and Development by Certain Affinity, Inc."
halo-4,mobygames:tr169,"Additional Multiplayer Design and Development by Certain Affinity, Inc."
halo-4,mobygames:tr17,343 Industries: Sandbox Design
halo-4,mobygames:tr170,"Additional Multiplayer Design and Development by Certain Affinity, Inc."
halo-4,mobygames:tr171,"Additional Multiplayer Design and Development by Certain Affinity, Inc."
halo-4,mobygames:tr172,"Additional Multiplayer Design and Development by Certain Affinity, Inc."
halo-4,mobygames:tr173,"Additional Multiplayer Design and Development by Certain Affinity, Inc."
halo-4,mobygames:tr174,Additional Multiplayer Design and Development by Digital Extremes
halo-4,mobygames:tr175,Additional Multiplayer Design and Development by Digital Extremes
halo-4,mobygames:tr176,Additional Multiplayer Design and Development by Digital Extremes
halo-4,mobygames:tr177,Additional Multiplayer Design and Development by Digital Extremes
halo-4,mobygames:tr178,Additional Multiplayer Design and Development by Digital Extremes
halo-4,mobygames:tr179,Additional Multiplayer Design and Development by Digital Extremes
halo-4,mobygames:tr18,343 Industries: Sandbox Design
halo-4,mobygames:tr180,Additional Multiplayer Design and Development by Digital Extremes
halo-4,mobygames:tr181,Additional Multiplayer Design and Development by Digital Extremes
halo-4,mobygames:tr182,Test Reserves
halo-4,mobygames:tr183,Test Reserves
halo-4,mobygames:tr184,Test - Experis
halo-4,mobygames:tr185,Test - Experis
halo-4,mobygames:tr186,Microsoft Central Media
halo-4,mobygames:tr187,Microsoft Central Media
halo-4,mobygames:tr188,Microsoft Central Media
halo-4,mobygames:tr189,Microsoft Central Media
halo-4,mobygames:tr19,343 Industries: Sandbox Design
halo-4,mobygames:tr190,Soundlab
halo-4,mobygames:tr191,Soundlab
halo-4,mobygames:tr192,"Geops, Editing, and Localization Management"
halo-4,mobygames:tr193,"Geops, Editing, and Localization Management"
halo-4,mobygames:tr194,Microsoft PR & Marketing
halo-4,mobygames:tr195,Microsoft PR & Marketing
halo-4,mobygames:tr196,Microsoft PR & Marketing
halo-4,mobygames:tr197,Microsoft PR & Marketing
halo-4,mobygames:tr198,Microsoft PR & Marketing
halo-4,mobygames:tr199,Microsoft Publishing Business Development
halo-4,mobygames:tr2,343 Industries: Projects Leads
halo-4,mobygames:tr20,343 Industries: Infinity Design
halo-4,mobygames:tr200,Microsoft Publishing Business Development
halo-4,mobygames:tr201,Microsoft User Research
halo-4,mobygames:tr202,Microsoft User Research
halo-4,mobygames:tr203,Test Management
halo-4,mobygames:tr204,Test Management
halo-4,mobygames:tr205,EMEA Localization
halo-4,mobygames:tr206,EMEA Localization
halo-4,mobygames:tr207,Ireland Localization Team
halo-4,mobygames:tr208,Ireland Localization Team
halo-4,mobygames:tr209,East Asia Localization
halo-4,mobygames:tr21,343 Industries: Infinity Design
halo-4,mobygames:tr210,East Asia Localization
halo-4,mobygames:tr211,East Asia Localization Test
halo-4,mobygames:tr212,East Asia Localization Test
halo-4,mobygames:tr213,Microsoft HR & Recruiting
halo-4,mobygames:tr214,Microsoft HR & Recruiting
halo-4,mobygames:tr215,Microsoft LCA
halo-4,mobygames:tr216,Microsoft LCA
halo-4,mobygames:tr217,Microsoft Finance
halo-4,mobygames:tr218,Microsoft Finance
halo-4,mobygames:tr219,IEB Leadership
halo-4,mobygames:tr22,343 Industries: Infinity Design
halo-4,mobygames:tr220,IEB Leadership
halo-4,mobygames:tr221,IEB Leadership
halo-4,mobygames:tr222,Music
halo-4,mobygames:tr223,Music
halo-4,mobygames:tr224,Music
halo-4,mobygames:tr225,Bristol / London Music Production Unit
halo-4,mobygames:tr226,Bristol / London Music Production Unit
halo-4,mobygames:tr227,Bristol / London Music Production Unit
halo-4,mobygames:tr228,Bristol / London Music Production Unit
halo-4,mobygames:tr229,Bristol / London Music Production Unit
halo-4,mobygames:tr23,343 Industries: Infinity Design
halo-4,mobygames:tr230,Bristol / London Music Production Unit
halo-4,mobygames:tr231,Bristol / London Music Production Unit
halo-4,mobygames:tr232,Bristol / London Music Production Unit
halo-4,mobygames:tr233,Bristol / London Music Production Unit
halo-4,mobygames:tr234,Bristol / London Music Production Unit
halo-4,mobygames:tr235,Bristol / London Music Production Unit
halo-4,mobygames:tr236,Bristol / London Music Production Unit
halo-4,mobygames:tr237,Bristol / London Music Production Unit
halo-4,mobygames:tr238,Bristol / London Music Production Unit
halo-4,mobygames:tr239,Bristol / London Music Production Unit
halo-4,mobygames:tr24,343 Industries: Infinity Design
halo-4,mobygames:tr240,Bristol / London Music Production Unit
halo-4,mobygames:tr241,Bristol / London Music Production Unit
halo-4,mobygames:tr242,Bristol / London Music Production Unit
halo-4,mobygames:tr243,Bristol / London Music Production Unit
halo-4,mobygames:tr244,Bristol / London Music Production Unit
halo-4,mobygames:tr245,Bristol / London Music Production Unit
halo-4,mobygames:tr246,Bristol / London Music Production Unit
halo-4,mobygames:tr247,Bristol / London Music Production Unit
halo-4,mobygames:tr248,Bristol / London Music Production Unit
halo-4,mobygames:tr249,Bristol / London Music Production Unit
halo-4,mobygames:tr25,343 Industries: Infinity Design
halo-4,mobygames:tr250,Bristol / London Music Production Unit
halo-4,mobygames:tr251,Bristol / London Music Production Unit
halo-4,mobygames:tr252,Bristol / London Music Production Unit
halo-4,mobygames:tr253,Bristol / London Music Production Unit
halo-4,mobygames:tr254,Bristol / London Music Production Unit
halo-4,mobygames:tr255,Bristol / London Music Production Unit
halo-4,mobygames:tr256,Bristol / London Music Production Unit
halo-4,mobygames:tr257,Bristol / London Music Production Unit
halo-4,mobygames:tr258,Los Angeles / Seattle / Tokyo Music Production Unit
halo-4,mobygames:tr259,Los Angeles / Seattle / Tokyo Music Production Unit
halo-4,mobygames:tr26,343 Industries: Narrative Design
halo-4,mobygames:tr260,Los Angeles / Seattle / Tokyo Music Production Unit
halo-4,mobygames:tr261,Los Angeles / Seattle / Tokyo Music Production Unit
halo-4,mobygames:tr262,Los Angeles / Seattle / Tokyo Music Production Unit
halo-4,mobygames:tr263,Los Angeles / Seattle / Tokyo Music Production Unit
halo-4,mobygames:tr264,Los Angeles / Seattle / Tokyo Music Production Unit
halo-4,mobygames:tr265,Los Angeles / Seattle / Tokyo Music Production Unit
halo-4,mobygames:tr266,Los Angeles / Seattle / Tokyo Music Production Unit
halo-4,mobygames:tr267,Los Angeles / Seattle / Tokyo Music Production Unit
halo-4,mobygames:tr268,Los Angeles / Seattle / Tokyo Music Production Unit
halo-4,mobygames:tr269,Los Angeles / Seattle / Tokyo Music Production Unit
halo-4,mobygames:tr27,343 Industries: Narrative Design
halo-4,mobygames:tr270,Los Angeles / Seattle / Tokyo Music Production Unit
halo-4,mobygames:tr271,Los Angeles / Seattle / Tokyo Music Production Unit
halo-4,mobygames:tr272,Los Angeles / Seattle / Tokyo Music Production Unit
halo-4,mobygames:tr273,Los Angeles / Seattle / Tokyo Music Production Unit
halo-4,mobygames:tr274,Los Angeles / Seattle / Tokyo Music Production Unit
halo-4,mobygames:tr275,Los Angeles / Seattle / Tokyo Music Production Unit
halo-4,mobygames:tr276,Los Angeles / Seattle / Tokyo Music Production Unit
halo-4,mobygames:tr277,Los Angeles / Seattle / Tokyo Music Production Unit
halo-4,mobygames:tr278,Los Angeles / Seattle / Tokyo Music Production Unit
halo-4,mobygames:tr279,Los Angeles / Seattle / Tokyo Music Production Unit
halo-4,mobygames:tr28,343 Industries: Narrative Design
halo-4,mobygames:tr280,Los Angeles / Seattle / Tokyo Music Production Unit
halo-4,mobygames:tr281,Los Angeles / Seattle / Tokyo Music Production Unit
halo-4,mobygames:tr282,Los Angeles / Seattle / Tokyo Music Production Unit
halo-4,mobygames:tr283,Los Angeles / Seattle / Tokyo Music Production Unit
halo-4,mobygames:tr284,Los Angeles / Seattle / Tokyo Music Production Unit
halo-4,mobygames:tr285,Los Angeles / Seattle / Tokyo Music Production Unit
halo-4,mobygames:tr286,Los Angeles / Seattle / Tokyo Music Production Unit
halo-4,mobygames:tr287,Additional Writing: 7Hz Productions Ltd.
halo-4,mobygames:tr288,Additional Writing: 7Hz Productions Ltd.
halo-4,mobygames:tr289,Main Voice & Performance Cast
halo-4,mobygames:tr29,343 Industries: User Research
halo-4,mobygames:tr290,Main Voice & Performance Cast
halo-4,mobygames:tr291,Additional Voices
halo-4,mobygames:tr292,Additional Voices
halo-4,mobygames:tr293,Motion Capture Actors
halo-4,mobygames:tr294,Motion Capture Actors
halo-4,mobygames:tr295,Scanned Talent
halo-4,mobygames:tr296,Scanned Talent
halo-4,mobygames:tr297,Scanned Talent
halo-4,mobygames:tr298,Scanned Talent
halo-4,mobygames:tr299,Scanned Talent
halo-4,mobygames:tr3,343 Industries: Projects Leads
halo-4,mobygames:tr30,343 Industries: User Research
halo-4,mobygames:tr300,Scanned Talent
halo-4,mobygames:tr301,Scanned Talent
halo-4,mobygames:tr302,Scanned Talent
halo-4,mobygames:tr303,Scanned Talent
halo-4,mobygames:tr304,Scanned Talent
halo-4,mobygames:tr305,Other Contributors
halo-4,mobygames:tr306,Other Contributors
halo-4,mobygames:tr307,Other Contributors
halo-4,mobygames:tr308,Other Contributors
halo-4,mobygames:tr309,Other Contributors
halo-4,mobygames:tr31,343 Industries: Animation Engineering
halo-4,mobygames:tr310,Other Contributors
halo-4,mobygames:tr311,Other Contributors
halo-4,mobygames:tr312,Other Contributors
halo-4,mobygames:tr313,Other Contributors
halo-4,mobygames:tr314,Other Contributors
halo-4,mobygames:tr315,Other Contributors
halo-4,mobygames:tr316,Other Contributors
halo-4,mobygames:tr317,Other Contributors
halo-4,mobygames:tr318,Other Contributors
halo-4,mobygames:tr319,Other Contributors
halo-4,mobygames:tr32,343 Industries: Animation Engineering
halo-4,mobygames:tr320,Other Contributors
halo-4,mobygames:tr321,Special Thanks
halo-4,mobygames:tr322,Special Thanks
halo-4,mobygames:tr323,Additional Content Developed by
halo-4,mobygames:tr324,Additional Content Developed by
halo-4,mobygames:tr325,Production Babies
halo-4,mobygames:tr326,Production Babies
halo-4,mobygames:tr327,Heroes Never Die: In Memory of Spartans
halo-4,mobygames:tr328,Heroes Never Die: In Memory of Spartans
halo-4,mobygames:tr329,Additional Content Developed by Liquid Development
halo-4,mobygames:tr33,343 Industries: Animation Engineering
halo-4,mobygames:tr34,343 Industries: Audio Engineering
halo-4,mobygames:tr35,343 Industries: Audio Engineering
halo-4,mobygames:tr36,343 Industries: Graphics Engineering
halo-4,mobygames:tr37,343 Industries: Graphics Engineering
halo-4,mobygames:tr38,343 Industries: Graphics Engineering
halo-4,mobygames:tr39,343 Industries: Infrastructure Engineering
halo-4,mobygames:tr4,343 Industries: Projects Leads
halo-4,mobygames:tr40,343 Industries: Infrastructure Engineering
halo-4,mobygames:tr41,343 Industries: Infrastructure Engineering
halo-4,mobygames:tr42,343 Industries: Multiplayer Engineering
halo-4,mobygames:tr43,343 Industries: Multiplayer Engineering
halo-4,mobygames:tr44,343 Industries: Multiplayer Engineering
halo-4,mobygames:tr45,343 Industries: Sandbox Engineering
halo-4,mobygames:tr46,343 Industries: Sandbox Engineering
halo-4,mobygames:tr47,343 Industries: Sandbox Engineering
halo-4,mobygames:tr48,343 Industries: Systems Engineering
halo-4,mobygames:tr49,343 Industries: Systems Engineering
halo-4,mobygames:tr5,343 Industries: Projects Leads
halo-4,mobygames:tr50,343 Industries: Systems Engineering
halo-4,mobygames:tr51,343 Industries: Tools Engineering
halo-4,mobygames:tr52,343 Industries: Tools Engineering
halo-4,mobygames:tr53,343 Industries: Tools Engineering
halo-4,mobygames:tr54,343 Industries: UI Engineering
halo-4,mobygames:tr55,343 Industries: UI Engineering
halo-4,mobygames:tr56,343 Industries: UI Engineering
halo-4,mobygames:tr57,343 Industries: Additional Engineering
halo-4,mobygames:tr58,343 Industries: Additional Engineering
halo-4,mobygames:tr59,343 Industries: Tech Art
halo-4,mobygames:tr6,343 Industries: Projects Leads
halo-4,mobygames:tr60,343 Industries: Tech Art
halo-4,mobygames:tr61,343 Industries: Tech Art
halo-4,mobygames:tr62,343 Industries: Concept Art
halo-4,mobygames:tr63,343 Industries: Concept Art
halo-4,mobygames:tr64,343 Industries: Concept Art
halo-4,mobygames:tr65,343 Industries: Environment Art
halo-4,mobygames:tr66,343 Industries: Environment Art
halo-4,mobygames:tr67,343 Industries: Environment Art
halo-4,mobygames:tr68,343 Industries: Environment Art
halo-4,mobygames:tr69,343 Industries: Environment Art
halo-4,mobygames:tr7,343 Industries: Projects Leads
halo-4,mobygames:tr70,343 Industries: Environment Art
halo-4,mobygames:tr71,"343 Industries: Character, Vehicle and Weapon Art"
halo-4,mobygames:tr72,"343 Industries: Character, Vehicle and Weapon Art"
halo-4,mobygames:tr73,"343 Industries: Character, Vehicle and Weapon Art"
halo-4,mobygames:tr74,343 Industries: Lighting
halo-4,mobygames:tr75,343 Industries: Lighting
halo-4,mobygames:tr76,343 Industries: Lighting
halo-4,mobygames:tr77,343 Industries: FX Art
halo-4,mobygames:tr78,343 Industries: FX Art
halo-4,mobygames:tr79,343 Industries: FX Art
halo-4,mobygames:tr8,343 Industries: Projects Leads
halo-4,mobygames:tr80,343 Industries: Animation
halo-4,mobygames:tr81,343 Industries: Animation
halo-4,mobygames:tr82,343 Industries: Gameplay Animation
halo-4,mobygames:tr83,343 Industries: Gameplay Animation
halo-4,mobygames:tr84,343 Industries: Gameplay Animation
halo-4,mobygames:tr85,343 Industries: Gameplay Animation
halo-4,mobygames:tr86,343 Industries: Cinematics
halo-4,mobygames:tr87,343 Industries: Cinematics
halo-4,mobygames:tr88,343 Industries: Cinematics
halo-4,mobygames:tr89,343 Industries: Skybox Art
halo-4,mobygames:tr9,343 Industries: Projects Leads
halo-4,mobygames:tr90,343 Industries: Skybox Art
halo-4,mobygames:tr91,343 Industries: UI Art
halo-4,mobygames:tr92,343 Industries: UI Art
halo-4,mobygames:tr93,343 Industries: UI Art
halo-4,mobygames:tr94,343 Industries: UI Implementation
halo-4,mobygames:tr95,343 Industries: UI Implementation
halo-4,mobygames:tr96,343 Industries: Audio
halo-4,mobygames:tr97,343 Industries: Audio
halo-4,mobygames:tr98,343 Industries: Animation production
halo-4,mobygames:tr99,343 Industries: Animation production
halo-5,mobygames:tr0,Xbox One credits (2015)
halo-5,mobygames:tr1,Project Directors
halo-5,mobygames:tr10,Project Directors
halo-5,mobygames:tr100,Production
halo-5,mobygames:tr101,Production
halo-5,mobygames:tr102,Production
halo-5,mobygames:tr103,Production
halo-5,mobygames:tr104,Production
halo-5,mobygames:tr105,Production
halo-5,mobygames:tr106,Production
halo-5,mobygames:tr107,Production
halo-5,mobygames:tr108,Test
halo-5,mobygames:tr109,Test
halo-5,mobygames:tr11,Design: Campaign & Sandbox Design
halo-5,mobygames:tr110,Test
halo-5,mobygames:tr111,Test
halo-5,mobygames:tr112,Section 3 Engineering
halo-5,mobygames:tr113,Section 3 Engineering
halo-5,mobygames:tr114,Section 3 Engineering
halo-5,mobygames:tr115,Section 3 Engineering
halo-5,mobygames:tr116,Section 3 Engineering
halo-5,mobygames:tr117,Section 3 Engineering
halo-5,mobygames:tr118,Section 3 Engineering
halo-5,mobygames:tr119,Section 3 Engineering
halo-5,mobygames:tr12,Design: Campaign & Sandbox Design
halo-5,mobygames:tr120,Section 3 Engineering
halo-5,mobygames:tr121,Section 3 Engineering
halo-5,mobygames:tr122,Section 3 Engineering
halo-5,mobygames:tr123,Section 3 Engineering
halo-5,mobygames:tr124,Section 3 Production
halo-5,mobygames:tr125,Section 3 Production
halo-5,mobygames:tr126,Section 3 Production
halo-5,mobygames:tr127,Section 3 Production
halo-5,mobygames:tr128,Section 3 Production
halo-5,mobygames:tr129,Section 3 Test
halo-5,mobygames:tr13,Design: Campaign & Sandbox Design
halo-5,mobygames:tr130,Section 3 Test
halo-5,mobygames:tr131,Section 3 Test
halo-5,mobygames:tr132,Section 3 Test
halo-5,mobygames:tr133,Section 3 Test
halo-5,mobygames:tr134,Section 3 Test
halo-5,mobygames:tr135,Section 3 Test
halo-5,mobygames:tr136,Section 3 Test
halo-5,mobygames:tr137,Section 3 Test
halo-5,mobygames:tr138,Studio Management
halo-5,mobygames:tr139,Studio Management
halo-5,mobygames:tr14,Design: Campaign & Sandbox Design
halo-5,mobygames:tr140,Studio Management
halo-5,mobygames:tr141,Studio Management
halo-5,mobygames:tr142,Studio Management
halo-5,mobygames:tr143,Studio Management
halo-5,mobygames:tr144,Studio Management
halo-5,mobygames:tr145,Business
halo-5,mobygames:tr146,Business
halo-5,mobygames:tr147,Business
halo-5,mobygames:tr148,Business
halo-5,mobygames:tr149,Business
halo-5,mobygames:tr15,Design: Campaign & Sandbox Design
halo-5,mobygames:tr150,Franchise
halo-5,mobygames:tr151,Franchise
halo-5,mobygames:tr152,Franchise
halo-5,mobygames:tr153,Franchise
halo-5,mobygames:tr154,Franchise
halo-5,mobygames:tr155,Operations
halo-5,mobygames:tr156,Operations
halo-5,mobygames:tr157,Operations
halo-5,mobygames:tr158,Operations
halo-5,mobygames:tr159,Operations
halo-5,mobygames:tr16,Design: Campaign & Sandbox Design
halo-5,mobygames:tr160,Operations
halo-5,mobygames:tr161,Operations
halo-5,mobygames:tr162,Halo Channel & Halo Waypoint
halo-5,mobygames:tr163,Halo Channel & Halo Waypoint
halo-5,mobygames:tr164,Halo Channel & Halo Waypoint
halo-5,mobygames:tr165,Halo Channel & Halo Waypoint
halo-5,mobygames:tr166,Halo Channel & Halo Waypoint
halo-5,mobygames:tr167,Halo Channel & Halo Waypoint
halo-5,mobygames:tr168,Halo Channel & Halo Waypoint
halo-5,mobygames:tr169,Halo Channel & Halo Waypoint
halo-5,mobygames:tr17,Design: Campaign & Sandbox Design
halo-5,mobygames:tr170,Halo Channel & Halo Waypoint
halo-5,mobygames:tr171,Halo Channel & Halo Waypoint
halo-5,mobygames:tr172,Halo Channel & Halo Waypoint
halo-5,mobygames:tr173,Halo Channel & Halo Waypoint
halo-5,mobygames:tr174,Additional Engineering by SkyBox Labs
halo-5,mobygames:tr175,Additional Engineering by SkyBox Labs
halo-5,mobygames:tr176,Test Reserves
halo-5,mobygames:tr177,Test Reserves
halo-5,mobygames:tr178,Test Reserves
halo-5,mobygames:tr179,Microsoft Marketing & Public Relations
halo-5,mobygames:tr18,Design: Campaign & Sandbox Design
halo-5,mobygames:tr180,Microsoft Marketing & Public Relations
halo-5,mobygames:tr181,Microsoft Marketing & Public Relations
halo-5,mobygames:tr182,Microsoft Marketing & Public Relations
halo-5,mobygames:tr183,Microsoft Marketing & Public Relations
halo-5,mobygames:tr184,Microsoft Marketing & Public Relations
halo-5,mobygames:tr185,Microsoft Marketing & Public Relations
halo-5,mobygames:tr186,Microsoft Marketing & Public Relations
halo-5,mobygames:tr187,Localization
halo-5,mobygames:tr188,Localization
halo-5,mobygames:tr189,Microsoft
halo-5,mobygames:tr19,Design: Campaign & Sandbox Design
halo-5,mobygames:tr190,Microsoft
halo-5,mobygames:tr191,Microsoft
halo-5,mobygames:tr192,Microsoft
halo-5,mobygames:tr193,Microsoft
halo-5,mobygames:tr194,Microsoft
halo-5,mobygames:tr195,Music
halo-5,mobygames:tr196,Music
halo-5,mobygames:tr197,Music Production: Los Angeles & London
halo-5,mobygames:tr198,Music Production: Los Angeles & London
halo-5,mobygames:tr199,Music Production: Los Angeles & London
halo-5,mobygames:tr2,Project Directors
halo-5,mobygames:tr20,Design: Campaign & Sandbox Design
halo-5,mobygames:tr200,Music Production: Los Angeles & London
halo-5,mobygames:tr201,Music Production: Los Angeles & London
halo-5,mobygames:tr202,Music Production: Los Angeles & London
halo-5,mobygames:tr203,Music Production: Los Angeles & London
halo-5,mobygames:tr204,Music Production: Los Angeles & London
halo-5,mobygames:tr205,Music Production: Los Angeles & London
halo-5,mobygames:tr206,Music Production: Los Angeles & London
halo-5,mobygames:tr207,Music Production: Los Angeles & London
halo-5,mobygames:tr208,Music Production: Los Angeles & London
halo-5,mobygames:tr209,Music Production: Los Angeles & London
halo-5,mobygames:tr21,Design: Campaign & Sandbox Design
halo-5,mobygames:tr210,Music Production: Los Angeles & London
halo-5,mobygames:tr211,Music Production: Los Angeles & London
halo-5,mobygames:tr212,Music Production: Los Angeles & London
halo-5,mobygames:tr213,Music Production: Los Angeles & London
halo-5,mobygames:tr214,Music Production: Los Angeles & London
halo-5,mobygames:tr215,Music Production: Los Angeles & London
halo-5,mobygames:tr216,Music Production: Los Angeles & London
halo-5,mobygames:tr217,Music Production: Los Angeles & London
halo-5,mobygames:tr218,Music Production: Los Angeles & London
halo-5,mobygames:tr219,Music Production: Los Angeles & London
halo-5,mobygames:tr22,Design: Campaign & Sandbox Design
halo-5,mobygames:tr220,Music Production: Los Angeles & London
halo-5,mobygames:tr221,Music Production: Los Angeles & London
halo-5,mobygames:tr222,Music Production: Los Angeles & London
halo-5,mobygames:tr223,Music Production: Los Angeles & London
halo-5,mobygames:tr224,Music Production: Los Angeles & London
halo-5,mobygames:tr225,Music Production: Los Angeles & London
halo-5,mobygames:tr226,Music Production: Los Angeles & London
halo-5,mobygames:tr227,Music Production: Los Angeles & London
halo-5,mobygames:tr228,Music Production: Los Angeles & London
halo-5,mobygames:tr229,Music Production: Los Angeles & London
halo-5,mobygames:tr23,Design: Campaign & Sandbox Design
halo-5,mobygames:tr230,Music Production: Los Angeles & London
halo-5,mobygames:tr231,Music Production: Los Angeles & London
halo-5,mobygames:tr232,Music Production: Los Angeles & London
halo-5,mobygames:tr233,Music Production: Los Angeles & London
halo-5,mobygames:tr234,Music Production: Los Angeles & London
halo-5,mobygames:tr235,Music Production: Los Angeles & London
halo-5,mobygames:tr236,Music Production: Los Angeles & London
halo-5,mobygames:tr237,Music Production: Los Angeles & London
halo-5,mobygames:tr238,Custom Percussion Sampling
halo-5,mobygames:tr239,Custom Percussion Sampling
halo-5,mobygames:tr24,Design: Campaign & Sandbox Design
halo-5,mobygames:tr240,Custom Percussion Sampling
halo-5,mobygames:tr241,Custom Percussion Sampling
halo-5,mobygames:tr242,Custom Percussion Sampling
halo-5,mobygames:tr243,Music Production: Prague
halo-5,mobygames:tr244,Music Production: Prague
halo-5,mobygames:tr245,Music Production: Prague
halo-5,mobygames:tr246,Music Production: Prague
halo-5,mobygames:tr247,Music Production: Prague
halo-5,mobygames:tr248,Music Production: Prague
halo-5,mobygames:tr249,Music Production: Prague
halo-5,mobygames:tr25,Art
halo-5,mobygames:tr250,Music Production: Prague
halo-5,mobygames:tr251,Music: Thanks
halo-5,mobygames:tr252,Music: Thanks
halo-5,mobygames:tr253,"Dialogue, Foley, & Audio Post Production"
halo-5,mobygames:tr254,"Dialogue, Foley, & Audio Post Production"
halo-5,mobygames:tr255,"Dialogue, Foley, & Audio Post Production"
halo-5,mobygames:tr256,"Dialogue, Foley, & Audio Post Production"
halo-5,mobygames:tr257,"Dialogue, Foley, & Audio Post Production"
halo-5,mobygames:tr258,"Dialogue, Foley, & Audio Post Production"
halo-5,mobygames:tr259,"Dialogue, Foley, & Audio Post Production"
halo-5,mobygames:tr26,Art
halo-5,mobygames:tr260,"Dialogue, Foley, & Audio Post Production"
halo-5,mobygames:tr261,"Dialogue, Foley, & Audio Post Production"
halo-5,mobygames:tr262,Main Voice & Performance Cast
halo-5,mobygames:tr263,Main Voice & Performance Cast
halo-5,mobygames:tr264,Main Voice & Performance Cast
halo-5,mobygames:tr265,Main Voice & Performance Cast
halo-5,mobygames:tr266,Main Voice & Performance Cast
halo-5,mobygames:tr267,Main Voice & Performance Cast
halo-5,mobygames:tr268,Main Voice & Performance Cast
halo-5,mobygames:tr269,Main Voice & Performance Cast
halo-5,mobygames:tr27,Art
halo-5,mobygames:tr270,Main Voice & Performance Cast
halo-5,mobygames:tr271,Main Voice & Performance Cast
halo-5,mobygames:tr272,Main Voice & Performance Cast
halo-5,mobygames:tr273,Main Voice & Performance Cast
halo-5,mobygames:tr274,Main Voice & Performance Cast
halo-5,mobygames:tr275,Main Voice & Performance Cast
halo-5,mobygames:tr276,Main Voice & Performance Cast
halo-5,mobygames:tr277,Main Voice & Performance Cast
halo-5,mobygames:tr278,Main Voice & Performance Cast
halo-5,mobygames:tr279,Main Voice & Performance Cast
halo-5,mobygames:tr28,Art
halo-5,mobygames:tr280,Main Voice & Performance Cast
halo-5,mobygames:tr281,Main Voice & Performance Cast
halo-5,mobygames:tr282,Main Voice & Performance Cast
halo-5,mobygames:tr283,Main Voice & Performance Cast
halo-5,mobygames:tr284,Main Voice & Performance Cast
halo-5,mobygames:tr285,Main Voice & Performance Cast
halo-5,mobygames:tr286,Main Voice & Performance Cast
halo-5,mobygames:tr287,Main Voice & Performance Cast
halo-5,mobygames:tr288,Main Voice & Performance Cast
halo-5,mobygames:tr289,Scanned Talent
halo-5,mobygames:tr29,Art
halo-5,mobygames:tr290,Scanned Talent
halo-5,mobygames:tr291,Scanned Talent
halo-5,mobygames:tr292,Scanned Talent
halo-5,mobygames:tr293,Scanned Talent
halo-5,mobygames:tr294,Scanned Talent
halo-5,mobygames:tr295,Scanned Talent
halo-5,mobygames:tr296,Scanned Talent
halo-5,mobygames:tr297,Scanned Talent
halo-5,mobygames:tr298,Scanned Talent
halo-5,mobygames:tr299,Middleware Credits
halo-5,mobygames:tr3,Project Directors
halo-5,mobygames:tr30,Art
halo-5,mobygames:tr300,Middleware Credits
halo-5,mobygames:tr301,Middleware Credits
halo-5,mobygames:tr302,Middleware Credits
halo-5,mobygames:tr303,Middleware Credits
halo-5,mobygames:tr304,Middleware Credits
halo-5,mobygames:tr305,Middleware Credits
halo-5,mobygames:tr306,Middleware Credits
halo-5,mobygames:tr307,Special Thanks
halo-5,mobygames:tr308,Special Thanks
halo-5,mobygames:tr309,Production Babies
halo-5,mobygames:tr31,Art
halo-5,mobygames:tr310,Production Babies
halo-5,mobygames:tr311,In Memory
halo-5,mobygames:tr312,In Memory
halo-5,mobygames:tr313,Other
halo-5,mobygames:tr32,Art
halo-5,mobygames:tr33,Art
halo-5,mobygames:tr34,Art
halo-5,mobygames:tr35,Art
halo-5,mobygames:tr36,Art
halo-5,mobygames:tr37,Art
halo-5,mobygames:tr38,Art
halo-5,mobygames:tr39,Art
halo-5,mobygames:tr4,Project Directors
halo-5,mobygames:tr40,Art
halo-5,mobygames:tr41,Art
halo-5,mobygames:tr42,Art
halo-5,mobygames:tr43,Art
halo-5,mobygames:tr44,Art
halo-5,mobygames:tr45,Art
halo-5,mobygames:tr46,Art
halo-5,mobygames:tr47,Art
halo-5,mobygames:tr48,Art
halo-5,mobygames:tr49,Art
halo-5,mobygames:tr5,Project Directors
halo-5,mobygames:tr50,Art
halo-5,mobygames:tr51,Art
halo-5,mobygames:tr52,Art
halo-5,mobygames:tr53,Art
halo-5,mobygames:tr54,Art
halo-5,mobygames:tr55,Art
halo-5,mobygames:tr56,Art
halo-5,mobygames:tr57,Art
halo-5,mobygames:tr58,Art
halo-5,mobygames:tr59,Art
halo-5,mobygames:tr6,Project Directors
halo-5,mobygames:tr60,Audio
halo-5,mobygames:tr61,Audio
halo-5,mobygames:tr62,Audio
halo-5,mobygames:tr63,Audio
halo-5,mobygames:tr64,Engineering
halo-5,mobygames:tr65,Engineering
halo-5,mobygames:tr66,Engineering
halo-5,mobygames:tr67,Engineering
halo-5,mobygames:tr68,Engineering
halo-5,mobygames:tr69,Engineering
halo-5,mobygames:tr7,Project Directors
halo-5,mobygames:tr70,Engineering
halo-5,mobygames:tr71,Engineering
halo-5,mobygames:tr72,Engineering
halo-5,mobygames:tr73,Engineering
halo-5,mobygames:tr74,Engineering
halo-5,mobygames:tr75,Engineering
halo-5,mobygames:tr76,Engineering
halo-5,mobygames:tr77,Engineering
halo-5,mobygames:tr78,Engineering
halo-5,mobygames:tr79,Engineering
halo-5,mobygames:tr8,Project Directors
halo-5,mobygames:tr80,Engineering
halo-5,mobygames:tr81,Engineering
halo-5,mobygames:tr82,Engineering
halo-5,mobygames:tr83,Engineering
halo-5,mobygames:tr84,Engineering
halo-5,mobygames:tr85,Engineering
halo-5,mobygames:tr86,Engineering
halo-5,mobygames:tr87,Engineering
halo-5,mobygames:tr88,Engineering
halo-5,mobygames:tr89,Engineering
halo-5,mobygames:tr9,Project Directors
halo-5,mobygames:tr90,Engineering
halo-5,mobygames:tr91,Production
halo-5,mobygames:tr92,Production
halo-5,mobygames:tr93,Production
halo-5,mobygames:tr94,Production
halo-5,mobygames:tr95,Production
halo-5,mobygames:tr96,Production
halo-5,mobygames:tr97,Production
halo-5,mobygames:tr98,Production
halo-5,mobygames:tr99,Production
halo-ce,L100,Credits
halo-ce,L101,Credits
halo-ce,L102,Credits
halo-ce,L103,Credits
halo-ce,L104,Credits
halo-ce,L105,Credits
halo-ce,L106,Credits
halo-ce,L107,Credits
halo-ce,L108,Credits
halo-ce,L109,Credits
halo-ce,L110,Credits
halo-ce,L111,Credits
halo-ce,L112,Credits
halo-ce,L113,Credits
halo-ce,L114,Credits
halo-ce,L115,Credits
halo-ce,L116,Credits
halo-ce,L117,Credits
halo-ce,L118,Credits
halo-ce,L119,Credits
halo-ce,L120,Credits
halo-ce,L121,Credits
halo-ce,L122,Credits
halo-ce,L123,Credits
halo-ce,L124,Credits
halo-ce,L125,Credits
halo-ce,L126,Credits
halo-ce,L127,Credits
halo-ce,L128,Credits
halo-ce,L129,Credits
halo-ce,L130,Credits
halo-ce,L131,Credits
halo-ce,L132,Credits
halo-ce,L133,Credits
halo-ce,L134,Credits
halo-ce,L135,Credits
halo-ce,L136,Credits
halo-ce,L137,Credits
halo-ce,L138,Credits
halo-ce,L139,Credits
halo-ce,L14,Credits
halo-ce,L140,Credits
halo-ce,L141,Credits
halo-ce,L142,Credits
halo-ce,L143,Credits
halo-ce,L144,Credits
halo-ce,L145,Credits
halo-ce,L146,Credits
halo-ce,L147,Credits
halo-ce,L148,Credits
halo-ce,L149,Credits
halo-ce,L15,Credits
halo-ce,L150,Credits
halo-ce,L151,Credits
halo-ce,L152,Credits
halo-ce,L153,Credits
halo-ce,L154,Credits
halo-ce,L155,Credits
halo-ce,L156,Credits
halo-ce,L157,Credits
halo-ce,L158,Credits
halo-ce,L159,Credits
halo-ce,L16,Credits
halo-ce,L160,Credits
halo-ce,L161,Credits
halo-ce,L162,Credits
halo-ce,L163,Credits
halo-ce,L164,Credits
halo-ce,L165,Credits
halo-ce,L166,Credits
halo-ce,L167,Credits
halo-ce,L168,Credits
halo-ce,L169,Credits
halo-ce,L17,Credits
halo-ce,L170,Credits
halo-ce,L171,Credits
halo-ce,L172,Credits
halo-ce,L173,Credits
halo-ce,L174,Credits
halo-ce,L175,Credits
halo-ce,L176,Credits
halo-ce,L177,Credits
halo-ce,L178,Credits
halo-ce,L179,Credits
halo-ce,L18,Credits
halo-ce,L180,Credits
halo-ce,L181,Credits
halo-ce,L182,Credits
halo-ce,L183,Credits
halo-ce,L184,Credits
halo-ce,L185,Credits
halo-ce,L186,Credits
halo-ce,L187,Credits
halo-ce,L188,Credits
halo-ce,L189,Credits
halo-ce,L19,Credits
halo-ce,L190,Credits
halo-ce,L191,Credits
halo-ce,L192,Credits
halo-ce,L193,Credits
halo-ce,L194,Credits
halo-ce,L195,Credits
halo-ce,L196,Credits
halo-ce,L197,Credits
halo-ce,L198,Credits
halo-ce,L199,Credits
halo-ce,L20,Credits
halo-ce,L200,Credits
halo-ce,L201,Credits
halo-ce,L202,Credits
halo-ce,L203,Credits
halo-ce,L204,Credits
halo-ce,L205,Credits
halo-ce,L206,Credits
halo-ce,L207,Credits
halo-ce,L208,Credits
halo-ce,L209,Credits
halo-ce,L21,Credits
halo-ce,L210,Credits
halo-ce,L211,Credits
halo-ce,L212,Credits
halo-ce,L213,Credits
halo-ce,L214,Credits
halo-ce,L215,Credits
halo-ce,L216,Credits
halo-ce,L217,Credits
halo-ce,L218,Credits
halo-ce,L219,Credits
halo-ce,L22,Credits
halo-ce,L220,Credits
halo-ce,L221,Credits
halo-ce,L222,Credits
halo-ce,L223,Credits
halo-ce,L224,Credits
halo-ce,L225,Credits
halo-ce,L226,Credits
halo-ce,L227,Credits
halo-ce,L228,Credits
halo-ce,L229,Credits
halo-ce,L23,Credits
halo-ce,L230,Credits
halo-ce,L231,Credits
halo-ce,L232,Credits
halo-ce,L233,Credits
halo-ce,L234,Credits
halo-ce,L236,Trivia
halo-ce,L237,Trivia
halo-ce,L239,Notes
halo-ce,L24,Credits
halo-ce,L240,Notes
halo-ce,L242,Sources
halo-ce,L243,Sources
halo-ce,L244,Sources
halo-ce,L25,Credits
halo-ce,L26,Credits
halo-ce,L27,Credits
halo-ce,L28,Credits
halo-ce,L29,Credits
halo-ce,L30,Credits
halo-ce,L31,Credits
halo-ce,L32,Credits
halo-ce,L33,Credits
halo-ce,L34,Credits
halo-ce,L35,Credits
halo-ce,L36,Credits
halo-ce,L37,Credits
halo-ce,L38,Credits
halo-ce,L39,Credits
halo-ce,L40,Credits
halo-ce,L41,Credits
halo-ce,L42,Credits
halo-ce,L43,Credits
halo-ce,L44,Credits
halo-ce,L45,Credits
halo-ce,L46,Credits
halo-ce,L47,Credits
halo-ce,L48,Credits
halo-ce,L49,Credits
halo-ce,L50,Credits
halo-ce,L51,Credits
halo-ce,L52,Credits
halo-ce,L53,Credits
halo-ce,L54,Credits
halo-ce,L55,Credits
halo-ce,L56,Credits
halo-ce,L57,Credits
halo-ce,L58,Credits
halo-ce,L59,Credits
halo-ce,L60,Credits
halo-ce,L61,Credits
halo-ce,L62,Credits
halo-ce,L63,Credits
halo-ce,L64,Credits
halo-ce,L65,Credits
halo-ce,L66,Credits
halo-ce,L67,Credits
halo-ce,L68,Credits
halo-ce,L69,Credits
halo-ce,L70,Credits
halo-ce,L71,Credits
halo-ce,L72,Credits
halo-ce,L73,Credits
halo-ce,L74,Credits
halo-ce,L75,Credits
halo-ce,L76,Credits
halo-ce,L77,Credits
halo-ce,L78,Credits
halo-ce,L79,Credits
halo-ce,L80,Credits
halo-ce,L81,Credits
halo-ce,L82,Credits
halo-ce,L83,Credits
halo-ce,L84,Credits
halo-ce,L85,Credits
halo-ce,L86,Credits
halo-ce,L87,Credits
halo-ce,L88,Credits
halo-ce,L89,Credits
halo-ce,L90,Credits
halo-ce,L91,Credits
halo-ce,L92,Credits
halo-ce,L93,Credits
halo-ce,L94,Credits
halo-ce,L95,Credits
halo-ce,L96,Credits
halo-ce,L97,Credits
halo-ce,L98,Credits
halo-ce,L99,Credits
halo-ce,mobygames:tr0,Xbox credits (2001)
halo-ce,mobygames:tr1,Credits
halo-ce,mobygames:tr10,Credits
halo-ce,mobygames:tr11,Credits
halo-ce,mobygames:tr12,Credits
halo-ce,mobygames:tr13,Credits
halo-ce,mobygames:tr14,Credits
halo-ce,mobygames:tr15,Credits
halo-ce,mobygames:tr16,Credits
halo-ce,mobygames:tr17,Credits
halo-ce,mobygames:tr18,Credits
halo-ce,mobygames:tr19,Credits
halo-ce,mobygames:tr2,Credits
halo-ce,mobygames:tr20,Credits
halo-ce,mobygames:tr21,Credits
halo-ce,mobygames:tr22,Credits
halo-ce,mobygames:tr23,Credits
halo-ce,mobygames:tr24,Credits
halo-ce,mobygames:tr25,Credits
halo-ce,mobygames:tr26,Credits
halo-ce,mobygames:tr27,Credits
halo-ce,mobygames:tr28,Credits
halo-ce,mobygames:tr29,Credits
halo-ce,mobygames:tr3,Credits
halo-ce,mobygames:tr30,Credits
halo-ce,mobygames:tr31,Credits
halo-ce,mobygames:tr32,Credits
halo-ce,mobygames:tr33,Credits
halo-ce,mobygames:tr34,Credits
halo-ce,mobygames:tr35,Credits
halo-ce,mobygames:tr36,Credits
halo-ce,mobygames:tr37,Credits
halo-ce,mobygames:tr38,Credits
halo-ce,mobygames:tr39,Special Thanks
halo-ce,mobygames:tr4,Credits
halo-ce,mobygames:tr40,Special Thanks
halo-ce,mobygames:tr41,Special Thanks
halo-ce,mobygames:tr42,Special Thanks
halo-ce,mobygames:tr43,Special Thanks
halo-ce,mobygames:tr44,Special Thanks
halo-ce,mobygames:tr45,Special Thanks
halo-ce,mobygames:tr46,Special Thanks
halo-ce,mobygames:tr47,Special Thanks
halo-ce,mobygames:tr48,Special Thanks
halo-ce,mobygames:tr49,Special Thanks
halo-ce,mobygames:tr5,Credits
halo-ce,mobygames:tr50,Special Thanks
halo-ce,mobygames:tr51,Special Thanks
halo-ce,mobygames:tr52,Special Thanks
halo-ce,mobygames:tr53,Special Thanks
halo-ce,mobygames:tr54,Special Thanks
halo-ce,mobygames:tr55,Special Thanks
halo-ce,mobygames:tr56,Special Thanks
halo-ce,mobygames:tr57,Special Thanks
halo-ce,mobygames:tr58,Special Thanks
halo-ce,mobygames:tr59,Special Thanks
halo-ce,mobygames:tr6,Credits
halo-ce,mobygames:tr60,Special Thanks
halo-ce,mobygames:tr61,Special Thanks
halo-ce,mobygames:tr62,Special Thanks
halo-ce,mobygames:tr63,Special Thanks
halo-ce,mobygames:tr64,Special Thanks
halo-ce,mobygames:tr65,Special Thanks
halo-ce,mobygames:tr66,Special Thanks
halo-ce,mobygames:tr67,Special Thanks
halo-ce,mobygames:tr68,Special Thanks
halo-ce,mobygames:tr69,Special Thanks
halo-ce,mobygames:tr7,Credits
halo-ce,mobygames:tr70,Special Thanks
halo-ce,mobygames:tr71,Special Thanks
halo-ce,mobygames:tr72,Special Thanks
halo-ce,mobygames:tr73,Special Thanks
halo-ce,mobygames:tr74,Special Thanks
halo-ce,mobygames:tr75,Special Thanks
halo-ce,mobygames:tr76,Special Thanks
halo-ce,mobygames:tr77,Special Thanks
halo-ce,mobygames:tr78,Special Thanks
halo-ce,mobygames:tr79,Special Thanks
halo-ce,mobygames:tr8,Credits
halo-ce,mobygames:tr80,Special Thanks
halo-ce,mobygames:tr81,Special Thanks
halo-ce,mobygames:tr9,Credits
halo-cea,L100,Credits / Saber Interactive / Art Department
halo-cea,L101,Credits / Saber Interactive / Art Department
halo-cea,L102,Credits / Saber Interactive / Art Department
halo-cea,L103,Credits / Saber Interactive / Art Department
halo-cea,L104,Credits / Saber Interactive / Art Department
halo-cea,L106,Credits / Saber Interactive / Concept Art
halo-cea,L107,Credits / Saber Interactive / Concept Art
halo-cea,L108,Credits / Saber Interactive / Concept Art
halo-cea,L109,Credits / Saber Interactive / Concept Art
halo-cea,L110,Credits / Saber Interactive / Concept Art
halo-cea,L111,Credits / Saber Interactive / Concept Art
halo-cea,L112,Credits / Saber Interactive / Concept Art
halo-cea,L113,Credits / Saber Interactive / Concept Art
halo-cea,L114,Credits / Saber Interactive / Concept Art
halo-cea,L115,Credits / Saber Interactive / Concept Art
halo-cea,L116,Credits / Saber Interactive / Concept Art
halo-cea,L117,Credits / Saber Interactive / Concept Art
halo-cea,L119,Credits / Saber Interactive / Modeling
halo-cea,L120,Credits / Saber Interactive / Modeling
halo-cea,L121,Credits / Saber Interactive / Modeling
halo-cea,L122,Credits / Saber Interactive / Modeling
halo-cea,L123,Credits / Saber Interactive / Modeling
halo-cea,L124,Credits / Saber Interactive / Modeling
halo-cea,L125,Credits / Saber Interactive / Modeling
halo-cea,L126,Credits / Saber Interactive / Modeling
halo-cea,L127,Credits / Saber Interactive / Modeling
halo-cea,L128,Credits / Saber Interactive / Modeling
halo-cea,L129,Credits / Saber Interactive / Modeling
halo-cea,L130,Credits / Saber Interactive / Modeling
halo-cea,L131,Credits / Saber Interactive / Modeling
halo-cea,L132,Credits / Saber Interactive / Modeling
halo-cea,L133,Credits / Saber Interactive / Modeling
halo-cea,L134,Credits / Saber Interactive / Modeling
halo-cea,L135,Credits / Saber Interactive / Modeling
halo-cea,L136,Credits / Saber Interactive / Modeling
halo-cea,L137,Credits / Saber Interactive / Modeling
halo-cea,L138,Credits / Saber Interactive / Modeling
halo-cea,L139,Credits / Saber Interactive / Modeling
halo-cea,L140,Credits / Saber Interactive / Modeling
halo-cea,L141,Credits / Saber Interactive / Modeling
halo-cea,L142,Credits / Saber Interactive / Modeling
halo-cea,L143,Credits / Saber Interactive / Modeling
halo-cea,L144,Credits / Saber Interactive / Modeling
halo-cea,L146,Credits / Saber Interactive / Assets Modeling
halo-cea,L147,Credits / Saber Interactive / Assets Modeling
halo-cea,L148,Credits / Saber Interactive / Assets Modeling
halo-cea,L149,Credits / Saber Interactive / Assets Modeling
halo-cea,L150,Credits / Saber Interactive / Assets Modeling
halo-cea,L151,Credits / Saber Interactive / Assets Modeling
halo-cea,L152,Credits / Saber Interactive / Assets Modeling
halo-cea,L153,Credits / Saber Interactive / Assets Modeling
halo-cea,L155,Credits / Saber Interactive / Technical Modeling
halo-cea,L156,Credits / Saber Interactive / Technical Modeling
halo-cea,L157,Credits / Saber Interactive / Technical Modeling
halo-cea,L158,Credits / Saber Interactive / Technical Modeling
halo-cea,L159,Credits / Saber Interactive / Technical Modeling
halo-cea,L160,Credits / Saber Interactive / Technical Modeling
halo-cea,L161,Credits / Saber Interactive / Technical Modeling
halo-cea,L162,Credits / Saber Interactive / Technical Modeling
halo-cea,L163,Credits / Saber Interactive / Technical Modeling
halo-cea,L164,Credits / Saber Interactive / Technical Modeling
halo-cea,L166,Credits / Saber Interactive / Animation
halo-cea,L167,Credits / Saber Interactive / Animation
halo-cea,L168,Credits / Saber Interactive / Animation
halo-cea,L169,Credits / Saber Interactive / Animation
halo-cea,L17,Credits
halo-cea,L170,Credits / Saber Interactive / Animation
halo-cea,L171,Credits / Saber Interactive / Animation
halo-cea,L172,Credits / Saber Interactive / Animation
halo-cea,L173,Credits / Saber Interactive / Animation
halo-cea,L174,Credits / Saber Interactive / Animation
halo-cea,L175,Credits / Saber Interactive / Animation
halo-cea,L177,Credits / Saber Interactive / SFX
halo-cea,L178,Credits / Saber Interactive / SFX
halo-cea,L179,Credits / Saber Interactive / SFX
halo-cea,L180,Credits / Saber Interactive / SFX
halo-cea,L181,Credits / Saber Interactive / SFX
halo-cea,L182,Credits / Saber Interactive / SFX
halo-cea,L184,Credits / Saber Interactive / Texturing
halo-cea,L185,Credits / Saber Interactive / Texturing
halo-cea,L186,Credits / Saber Interactive / Texturing
halo-cea,L187,Credits / Saber Interactive / Texturing
halo-cea,L188,Credits / Saber Interactive / Texturing
halo-cea,L189,Credits / Saber Interactive / Texturing
halo-cea,L19,Credits / Bungie
halo-cea,L190,Credits / Saber Interactive / Texturing
halo-cea,L191,Credits / Saber Interactive / Texturing
halo-cea,L192,Credits / Saber Interactive / Texturing
halo-cea,L193,Credits / Saber Interactive / Texturing
halo-cea,L194,Credits / Saber Interactive / Texturing
halo-cea,L195,Credits / Saber Interactive / Texturing
halo-cea,L196,Credits / Saber Interactive / Texturing
halo-cea,L197,Credits / Saber Interactive / Texturing
halo-cea,L199,Credits / Saber Interactive / Lighting
halo-cea,L20,Credits / Bungie
halo-cea,L200,Credits / Saber Interactive / Lighting
halo-cea,L201,Credits / Saber Interactive / Lighting
halo-cea,L202,Credits / Saber Interactive / Lighting
halo-cea,L203,Credits / Saber Interactive / Lighting
halo-cea,L204,Credits / Saber Interactive / Lighting
halo-cea,L205,Credits / Saber Interactive / Lighting
halo-cea,L206,Credits / Saber Interactive / Lighting
halo-cea,L208,Credits / Saber Interactive / UI
halo-cea,L209,Credits / Saber Interactive / UI
halo-cea,L210,Credits / Saber Interactive / UI
halo-cea,L211,Credits / Saber Interactive / UI
halo-cea,L213,Credits / Saber Interactive / Sound
halo-cea,L214,Credits / Saber Interactive / Sound
halo-cea,L215,Credits / Saber Interactive / Sound
halo-cea,L216,Credits / Saber Interactive / Sound
halo-cea,L218,Credits / Saber Interactive / QA Department
halo-cea,L219,Credits / Saber Interactive / QA Department
halo-cea,L220,Credits / Saber Interactive / QA Department
halo-cea,L221,Credits / Saber Interactive / QA Department
halo-cea,L222,Credits / Saber Interactive / QA Department
halo-cea,L223,Credits / Saber Interactive / QA Department
halo-cea,L224,Credits / Saber Interactive / QA Department
halo-cea,L225,Credits / Saber Interactive / QA Department
halo-cea,L226,Credits / Saber Interactive / QA Department
halo-cea,L227,Credits / Saber Interactive / QA Department
halo-cea,L228,Credits / Saber Interactive / QA Department
halo-cea,L229,Credits / Saber Interactive / QA Department
halo-cea,L23,Credits / Saber Interactive / Production
halo-cea,L230,Credits / Saber Interactive / QA Department
halo-cea,L231,Credits / Saber Interactive / QA Department
halo-cea,L232,Credits / Saber Interactive / QA Department
halo-cea,L233,Credits / Saber Interactive / QA Department
halo-cea,L234,Credits / Saber Interactive / QA Department
halo-cea,L235,Credits / Saber Interactive / QA Department
halo-cea,L236,Credits / Saber Interactive / QA Department
halo-cea,L237,Credits / Saber Interactive / QA Department
halo-cea,L238,Credits / Saber Interactive / QA Department
halo-cea,L239,Credits / Saber Interactive / QA Department
halo-cea,L24,Credits / Saber Interactive / Production
halo-cea,L241,Credits / Saber Interactive / Support
halo-cea,L242,Credits / Saber Interactive / Support
halo-cea,L243,Credits / Saber Interactive / Support
halo-cea,L244,Credits / Saber Interactive / Support
halo-cea,L245,Credits / Saber Interactive / Support
halo-cea,L246,Credits / Saber Interactive / Support
halo-cea,L247,Credits / Saber Interactive / Support
halo-cea,L248,Credits / Saber Interactive / Support
halo-cea,L249,Credits / Saber Interactive / Support
halo-cea,L25,Credits / Saber Interactive / Production
halo-cea,L250,Credits / Saber Interactive / Support
halo-cea,L252,Credits / Saber Interactive / Motion Capture
halo-cea,L253,Credits / Saber Interactive / Motion Capture
halo-cea,L254,Credits / Saber Interactive / Motion Capture
halo-cea,L255,Credits / Saber Interactive / Motion Capture
halo-cea,L256,Credits / Saber Interactive / Motion Capture
halo-cea,L257,Credits / Saber Interactive / Motion Capture
halo-cea,L258,Credits / Saber Interactive / Motion Capture
halo-cea,L259,Credits / Saber Interactive / Motion Capture
halo-cea,L26,Credits / Saber Interactive / Production
halo-cea,L260,Credits / Saber Interactive / Motion Capture
halo-cea,L261,Credits / Saber Interactive / Motion Capture
halo-cea,L263,Credits / Saber Interactive / Special Thanks
halo-cea,L264,Credits / Saber Interactive / Special Thanks
halo-cea,L266,Credits / Certain Affinity
halo-cea,L268,Credits / Certain Affinity / Project Leads
halo-cea,L269,Credits / Certain Affinity / Project Leads
halo-cea,L27,Credits / Saber Interactive / Production
halo-cea,L270,Credits / Certain Affinity / Project Leads
halo-cea,L271,Credits / Certain Affinity / Project Leads
halo-cea,L272,Credits / Certain Affinity / Project Leads
halo-cea,L273,Credits / Certain Affinity / Project Leads
halo-cea,L274,Credits / Certain Affinity / Project Leads
halo-cea,L275,Credits / Certain Affinity / Project Leads
halo-cea,L276,Credits / Certain Affinity / Project Leads
halo-cea,L277,Credits / Certain Affinity / Project Leads
halo-cea,L278,Credits / Certain Affinity / Project Leads
halo-cea,L279,Credits / Certain Affinity / Project Leads
halo-cea,L28,Credits / Saber Interactive / Production
halo-cea,L280,Credits / Certain Affinity / Project Leads
halo-cea,L281,Credits / Certain Affinity / Project Leads
halo-cea,L282,Credits / Certain Affinity / Project Leads
halo-cea,L283,Credits / Certain Affinity / Project Leads
halo-cea,L284,Credits / Certain Affinity / Project Leads
halo-cea,L285,Credits / Certain Affinity / Project Leads
halo-cea,L287,Credits / Certain Affinity / Art
halo-cea,L288,Credits / Certain Affinity / Art
halo-cea,L289,Credits / Certain Affinity / Art
halo-cea,L29,Credits / Saber Interactive / Production
halo-cea,L290,Credits / Certain Affinity / Art
halo-cea,L291,Credits / Certain Affinity / Art
halo-cea,L292,Credits / Certain Affinity / Art
halo-cea,L293,Credits / Certain Affinity / Art
halo-cea,L294,Credits / Certain Affinity / Art
halo-cea,L295,Credits / Certain Affinity / Art
halo-cea,L296,Credits / Certain Affinity / Art
halo-cea,L297,Credits / Certain Affinity / Art
halo-cea,L298,Credits / Certain Affinity / Art
halo-cea,L299,Credits / Certain Affinity / Art
halo-cea,L30,Credits / Saber Interactive / Production
halo-cea,L300,Credits / Certain Affinity / Art
halo-cea,L301,Credits / Certain Affinity / Art
halo-cea,L302,Credits / Certain Affinity / Art
halo-cea,L303,Credits / Certain Affinity / Art
halo-cea,L304,Credits / Certain Affinity / Art
halo-cea,L305,Credits / Certain Affinity / Art
halo-cea,L306,Credits / Certain Affinity / Art
halo-cea,L307,Credits / Certain Affinity / Art
halo-cea,L308,Credits / Certain Affinity / Art
halo-cea,L309,Credits / Certain Affinity / Art
halo-cea,L31,Credits / Saber Interactive / Production
halo-cea,L310,Credits / Certain Affinity / Art
halo-cea,L311,Credits / Certain Affinity / Art
halo-cea,L312,Credits / Certain Affinity / Art
halo-cea,L313,Credits / Certain Affinity / Art
halo-cea,L314,Credits / Certain Affinity / Art
halo-cea,L315,Credits / Certain Affinity / Art
halo-cea,L316,Credits / Certain Affinity / Art
halo-cea,L317,Credits / Certain Affinity / Art
halo-cea,L318,Credits / Certain Affinity / Art
halo-cea,L319,Credits / Certain Affinity / Art
halo-cea,L32,Credits / Saber Interactive / Production
halo-cea,L320,Credits / Certain Affinity / Art
halo-cea,L321,Credits / Certain Affinity / Art
halo-cea,L322,Credits / Certain Affinity / Art
halo-cea,L323,Credits / Certain Affinity / Art
halo-cea,L324,Credits / Certain Affinity / Art
halo-cea,L325,Credits / Certain Affinity / Art
halo-cea,L326,Credits / Certain Affinity / Art
halo-cea,L327,Credits / Certain Affinity / Art
halo-cea,L328,Credits / Certain Affinity / Art
halo-cea,L329,Credits / Certain Affinity / Art
halo-cea,L33,Credits / Saber Interactive / Production
halo-cea,L330,Credits / Certain Affinity / Art
halo-cea,L331,Credits / Certain Affinity / Art
halo-cea,L332,Credits / Certain Affinity / Art
halo-cea,L333,Credits / Certain Affinity / Art
halo-cea,L334,Credits / Certain Affinity / Art
halo-cea,L335,Credits / Certain Affinity / Art
halo-cea,L336,Credits / Certain Affinity / Art
halo-cea,L337,Credits / Certain Affinity / Art
halo-cea,L338,Credits / Certain Affinity / Art
halo-cea,L339,Credits / Certain Affinity / Art
halo-cea,L34,Credits / Saber Interactive / Production
halo-cea,L340,Credits / Certain Affinity / Art
halo-cea,L342,Credits / Certain Affinity / Design
halo-cea,L343,Credits / Certain Affinity / Design
halo-cea,L344,Credits / Certain Affinity / Design
halo-cea,L345,Credits / Certain Affinity / Design
halo-cea,L346,Credits / Certain Affinity / Design
halo-cea,L347,Credits / Certain Affinity / Design
halo-cea,L348,Credits / Certain Affinity / Design
halo-cea,L349,Credits / Certain Affinity / Design
halo-cea,L351,Credits / Certain Affinity / Design / Engineering
halo-cea,L352,Credits / Certain Affinity / Design / Engineering
halo-cea,L353,Credits / Certain Affinity / Design / Engineering
halo-cea,L354,Credits / Certain Affinity / Design / Engineering
halo-cea,L356,Credits / Certain Affinity / Quality Assurance
halo-cea,L357,Credits / Certain Affinity / Quality Assurance
halo-cea,L358,Credits / Certain Affinity / Quality Assurance
halo-cea,L359,Credits / Certain Affinity / Quality Assurance
halo-cea,L360,Credits / Certain Affinity / Quality Assurance
halo-cea,L361,Credits / Certain Affinity / Quality Assurance
halo-cea,L362,Credits / Certain Affinity / Quality Assurance
halo-cea,L363,Credits / Certain Affinity / Quality Assurance
halo-cea,L365,Credits / Certain Affinity / Studio Directors
halo-cea,L366,Credits / Certain Affinity / Studio Directors
halo-cea,L367,Credits / Certain Affinity / Studio Directors
halo-cea,L368,Credits / Certain Affinity / Studio Directors
halo-cea,L369,Credits / Certain Affinity / Studio Directors
halo-cea,L37,Credits / Saber Interactive / Game Integration
halo-cea,L370,Credits / Certain Affinity / Studio Directors
halo-cea,L371,Credits / Certain Affinity / Studio Directors
halo-cea,L372,Credits / Certain Affinity / Studio Directors
halo-cea,L373,Credits / Certain Affinity / Studio Directors
halo-cea,L374,Credits / Certain Affinity / Studio Directors
halo-cea,L376,Credits / Certain Affinity / Studio Support
halo-cea,L377,Credits / Certain Affinity / Studio Support
halo-cea,L378,Credits / Certain Affinity / Studio Support
halo-cea,L379,Credits / Certain Affinity / Studio Support
halo-cea,L38,Credits / Saber Interactive / Game Integration
halo-cea,L380,Credits / Certain Affinity / Studio Support
halo-cea,L381,Credits / Certain Affinity / Studio Support
halo-cea,L382,Credits / Certain Affinity / Studio Support
halo-cea,L383,Credits / Certain Affinity / Studio Support
halo-cea,L384,Credits / Certain Affinity / Studio Support
halo-cea,L385,Credits / Certain Affinity / Studio Support
halo-cea,L386,Credits / Certain Affinity / Studio Support
halo-cea,L387,Credits / Certain Affinity / Studio Support
halo-cea,L389,Credits / Audio
halo-cea,L39,Credits / Saber Interactive / Game Integration
halo-cea,L390,Credits / Audio
halo-cea,L392,Credits / Audio / Microsoft Studios
halo-cea,L393,Credits / Audio / Microsoft Studios
halo-cea,L395,Credits / Audio / Pyramind Studios
halo-cea,L396,Credits / Audio / Pyramind Studios
halo-cea,L397,Credits / Audio / Pyramind Studios
halo-cea,L398,Credits / Audio / Pyramind Studios
halo-cea,L399,Credits / Audio / Pyramind Studios
halo-cea,L40,Credits / Saber Interactive / Game Integration
halo-cea,L400,Credits / Audio / Pyramind Studios
halo-cea,L401,Credits / Audio / Pyramind Studios
halo-cea,L402,Credits / Audio / Pyramind Studios
halo-cea,L403,Credits / Audio / Pyramind Studios
halo-cea,L404,Credits / Audio / Pyramind Studios
halo-cea,L405,Credits / Audio / Pyramind Studios
halo-cea,L406,Credits / Audio / Pyramind Studios
halo-cea,L407,Credits / Audio / Pyramind Studios
halo-cea,L408,Credits / Audio / Pyramind Studios
halo-cea,L409,Credits / Audio / Pyramind Studios
halo-cea,L41,Credits / Saber Interactive / Game Integration
halo-cea,L410,Credits / Audio / Pyramind Studios
halo-cea,L411,Credits / Audio / Pyramind Studios
halo-cea,L412,Credits / Audio / Pyramind Studios
halo-cea,L413,Credits / Audio / Pyramind Studios
halo-cea,L414,Credits / Audio / Pyramind Studios
halo-cea,L415,Credits / Audio / Pyramind Studios
halo-cea,L416,Credits / Audio / Pyramind Studios
halo-cea,L417,Credits / Audio / Pyramind Studios
halo-cea,L418,Credits / Audio / Pyramind Studios
halo-cea,L419,Credits / Audio / Pyramind Studios
halo-cea,L42,Credits / Saber Interactive / Game Integration
halo-cea,L420,Credits / Audio / Pyramind Studios
halo-cea,L421,Credits / Audio / Pyramind Studios
halo-cea,L422,Credits / Audio / Pyramind Studios
halo-cea,L423,Credits / Audio / Pyramind Studios
halo-cea,L424,Credits / Audio / Pyramind Studios
halo-cea,L426,Credits / Audio / Chanticleer
halo-cea,L427,Credits / Audio / Chanticleer
halo-cea,L428,Credits / Audio / Chanticleer
halo-cea,L429,Credits / Audio / Chanticleer
halo-cea,L43,Credits / Saber Interactive / Game Integration
halo-cea,L430,Credits / Audio / Chanticleer
halo-cea,L431,Credits / Audio / Chanticleer
halo-cea,L432,Credits / Audio / Chanticleer
halo-cea,L433,Credits / Audio / Chanticleer
halo-cea,L434,Credits / Audio / Chanticleer
halo-cea,L435,Credits / Audio / Chanticleer
halo-cea,L436,Credits / Audio / Chanticleer
halo-cea,L437,Credits / Audio / Chanticleer
halo-cea,L438,Credits / Audio / Chanticleer
halo-cea,L439,Credits / Audio / Chanticleer
halo-cea,L44,Credits / Saber Interactive / Game Integration
halo-cea,L440,Credits / Audio / Chanticleer
halo-cea,L441,Credits / Audio / Chanticleer
halo-cea,L442,Credits / Audio / Chanticleer
halo-cea,L443,Credits / Audio / Chanticleer
halo-cea,L444,Credits / Audio / Chanticleer
halo-cea,L445,Credits / Audio / Chanticleer
halo-cea,L446,Credits / Audio / Chanticleer
halo-cea,L447,Credits / Audio / Chanticleer
halo-cea,L448,Credits / Audio / Chanticleer
halo-cea,L449,Credits / Audio / Chanticleer
halo-cea,L45,Credits / Saber Interactive / Game Integration
halo-cea,L450,Credits / Audio / Chanticleer
halo-cea,L451,Credits / Audio / Chanticleer
halo-cea,L452,Credits / Audio / Chanticleer
halo-cea,L453,Credits / Audio / Chanticleer
halo-cea,L454,Credits / Audio / Chanticleer
halo-cea,L455,Credits / Audio / Chanticleer
halo-cea,L456,Credits / Audio / Chanticleer
halo-cea,L457,Credits / Audio / Chanticleer
halo-cea,L459,Credits / Audio / The Skywalker Symphony Orchestra
halo-cea,L46,Credits / Saber Interactive / Game Integration
halo-cea,L460,Credits / Audio / The Skywalker Symphony Orchestra
halo-cea,L461,Credits / Audio / The Skywalker Symphony Orchestra
halo-cea,L462,Credits / Audio / The Skywalker Symphony Orchestra
halo-cea,L464,"Credits / Audio / Skywalker Sound, a Lucasfilm Ltd. Company"
halo-cea,L465,"Credits / Audio / Skywalker Sound, a Lucasfilm Ltd. Company"
halo-cea,L466,"Credits / Audio / Skywalker Sound, a Lucasfilm Ltd. Company"
halo-cea,L467,"Credits / Audio / Skywalker Sound, a Lucasfilm Ltd. Company"
halo-cea,L468,"Credits / Audio / Skywalker Sound, a Lucasfilm Ltd. Company"
halo-cea,L469,"Credits / Audio / Skywalker Sound, a Lucasfilm Ltd. Company"
halo-cea,L47,Credits / Saber Interactive / Game Integration
halo-cea,L470,"Credits / Audio / Skywalker Sound, a Lucasfilm Ltd. Company"
halo-cea,L471,"Credits / Audio / Skywalker Sound, a Lucasfilm Ltd. Company"
halo-cea,L472,"Credits / Audio / Skywalker Sound, a Lucasfilm Ltd. Company"
halo-cea,L473,"Credits / Audio / Skywalker Sound, a Lucasfilm Ltd. Company"
halo-cea,L475,Credits / Audio / Microsoft Studios SoundLab
halo-cea,L476,Credits / Audio / Microsoft Studios SoundLab
halo-cea,L477,Credits / Audio / Microsoft Studios SoundLab
halo-cea,L478,Credits / Audio / Microsoft Studios SoundLab
halo-cea,L479,Credits / Audio / Microsoft Studios SoundLab
halo-cea,L48,Credits / Saber Interactive / Game Integration
halo-cea,L480,Credits / Audio / Microsoft Studios SoundLab
halo-cea,L481,Credits / Audio / Microsoft Studios SoundLab
halo-cea,L482,Credits / Audio / Microsoft Studios SoundLab
halo-cea,L483,Credits / Audio / Microsoft Studios SoundLab
halo-cea,L484,Credits / Audio / Microsoft Studios SoundLab
halo-cea,L485,Credits / Audio / Microsoft Studios SoundLab
halo-cea,L486,Credits / Audio / Microsoft Studios SoundLab
halo-cea,L487,Credits / Audio / Microsoft Studios SoundLab
halo-cea,L488,Credits / Audio / Microsoft Studios SoundLab
halo-cea,L49,Credits / Saber Interactive / Game Integration
halo-cea,L490,Credits / Audio / Soundelux Design Music Group
halo-cea,L491,Credits / Audio / Soundelux Design Music Group
halo-cea,L492,Credits / Audio / Soundelux Design Music Group
halo-cea,L493,Credits / Audio / Soundelux Design Music Group
halo-cea,L494,Credits / Audio / Soundelux Design Music Group
halo-cea,L495,Credits / Audio / Soundelux Design Music Group
halo-cea,L496,Credits / Audio / Soundelux Design Music Group
halo-cea,L497,Credits / Audio / Soundelux Design Music Group
halo-cea,L498,Credits / Audio / Soundelux Design Music Group
halo-cea,L499,Credits / Audio / Soundelux Design Music Group
halo-cea,L50,Credits / Saber Interactive / Game Integration
halo-cea,L500,Credits / Audio / Soundelux Design Music Group
halo-cea,L501,Credits / Audio / Soundelux Design Music Group
halo-cea,L502,Credits / Audio / Soundelux Design Music Group
halo-cea,L503,Credits / Audio / Soundelux Design Music Group
halo-cea,L504,Credits / Audio / Soundelux Design Music Group
halo-cea,L505,Credits / Audio / Soundelux Design Music Group
halo-cea,L506,Credits / Audio / Soundelux Design Music Group
halo-cea,L507,Credits / Audio / Soundelux Design Music Group
halo-cea,L509,Credits / Audio / Soundelux Design Music Group: Terminals VO Recording and Editorial
halo-cea,L510,Credits / Audio / Soundelux Design Music Group: Terminals VO Recording and Editorial
halo-cea,L511,Credits / Audio / Soundelux Design Music Group: Terminals VO Recording and Editorial
halo-cea,L512,Credits / Audio / Soundelux Design Music Group: Terminals VO Recording and Editorial
halo-cea,L513,Credits / Audio / Soundelux Design Music Group: Terminals VO Recording and Editorial
halo-cea,L514,Credits / Audio / Soundelux Design Music Group: Terminals VO Recording and Editorial
halo-cea,L515,Credits / Audio / Soundelux Design Music Group: Terminals VO Recording and Editorial
halo-cea,L516,Credits / Audio / Soundelux Design Music Group: Terminals VO Recording and Editorial
halo-cea,L517,Credits / Audio / Soundelux Design Music Group: Terminals VO Recording and Editorial
halo-cea,L518,Credits / Audio / Soundelux Design Music Group: Terminals VO Recording and Editorial
halo-cea,L519,Credits / Audio / Soundelux Design Music Group: Terminals VO Recording and Editorial
halo-cea,L52,Credits / Saber Interactive / Engine
halo-cea,L520,Credits / Audio / Soundelux Design Music Group: Terminals VO Recording and Editorial
halo-cea,L521,Credits / Audio / Soundelux Design Music Group: Terminals VO Recording and Editorial
halo-cea,L522,Credits / Audio / Soundelux Design Music Group: Terminals VO Recording and Editorial
halo-cea,L523,Credits / Audio / Soundelux Design Music Group: Terminals VO Recording and Editorial
halo-cea,L524,Credits / Audio / Soundelux Design Music Group: Terminals VO Recording and Editorial
halo-cea,L525,Credits / Audio / Soundelux Design Music Group: Terminals VO Recording and Editorial
halo-cea,L526,Credits / Audio / Soundelux Design Music Group: Terminals VO Recording and Editorial
halo-cea,L527,Credits / Audio / Soundelux Design Music Group: Terminals VO Recording and Editorial
halo-cea,L528,Credits / Audio / Soundelux Design Music Group: Terminals VO Recording and Editorial
halo-cea,L529,Credits / Audio / Soundelux Design Music Group: Terminals VO Recording and Editorial
halo-cea,L53,Credits / Saber Interactive / Engine
halo-cea,L530,Credits / Audio / Soundelux Design Music Group: Terminals VO Recording and Editorial
halo-cea,L532,Credits / Audio / Soundelux Design Music Group: Cinematics Audio
halo-cea,L533,Credits / Audio / Soundelux Design Music Group: Cinematics Audio
halo-cea,L534,Credits / Audio / Soundelux Design Music Group: Cinematics Audio
halo-cea,L535,Credits / Audio / Soundelux Design Music Group: Cinematics Audio
halo-cea,L536,Credits / Audio / Soundelux Design Music Group: Cinematics Audio
halo-cea,L537,Credits / Audio / Soundelux Design Music Group: Cinematics Audio
halo-cea,L538,Credits / Audio / Soundelux Design Music Group: Cinematics Audio
halo-cea,L539,Credits / Audio / Soundelux Design Music Group: Cinematics Audio
halo-cea,L54,Credits / Saber Interactive / Engine
halo-cea,L540,Credits / Audio / Soundelux Design Music Group: Cinematics Audio
halo-cea,L541,Credits / Audio / Soundelux Design Music Group: Cinematics Audio
halo-cea,L542,Credits / Audio / Soundelux Design Music Group: Cinematics Audio
halo-cea,L543,Credits / Audio / Soundelux Design Music Group: Cinematics Audio
halo-cea,L544,Credits / Audio / Soundelux Design Music Group: Cinematics Audio
halo-cea,L545,Credits / Audio / Soundelux Design Music Group: Cinematics Audio
halo-cea,L546,Credits / Audio / Soundelux Design Music Group: Cinematics Audio
halo-cea,L547,Credits / Audio / Soundelux Design Music Group: Cinematics Audio
halo-cea,L548,Credits / Audio / Soundelux Design Music Group: Cinematics Audio
halo-cea,L549,Credits / Audio / Soundelux Design Music Group: Cinematics Audio
halo-cea,L55,Credits / Saber Interactive / Engine
halo-cea,L550,Credits / Audio / Soundelux Design Music Group: Cinematics Audio
halo-cea,L551,Credits / Audio / Soundelux Design Music Group: Cinematics Audio
halo-cea,L554,Credits / Terminal Videos / Voice Talent
halo-cea,L555,Credits / Terminal Videos / Voice Talent
halo-cea,L556,Credits / Terminal Videos / Voice Talent
halo-cea,L557,Credits / Terminal Videos / Voice Talent
halo-cea,L558,Credits / Terminal Videos / Voice Talent
halo-cea,L559,Credits / Terminal Videos / Voice Talent
halo-cea,L56,Credits / Saber Interactive / Engine
halo-cea,L561,Credits / Terminal Videos / Production
halo-cea,L562,Credits / Terminal Videos / Production
halo-cea,L563,Credits / Terminal Videos / Production
halo-cea,L564,Credits / Terminal Videos / Production
halo-cea,L566,Credits / Terminal Videos / Art
halo-cea,L567,Credits / Terminal Videos / Art
halo-cea,L568,Credits / Terminal Videos / Art
halo-cea,L569,Credits / Terminal Videos / Art
halo-cea,L57,Credits / Saber Interactive / Engine
halo-cea,L570,Credits / Terminal Videos / Art
halo-cea,L571,Credits / Terminal Videos / Art
halo-cea,L572,Credits / Terminal Videos / Art
halo-cea,L573,Credits / Terminal Videos / Art
halo-cea,L574,Credits / Terminal Videos / Art
halo-cea,L575,Credits / Terminal Videos / Art
halo-cea,L576,Credits / Terminal Videos / Art
halo-cea,L577,Credits / Terminal Videos / Art
halo-cea,L579,Credits / Terminal Videos / Animation
halo-cea,L58,Credits / Saber Interactive / Engine
halo-cea,L580,Credits / Terminal Videos / Animation
halo-cea,L581,Credits / Terminal Videos / Animation
halo-cea,L582,Credits / Terminal Videos / Animation
halo-cea,L583,Credits / Terminal Videos / Animation
halo-cea,L584,Credits / Terminal Videos / Animation
halo-cea,L585,Credits / Terminal Videos / Animation
halo-cea,L586,Credits / Terminal Videos / Animation
halo-cea,L587,Credits / Terminal Videos / Animation
halo-cea,L588,Credits / Terminal Videos / Animation
halo-cea,L589,Credits / Terminal Videos / Animation
halo-cea,L59,Credits / Saber Interactive / Engine
halo-cea,L590,Credits / Terminal Videos / Animation
halo-cea,L591,Credits / Terminal Videos / Animation
halo-cea,L592,Credits / Terminal Videos / Animation
halo-cea,L594,Credits / Terminal Videos / Editing
halo-cea,L595,Credits / Terminal Videos / Editing
halo-cea,L596,Credits / Terminal Videos / Editing
halo-cea,L597,Credits / Terminal Videos / Editing
halo-cea,L598,Credits / Terminal Videos / Editing
halo-cea,L599,Credits / Terminal Videos / Editing
halo-cea,L601,Credits / Terminal Videos / Music
halo-cea,L602,Credits / Terminal Videos / Music
halo-cea,L604,Credits / Terminal Videos / Intro Video
halo-cea,L605,Credits / Terminal Videos / Intro Video
halo-cea,L606,Credits / Terminal Videos / Intro Video
halo-cea,L607,Credits / Terminal Videos / Intro Video
halo-cea,L608,Credits / Terminal Videos / Intro Video
halo-cea,L609,Credits / Terminal Videos / Intro Video
halo-cea,L61,Credits / Saber Interactive / Rendering
halo-cea,L610,Credits / Terminal Videos / Intro Video
halo-cea,L611,Credits / Terminal Videos / Intro Video
halo-cea,L613,Credits / Terminal Videos / Additional Information
halo-cea,L614,Credits / Terminal Videos / Additional Information
halo-cea,L615,Credits / Terminal Videos / Additional Information
halo-cea,L616,Credits / Terminal Videos / Additional Information
halo-cea,L617,Credits / Terminal Videos / Additional Information
halo-cea,L618,Credits / Terminal Videos / Additional Information
halo-cea,L619,Credits / Terminal Videos / Additional Information
halo-cea,L62,Credits / Saber Interactive / Rendering
halo-cea,L620,Credits / Terminal Videos / Additional Information
halo-cea,L623,Credits / 343 Industries / Executive Management
halo-cea,L624,Credits / 343 Industries / Executive Management
halo-cea,L625,Credits / 343 Industries / Executive Management
halo-cea,L626,Credits / 343 Industries / Executive Management
halo-cea,L628,Credits / 343 Industries / Production
halo-cea,L629,Credits / 343 Industries / Production
halo-cea,L63,Credits / Saber Interactive / Rendering
halo-cea,L630,Credits / 343 Industries / Production
halo-cea,L631,Credits / 343 Industries / Production
halo-cea,L632,Credits / 343 Industries / Production
halo-cea,L633,Credits / 343 Industries / Production
halo-cea,L634,Credits / 343 Industries / Production
halo-cea,L635,Credits / 343 Industries / Production
halo-cea,L636,Credits / 343 Industries / Production
halo-cea,L637,Credits / 343 Industries / Production
halo-cea,L639,Credits / 343 Industries / Design
halo-cea,L64,Credits / Saber Interactive / Rendering
halo-cea,L640,Credits / 343 Industries / Design
halo-cea,L642,Credits / 343 Industries / Engineering
halo-cea,L643,Credits / 343 Industries / Engineering
halo-cea,L644,Credits / 343 Industries / Engineering
halo-cea,L645,Credits / 343 Industries / Engineering
halo-cea,L646,Credits / 343 Industries / Engineering
halo-cea,L647,Credits / 343 Industries / Engineering
halo-cea,L649,Credits / 343 Industries / Halo Franchise
halo-cea,L65,Credits / Saber Interactive / Rendering
halo-cea,L650,Credits / 343 Industries / Halo Franchise
halo-cea,L651,Credits / 343 Industries / Halo Franchise
halo-cea,L652,Credits / 343 Industries / Halo Franchise
halo-cea,L653,Credits / 343 Industries / Halo Franchise
halo-cea,L654,Credits / 343 Industries / Halo Franchise
halo-cea,L656,Credits / 343 Industries / Community Team
halo-cea,L657,Credits / 343 Industries / Community Team
halo-cea,L658,Credits / 343 Industries / Community Team
halo-cea,L659,Credits / 343 Industries / Community Team
halo-cea,L66,Credits / Saber Interactive / Rendering
halo-cea,L660,Credits / 343 Industries / Community Team
halo-cea,L661,Credits / 343 Industries / Community Team
halo-cea,L662,Credits / 343 Industries / Community Team
halo-cea,L663,Credits / 343 Industries / Community Team
halo-cea,L664,Credits / 343 Industries / Community Team
halo-cea,L665,Credits / 343 Industries / Community Team
halo-cea,L666,Credits / 343 Industries / Community Team
halo-cea,L667,Credits / 343 Industries / Community Team
halo-cea,L668,Credits / 343 Industries / Community Team
halo-cea,L669,Credits / 343 Industries / Community Team
halo-cea,L67,Credits / Saber Interactive / Rendering
halo-cea,L670,Credits / 343 Industries / Community Team
halo-cea,L671,Credits / 343 Industries / Community Team
halo-cea,L673,Credits / 343 Industries / Special Thanks
halo-cea,L674,Credits / 343 Industries / Special Thanks
halo-cea,L675,Credits / 343 Industries / Special Thanks
halo-cea,L676,Credits / 343 Industries / Special Thanks
halo-cea,L677,Credits / 343 Industries / Special Thanks
halo-cea,L678,Credits / 343 Industries / Special Thanks
halo-cea,L679,Credits / 343 Industries / Special Thanks
halo-cea,L68,Credits / Saber Interactive / Rendering
halo-cea,L680,Credits / 343 Industries / Special Thanks
halo-cea,L681,Credits / 343 Industries / Special Thanks
halo-cea,L682,Credits / 343 Industries / Special Thanks
halo-cea,L683,Credits / 343 Industries / Special Thanks
halo-cea,L684,Credits / 343 Industries / Special Thanks
halo-cea,L685,Credits / 343 Industries / Special Thanks
halo-cea,L686,Credits / 343 Industries / Special Thanks
halo-cea,L687,Credits / 343 Industries / Special Thanks
halo-cea,L688,Credits / 343 Industries / Special Thanks
halo-cea,L689,Credits / 343 Industries / Special Thanks
halo-cea,L69,Credits / Saber Interactive / Rendering
halo-cea,L690,Credits / 343 Industries / Special Thanks
halo-cea,L691,Credits / 343 Industries / Special Thanks
halo-cea,L692,Credits / 343 Industries / Special Thanks
halo-cea,L693,Credits / 343 Industries / Special Thanks
halo-cea,L694,Credits / 343 Industries / Special Thanks
halo-cea,L695,Credits / 343 Industries / Special Thanks
halo-cea,L696,Credits / 343 Industries / Special Thanks
halo-cea,L697,Credits / 343 Industries / Special Thanks
halo-cea,L698,Credits / 343 Industries / Special Thanks
halo-cea,L699,Credits / 343 Industries / Special Thanks
halo-cea,L70,Credits / Saber Interactive / Rendering
halo-cea,L700,Credits / 343 Industries / Special Thanks
halo-cea,L701,Credits / 343 Industries / Special Thanks
halo-cea,L702,Credits / 343 Industries / Special Thanks
halo-cea,L703,Credits / 343 Industries / Special Thanks
halo-cea,L704,Credits / 343 Industries / Special Thanks
halo-cea,L705,Credits / 343 Industries / Special Thanks
halo-cea,L706,Credits / 343 Industries / Special Thanks
halo-cea,L707,Credits / 343 Industries / Special Thanks
halo-cea,L708,Credits / 343 Industries / Special Thanks
halo-cea,L71,Credits / Saber Interactive / Rendering
halo-cea,L711,Credits / Microsoft Studios / Executive Management
halo-cea,L712,Credits / Microsoft Studios / Executive Management
halo-cea,L713,Credits / Microsoft Studios / Executive Management
halo-cea,L714,Credits / Microsoft Studios / Executive Management
halo-cea,L716,Credits / Microsoft Studios / Art
halo-cea,L717,Credits / Microsoft Studios / Art
halo-cea,L718,Credits / Microsoft Studios / Art
halo-cea,L719,Credits / Microsoft Studios / Art
halo-cea,L72,Credits / Saber Interactive / Rendering
halo-cea,L720,Credits / Microsoft Studios / Art
halo-cea,L721,Credits / Microsoft Studios / Art
halo-cea,L723,Credits / Microsoft Studios / Media Lab
halo-cea,L724,Credits / Microsoft Studios / Media Lab
halo-cea,L725,Credits / Microsoft Studios / Media Lab
halo-cea,L726,Credits / Microsoft Studios / Media Lab
halo-cea,L727,Credits / Microsoft Studios / Media Lab
halo-cea,L728,Credits / Microsoft Studios / Media Lab
halo-cea,L730,Credits / Microsoft Studios / Print and Digital Game Guide
halo-cea,L731,Credits / Microsoft Studios / Print and Digital Game Guide
halo-cea,L732,Credits / Microsoft Studios / Print and Digital Game Guide
halo-cea,L733,Credits / Microsoft Studios / Print and Digital Game Guide
halo-cea,L735,Credits / Microsoft Studios / Business Management
halo-cea,L736,Credits / Microsoft Studios / Business Management
halo-cea,L737,Credits / Microsoft Studios / Business Management
halo-cea,L738,Credits / Microsoft Studios / Business Management
halo-cea,L74,Credits / Saber Interactive / UI/TCRs
halo-cea,L740,Credits / Microsoft Studios / User Research
halo-cea,L741,Credits / Microsoft Studios / User Research
halo-cea,L742,Credits / Microsoft Studios / User Research
halo-cea,L743,Credits / Microsoft Studios / User Research
halo-cea,L744,Credits / Microsoft Studios / User Research
halo-cea,L745,Credits / Microsoft Studios / User Research
halo-cea,L747,Credits / Microsoft Studios / Narrative Design - Manual
halo-cea,L748,Credits / Microsoft Studios / Narrative Design - Manual
halo-cea,L749,Credits / Microsoft Studios / Narrative Design - Manual
halo-cea,L75,Credits / Saber Interactive / UI/TCRs
halo-cea,L750,Credits / Microsoft Studios / Narrative Design - Manual
halo-cea,L751,Credits / Microsoft Studios / Narrative Design - Manual
halo-cea,L752,Credits / Microsoft Studios / Narrative Design - Manual
halo-cea,L753,Credits / Microsoft Studios / Narrative Design - Manual
halo-cea,L754,Credits / Microsoft Studios / Narrative Design - Manual
halo-cea,L755,Credits / Microsoft Studios / Narrative Design - Manual
halo-cea,L756,Credits / Microsoft Studios / Narrative Design - Manual
halo-cea,L757,Credits / Microsoft Studios / Narrative Design - Manual
halo-cea,L758,Credits / Microsoft Studios / Narrative Design - Manual
halo-cea,L76,Credits / Saber Interactive / UI/TCRs
halo-cea,L760,Credits / Microsoft Studios / Redmond International Team
halo-cea,L761,Credits / Microsoft Studios / Redmond International Team
halo-cea,L763,Credits / Microsoft Studios / Dublin International Team
halo-cea,L764,Credits / Microsoft Studios / Dublin International Team
halo-cea,L765,Credits / Microsoft Studios / Dublin International Team
halo-cea,L766,Credits / Microsoft Studios / Dublin International Team
halo-cea,L767,Credits / Microsoft Studios / Dublin International Team
halo-cea,L768,Credits / Microsoft Studios / Dublin International Team
halo-cea,L769,Credits / Microsoft Studios / Dublin International Team
halo-cea,L77,Credits / Saber Interactive / UI/TCRs
halo-cea,L770,Credits / Microsoft Studios / Dublin International Team
halo-cea,L771,Credits / Microsoft Studios / Dublin International Team
halo-cea,L772,Credits / Microsoft Studios / Dublin International Team
halo-cea,L774,Credits / Microsoft Studios / Tokyo International Team
halo-cea,L775,Credits / Microsoft Studios / Tokyo International Team
halo-cea,L776,Credits / Microsoft Studios / Tokyo International Team
halo-cea,L777,Credits / Microsoft Studios / Tokyo International Team
halo-cea,L778,Credits / Microsoft Studios / Tokyo International Team
halo-cea,L779,Credits / Microsoft Studios / Tokyo International Team
halo-cea,L78,Credits / Saber Interactive / UI/TCRs
halo-cea,L780,Credits / Microsoft Studios / Tokyo International Team
halo-cea,L781,Credits / Microsoft Studios / Tokyo International Team
halo-cea,L782,Credits / Microsoft Studios / Tokyo International Team
halo-cea,L783,Credits / Microsoft Studios / Tokyo International Team
halo-cea,L784,Credits / Microsoft Studios / Tokyo International Team
halo-cea,L785,Credits / Microsoft Studios / Tokyo International Team
halo-cea,L786,Credits / Microsoft Studios / Tokyo International Team
halo-cea,L787,Credits / Microsoft Studios / Tokyo International Team
halo-cea,L789,Credits / Microsoft Studios / Account Management
halo-cea,L79,Credits / Saber Interactive / UI/TCRs
halo-cea,L790,Credits / Microsoft Studios / Account Management
halo-cea,L791,Credits / Microsoft Studios / Account Management
halo-cea,L792,Credits / Microsoft Studios / Account Management
halo-cea,L793,Credits / Microsoft Studios / Account Management
halo-cea,L794,Credits / Microsoft Studios / Account Management
halo-cea,L796,Credits / Microsoft Studios / Manufacturing & Supply Chain
halo-cea,L797,Credits / Microsoft Studios / Manufacturing & Supply Chain
halo-cea,L799,Credits / Microsoft Studios / Legal and Corporate Affairs
halo-cea,L80,Credits / Saber Interactive / UI/TCRs
halo-cea,L800,Credits / Microsoft Studios / Legal and Corporate Affairs
halo-cea,L801,Credits / Microsoft Studios / Legal and Corporate Affairs
halo-cea,L802,Credits / Microsoft Studios / Legal and Corporate Affairs
halo-cea,L803,Credits / Microsoft Studios / Legal and Corporate Affairs
halo-cea,L804,Credits / Microsoft Studios / Legal and Corporate Affairs
halo-cea,L806,Credits / Microsoft Studios / Marketing and Public Relations
halo-cea,L807,Credits / Microsoft Studios / Marketing and Public Relations
halo-cea,L808,Credits / Microsoft Studios / Marketing and Public Relations
halo-cea,L809,Credits / Microsoft Studios / Marketing and Public Relations
halo-cea,L81,Credits / Saber Interactive / UI/TCRs
halo-cea,L810,Credits / Microsoft Studios / Marketing and Public Relations
halo-cea,L811,Credits / Microsoft Studios / Marketing and Public Relations
halo-cea,L812,Credits / Microsoft Studios / Marketing and Public Relations
halo-cea,L813,Credits / Microsoft Studios / Marketing and Public Relations
halo-cea,L815,Credits / Microsoft Studios / Test
halo-cea,L816,Credits / Microsoft Studios / Test
halo-cea,L817,Credits / Microsoft Studios / Test
halo-cea,L818,Credits / Microsoft Studios / Test
halo-cea,L819,Credits / Microsoft Studios / Test
halo-cea,L82,Credits / Saber Interactive / UI/TCRs
halo-cea,L820,Credits / Microsoft Studios / Test
halo-cea,L821,Credits / Microsoft Studios / Test
halo-cea,L822,Credits / Microsoft Studios / Test
halo-cea,L824,"Credits / Microsoft Studios / Team ""Forearm"" Multiplayer Testers"
halo-cea,L825,"Credits / Microsoft Studios / Team ""Forearm"" Multiplayer Testers"
halo-cea,L826,"Credits / Microsoft Studios / Team ""Forearm"" Multiplayer Testers"
halo-cea,L827,"Credits / Microsoft Studios / Team ""Forearm"" Multiplayer Testers"
halo-cea,L828,"Credits / Microsoft Studios / Team ""Forearm"" Multiplayer Testers"
halo-cea,L829,"Credits / Microsoft Studios / Team ""Forearm"" Multiplayer Testers"
halo-cea,L83,Credits / Saber Interactive / UI/TCRs
halo-cea,L830,"Credits / Microsoft Studios / Team ""Forearm"" Multiplayer Testers"
halo-cea,L831,"Credits / Microsoft Studios / Team ""Forearm"" Multiplayer Testers"
halo-cea,L832,"Credits / Microsoft Studios / Team ""Forearm"" Multiplayer Testers"
halo-cea,L833,"Credits / Microsoft Studios / Team ""Forearm"" Multiplayer Testers"
halo-cea,L834,"Credits / Microsoft Studios / Team ""Forearm"" Multiplayer Testers"
halo-cea,L835,"Credits / Microsoft Studios / Team ""Forearm"" Multiplayer Testers"
halo-cea,L836,"Credits / Microsoft Studios / Team ""Forearm"" Multiplayer Testers"
halo-cea,L837,"Credits / Microsoft Studios / Team ""Forearm"" Multiplayer Testers"
halo-cea,L838,"Credits / Microsoft Studios / Team ""Forearm"" Multiplayer Testers"
halo-cea,L839,"Credits / Microsoft Studios / Team ""Forearm"" Multiplayer Testers"
halo-cea,L840,"Credits / Microsoft Studios / Team ""Forearm"" Multiplayer Testers"
halo-cea,L841,"Credits / Microsoft Studios / Team ""Forearm"" Multiplayer Testers"
halo-cea,L842,"Credits / Microsoft Studios / Team ""Forearm"" Multiplayer Testers"
halo-cea,L843,"Credits / Microsoft Studios / Team ""Forearm"" Multiplayer Testers"
halo-cea,L844,"Credits / Microsoft Studios / Team ""Forearm"" Multiplayer Testers"
halo-cea,L845,"Credits / Microsoft Studios / Team ""Forearm"" Multiplayer Testers"
halo-cea,L846,"Credits / Microsoft Studios / Team ""Forearm"" Multiplayer Testers"
halo-cea,L847,"Credits / Microsoft Studios / Team ""Forearm"" Multiplayer Testers"
halo-cea,L848,"Credits / Microsoft Studios / Team ""Forearm"" Multiplayer Testers"
halo-cea,L849,"Credits / Microsoft Studios / Team ""Forearm"" Multiplayer Testers"
halo-cea,L85,Credits / Saber Interactive / Network
halo-cea,L850,"Credits / Microsoft Studios / Team ""Forearm"" Multiplayer Testers"
halo-cea,L851,"Credits / Microsoft Studios / Team ""Forearm"" Multiplayer Testers"
halo-cea,L852,"Credits / Microsoft Studios / Team ""Forearm"" Multiplayer Testers"
halo-cea,L853,"Credits / Microsoft Studios / Team ""Forearm"" Multiplayer Testers"
halo-cea,L855,Credits / Microsoft Studios / Experis Manpower Group
halo-cea,L856,Credits / Microsoft Studios / Experis Manpower Group
halo-cea,L857,Credits / Microsoft Studios / Experis Manpower Group
halo-cea,L858,Credits / Microsoft Studios / Experis Manpower Group
halo-cea,L859,Credits / Microsoft Studios / Experis Manpower Group
halo-cea,L86,Credits / Saber Interactive / Network
halo-cea,L860,Credits / Microsoft Studios / Experis Manpower Group
halo-cea,L861,Credits / Microsoft Studios / Experis Manpower Group
halo-cea,L862,Credits / Microsoft Studios / Experis Manpower Group
halo-cea,L863,Credits / Microsoft Studios / Experis Manpower Group
halo-cea,L864,Credits / Microsoft Studios / Experis Manpower Group
halo-cea,L865,Credits / Microsoft Studios / Experis Manpower Group
halo-cea,L866,Credits / Microsoft Studios / Experis Manpower Group
halo-cea,L867,Credits / Microsoft Studios / Experis Manpower Group
halo-cea,L868,Credits / Microsoft Studios / Experis Manpower Group
halo-cea,L869,Credits / Microsoft Studios / Experis Manpower Group
halo-cea,L87,Credits / Saber Interactive / Network
halo-cea,L870,Credits / Microsoft Studios / Experis Manpower Group
halo-cea,L871,Credits / Microsoft Studios / Experis Manpower Group
halo-cea,L872,Credits / Microsoft Studios / Experis Manpower Group
halo-cea,L873,Credits / Microsoft Studios / Experis Manpower Group
halo-cea,L874,Credits / Microsoft Studios / Experis Manpower Group
halo-cea,L875,Credits / Microsoft Studios / Experis Manpower Group
halo-cea,L876,Credits / Microsoft Studios / Experis Manpower Group
halo-cea,L877,Credits / Microsoft Studios / Experis Manpower Group
halo-cea,L878,Credits / Microsoft Studios / Experis Manpower Group
halo-cea,L879,Credits / Microsoft Studios / Experis Manpower Group
halo-cea,L88,Credits / Saber Interactive / Network
halo-cea,L880,Credits / Microsoft Studios / Experis Manpower Group
halo-cea,L881,Credits / Microsoft Studios / Experis Manpower Group
halo-cea,L882,Credits / Microsoft Studios / Experis Manpower Group
halo-cea,L883,Credits / Microsoft Studios / Experis Manpower Group
halo-cea,L884,Credits / Microsoft Studios / Experis Manpower Group
halo-cea,L885,Credits / Microsoft Studios / Experis Manpower Group
halo-cea,L886,Credits / Microsoft Studios / Experis Manpower Group
halo-cea,L887,Credits / Microsoft Studios / Experis Manpower Group
halo-cea,L888,Credits / Microsoft Studios / Experis Manpower Group
halo-cea,L889,Credits / Microsoft Studios / Experis Manpower Group
halo-cea,L890,Credits / Microsoft Studios / Experis Manpower Group
halo-cea,L891,Credits / Microsoft Studios / Experis Manpower Group
halo-cea,L892,Credits / Microsoft Studios / Experis Manpower Group
halo-cea,L893,Credits / Microsoft Studios / Experis Manpower Group
halo-cea,L894,Credits / Microsoft Studios / Experis Manpower Group
halo-cea,L895,Credits / Microsoft Studios / Experis Manpower Group
halo-cea,L896,Credits / Microsoft Studios / Experis Manpower Group
halo-cea,L897,Credits / Microsoft Studios / Experis Manpower Group
halo-cea,L898,Credits / Microsoft Studios / Experis Manpower Group
halo-cea,L899,Credits / Microsoft Studios / Experis Manpower Group
halo-cea,L90,Credits / Saber Interactive / Tools
halo-cea,L900,Credits / Microsoft Studios / Experis Manpower Group
halo-cea,L901,Credits / Microsoft Studios / Experis Manpower Group
halo-cea,L902,Credits / Microsoft Studios / Experis Manpower Group
halo-cea,L903,Credits / Microsoft Studios / Experis Manpower Group
halo-cea,L904,Credits / Microsoft Studios / Experis Manpower Group
halo-cea,L905,Credits / Microsoft Studios / Experis Manpower Group
halo-cea,L906,Credits / Microsoft Studios / Experis Manpower Group
halo-cea,L907,Credits / Microsoft Studios / Experis Manpower Group
halo-cea,L908,Credits / Microsoft Studios / Experis Manpower Group
halo-cea,L909,Credits / Microsoft Studios / Experis Manpower Group
halo-cea,L91,Credits / Saber Interactive / Tools
halo-cea,L910,Credits / Microsoft Studios / Experis Manpower Group
halo-cea,L911,Credits / Microsoft Studios / Experis Manpower Group
halo-cea,L912,Credits / Microsoft Studios / Experis Manpower Group
halo-cea,L913,Credits / Microsoft Studios / Experis Manpower Group
halo-cea,L914,Credits / Microsoft Studios / Experis Manpower Group
halo-cea,L915,Credits / Microsoft Studios / Experis Manpower Group
halo-cea,L916,Credits / Microsoft Studios / Experis Manpower Group
halo-cea,L917,Credits / Microsoft Studios / Experis Manpower Group
halo-cea,L918,Credits / Microsoft Studios / Experis Manpower Group
halo-cea,L919,Credits / Microsoft Studios / Experis Manpower Group
halo-cea,L92,Credits / Saber Interactive / Tools
halo-cea,L920,Credits / Microsoft Studios / Experis Manpower Group
halo-cea,L922,Credits / Microsoft Studios / Keywords International Ltd.
halo-cea,L923,Credits / Microsoft Studios / Keywords International Ltd.
halo-cea,L924,Credits / Microsoft Studios / Keywords International Ltd.
halo-cea,L925,Credits / Microsoft Studios / Keywords International Ltd.
halo-cea,L926,Credits / Microsoft Studios / Keywords International Ltd.
halo-cea,L927,Credits / Microsoft Studios / Keywords International Ltd.
halo-cea,L928,Credits / Microsoft Studios / Keywords International Ltd.
halo-cea,L929,Credits / Microsoft Studios / Keywords International Ltd.
halo-cea,L93,Credits / Saber Interactive / Tools
halo-cea,L930,Credits / Microsoft Studios / Keywords International Ltd.
halo-cea,L931,Credits / Microsoft Studios / Keywords International Ltd.
halo-cea,L932,Credits / Microsoft Studios / Keywords International Ltd.
halo-cea,L933,Credits / Microsoft Studios / Keywords International Ltd.
halo-cea,L934,Credits / Microsoft Studios / Keywords International Ltd.
halo-cea,L935,Credits / Microsoft Studios / Keywords International Ltd.
halo-cea,L936,Credits / Microsoft Studios / Keywords International Ltd.
halo-cea,L937,Credits / Microsoft Studios / Keywords International Ltd.
halo-cea,L938,Credits / Microsoft Studios / Keywords International Ltd.
halo-cea,L939,Credits / Microsoft Studios / Keywords International Ltd.
halo-cea,L94,Credits / Saber Interactive / Tools
halo-cea,L940,Credits / Microsoft Studios / Keywords International Ltd.
halo-cea,L941,Credits / Microsoft Studios / Keywords International Ltd.
halo-cea,L943,Credits / Microsoft Studios / Middleware
halo-cea,L944,Credits / Microsoft Studios / Middleware
halo-cea,L945,Credits / Microsoft Studios / Middleware
halo-cea,L946,Credits / Microsoft Studios / Middleware
halo-cea,L947,Credits / Microsoft Studios / Middleware
halo-cea,L948,Credits / Microsoft Studios / Middleware
halo-cea,L949,Credits / Microsoft Studios / Middleware
halo-cea,L95,Credits / Saber Interactive / Tools
halo-cea,L950,Credits / Microsoft Studios / Middleware
halo-cea,L951,Credits / Microsoft Studios / Middleware
halo-cea,L952,Credits / Microsoft Studios / Middleware
halo-cea,L953,Credits / Microsoft Studios / Middleware
halo-cea,L954,Credits / Microsoft Studios / Middleware
halo-cea,L955,Credits / Microsoft Studios / Middleware
halo-cea,L956,Credits / Microsoft Studios / Middleware
halo-cea,L957,Credits / Microsoft Studios / Middleware
halo-cea,L958,Credits / Microsoft Studios / Middleware
halo-cea,L959,Credits / Microsoft Studios / Middleware
halo-cea,L96,Credits / Saber Interactive / Tools
halo-cea,L97,Credits / Saber Interactive / Tools
halo-cea,L99,Credits / Saber Interactive / Art Department
halo-cea,mobygames:tr0,Xbox 360 credits (2011)
halo-cea,mobygames:tr1,343 Industries - Executive Management
halo-cea,mobygames:tr10,343 Industries - Design
halo-cea,mobygames:tr100,Experis Manpower Group
halo-cea,mobygames:tr101,Experis Manpower Group
halo-cea,mobygames:tr102,Keywords International Ltd.
halo-cea,mobygames:tr103,Keywords International Ltd.
halo-cea,mobygames:tr104,Keywords International Ltd.
halo-cea,mobygames:tr105,Keywords International Ltd.
halo-cea,mobygames:tr106,Keywords International Ltd.
halo-cea,mobygames:tr107,Keywords International Ltd.
halo-cea,mobygames:tr108,Microsoft Studios SoundLab
halo-cea,mobygames:tr109,Microsoft Studios SoundLab
halo-cea,mobygames:tr11,343 Industries - Business Development
halo-cea,mobygames:tr110,Microsoft Studios SoundLab
halo-cea,mobygames:tr111,Saber Interactive - Production
halo-cea,mobygames:tr112,Saber Interactive - Production
halo-cea,mobygames:tr113,Saber Interactive - Production
halo-cea,mobygames:tr114,Saber Interactive - Production
halo-cea,mobygames:tr115,Saber Interactive - Production
halo-cea,mobygames:tr116,Saber Interactive - Production
halo-cea,mobygames:tr117,Saber Interactive - Programming Department - Game Intergration
halo-cea,mobygames:tr118,Saber Interactive - Programming Department - Game Intergration
halo-cea,mobygames:tr119,Saber Interactive - Programming Department - Game Intergration
halo-cea,mobygames:tr12,343 Industries - Business Development
halo-cea,mobygames:tr120,Saber Interactive - Programming Department - Game Intergration
halo-cea,mobygames:tr121,Saber Interactive - Programming Department - Game Intergration
halo-cea,mobygames:tr122,Saber Interactive - Programming Department - Game Intergration
halo-cea,mobygames:tr123,Saber Interactive - Programming Department - Engine
halo-cea,mobygames:tr124,Saber Interactive - Programming Department - Engine
halo-cea,mobygames:tr125,Saber Interactive - Programming Department - Engine
halo-cea,mobygames:tr126,Saber Interactive - Programming Department - Engine
halo-cea,mobygames:tr127,Saber Interactive - Programming Department - Engine
halo-cea,mobygames:tr128,Saber Interactive - Programming Department - Rendering
halo-cea,mobygames:tr129,Saber Interactive - Programming Department - Rendering
halo-cea,mobygames:tr13,343 Industries - Engineering
halo-cea,mobygames:tr130,Saber Interactive - Programming Department - Rendering
halo-cea,mobygames:tr131,Saber Interactive - Programming Department - Rendering
halo-cea,mobygames:tr132,Saber Interactive - Programming Department - UI / TCRs
halo-cea,mobygames:tr133,Saber Interactive - Programming Department - UI / TCRs
halo-cea,mobygames:tr134,Saber Interactive - Programming Department - UI / TCRs
halo-cea,mobygames:tr135,Saber Interactive - Programming Department - UI / TCRs
halo-cea,mobygames:tr136,Saber Interactive - Programming Department - UI / TCRs
halo-cea,mobygames:tr137,Saber Interactive - Programming Department - UI / TCRs
halo-cea,mobygames:tr138,Saber Interactive - Programming Department - Network
halo-cea,mobygames:tr139,Saber Interactive - Programming Department - Network
halo-cea,mobygames:tr14,343 Industries - Engineering
halo-cea,mobygames:tr140,Saber Interactive - Programming Department - Network
halo-cea,mobygames:tr141,Saber Interactive - Programming Department - Tools
halo-cea,mobygames:tr142,Saber Interactive - Programming Department - Tools
halo-cea,mobygames:tr143,Saber Interactive - Programming Department - Tools
halo-cea,mobygames:tr144,Saber Interactive - Art Department
halo-cea,mobygames:tr145,Saber Interactive - Art Department
halo-cea,mobygames:tr146,Saber Interactive - Art Department
halo-cea,mobygames:tr147,Saber Interactive - Art Department
halo-cea,mobygames:tr148,Saber Interactive - Art Department - Concept Art
halo-cea,mobygames:tr149,Saber Interactive - Art Department - Concept Art
halo-cea,mobygames:tr15,343 Industries - Engineering
halo-cea,mobygames:tr150,Saber Interactive - Art Department - Concept Art
halo-cea,mobygames:tr151,Saber Interactive - Art Department - Concept Art
halo-cea,mobygames:tr152,Saber Interactive - Art Department - Modeling
halo-cea,mobygames:tr153,Saber Interactive - Art Department - Modeling
halo-cea,mobygames:tr154,Saber Interactive - Art Department - Modeling
halo-cea,mobygames:tr155,Saber Interactive - Art Department - Modeling
halo-cea,mobygames:tr156,Saber Interactive - Art Department - Assets Modeling
halo-cea,mobygames:tr157,Saber Interactive - Art Department - Assets Modeling
halo-cea,mobygames:tr158,Saber Interactive - Art Department - Assets Modeling
halo-cea,mobygames:tr159,Saber Interactive - Art Department - Assets Modeling
halo-cea,mobygames:tr16,343 Industries - Engineering
halo-cea,mobygames:tr160,Saber Interactive - Art Department - Technical Modeling
halo-cea,mobygames:tr161,Saber Interactive - Art Department - Technical Modeling
halo-cea,mobygames:tr162,Saber Interactive - Art Department - Technical Modeling
halo-cea,mobygames:tr163,Saber Interactive - Art Department - Technical Modeling
halo-cea,mobygames:tr164,Saber Interactive - Art Department - Animation
halo-cea,mobygames:tr165,Saber Interactive - Art Department - Animation
halo-cea,mobygames:tr166,Saber Interactive - Art Department - Animation
halo-cea,mobygames:tr167,Saber Interactive - Art Department - Animation
halo-cea,mobygames:tr168,Saber Interactive - Art Department - SFX
halo-cea,mobygames:tr169,Saber Interactive - Art Department - SFX
halo-cea,mobygames:tr17,343 Industries - Halo Franchise
halo-cea,mobygames:tr170,Saber Interactive - Art Department - SFX
halo-cea,mobygames:tr171,Saber Interactive - Art Department - Texturing
halo-cea,mobygames:tr172,Saber Interactive - Art Department - Texturing
halo-cea,mobygames:tr173,Saber Interactive - Art Department - Texturing
halo-cea,mobygames:tr174,Saber Interactive - Art Department - Texturing
halo-cea,mobygames:tr175,Saber Interactive - Art Department - Texturing
halo-cea,mobygames:tr176,Saber Interactive - Art Department - Lighting
halo-cea,mobygames:tr177,Saber Interactive - Art Department - Lighting
halo-cea,mobygames:tr178,Saber Interactive - Art Department - Lighting
halo-cea,mobygames:tr179,Saber Interactive - Art Department - UI
halo-cea,mobygames:tr18,343 Industries - Halo Franchise
halo-cea,mobygames:tr180,Saber Interactive - Art Department - UI
halo-cea,mobygames:tr181,Saber Interactive - Art Department - UI
halo-cea,mobygames:tr182,Saber Interactive - Art Department - Sound
halo-cea,mobygames:tr183,Saber Interactive - Art Department - Sound
halo-cea,mobygames:tr184,Saber Interactive - QA Department
halo-cea,mobygames:tr185,Saber Interactive - QA Department
halo-cea,mobygames:tr186,Saber Interactive - QA Department
halo-cea,mobygames:tr187,Saber Interactive - QA Department
halo-cea,mobygames:tr188,Saber Interactive - QA Department
halo-cea,mobygames:tr189,Saber Interactive - Support
halo-cea,mobygames:tr19,343 Industries - Halo Franchise
halo-cea,mobygames:tr190,Saber Interactive - Support
halo-cea,mobygames:tr191,Saber Interactive - Support
halo-cea,mobygames:tr192,Saber Interactive - Support
halo-cea,mobygames:tr193,Saber Interactive - Support
halo-cea,mobygames:tr194,Saber Interactive - Motion Capture
halo-cea,mobygames:tr195,Saber Interactive - Motion Capture
halo-cea,mobygames:tr196,Saber Interactive - Motion Capture
halo-cea,mobygames:tr197,Saber Interactive - Motion Capture
halo-cea,mobygames:tr198,Saber Interactive - Motion Capture
halo-cea,mobygames:tr199,Saber Interactive - Motion Capture
halo-cea,mobygames:tr2,343 Industries - Executive Management
halo-cea,mobygames:tr20,343 Industries - Halo Franchise
halo-cea,mobygames:tr200,Saber Interactive - Special Thanks
halo-cea,mobygames:tr201,Saber Interactive - Special Thanks
halo-cea,mobygames:tr202,"Certain Infinity, Inc. - Project Leads"
halo-cea,mobygames:tr203,"Certain Infinity, Inc. - Project Leads"
halo-cea,mobygames:tr204,"Certain Infinity, Inc. - Project Leads"
halo-cea,mobygames:tr205,"Certain Infinity, Inc. - Project Leads"
halo-cea,mobygames:tr206,"Certain Infinity, Inc. - Project Leads"
halo-cea,mobygames:tr207,"Certain Infinity, Inc. - Project Leads"
halo-cea,mobygames:tr208,"Certain Infinity, Inc. - Project Leads"
halo-cea,mobygames:tr209,"Certain Infinity, Inc. - Project Leads"
halo-cea,mobygames:tr21,343 Industries - Community Team
halo-cea,mobygames:tr210,"Certain Infinity, Inc. - Project Leads"
halo-cea,mobygames:tr211,"Certain Infinity, Inc. - Art"
halo-cea,mobygames:tr212,"Certain Infinity, Inc. - Art"
halo-cea,mobygames:tr213,"Certain Infinity, Inc. - Art"
halo-cea,mobygames:tr214,"Certain Infinity, Inc. - Art"
halo-cea,mobygames:tr215,"Certain Infinity, Inc. - Art"
halo-cea,mobygames:tr216,"Certain Infinity, Inc. - Art"
halo-cea,mobygames:tr217,"Certain Infinity, Inc. - Art"
halo-cea,mobygames:tr218,"Certain Infinity, Inc. - Art"
halo-cea,mobygames:tr219,"Certain Infinity, Inc. - Art"
halo-cea,mobygames:tr22,343 Industries - Community Team
halo-cea,mobygames:tr220,"Certain Infinity, Inc. - Design"
halo-cea,mobygames:tr221,"Certain Infinity, Inc. - Design"
halo-cea,mobygames:tr222,"Certain Infinity, Inc. - Design"
halo-cea,mobygames:tr223,"Certain Infinity, Inc. - Quality Assurance"
halo-cea,mobygames:tr224,"Certain Infinity, Inc. - Quality Assurance"
halo-cea,mobygames:tr225,"Certain Infinity, Inc. - Quality Assurance"
halo-cea,mobygames:tr226,"Certain Infinity, Inc. - Engineering"
halo-cea,mobygames:tr227,"Certain Infinity, Inc. - Engineering"
halo-cea,mobygames:tr228,"Certain Infinity, Inc. - Studio Directors"
halo-cea,mobygames:tr229,"Certain Infinity, Inc. - Studio Directors"
halo-cea,mobygames:tr23,343 Industries - Community Team
halo-cea,mobygames:tr230,"Certain Infinity, Inc. - Studio Directors"
halo-cea,mobygames:tr231,"Certain Infinity, Inc. - Studio Directors"
halo-cea,mobygames:tr232,"Certain Infinity, Inc. - Studio Directors"
halo-cea,mobygames:tr233,"Certain Infinity, Inc. - Studio Directors"
halo-cea,mobygames:tr234,"Certain Infinity, Inc. - Studio Support"
halo-cea,mobygames:tr235,"Certain Infinity, Inc. - Studio Support"
halo-cea,mobygames:tr236,"Certain Infinity, Inc. - Studio Support"
halo-cea,mobygames:tr237,"Certain Infinity, Inc. - Studio Support"
halo-cea,mobygames:tr238,"Certain Infinity, Inc. - Studio Support"
halo-cea,mobygames:tr239,"Certain Infinity, Inc. - Studio Support"
halo-cea,mobygames:tr24,343 Industries - Community Team
halo-cea,mobygames:tr240,"Certain Infinity, Inc. - Studio Support"
halo-cea,mobygames:tr241,Audio
halo-cea,mobygames:tr242,Audio
halo-cea,mobygames:tr243,Audio - Microsoft Studios
halo-cea,mobygames:tr244,Audio - Microsoft Studios
halo-cea,mobygames:tr245,Audio - Pyramind Studios
halo-cea,mobygames:tr246,Audio - Pyramind Studios
halo-cea,mobygames:tr247,Audio - Pyramind Studios
halo-cea,mobygames:tr248,Audio - Pyramind Studios
halo-cea,mobygames:tr249,Audio - Pyramind Studios
halo-cea,mobygames:tr25,343 Industries - Community Team
halo-cea,mobygames:tr250,Audio - Pyramind Studios
halo-cea,mobygames:tr251,Audio - Pyramind Studios
halo-cea,mobygames:tr252,Audio - Pyramind Studios
halo-cea,mobygames:tr253,Audio - Pyramind Studios
halo-cea,mobygames:tr254,Audio - Pyramind Studios
halo-cea,mobygames:tr255,Audio - Pyramind Studios
halo-cea,mobygames:tr256,Audio - Pyramind Studios
halo-cea,mobygames:tr257,Audio - Pyramind Studios
halo-cea,mobygames:tr258,Audio - Pyramind Studios
halo-cea,mobygames:tr259,Audio - Pyramind Studios
halo-cea,mobygames:tr26,343 Industries - Community Team
halo-cea,mobygames:tr260,Audio - Pyramind Studios
halo-cea,mobygames:tr261,Audio - Pyramind Studios
halo-cea,mobygames:tr262,Audio - Chanticleer
halo-cea,mobygames:tr263,Audio - Chanticleer
halo-cea,mobygames:tr264,Audio - Chanticleer
halo-cea,mobygames:tr265,Audio - Chanticleer
halo-cea,mobygames:tr266,Audio - Chanticleer
halo-cea,mobygames:tr267,Audio - Chanticleer
halo-cea,mobygames:tr268,Audio - The Skywalker Symphony Orchestra
halo-cea,mobygames:tr269,Audio - The Skywalker Symphony Orchestra
halo-cea,mobygames:tr27,343 Industries - Community Team
halo-cea,mobygames:tr270,Audio - The Skywalker Symphony Orchestra
halo-cea,mobygames:tr271,"Audio - Skywallker Sound, a Lucasfilm Ltd. Company"
halo-cea,mobygames:tr272,"Audio - Skywallker Sound, a Lucasfilm Ltd. Company"
halo-cea,mobygames:tr273,"Audio - Skywallker Sound, a Lucasfilm Ltd. Company"
halo-cea,mobygames:tr274,"Audio - Skywallker Sound, a Lucasfilm Ltd. Company"
halo-cea,mobygames:tr275,Audio - Soundelux Design Music Group
halo-cea,mobygames:tr276,Audio - Soundelux Design Music Group
halo-cea,mobygames:tr277,Audio - Soundelux Design Music Group
halo-cea,mobygames:tr278,Audio - Soundelux Design Music Group
halo-cea,mobygames:tr279,Audio - Soundelux Design Music Group
halo-cea,mobygames:tr28,343 Industries - Community Team
halo-cea,mobygames:tr280,Audio - Soundelux Design Music Group
halo-cea,mobygames:tr281,Audio - Soundelux Design Music Group
halo-cea,mobygames:tr282,Audio - Soundelux Design Music Group
halo-cea,mobygames:tr283,Audio - Soundelux Design Music Group
halo-cea,mobygames:tr284,Audio - Soundelux Design Music Group
halo-cea,mobygames:tr285,Audio - Soundelux Design Music Group: Terminals VO Recording and Editorial
halo-cea,mobygames:tr286,Audio - Soundelux Design Music Group: Terminals VO Recording and Editorial
halo-cea,mobygames:tr287,Audio - Soundelux Design Music Group: Terminals VO Recording and Editorial
halo-cea,mobygames:tr288,Audio - Soundelux Design Music Group: Terminals VO Recording and Editorial
halo-cea,mobygames:tr289,Audio - Soundelux Design Music Group: Terminals VO Recording and Editorial
halo-cea,mobygames:tr29,343 Industries - Special Thanks
halo-cea,mobygames:tr290,Audio - Soundelux Design Music Group: Terminals VO Recording and Editorial
halo-cea,mobygames:tr291,Audio - Soundelux Design Music Group: Terminals VO Recording and Editorial
halo-cea,mobygames:tr292,Audio - Soundelux Design Music Group: Terminals VO Recording and Editorial
halo-cea,mobygames:tr293,Audio - Soundelux Design Music Group: Terminals VO Recording and Editorial
halo-cea,mobygames:tr294,Audio - Soundelux Design Music Group: Terminals VO Recording and Editorial
halo-cea,mobygames:tr295,Audio - Soundelux Design Music Group: Cinematics Audio
halo-cea,mobygames:tr296,Audio - Soundelux Design Music Group: Cinematics Audio
halo-cea,mobygames:tr297,Audio - Soundelux Design Music Group: Cinematics Audio
halo-cea,mobygames:tr298,Audio - Soundelux Design Music Group: Cinematics Audio
halo-cea,mobygames:tr299,Audio - Soundelux Design Music Group: Cinematics Audio
halo-cea,mobygames:tr3,343 Industries - Executive Management
halo-cea,mobygames:tr30,343 Industries - Special Thanks
halo-cea,mobygames:tr300,Audio - Soundelux Design Music Group: Cinematics Audio
halo-cea,mobygames:tr31,Microsoft Studios - Executive Management
halo-cea,mobygames:tr32,Microsoft Studios - Executive Management
halo-cea,mobygames:tr33,Microsoft Studios - Executive Management
halo-cea,mobygames:tr34,Microsoft Studios - Art
halo-cea,mobygames:tr35,Microsoft Studios - Art
halo-cea,mobygames:tr36,Microsoft Studios - Art
halo-cea,mobygames:tr37,Microsoft Studios - Art
halo-cea,mobygames:tr38,Microsoft Studios - Media Lab
halo-cea,mobygames:tr39,Microsoft Studios - Media Lab
halo-cea,mobygames:tr4,343 Industries - Executive Management
halo-cea,mobygames:tr40,Microsoft Studios - Media Lab
halo-cea,mobygames:tr41,Microsoft Studios - Print and Digital Game Guide
halo-cea,mobygames:tr42,Microsoft Studios - Print and Digital Game Guide
halo-cea,mobygames:tr43,Microsoft Studios - Print and Digital Game Guide
halo-cea,mobygames:tr44,Microsoft Studios - Business Management
halo-cea,mobygames:tr45,Microsoft Studios - Business Management
halo-cea,mobygames:tr46,Microsoft Studios - Business Management
halo-cea,mobygames:tr47,Microsoft Studios - User Research
halo-cea,mobygames:tr48,Microsoft Studios - User Research
halo-cea,mobygames:tr49,Microsoft Studios - User Research
halo-cea,mobygames:tr5,343 Industries - Production
halo-cea,mobygames:tr50,Microsoft Studios - Narrative Design - Manual
halo-cea,mobygames:tr51,Microsoft Studios - Narrative Design - Manual
halo-cea,mobygames:tr52,Microsoft Studios - Narrative Design - Manual
halo-cea,mobygames:tr53,Microsoft Studios - Narrative Design - Manual
halo-cea,mobygames:tr54,Microsoft Studios - Narrative Design - Manual
halo-cea,mobygames:tr55,Microsoft Studios - Narrative Design - Manual
halo-cea,mobygames:tr56,Microsoft Studios - Narrative Design - Manual
halo-cea,mobygames:tr57,Microsoft Studios - Redmond International Team
halo-cea,mobygames:tr58,Microsoft Studios - Redmond International Team
halo-cea,mobygames:tr59,Microsoft Studios - Dublin International Team
halo-cea,mobygames:tr6,343 Industries - Production
halo-cea,mobygames:tr60,Microsoft Studios - Dublin International Team
halo-cea,mobygames:tr61,Microsoft Studios - Dublin International Team
halo-cea,mobygames:tr62,Microsoft Studios - Dublin International Team
halo-cea,mobygames:tr63,Microsoft Studios - Dublin International Team
halo-cea,mobygames:tr64,Microsoft Studios - Tokyo International Team
halo-cea,mobygames:tr65,Microsoft Studios - Tokyo International Team
halo-cea,mobygames:tr66,Microsoft Studios - Tokyo International Team
halo-cea,mobygames:tr67,Microsoft Studios - Tokyo International Team
halo-cea,mobygames:tr68,Microsoft Studios - Tokyo International Team
halo-cea,mobygames:tr69,Microsoft Studios - Tokyo International Team
halo-cea,mobygames:tr7,343 Industries - Production
halo-cea,mobygames:tr70,Microsoft Studios - Tokyo International Team
halo-cea,mobygames:tr71,Microsoft Studios - Account Management
halo-cea,mobygames:tr72,Microsoft Studios - Account Management
halo-cea,mobygames:tr73,Microsoft Studios - Account Management
halo-cea,mobygames:tr74,Microsoft Studios - Account Management
halo-cea,mobygames:tr75,Microsoft Studios - Manufacturing & Supply Chain
halo-cea,mobygames:tr76,Microsoft Studios - Manufacturing & Supply Chain
halo-cea,mobygames:tr77,Microsoft Studios - Legal and Corporate Affairs
halo-cea,mobygames:tr78,Microsoft Studios - Legal and Corporate Affairs
halo-cea,mobygames:tr79,Microsoft Studios - Legal and Corporate Affairs
halo-cea,mobygames:tr8,343 Industries - Production
halo-cea,mobygames:tr80,Microsoft Studios - Marketing and Public Relations
halo-cea,mobygames:tr81,Microsoft Studios - Marketing and Public Relations
halo-cea,mobygames:tr82,Microsoft Studios - Marketing and Public Relations
halo-cea,mobygames:tr83,Microsoft Studios - Marketing and Public Relations
halo-cea,mobygames:tr84,Microsoft Studios - Marketing and Public Relations
halo-cea,mobygames:tr85,Microsoft Studios - Test
halo-cea,mobygames:tr86,Microsoft Studios - Test
halo-cea,mobygames:tr87,Microsoft Studios - Test
halo-cea,mobygames:tr88,Microsoft Studios - Test
halo-cea,mobygames:tr89,"Microsoft Studios - Team ""Forearm"" Multiplayer Testers"
halo-cea,mobygames:tr9,343 Industries - Design
halo-cea,mobygames:tr90,"Microsoft Studios - Team ""Forearm"" Multiplayer Testers"
halo-cea,mobygames:tr91,Experis Manpower Group
halo-cea,mobygames:tr92,Experis Manpower Group
halo-cea,mobygames:tr93,Experis Manpower Group
halo-cea,mobygames:tr94,Experis Manpower Group
halo-cea,mobygames:tr95,Experis Manpower Group
halo-cea,mobygames:tr96,Experis Manpower Group
halo-cea,mobygames:tr97,Experis Manpower Group
halo-cea,mobygames:tr98,Experis Manpower Group
halo-cea,mobygames:tr99,Experis Manpower Group
halo-cev,mobygames:tr0,Windows credits (2026)
halo-cev,mobygames:tr1,Halo Studios: Art - Art Leadership
halo-cev,mobygames:tr10,Halo Studios: Art - Character Art
halo-cev,mobygames:tr100,Halo Studios: Engineering - Core UI
halo-cev,mobygames:tr1000,Halo: Combat Evolved
halo-cev,mobygames:tr1001,Halo: Combat Evolved
halo-cev,mobygames:tr1002,Halo: Combat Evolved - Halo Manual
halo-cev,mobygames:tr1003,Halo: Combat Evolved - Halo Manual
halo-cev,mobygames:tr1004,Halo: Combat Evolved - Halo Manual
halo-cev,mobygames:tr1005,Halo: Combat Evolved - Halo Manual
halo-cev,mobygames:tr1006,Halo: Combat Evolved - Voice Talent
halo-cev,mobygames:tr1007,Halo: Combat Evolved - Voice Talent
halo-cev,mobygames:tr1008,Halo: Combat Evolved - Voice Talent
halo-cev,mobygames:tr1009,Halo: Combat Evolved - Voice Talent
halo-cev,mobygames:tr101,Halo Studios: Engineering - Core UI
halo-cev,mobygames:tr1010,Halo: Combat Evolved - Voice Talent
halo-cev,mobygames:tr1011,Halo: Combat Evolved - Voice Talent
halo-cev,mobygames:tr1012,Halo: Combat Evolved - Voice Talent
halo-cev,mobygames:tr1013,Halo: Combat Evolved - Voice Talent
halo-cev,mobygames:tr1014,Halo: Combat Evolved - Voice Talent
halo-cev,mobygames:tr1015,Halo: Combat Evolved - Voice Talent
halo-cev,mobygames:tr1016,Halo: Combat Evolved - Voice Talent
halo-cev,mobygames:tr1017,Halo: Combat Evolved - Voice Talent
halo-cev,mobygames:tr1018,Halo: Combat Evolved - Voice Talent
halo-cev,mobygames:tr1019,Halo: Combat Evolved: Special Thanks
halo-cev,mobygames:tr102,Halo Studios: Engineering - Core UI
halo-cev,mobygames:tr1020,Halo: Combat Evolved: Special Thanks
halo-cev,mobygames:tr1021,Halo: Combat Evolved: Special Thanks
halo-cev,mobygames:tr1022,Halo: Combat Evolved - Production Babies
halo-cev,mobygames:tr1023,Halo: Combat Evolved - Production Babies
halo-cev,mobygames:tr1024,Software
halo-cev,mobygames:tr1025,Software
halo-cev,mobygames:tr1026,Software
halo-cev,mobygames:tr1027,Software
halo-cev,mobygames:tr103,Halo Studios: Engineering - Core UI
halo-cev,mobygames:tr104,Halo Studios: Engineering - Core UI
halo-cev,mobygames:tr105,Halo Studios: Engineering - Graphics
halo-cev,mobygames:tr106,Halo Studios: Engineering - Graphics
halo-cev,mobygames:tr107,Halo Studios: Engineering - Graphics
halo-cev,mobygames:tr108,Halo Studios: Engineering - Graphics
halo-cev,mobygames:tr109,Halo Studios: Engineering - Online
halo-cev,mobygames:tr11,Halo Studios: Art - Character Art
halo-cev,mobygames:tr110,Halo Studios: Engineering - Online
halo-cev,mobygames:tr111,Halo Studios: Engineering - Online
halo-cev,mobygames:tr112,Halo Studios: Engineering - Online
halo-cev,mobygames:tr113,Halo Studios: Engineering - Online
halo-cev,mobygames:tr114,Halo Studios: Engineering - Online
halo-cev,mobygames:tr115,Halo Studios: Engineering - Gameplay Engineering
halo-cev,mobygames:tr116,Halo Studios: Engineering - Gameplay Engineering
halo-cev,mobygames:tr117,Halo Studios: Engineering - Gameplay Engineering
halo-cev,mobygames:tr118,Halo Studios: Narrative
halo-cev,mobygames:tr119,Halo Studios: Narrative
halo-cev,mobygames:tr12,Halo Studios: Art - Character Art
halo-cev,mobygames:tr120,Halo Studios: Production
halo-cev,mobygames:tr121,Halo Studios: Production
halo-cev,mobygames:tr122,Halo Studios: Production
halo-cev,mobygames:tr123,Halo Studios: Production
halo-cev,mobygames:tr124,Halo Studios: Production
halo-cev,mobygames:tr125,Halo Studios: Production
halo-cev,mobygames:tr126,Halo Studios: Production
halo-cev,mobygames:tr127,Halo Studios: Production
halo-cev,mobygames:tr128,Halo Studios: Studio - Halo Studio Leadership
halo-cev,mobygames:tr129,Halo Studios: Studio - Halo Studio Leadership
halo-cev,mobygames:tr13,Halo Studios: Art - Technical Art
halo-cev,mobygames:tr130,Halo Studios: Studio - Halo Studio Leadership
halo-cev,mobygames:tr131,Halo Studios: Studio - Halo Studio Leadership
halo-cev,mobygames:tr132,Halo Studios: Studio - Administration
halo-cev,mobygames:tr133,Halo Studios: Studio - Administration
halo-cev,mobygames:tr134,Halo Studios: Studio - Administration
halo-cev,mobygames:tr135,Halo Studios: Studio - Administration
halo-cev,mobygames:tr136,Halo Studios: Studio - Business Team
halo-cev,mobygames:tr137,Halo Studios: Studio - Business Team
halo-cev,mobygames:tr138,Halo Studios: Studio - Business Team
halo-cev,mobygames:tr139,Halo Studios: Studio - Bizops
halo-cev,mobygames:tr14,Halo Studios: Art - Technical Art
halo-cev,mobygames:tr140,Halo Studios: Studio - Bizops
halo-cev,mobygames:tr141,Halo Studios: Studio - Community
halo-cev,mobygames:tr142,Halo Studios: Studio - Community
halo-cev,mobygames:tr143,Halo Studios: Studio - Community
halo-cev,mobygames:tr144,Halo Studios: Studio - Community
halo-cev,mobygames:tr145,Halo Studios: Studio - Community
halo-cev,mobygames:tr146,Halo Studios: Studio - Community
halo-cev,mobygames:tr147,Halo Studios: Studio - Community
halo-cev,mobygames:tr148,Halo Studios: Studio - Community
halo-cev,mobygames:tr149,Halo Studios: Studio - Community
halo-cev,mobygames:tr15,Halo Studios: Art - Cinematics
halo-cev,mobygames:tr150,Halo Studios: Studio - Community
halo-cev,mobygames:tr151,Halo Studios: Studio - Community
halo-cev,mobygames:tr152,Halo Studios: Studio - Competitive Insights Team
halo-cev,mobygames:tr153,Halo Studios: Studio - Competitive Insights Team
halo-cev,mobygames:tr154,Halo Studios: Studio - Competitive Insights Team
halo-cev,mobygames:tr155,Halo Studios: Studio - Competitive Insights Team
halo-cev,mobygames:tr156,Halo Studios: Studio - Competitive Insights Team
halo-cev,mobygames:tr157,Halo Studios: Studio - eSports
halo-cev,mobygames:tr158,Halo Studios: Studio - eSports
halo-cev,mobygames:tr159,Halo Studios: Studio - eSports
halo-cev,mobygames:tr16,Halo Studios: Art - Cinematics
halo-cev,mobygames:tr160,Halo Studios: Studio - eSports
halo-cev,mobygames:tr161,Halo Studios: Studio - eSports
halo-cev,mobygames:tr162,Halo Studios: Studio - eSports
halo-cev,mobygames:tr163,Halo Studios: Studio - eSports
halo-cev,mobygames:tr164,Halo Studios: Studio - Franchise Development Team
halo-cev,mobygames:tr165,Halo Studios: Studio - Franchise Development Team
halo-cev,mobygames:tr166,Halo Studios: Studio - Franchise Development Team
halo-cev,mobygames:tr167,Halo Studios: Studio - Franchise Development Team
halo-cev,mobygames:tr168,Halo Studios: Studio – Playtest Team
halo-cev,mobygames:tr169,Halo Studios: Studio – Playtest Team
halo-cev,mobygames:tr17,Halo Studios: Art - Cinematics
halo-cev,mobygames:tr170,Halo Studios: Studio – Playtest Team
halo-cev,mobygames:tr171,"Halo Studios: Studio – Studio Analytics, Performance & Insights"
halo-cev,mobygames:tr172,"Halo Studios: Studio – Studio Analytics, Performance & Insights"
halo-cev,mobygames:tr173,"Halo Studios: Studio – Studio Analytics, Performance & Insights"
halo-cev,mobygames:tr174,"Halo Studios: Studio – Studio Analytics, Performance & Insights"
halo-cev,mobygames:tr175,"Halo Studios: Studio – Studio Analytics, Performance & Insights"
halo-cev,mobygames:tr176,"Halo Studios: Studio – Studio Analytics, Performance & Insights"
halo-cev,mobygames:tr177,"Halo Studios: Studio – Studio Analytics, Performance & Insights"
halo-cev,mobygames:tr178,"Halo Studios: Studio – Studio Analytics, Performance & Insights"
halo-cev,mobygames:tr179,"Halo Studios: Studio – Studio Analytics, Performance & Insights"
halo-cev,mobygames:tr18,Halo Studios: Art - Concept Art
halo-cev,mobygames:tr180,"Halo Studios: Studio – Studio Analytics, Performance & Insights"
halo-cev,mobygames:tr181,"Halo Studios: Studio – Studio Analytics, Performance & Insights"
halo-cev,mobygames:tr182,Halo Studios: Studio – Support and Safety
halo-cev,mobygames:tr183,Halo Studios: Studio – Support and Safety
halo-cev,mobygames:tr184,Halo Studios: Studio – Support and Safety
halo-cev,mobygames:tr185,Halo Studios: Studio – Support and Safety
halo-cev,mobygames:tr186,Halo Studios: Studio – Support and Safety
halo-cev,mobygames:tr187,Halo Studios: Studio – Support and Safety
halo-cev,mobygames:tr188,Halo Studios: Studio – Support and Safety
halo-cev,mobygames:tr189,Halo Studios: Studio – Halo Agent Team
halo-cev,mobygames:tr19,Halo Studios: Art - Concept Art
halo-cev,mobygames:tr190,Halo Studios: Studio – Halo Agent Team
halo-cev,mobygames:tr191,Halo Studios: Studio – Halo Agent Team
halo-cev,mobygames:tr192,Halo Studios: Studio – Halo Agent Team
halo-cev,mobygames:tr193,Halo Studios: Studio – Halo Agent Team
halo-cev,mobygames:tr194,Halo Studios: Studio – Halo Agent Team
halo-cev,mobygames:tr195,Halo Studios: Studio – Halo Agent Team
halo-cev,mobygames:tr196,Halo Studios: Studio – Halo Agent Team
halo-cev,mobygames:tr197,Halo Studios: Studio – Halo Agent Team
halo-cev,mobygames:tr198,"Halo Studios: Engineering, Security & Operations – Engineering, Security & Operations Leadership"
halo-cev,mobygames:tr199,"Halo Studios: Engineering, Security & Operations – Engineering, Security & Operations Leadership"
halo-cev,mobygames:tr2,Halo Studios: Art - Art Leadership
halo-cev,mobygames:tr20,Halo Studios: Art - Concept Art
halo-cev,mobygames:tr200,"Halo Studios: Engineering, Security & Operations – IT Engineering"
halo-cev,mobygames:tr201,"Halo Studios: Engineering, Security & Operations – IT Engineering"
halo-cev,mobygames:tr202,"Halo Studios: Engineering, Security & Operations – IT Engineering"
halo-cev,mobygames:tr203,"Halo Studios: Engineering, Security & Operations – IT Engineering"
halo-cev,mobygames:tr204,"Halo Studios: Engineering, Security & Operations – IT Engineering"
halo-cev,mobygames:tr205,"Halo Studios: Engineering, Security & Operations – IT Support"
halo-cev,mobygames:tr206,"Halo Studios: Engineering, Security & Operations – IT Support"
halo-cev,mobygames:tr207,"Halo Studios: Engineering, Security & Operations – IT Support"
halo-cev,mobygames:tr208,"Halo Studios: Engineering, Security & Operations – IT Support"
halo-cev,mobygames:tr209,"Halo Studios: Engineering, Security & Operations – Infrastructure Engineering"
halo-cev,mobygames:tr21,Halo Studios: Art - Concept Art
halo-cev,mobygames:tr210,"Halo Studios: Engineering, Security & Operations – Infrastructure Engineering"
halo-cev,mobygames:tr211,"Halo Studios: Engineering, Security & Operations – Infrastructure Engineering"
halo-cev,mobygames:tr212,"Halo Studios: Engineering, Security & Operations – Infrastructure Engineering"
halo-cev,mobygames:tr213,"Halo Studios: Engineering, Security & Operations – Infrastructure Engineering"
halo-cev,mobygames:tr214,"Halo Studios: Engineering, Security & Operations – Infrastructure Engineering"
halo-cev,mobygames:tr215,"Halo Studios: Engineering, Security & Operations – Infrastructure Engineering"
halo-cev,mobygames:tr216,"Halo Studios: Engineering, Security & Operations – Tools & Pipeline Engineering"
halo-cev,mobygames:tr217,"Halo Studios: Engineering, Security & Operations – Tools & Pipeline Engineering"
halo-cev,mobygames:tr218,"Halo Studios: Engineering, Security & Operations – Tools & Pipeline Engineering"
halo-cev,mobygames:tr219,"Halo Studios: Engineering, Security & Operations – Tools & Pipeline Engineering"
halo-cev,mobygames:tr22,Halo Studios: Art - Graphics Tech Art
halo-cev,mobygames:tr220,"Halo Studios: Engineering, Security & Operations – Tools & Pipeline Engineering"
halo-cev,mobygames:tr221,"Halo Studios: Engineering, Security & Operations – Tools & Pipeline Engineering"
halo-cev,mobygames:tr222,"Halo Studios: Engineering, Security & Operations – Tools & Pipeline Engineering"
halo-cev,mobygames:tr223,"Halo Studios: Engineering, Security & Operations – Security Engineering"
halo-cev,mobygames:tr224,"Halo Studios: Engineering, Security & Operations – Security Engineering"
halo-cev,mobygames:tr225,"Halo Studios: Engineering, Security & Operations – Security Engineering"
halo-cev,mobygames:tr226,"Halo Studios: Engineering, Security & Operations – Security Engineering"
halo-cev,mobygames:tr227,"Halo Studios: Engineering, Security & Operations – Security Engineering"
halo-cev,mobygames:tr228,"Halo Studios: Engineering, Security & Operations – Security Engineering"
halo-cev,mobygames:tr229,"Halo Studios: Engineering, Security & Operations – Security Engineering"
halo-cev,mobygames:tr23,Halo Studios: Art - Graphics Tech Art
halo-cev,mobygames:tr230,Supplier Support
halo-cev,mobygames:tr231,Supplier Support
halo-cev,mobygames:tr232,Supplier Support
halo-cev,mobygames:tr233,Supplier Support
halo-cev,mobygames:tr234,Supplier Support
halo-cev,mobygames:tr235,Supplier Support
halo-cev,mobygames:tr236,Supplier Support
halo-cev,mobygames:tr237,Studios Quality: Studios Quality Leadership
halo-cev,mobygames:tr238,Studios Quality: Studios Quality Leadership
halo-cev,mobygames:tr239,Studios Quality: Studios Quality Leadership
halo-cev,mobygames:tr24,Halo Studios: Art - Graphics Tech Art
halo-cev,mobygames:tr240,Studios Quality: Studios Quality Leadership
halo-cev,mobygames:tr241,Studios Quality: Studios Quality Leadership
halo-cev,mobygames:tr242,Studios Quality: Studios Quality Leadership
halo-cev,mobygames:tr243,Studios Quality: Studios Quality Leadership
halo-cev,mobygames:tr244,Studios Quality: Studios Quality Leadership
halo-cev,mobygames:tr245,Studios Quality: Studios Quality Leadership
halo-cev,mobygames:tr246,Studios Quality: Studios Quality Leadership
halo-cev,mobygames:tr247,Studios Quality: Quality Engineering
halo-cev,mobygames:tr248,Studios Quality: Quality Engineering
halo-cev,mobygames:tr249,Studios Quality: Quality Engineering
halo-cev,mobygames:tr25,Halo Studios: Art - Graphics Tech Art
halo-cev,mobygames:tr250,Studios Quality: Quality Engineering
halo-cev,mobygames:tr251,Studios Quality: Quality Engineering
halo-cev,mobygames:tr252,Studios Quality: Quality Engineering
halo-cev,mobygames:tr253,Studios Quality: Data Engineering
halo-cev,mobygames:tr254,Studios Quality: Data Engineering
halo-cev,mobygames:tr255,Studios Quality: Data Engineering
halo-cev,mobygames:tr256,Studios Quality: Data Engineering
halo-cev,mobygames:tr257,Studios Quality: Data Engineering
halo-cev,mobygames:tr258,Studios Quality: Data Engineering
halo-cev,mobygames:tr259,Studios Quality: Data Engineering
halo-cev,mobygames:tr26,Halo Studios: Art - Lighting
halo-cev,mobygames:tr260,Studios Quality: Data Science
halo-cev,mobygames:tr261,Studios Quality: Data Science
halo-cev,mobygames:tr262,Studios Quality: Data Science
halo-cev,mobygames:tr263,Studios Quality: Data Science
halo-cev,mobygames:tr264,Studios Quality: Data Science
halo-cev,mobygames:tr265,Studios Quality: Software Engineering
halo-cev,mobygames:tr266,Studios Quality: Software Engineering
halo-cev,mobygames:tr267,Studios Quality: Software Engineering
halo-cev,mobygames:tr268,Studios Quality: Software Engineering
halo-cev,mobygames:tr269,Studios Quality: Software Engineering
halo-cev,mobygames:tr27,Halo Studios: Art - Lighting
halo-cev,mobygames:tr270,Studios Quality: Software Engineering
halo-cev,mobygames:tr271,Studios Quality: Product Management
halo-cev,mobygames:tr272,Studios Quality: Product Management
halo-cev,mobygames:tr273,Studios Quality: Accessibility Quality Engineering
halo-cev,mobygames:tr274,Studios Quality: Accessibility Quality Engineering
halo-cev,mobygames:tr275,Experis Game Solutions: Program Leadership
halo-cev,mobygames:tr276,Experis Game Solutions: Program Leadership
halo-cev,mobygames:tr277,Experis Game Solutions: Testers
halo-cev,mobygames:tr278,Experis Game Solutions: Testers
halo-cev,mobygames:tr279,Experis Game Solutions: Testers
halo-cev,mobygames:tr28,Halo Studios: Art - Lighting
halo-cev,mobygames:tr280,Experis Game Solutions: Testers
halo-cev,mobygames:tr281,Experis Game Solutions: Testers
halo-cev,mobygames:tr282,Globalstep: Program Leadership
halo-cev,mobygames:tr283,Globalstep: Program Leadership
halo-cev,mobygames:tr284,Globalstep: Program Leadership
halo-cev,mobygames:tr285,Globalstep: Testers
halo-cev,mobygames:tr286,Globalstep: Testers
halo-cev,mobygames:tr287,Globalstep: Testers
halo-cev,mobygames:tr288,Globalstep: Testers
halo-cev,mobygames:tr289,Globalstep: Testers
halo-cev,mobygames:tr29,Halo Studios: Art - Lighting
halo-cev,mobygames:tr290,Insight Global: Shield Lab
halo-cev,mobygames:tr291,Insight Global: Shield Lab
halo-cev,mobygames:tr292,Insight Global: Shield Lab
halo-cev,mobygames:tr293,Insight Global: Shield Lab
halo-cev,mobygames:tr294,Insight Global: Shield Lab
halo-cev,mobygames:tr295,Insight Global: Shield Lab
halo-cev,mobygames:tr296,Insight Global: Shield Lab
halo-cev,mobygames:tr297,Insight Global: Shield Lab
halo-cev,mobygames:tr298,Apex Systems LLC.
halo-cev,mobygames:tr299,Apex Systems LLC.
halo-cev,mobygames:tr3,Halo Studios: Art - Art Leadership
halo-cev,mobygames:tr30,Halo Studios: Art - Sandbox Art
halo-cev,mobygames:tr300,Lionbridge Games Accessibility
halo-cev,mobygames:tr301,Lionbridge Games Accessibility
halo-cev,mobygames:tr302,Lionbridge Games Accessibility
halo-cev,mobygames:tr303,Lionbridge Games Accessibility
halo-cev,mobygames:tr304,Lionbridge Games Accessibility
halo-cev,mobygames:tr305,Lionbridge Games Accessibility
halo-cev,mobygames:tr306,Lionbridge Games Accessibility
halo-cev,mobygames:tr307,Talent & Performance Voice Talent
halo-cev,mobygames:tr308,Talent & Performance Voice Talent
halo-cev,mobygames:tr309,Talent & Performance Voice Talent
halo-cev,mobygames:tr31,Halo Studios: Art - Sandbox Art
halo-cev,mobygames:tr310,Talent & Performance Voice Talent
halo-cev,mobygames:tr311,Talent & Performance Voice Talent
halo-cev,mobygames:tr312,Talent & Performance Voice Talent
halo-cev,mobygames:tr313,Talent & Performance Voice Talent
halo-cev,mobygames:tr314,Talent & Performance Voice Talent
halo-cev,mobygames:tr315,Talent & Performance Voice Talent
halo-cev,mobygames:tr316,Talent & Performance Voice Talent
halo-cev,mobygames:tr317,Talent & Performance Voice Talent
halo-cev,mobygames:tr318,Talent & Performance Voice Talent
halo-cev,mobygames:tr319,Talent & Performance Voice Talent
halo-cev,mobygames:tr32,Halo Studios: Art - Sandbox Art
halo-cev,mobygames:tr320,Talent & Performance Voice Talent
halo-cev,mobygames:tr321,Talent & Performance Voice Talent
halo-cev,mobygames:tr322,Talent & Performance Voice Talent
halo-cev,mobygames:tr323,Talent & Performance Voice Talent
halo-cev,mobygames:tr324,Talent & Performance Voice Talent
halo-cev,mobygames:tr325,Talent & Performance Voice Talent
halo-cev,mobygames:tr326,Talent & Performance Voice Talent
halo-cev,mobygames:tr327,Talent & Performance Voice Talent
halo-cev,mobygames:tr328,Talent & Performance Voice Talent
halo-cev,mobygames:tr329,Talent & Performance Voice Talent
halo-cev,mobygames:tr33,Halo Studios: Art - Sandbox Art
halo-cev,mobygames:tr330,Talent & Performance Voice Talent
halo-cev,mobygames:tr331,Talent & Performance Voice Talent
halo-cev,mobygames:tr332,Talent & Performance Voice Talent
halo-cev,mobygames:tr333,Talent & Performance Voice Talent
halo-cev,mobygames:tr334,Talent & Performance Voice Talent
halo-cev,mobygames:tr335,Talent & Performance Voice Talent
halo-cev,mobygames:tr336,Talent & Performance Voice Talent
halo-cev,mobygames:tr337,Talent & Performance Voice Talent
halo-cev,mobygames:tr338,Talent & Performance Voice Talent
halo-cev,mobygames:tr339,Talent & Performance Voice Talent
halo-cev,mobygames:tr34,Halo Studios: Art - Sandbox Art
halo-cev,mobygames:tr340,Talent & Performance Voice Talent
halo-cev,mobygames:tr341,Talent & Performance Voice Talent
halo-cev,mobygames:tr342,Talent & Performance Voice Talent
halo-cev,mobygames:tr343,Talent & Performance Voice Talent
halo-cev,mobygames:tr344,Talent & Performance Voice Talent
halo-cev,mobygames:tr345,Talent & Performance Voice Talent
halo-cev,mobygames:tr346,Talent & Performance Voice Talent
halo-cev,mobygames:tr347,Talent & Performance Voice Talent
halo-cev,mobygames:tr348,Talent & Performance Voice Talent
halo-cev,mobygames:tr349,Talent & Performance Voice Talent
halo-cev,mobygames:tr35,Halo Studios: Art - Sandbox Art
halo-cev,mobygames:tr350,Talent & Performance Voice Talent
halo-cev,mobygames:tr351,Talent & Performance Voice Talent
halo-cev,mobygames:tr352,Talent & Performance Voice Talent
halo-cev,mobygames:tr353,Talent & Performance Voice Talent
halo-cev,mobygames:tr354,Performance
halo-cev,mobygames:tr355,Performance
halo-cev,mobygames:tr356,I Hear You Productions
halo-cev,mobygames:tr357,I Hear You Productions
halo-cev,mobygames:tr358,Aru recording studio
halo-cev,mobygames:tr359,Aru recording studio
halo-cev,mobygames:tr36,Halo Studios: Art - Sandbox Technical Art
halo-cev,mobygames:tr360,Xbox: Xbox Leadership
halo-cev,mobygames:tr361,Xbox: Xbox Leadership
halo-cev,mobygames:tr362,Xbox: Xbox Leadership
halo-cev,mobygames:tr363,Xbox: Xbox Leadership
halo-cev,mobygames:tr364,Xbox: Xbox Leadership
halo-cev,mobygames:tr365,Xbox: Xbox Leadership
halo-cev,mobygames:tr366,Xbox: Xbox Leadership
halo-cev,mobygames:tr367,Xbox: Xbox Leadership
halo-cev,mobygames:tr368,Xbox: Xbox Leadership
halo-cev,mobygames:tr369,Xbox: Xbox Leadership
halo-cev,mobygames:tr37,Halo Studios: Art - Sandbox Technical Art
halo-cev,mobygames:tr370,Xbox: Xbox Leadership
halo-cev,mobygames:tr371,Xbox: Xbox Leadership
halo-cev,mobygames:tr372,Xbox: Xbox Leadership
halo-cev,mobygames:tr373,Xbox: Xbox Leadership
halo-cev,mobygames:tr374,Xbox: Business Support
halo-cev,mobygames:tr375,Xbox: Business Support
halo-cev,mobygames:tr376,Xbox: Business Support
halo-cev,mobygames:tr377,Xbox: Business Support
halo-cev,mobygames:tr378,Xbox: Business Support
halo-cev,mobygames:tr379,Xbox: Business Support
halo-cev,mobygames:tr38,Halo Studios: Art - Sandbox Technical Art
halo-cev,mobygames:tr380,Xbox: Business Support
halo-cev,mobygames:tr381,Xbox: Business Support
halo-cev,mobygames:tr382,Xbox: Business Support
halo-cev,mobygames:tr383,"Xbox: Corporate, External, and Legal Affairs"
halo-cev,mobygames:tr384,"Xbox: Corporate, External, and Legal Affairs"
halo-cev,mobygames:tr385,"Xbox: Corporate, External, and Legal Affairs"
halo-cev,mobygames:tr386,Xbox: Consumer Products
halo-cev,mobygames:tr387,Xbox: Consumer Products
halo-cev,mobygames:tr388,Xbox: Consumer Products
halo-cev,mobygames:tr389,Xbox: Consumer Products
halo-cev,mobygames:tr39,Halo Studios: Art - Sandbox Technical Art
halo-cev,mobygames:tr390,Xbox: Marketing
halo-cev,mobygames:tr391,Xbox: Marketing
halo-cev,mobygames:tr392,Xbox: Marketing
halo-cev,mobygames:tr393,Xbox: Marketing
halo-cev,mobygames:tr394,Xbox: Marketing
halo-cev,mobygames:tr395,Xbox: Marketing
halo-cev,mobygames:tr396,Xbox: Marketing
halo-cev,mobygames:tr397,Xbox: Public Relations
halo-cev,mobygames:tr398,Xbox: Public Relations
halo-cev,mobygames:tr399,Xbox: Public Relations
halo-cev,mobygames:tr4,Halo Studios: Art - Art Leadership
halo-cev,mobygames:tr40,Halo Studios: Art - VFX Art
halo-cev,mobygames:tr400,Xbox: Public Relations
halo-cev,mobygames:tr401,Xbox: Public Relations
halo-cev,mobygames:tr402,Xbox: Public Relations
halo-cev,mobygames:tr403,Xbox: Public Relations
halo-cev,mobygames:tr404,Xbox: Public Relations
halo-cev,mobygames:tr405,Xbox: Public Relations
halo-cev,mobygames:tr406,Xbox: Public Relations
halo-cev,mobygames:tr407,Xbox: Public Relations
halo-cev,mobygames:tr408,Xbox: Xbox Advanced Technology Group
halo-cev,mobygames:tr409,Xbox: Xbox Advanced Technology Group
halo-cev,mobygames:tr41,Halo Studios: Art - VFX Art
halo-cev,mobygames:tr410,Xbox: Xbox Advanced Technology Group
halo-cev,mobygames:tr411,Xbox: Xbox Advanced Technology Group
halo-cev,mobygames:tr412,Xbox: Xbox Advanced Technology Group
halo-cev,mobygames:tr413,Xbox: Xbox Advanced Technology Group
halo-cev,mobygames:tr414,Xbox: Xbox Advanced Technology Group
halo-cev,mobygames:tr415,Xbox: Licensing/Xdev
halo-cev,mobygames:tr416,Xbox: Licensing/Xdev
halo-cev,mobygames:tr417,Xbox: Licensing/Xdev
halo-cev,mobygames:tr418,Xbox: Licensing/Xdev
halo-cev,mobygames:tr419,Xbox: Licensing/Xdev
halo-cev,mobygames:tr42,Halo Studios: Art - VFX Art
halo-cev,mobygames:tr420,Xbox: Licensing/Xdev
halo-cev,mobygames:tr421,Xbox: Studios Release Management
halo-cev,mobygames:tr422,Xbox: Studios Release Management
halo-cev,mobygames:tr423,Xbox: Studios Release Management
halo-cev,mobygames:tr424,Xbox: Studios Release Management
halo-cev,mobygames:tr425,Xbox: Studios Release Management
halo-cev,mobygames:tr426,Xbox: Studios Release Management
halo-cev,mobygames:tr427,Xbox: Xbox Studio
halo-cev,mobygames:tr428,Xbox: Xbox Studio
halo-cev,mobygames:tr429,Xbox: Xbox Studio
halo-cev,mobygames:tr43,Halo Studios: Art - VFX Art
halo-cev,mobygames:tr430,Xbox: Xbox Studio
halo-cev,mobygames:tr431,Xbox: Xbox Studios Services
halo-cev,mobygames:tr432,Xbox: Xbox Studios Services
halo-cev,mobygames:tr433,Xbox: Xbox Studios Services
halo-cev,mobygames:tr434,Xbox Games Technology Group
halo-cev,mobygames:tr435,Xbox Games Technology Group
halo-cev,mobygames:tr436,Xbox Games Technology Group
halo-cev,mobygames:tr437,Xbox Games Technology Group
halo-cev,mobygames:tr438,Xbox Games Technology Group
halo-cev,mobygames:tr439,Xbox Games Technology Group
halo-cev,mobygames:tr44,Halo Studios: Art - VFX Art
halo-cev,mobygames:tr440,Xbox Games Technology Group
halo-cev,mobygames:tr441,Xbox Games Technology Group
halo-cev,mobygames:tr442,Xbox Games Technology Group
halo-cev,mobygames:tr443,Xbox Games Technology Group
halo-cev,mobygames:tr444,Xbox Games Technology Group
halo-cev,mobygames:tr445,Xbox Games Technology Group
halo-cev,mobygames:tr446,Xbox Games Technology Group
halo-cev,mobygames:tr447,Xbox Games Technology Group
halo-cev,mobygames:tr448,Rare
halo-cev,mobygames:tr449,Rare
halo-cev,mobygames:tr45,Halo Studios: Art - VFX Art
halo-cev,mobygames:tr450,Rare
halo-cev,mobygames:tr451,Turn 10 Studios
halo-cev,mobygames:tr452,Turn 10 Studios
halo-cev,mobygames:tr453,User Research
halo-cev,mobygames:tr454,User Research
halo-cev,mobygames:tr455,User Research: User Research Operations
halo-cev,mobygames:tr456,User Research: User Research Operations
halo-cev,mobygames:tr457,User Research: User Research Operations
halo-cev,mobygames:tr458,User Research: User Research Operations
halo-cev,mobygames:tr459,User Research: User Research Operations
halo-cev,mobygames:tr46,Halo Studios: Art - VFX Technical Art
halo-cev,mobygames:tr460,User Research: User Research Operations
halo-cev,mobygames:tr461,User Research: User Research Operations
halo-cev,mobygames:tr462,User Research: User Research Operations
halo-cev,mobygames:tr463,User Research: User Research Operations
halo-cev,mobygames:tr464,User Research: User Research Operations
halo-cev,mobygames:tr465,User Research: User Research Operations
halo-cev,mobygames:tr466,User Research: User Research Operations
halo-cev,mobygames:tr467,User Research: User Research Operations
halo-cev,mobygames:tr468,User Research: User Research Operations
halo-cev,mobygames:tr469,Gaming for everyone: Accessibility
halo-cev,mobygames:tr47,Halo Studios: Art - VFX Technical Art
halo-cev,mobygames:tr470,Gaming for everyone: Accessibility
halo-cev,mobygames:tr471,XGS Special Thanks
halo-cev,mobygames:tr472,XGS Special Thanks
halo-cev,mobygames:tr473,Playstation®: Global Partner Developer Relations
halo-cev,mobygames:tr474,Playstation®: Global Partner Developer Relations
halo-cev,mobygames:tr475,Playstation®: Global Partner Developer Relations
halo-cev,mobygames:tr476,Playstation®: Global Partner Developer Relations
halo-cev,mobygames:tr477,Playstation®: Global Partner Developer Relations
halo-cev,mobygames:tr478,Playstation®: Global Partner Developer Relations
halo-cev,mobygames:tr479,Playstation®: Global Partner Developer Relations
halo-cev,mobygames:tr48,Halo Studios: Art - World Art
halo-cev,mobygames:tr480,Playstation®: Global Partner Developer Relations
halo-cev,mobygames:tr481,Playstation®: Global Partner Developer Relations
halo-cev,mobygames:tr482,Playstation®: Global Partner Developer Relations
halo-cev,mobygames:tr483,Playstation®: Global Partner Developer Relations
halo-cev,mobygames:tr484,Playstation®: Global Partner Developer Relations
halo-cev,mobygames:tr485,Playstation®: Global Partner Developer Relations
halo-cev,mobygames:tr486,Playstation®: Global Partner Developer Relations
halo-cev,mobygames:tr487,Playstation®: Global Partner Developer Relations
halo-cev,mobygames:tr488,Playstation®: Global Partner Developer Relations
halo-cev,mobygames:tr489,Playstation®: Global Partner Developer Relations
halo-cev,mobygames:tr49,Halo Studios: Art - World Art
halo-cev,mobygames:tr490,Playstation®: Global Partner Developer Relations
halo-cev,mobygames:tr491,Playstation®: Global Partner Developer Relations
halo-cev,mobygames:tr492,Arrival: Arrival Leadership
halo-cev,mobygames:tr493,Arrival: Arrival Leadership
halo-cev,mobygames:tr494,Arrival: Arrival Leadership
halo-cev,mobygames:tr495,Arrival: Arrival Leadership
halo-cev,mobygames:tr496,Arrival: Arrival Leadership
halo-cev,mobygames:tr497,Arrival: Arrival Leadership
halo-cev,mobygames:tr498,Arrival: Arrival Leadership
halo-cev,mobygames:tr499,Arrival: Music
halo-cev,mobygames:tr5,Halo Studios: Art - Animation
halo-cev,mobygames:tr50,Halo Studios: Art - World Art
halo-cev,mobygames:tr500,Arrival: Music
halo-cev,mobygames:tr501,Arrival: Music
halo-cev,mobygames:tr502,Arrival: Production
halo-cev,mobygames:tr503,Arrival: Production
halo-cev,mobygames:tr504,Arrival: Production
halo-cev,mobygames:tr505,Arrival: Production
halo-cev,mobygames:tr506,Arrival: Production
halo-cev,mobygames:tr507,Arrival: Sound Design
halo-cev,mobygames:tr508,Arrival: Sound Design
halo-cev,mobygames:tr509,Arrival: Sound Design
halo-cev,mobygames:tr51,Halo Studios: Art - World Art
halo-cev,mobygames:tr510,Arrival: Sound Design
halo-cev,mobygames:tr511,Arrival: Sound Design
halo-cev,mobygames:tr512,Arrival: Sound Design
halo-cev,mobygames:tr513,Arrival: Sound Design
halo-cev,mobygames:tr514,Arrival: Sound Design
halo-cev,mobygames:tr515,Arrival: Sound Design
halo-cev,mobygames:tr516,Arrival: Sound Design
halo-cev,mobygames:tr517,Arrival: Sound Design
halo-cev,mobygames:tr518,Arrival: Sound Design
halo-cev,mobygames:tr519,Arrival: Voice Over & Dialogue
halo-cev,mobygames:tr52,Halo Studios: Art - World Art
halo-cev,mobygames:tr520,Arrival: Voice Over & Dialogue
halo-cev,mobygames:tr521,Arrival: Voice Over & Dialogue
halo-cev,mobygames:tr522,Arrival: Voice Over & Dialogue
halo-cev,mobygames:tr523,Arrival: Voice Over & Dialogue
halo-cev,mobygames:tr524,Arrival: Voice Over & Dialogue
halo-cev,mobygames:tr525,Arrival: Voice Over & Dialogue
halo-cev,mobygames:tr526,Arrival: Sony Pictures Studios
halo-cev,mobygames:tr527,Arrival: Sony Pictures Studios
halo-cev,mobygames:tr528,Arrival: Sony Pictures Studios
halo-cev,mobygames:tr529,Arrival: Sony Pictures Studios
halo-cev,mobygames:tr53,Halo Studios: Art - World Art
halo-cev,mobygames:tr530,Arrival: Special Thanks
halo-cev,mobygames:tr531,Arrival: Special Thanks
halo-cev,mobygames:tr532,FX-Chamber
halo-cev,mobygames:tr533,FX-Chamber
halo-cev,mobygames:tr534,FX-Chamber
halo-cev,mobygames:tr535,FX-Chamber
halo-cev,mobygames:tr536,FX-Chamber
halo-cev,mobygames:tr537,FX-Chamber
halo-cev,mobygames:tr538,Devoted Studios: Devoted Studios Leadership
halo-cev,mobygames:tr539,Devoted Studios: Devoted Studios Leadership
halo-cev,mobygames:tr54,Halo Studios: Art - World Technical Art
halo-cev,mobygames:tr540,Devoted Studios: Production
halo-cev,mobygames:tr541,Devoted Studios: Production
halo-cev,mobygames:tr542,Devoted Studios: Production
halo-cev,mobygames:tr543,Devoted Studios: Production
halo-cev,mobygames:tr544,Devoted Studios: Lighting
halo-cev,mobygames:tr545,Devoted Studios: Lighting
halo-cev,mobygames:tr546,Devoted Studios: Lighting
halo-cev,mobygames:tr547,Interpret LLC: Interpret Leadership
halo-cev,mobygames:tr548,Interpret LLC: Interpret Leadership
halo-cev,mobygames:tr549,Interpret LLC: Interpret Leadership
halo-cev,mobygames:tr55,Halo Studios: Art - World Technical Art
halo-cev,mobygames:tr550,Interpret LLC: Interpret Leadership
halo-cev,mobygames:tr551,Interpret LLC: Interpret Leadership
halo-cev,mobygames:tr552,Interpret LLC: Interpret Leadership
halo-cev,mobygames:tr553,Interpret LLC: Interpret Leadership
halo-cev,mobygames:tr554,Interpret LLC: Interpret Leadership
halo-cev,mobygames:tr555,Interpret LLC: Interpret Leadership
halo-cev,mobygames:tr556,Interpret LLC: Interpret Leadership
halo-cev,mobygames:tr557,Research Team
halo-cev,mobygames:tr558,Research Team
halo-cev,mobygames:tr559,Research Team
halo-cev,mobygames:tr56,Halo Studios: Art - World Technical Art
halo-cev,mobygames:tr560,Research Team
halo-cev,mobygames:tr561,Research Team
halo-cev,mobygames:tr562,Research Team
halo-cev,mobygames:tr563,DIGIC: DIGIC Leadership
halo-cev,mobygames:tr564,DIGIC: DIGIC Leadership
halo-cev,mobygames:tr565,DIGIC: DIGIC Leadership
halo-cev,mobygames:tr566,DIGIC: DIGIC Leadership
halo-cev,mobygames:tr567,DIGIC: DIGIC Leadership
halo-cev,mobygames:tr568,DIGIC: DIGIC Leadership
halo-cev,mobygames:tr569,DIGIC: DIGIC Leadership
halo-cev,mobygames:tr57,Halo Studios: Art - World Technical Art
halo-cev,mobygames:tr570,DIGIC: DIGIC Leadership
halo-cev,mobygames:tr571,DIGIC: DIGIC Leadership
halo-cev,mobygames:tr572,DIGIC: DIGIC Leadership
halo-cev,mobygames:tr573,DIGIC: DIGIC Leadership
halo-cev,mobygames:tr574,DIGIC: DIGIC Leadership
halo-cev,mobygames:tr575,DIGIC: Animation
halo-cev,mobygames:tr576,DIGIC: Animation
halo-cev,mobygames:tr577,DIGIC: Animation
halo-cev,mobygames:tr578,DIGIC: Animation
halo-cev,mobygames:tr579,DIGIC: Animation
halo-cev,mobygames:tr58,Halo Studios: Audio - Audio Design
halo-cev,mobygames:tr580,DIGIC: CG Development
halo-cev,mobygames:tr581,DIGIC: CG Development
halo-cev,mobygames:tr582,DIGIC: CG Development
halo-cev,mobygames:tr583,DIGIC: Editing
halo-cev,mobygames:tr584,DIGIC: Editing
halo-cev,mobygames:tr585,DIGIC: Environment Art
halo-cev,mobygames:tr586,DIGIC: Environment Art
halo-cev,mobygames:tr587,DIGIC: Lighting
halo-cev,mobygames:tr588,DIGIC: Lighting
halo-cev,mobygames:tr589,DIGIC: Lighting
halo-cev,mobygames:tr59,Halo Studios: Audio - Audio Design
halo-cev,mobygames:tr590,DIGIC: Mocap
halo-cev,mobygames:tr591,DIGIC: Mocap
halo-cev,mobygames:tr592,DIGIC: Mocap
halo-cev,mobygames:tr593,DIGIC: Mocap
halo-cev,mobygames:tr594,DIGIC: Mocap
halo-cev,mobygames:tr595,DIGIC: Motion Graphics
halo-cev,mobygames:tr596,DIGIC: Motion Graphics
halo-cev,mobygames:tr597,DIGIC: Previz
halo-cev,mobygames:tr598,DIGIC: Previz
halo-cev,mobygames:tr599,DIGIC: Production
halo-cev,mobygames:tr6,Halo Studios: Art - Animation
halo-cev,mobygames:tr60,Halo Studios: Audio - Audio Design
halo-cev,mobygames:tr600,DIGIC: Production
halo-cev,mobygames:tr601,DIGIC: Production
halo-cev,mobygames:tr602,DIGIC: Production
halo-cev,mobygames:tr603,DIGIC: Rigging
halo-cev,mobygames:tr604,DIGIC: Rigging
halo-cev,mobygames:tr605,DIGIC: Rigging
halo-cev,mobygames:tr606,DIGIC: Rigging
halo-cev,mobygames:tr607,DIGIC: Sound Recording
halo-cev,mobygames:tr608,DIGIC: Sound Recording
halo-cev,mobygames:tr609,DIGIC: Tech Art
halo-cev,mobygames:tr61,Halo Studios: Audio - Audio Design
halo-cev,mobygames:tr610,DIGIC: Tech Art
halo-cev,mobygames:tr611,DIGIC: Tech Art
halo-cev,mobygames:tr612,DIGIC: UE Dev
halo-cev,mobygames:tr613,DIGIC: UE Dev
halo-cev,mobygames:tr614,DIGIC: VFX
halo-cev,mobygames:tr615,DIGIC: VFX
halo-cev,mobygames:tr616,DIGIC: VFX
halo-cev,mobygames:tr617,DIGIC: VFX
halo-cev,mobygames:tr618,DIGIC: VFX
halo-cev,mobygames:tr619,DIGIC: IT
halo-cev,mobygames:tr62,Halo Studios: Audio - Dialogue
halo-cev,mobygames:tr620,DIGIC: IT
halo-cev,mobygames:tr621,DIGIC: IT
halo-cev,mobygames:tr622,DIGIC: IT
halo-cev,mobygames:tr623,DIGIC: IT
halo-cev,mobygames:tr624,DIGIC: IT
halo-cev,mobygames:tr625,DIGIC: Studio Support
halo-cev,mobygames:tr626,DIGIC: Studio Support
halo-cev,mobygames:tr627,DIGIC: Studio Support
halo-cev,mobygames:tr628,DIGIC: Studio Support
halo-cev,mobygames:tr629,DIGIC: Studio Support
halo-cev,mobygames:tr63,Halo Studios: Audio - Dialogue
halo-cev,mobygames:tr630,DIGIC: Studio Support
halo-cev,mobygames:tr631,DIGIC: Studio Support
halo-cev,mobygames:tr632,DIGIC: Studio Support
halo-cev,mobygames:tr633,DIGIC: Studio Support
halo-cev,mobygames:tr634,DIGIC: Studio Support
halo-cev,mobygames:tr635,DIGIC: Studio Support
halo-cev,mobygames:tr636,DIGIC: Studio Support
halo-cev,mobygames:tr637,DIGIC: Studio Support
halo-cev,mobygames:tr638,DIGIC: Studio Support
halo-cev,mobygames:tr639,Keywords Studios: Keywords Studios Italy
halo-cev,mobygames:tr64,Halo Studios: Audio - Music
halo-cev,mobygames:tr640,Keywords Studios: Keywords Studios Italy
halo-cev,mobygames:tr641,Keywords Studios: Keywords Studios Italy
halo-cev,mobygames:tr642,Keywords Studios: Keywords Studios Italy
halo-cev,mobygames:tr643,Keywords Studios: Keywords Studios Italy
halo-cev,mobygames:tr644,Keywords Studios: Keywords Studios Italy
halo-cev,mobygames:tr645,Keywords Studios: Keywords Studios Italy
halo-cev,mobygames:tr646,Keywords Studios: Keywords Studios Italy
halo-cev,mobygames:tr647,Keywords Studios: Keywords Studios Italy
halo-cev,mobygames:tr648,Keywords Studios: Keywords Studios Germany
halo-cev,mobygames:tr649,Keywords Studios: Keywords Studios Germany
halo-cev,mobygames:tr65,Halo Studios: Audio - Music
halo-cev,mobygames:tr650,Keywords Studios: Keywords Studios Germany
halo-cev,mobygames:tr651,Keywords Studios: Keywords Studios Germany
halo-cev,mobygames:tr652,Keywords Studios: Keywords Studios Germany
halo-cev,mobygames:tr653,Keywords Studios: Keywords Studios Spain
halo-cev,mobygames:tr654,Keywords Studios: Keywords Studios Spain
halo-cev,mobygames:tr655,Keywords Studios: Keywords Studios Spain
halo-cev,mobygames:tr656,Keywords Studios: Keywords Studios Spain
halo-cev,mobygames:tr657,Keywords Studios: Keywords Studios Spain
halo-cev,mobygames:tr658,Keywords Studios: Keywords Studios Spain
halo-cev,mobygames:tr659,Keywords Studios: Keywords Studios Spain
halo-cev,mobygames:tr66,Halo Studios: Design - Design Leadership
halo-cev,mobygames:tr660,Keywords Studios: Keywords Studios Spain
halo-cev,mobygames:tr661,Keywords Studios: Keywords Studios Spain
halo-cev,mobygames:tr662,Keywords Studios: Jinglebell S.R.L. - Keywords Studio
halo-cev,mobygames:tr663,Keywords Studios: Jinglebell S.R.L. - Keywords Studio
halo-cev,mobygames:tr664,Keywords Studios: Jinglebell S.R.L. - Keywords Studio
halo-cev,mobygames:tr665,Keywords Studios: Jinglebell S.R.L. - Keywords Studio
halo-cev,mobygames:tr666,Keywords Studios: Jinglebell S.R.L. - Keywords Studio
halo-cev,mobygames:tr667,Keywords Studios: Keywords Studios Tokyo
halo-cev,mobygames:tr668,Keywords Studios: Keywords Studios Tokyo
halo-cev,mobygames:tr669,Keywords Studios: Keywords Studios Tokyo
halo-cev,mobygames:tr67,Halo Studios: Design - Design Leadership
halo-cev,mobygames:tr670,Keywords Studios: Keywords Studios Tokyo
halo-cev,mobygames:tr671,Keywords Studios: Keywords Studios México
halo-cev,mobygames:tr672,Keywords Studios: Keywords Studios México
halo-cev,mobygames:tr673,Keywords Studios: Keywords Studios México
halo-cev,mobygames:tr674,Keywords Studios: Keywords Studios México
halo-cev,mobygames:tr675,Keywords Studios: Keywords Studios México
halo-cev,mobygames:tr676,Keywords Studios: Keywords Studios México
halo-cev,mobygames:tr677,Keywords Studios: Musai Co. Ltd.
halo-cev,mobygames:tr678,Keywords Studios: Musai Co. Ltd.
halo-cev,mobygames:tr679,Keywords Studios: Musai Co. Ltd.
halo-cev,mobygames:tr68,Halo Studios: Design - Gameplay Design
halo-cev,mobygames:tr680,Keywords Studios: Musai Co. Ltd.
halo-cev,mobygames:tr681,Keywords Studios: Musai Co. Ltd.
halo-cev,mobygames:tr682,Keywords Studios: Parallel Soundworks
halo-cev,mobygames:tr683,Keywords Studios: Parallel Soundworks
halo-cev,mobygames:tr684,Keywords Studios: Parallel Soundworks
halo-cev,mobygames:tr685,Keywords Studios: Parallel Soundworks
halo-cev,mobygames:tr686,Keywords Studios: Parallel Soundworks
halo-cev,mobygames:tr687,Keywords Studios: Parallel Soundworks
halo-cev,mobygames:tr688,Keywords Studios: Parallel Soundworks
halo-cev,mobygames:tr689,Keywords Studios
halo-cev,mobygames:tr69,Halo Studios: Design - Gameplay Design
halo-cev,mobygames:tr690,Keywords Studios
halo-cev,mobygames:tr691,Keywords Studios: Liquid Violet Ltd.
halo-cev,mobygames:tr692,Keywords Studios: Liquid Violet Ltd.
halo-cev,mobygames:tr693,Keywords Studios: Liquid Violet Ltd.
halo-cev,mobygames:tr694,Keywords Studios: Liquid Violet Ltd.
halo-cev,mobygames:tr695,Keywords Studios: Liquid Violet Ltd.
halo-cev,mobygames:tr696,Keywords Studios: Liquid Violet Ltd.
halo-cev,mobygames:tr697,Keywords Studios: Liquid Violet Ltd.
halo-cev,mobygames:tr698,Keywords Studios: Liquid Violet Ltd.
halo-cev,mobygames:tr699,Keywords Studios: Liquid Violet Ltd.
halo-cev,mobygames:tr7,Halo Studios: Art - Animation
halo-cev,mobygames:tr70,Halo Studios: Design - Gameplay Design
halo-cev,mobygames:tr700,Keywords Studios: Liquid Violet Ltd.
halo-cev,mobygames:tr701,Keywords Studios: Liquid Violet Ltd.
halo-cev,mobygames:tr702,Keywords Studios: Voice Actors
halo-cev,mobygames:tr703,Keywords Studios: Voice Actors
halo-cev,mobygames:tr704,Lionbridge Games: Lionbridge Management
halo-cev,mobygames:tr705,Lionbridge Games: Lionbridge Management
halo-cev,mobygames:tr706,Lionbridge Games: Lionbridge Management
halo-cev,mobygames:tr707,Lionbridge Games: Lionbridge Management
halo-cev,mobygames:tr708,Lionbridge Games: Lionbridge Management
halo-cev,mobygames:tr709,Lionbridge Games: Lionbridge Management
halo-cev,mobygames:tr71,Halo Studios: Design - Gameplay Design
halo-cev,mobygames:tr710,Lionbridge Games: Lionbridge Management
halo-cev,mobygames:tr711,Lionbridge Games: Lionbridge Management
halo-cev,mobygames:tr712,Lionbridge Games: Simplified Chinese Translation Support
halo-cev,mobygames:tr713,Lionbridge Games: Simplified Chinese Translation Support
halo-cev,mobygames:tr714,Lionbridge Games: Simplified Chinese Translation Support
halo-cev,mobygames:tr715,Lionbridge Games: Simplified Chinese Translation Support
halo-cev,mobygames:tr716,Lionbridge Games: Traditional Chinese Translation Support
halo-cev,mobygames:tr717,Lionbridge Games: Traditional Chinese Translation Support
halo-cev,mobygames:tr718,Lionbridge Games: Traditional Chinese Translation Support
halo-cev,mobygames:tr719,Lionbridge Games: French Translation Support
halo-cev,mobygames:tr72,Halo Studios: Design - Level Design
halo-cev,mobygames:tr720,Lionbridge Games: French Translation Support
halo-cev,mobygames:tr721,Lionbridge Games: French Translation Support
halo-cev,mobygames:tr722,Lionbridge Games: French Translation Support
halo-cev,mobygames:tr723,Lionbridge Games: German Translation Support
halo-cev,mobygames:tr724,Lionbridge Games: German Translation Support
halo-cev,mobygames:tr725,Lionbridge Games: German Translation Support
halo-cev,mobygames:tr726,Lionbridge Games: German Translation Support
halo-cev,mobygames:tr727,Lionbridge Games: Italian Translation Support
halo-cev,mobygames:tr728,Lionbridge Games: Italian Translation Support
halo-cev,mobygames:tr729,Lionbridge Games: Italian Translation Support
halo-cev,mobygames:tr73,Halo Studios: Design - Level Design
halo-cev,mobygames:tr730,Lionbridge Games: Italian Translation Support
halo-cev,mobygames:tr731,Lionbridge Games: Japanese Translation Support
halo-cev,mobygames:tr732,Lionbridge Games: Japanese Translation Support
halo-cev,mobygames:tr733,Lionbridge Games: Japanese Translation Support
halo-cev,mobygames:tr734,Lionbridge Games: Japanese Translation Support
halo-cev,mobygames:tr735,Lionbridge Games: Russian Translation Support
halo-cev,mobygames:tr736,Lionbridge Games: Russian Translation Support
halo-cev,mobygames:tr737,Lionbridge Games: Russian Translation Support
halo-cev,mobygames:tr738,Lionbridge Games: Spanish Translation Support
halo-cev,mobygames:tr739,Lionbridge Games: Spanish Translation Support
halo-cev,mobygames:tr74,Halo Studios: Design - Level Design
halo-cev,mobygames:tr740,Lionbridge Games: Spanish Translation Support
halo-cev,mobygames:tr741,Lionbridge Games: Spanish Translation Support
halo-cev,mobygames:tr742,Lionbridge Games: Mexican Spanish Translation Support
halo-cev,mobygames:tr743,Lionbridge Games: Mexican Spanish Translation Support
halo-cev,mobygames:tr744,Lionbridge Games: Mexican Spanish Translation Support
halo-cev,mobygames:tr745,Lionbridge Games: Mexican Spanish Translation Support
halo-cev,mobygames:tr746,Lionbridge Games: Korean Translation Support
halo-cev,mobygames:tr747,Lionbridge Games: Korean Translation Support
halo-cev,mobygames:tr748,Lionbridge Games: Korean Translation Support
halo-cev,mobygames:tr749,Lionbridge Games: Korean Translation Support
halo-cev,mobygames:tr75,Halo Studios: Design - Level Design
halo-cev,mobygames:tr750,Lionbridge Games: Polish Translation Support
halo-cev,mobygames:tr751,Lionbridge Games: Polish Translation Support
halo-cev,mobygames:tr752,Lionbridge Games: Polish Translation Support
halo-cev,mobygames:tr753,Lionbridge Games: Polish Translation Support
halo-cev,mobygames:tr754,Lionbridge Games: Brazilian Portuguese Translation Support
halo-cev,mobygames:tr755,Lionbridge Games: Brazilian Portuguese Translation Support
halo-cev,mobygames:tr756,Lionbridge Games: Brazilian Portuguese Translation Support
halo-cev,mobygames:tr757,Lionbridge Games: Brazilian Portuguese Translation Support
halo-cev,mobygames:tr758,Lionbridge Games: Localization QA
halo-cev,mobygames:tr759,Lionbridge Games: Localization QA
halo-cev,mobygames:tr76,Halo Studios: Design - Narrative Design
halo-cev,mobygames:tr760,Lionbridge Games: Localization QA
halo-cev,mobygames:tr761,Lionbridge Games: Localization QA
halo-cev,mobygames:tr762,Lionbridge Games: Localization QA
halo-cev,mobygames:tr763,Lionbridge Games: Localization QA
halo-cev,mobygames:tr764,Lionbridge Games: Localization QA
halo-cev,mobygames:tr765,Lionbridge Games: Localization QA
halo-cev,mobygames:tr766,Lionbridge Games: Localization QA
halo-cev,mobygames:tr767,Lionbridge Games: Localization QA
halo-cev,mobygames:tr768,Lionbridge Games: Localization QA
halo-cev,mobygames:tr769,Lionbridge Games: Localization QA
halo-cev,mobygames:tr77,Halo Studios: Design - Narrative Design
halo-cev,mobygames:tr770,Lionbridge Games: Localization QA
halo-cev,mobygames:tr771,Lionbridge Games: Localization QA
halo-cev,mobygames:tr772,Lionbridge Games: Localization QA
halo-cev,mobygames:tr773,Lionbridge Games: Localization QA
halo-cev,mobygames:tr774,"Skybox Labs, Inc.: Skybox Labs Leadership"
halo-cev,mobygames:tr775,"Skybox Labs, Inc.: Skybox Labs Leadership"
halo-cev,mobygames:tr776,"Skybox Labs, Inc.: Skybox Labs Leadership"
halo-cev,mobygames:tr777,"Skybox Labs, Inc.: Engineering"
halo-cev,mobygames:tr778,"Skybox Labs, Inc.: Engineering"
halo-cev,mobygames:tr779,"Skybox Labs, Inc.: Management"
halo-cev,mobygames:tr78,Halo Studios: Design - Technical Design
halo-cev,mobygames:tr780,"Skybox Labs, Inc.: Management"
halo-cev,mobygames:tr781,Snowed In Studios – A Keywords Studio: Snowed In Studios Leadership
halo-cev,mobygames:tr782,Snowed In Studios – A Keywords Studio: Snowed In Studios Leadership
halo-cev,mobygames:tr783,Snowed In Studios – A Keywords Studio: Snowed In Studios Leadership
halo-cev,mobygames:tr784,Snowed In Studios – A Keywords Studio: Snowed In Studios Leadership
halo-cev,mobygames:tr785,Snowed In Studios – A Keywords Studio: Production
halo-cev,mobygames:tr786,Snowed In Studios – A Keywords Studio: Production
halo-cev,mobygames:tr787,Snowed In Studios – A Keywords Studio: Engineering
halo-cev,mobygames:tr788,Snowed In Studios – A Keywords Studio: Engineering
halo-cev,mobygames:tr789,Snowed In Studios – A Keywords Studio: Operations
halo-cev,mobygames:tr79,Halo Studios: Design - Technical Design
halo-cev,mobygames:tr790,Snowed In Studios – A Keywords Studio: Operations
halo-cev,mobygames:tr791,Snowed In Studios – A Keywords Studio: UX/UI
halo-cev,mobygames:tr792,Snowed In Studios – A Keywords Studio: UX/UI
halo-cev,mobygames:tr793,Sperasoft – A Keywords Studio: Engineering
halo-cev,mobygames:tr794,Sperasoft – A Keywords Studio: Engineering
halo-cev,mobygames:tr795,Sperasoft – A Keywords Studio: Engineering
halo-cev,mobygames:tr796,Sperasoft – A Keywords Studio: Production
halo-cev,mobygames:tr797,Sperasoft – A Keywords Studio: Production
halo-cev,mobygames:tr798,Sperasoft – A Keywords Studio: Production
halo-cev,mobygames:tr799,Sperasoft – A Keywords Studio: Tech Art
halo-cev,mobygames:tr8,Halo Studios: Art - Animation
halo-cev,mobygames:tr80,Halo Studios: Design - Technical Design
halo-cev,mobygames:tr800,Sperasoft – A Keywords Studio: Tech Art
halo-cev,mobygames:tr801,Sperasoft – A Keywords Studio: Tech Art
halo-cev,mobygames:tr802,Sprung Studios Ltd.: Sprung Studios Leadership
halo-cev,mobygames:tr803,Sprung Studios Ltd.: Sprung Studios Leadership
halo-cev,mobygames:tr804,Sprung Studios Ltd.: Sprung Studios Leadership
halo-cev,mobygames:tr805,Sprung Studios Ltd.: Sprung Studios Leadership
halo-cev,mobygames:tr806,Sprung Studios Ltd.: Sprung Studios Leadership
halo-cev,mobygames:tr807,Sprung Studios Ltd.: IT
halo-cev,mobygames:tr808,Sprung Studios Ltd.: IT
halo-cev,mobygames:tr809,Sprung Studios Ltd.: IT
halo-cev,mobygames:tr81,Halo Studios: Design - Technical Design
halo-cev,mobygames:tr810,Sprung Studios Ltd.: IT
halo-cev,mobygames:tr811,Sprung Studios Ltd.: Production
halo-cev,mobygames:tr812,Sprung Studios Ltd.: Production
halo-cev,mobygames:tr813,Sprung Studios Ltd.: UX/UI
halo-cev,mobygames:tr814,Sprung Studios Ltd.: UX/UI
halo-cev,mobygames:tr815,Sprung Studios Ltd.: UX/UI
halo-cev,mobygames:tr816,Sprung Studios Ltd.: UX/UI
halo-cev,mobygames:tr817,Sprung Studios Ltd.: UX/UI Engineering
halo-cev,mobygames:tr818,Sprung Studios Ltd.: UX/UI Engineering
halo-cev,mobygames:tr819,Sprung Studios Ltd.: UX/UI Engineering
halo-cev,mobygames:tr82,Halo Studios: Design - UX/UI
halo-cev,mobygames:tr820,Sprung Studios Ltd.: UX/UI Engineering
halo-cev,mobygames:tr821,Sprung Studios Ltd.: UX/UI Motion
halo-cev,mobygames:tr822,Sprung Studios Ltd.: UX/UI Motion
halo-cev,mobygames:tr823,Sprung Studios Ltd.: UX/UI Motion
halo-cev,mobygames:tr824,Sprung Studios Ltd.: UX/UI Tech Art
halo-cev,mobygames:tr825,Sprung Studios Ltd.: UX/UI Tech Art
halo-cev,mobygames:tr826,Sprung Studios Ltd.: UX/UI Tech Art
halo-cev,mobygames:tr827,Sprung Studios Ltd.: UX/UI Tech Art
halo-cev,mobygames:tr828,Virtuos: Virtuos Leadership
halo-cev,mobygames:tr829,Virtuos: Virtuos Leadership
halo-cev,mobygames:tr83,Halo Studios: Design - UX/UI
halo-cev,mobygames:tr830,Virtuos: Virtuos Leadership
halo-cev,mobygames:tr831,Virtuos: Virtuos Leadership
halo-cev,mobygames:tr832,Virtuos: Virtuos Leadership
halo-cev,mobygames:tr833,Virtuos: Virtuos Leadership
halo-cev,mobygames:tr834,Virtuos: Virtuos Leadership
halo-cev,mobygames:tr835,Virtuos: Virtuos Leadership
halo-cev,mobygames:tr836,Virtuos: Virtuos Leadership
halo-cev,mobygames:tr837,Virtuos: Virtuos Leadership
halo-cev,mobygames:tr838,Virtuos: Virtuos Leadership
halo-cev,mobygames:tr839,Virtuos: Virtuos BizOps
halo-cev,mobygames:tr84,Halo Studios: Design - UX/UI
halo-cev,mobygames:tr840,Virtuos: Virtuos BizOps
halo-cev,mobygames:tr841,Virtuos: Virtuos BizOps
halo-cev,mobygames:tr842,Virtuos: Virtuos BizOps
halo-cev,mobygames:tr843,Virtuos Chengdu: Virtuos Chengdu Leadership
halo-cev,mobygames:tr844,Virtuos Chengdu: Virtuos Chengdu Leadership
halo-cev,mobygames:tr845,Virtuos Chengdu: Virtuos Chengdu Leadership
halo-cev,mobygames:tr846,Virtuos Chengdu: Virtuos Chengdu Leadership
halo-cev,mobygames:tr847,Virtuos Chengdu: Animation
halo-cev,mobygames:tr848,Virtuos Chengdu: Animation
halo-cev,mobygames:tr849,Virtuos Chengdu: Animation
halo-cev,mobygames:tr85,Halo Studios: Design - UX/UI
halo-cev,mobygames:tr850,Virtuos Chengdu: Animation
halo-cev,mobygames:tr851,Virtuos Chengdu: Character Art
halo-cev,mobygames:tr852,Virtuos Chengdu: Character Art
halo-cev,mobygames:tr853,Virtuos Chengdu: Character Art
halo-cev,mobygames:tr854,Virtuos Chengdu: Concept Art
halo-cev,mobygames:tr855,Virtuos Chengdu: Concept Art
halo-cev,mobygames:tr856,Virtuos Chengdu: Game Design
halo-cev,mobygames:tr857,Virtuos Chengdu: Game Design
halo-cev,mobygames:tr858,Virtuos Chengdu: Game Design
halo-cev,mobygames:tr859,Virtuos Chengdu: Engineering
halo-cev,mobygames:tr86,Halo Studios: Design - UX/UI
halo-cev,mobygames:tr860,Virtuos Chengdu: Engineering
halo-cev,mobygames:tr861,Virtuos Chengdu: Environment Art
halo-cev,mobygames:tr862,Virtuos Chengdu: Environment Art
halo-cev,mobygames:tr863,Virtuos Chengdu: Environment Art
halo-cev,mobygames:tr864,Virtuos Chengdu: IT
halo-cev,mobygames:tr865,Virtuos Chengdu: IT
halo-cev,mobygames:tr866,Virtuos Chengdu: IT
halo-cev,mobygames:tr867,Virtuos Chengdu: IT
halo-cev,mobygames:tr868,Virtuos Chengdu: IT
halo-cev,mobygames:tr869,Virtuos Chengdu: IT
halo-cev,mobygames:tr87,Halo Studios: Design - UX/UI
halo-cev,mobygames:tr870,Virtuos Chengdu: Production
halo-cev,mobygames:tr871,Virtuos Chengdu: Production
halo-cev,mobygames:tr872,Virtuos Chengdu: Production
halo-cev,mobygames:tr873,Virtuos Chengdu: Production
halo-cev,mobygames:tr874,Virtuos Chengdu: Production
halo-cev,mobygames:tr875,Virtuos Chengdu: QA
halo-cev,mobygames:tr876,Virtuos Chengdu: QA
halo-cev,mobygames:tr877,Virtuos Chengdu: QA
halo-cev,mobygames:tr878,Virtuos Chengdu: Tech Art
halo-cev,mobygames:tr879,Virtuos Chengdu: Tech Art
halo-cev,mobygames:tr88,Halo Studios: Design - UX/UI
halo-cev,mobygames:tr880,Virtuos Glassegg: Virtuos Glassegg Leadership
halo-cev,mobygames:tr881,Virtuos Glassegg: Virtuos Glassegg Leadership
halo-cev,mobygames:tr882,Virtuos Glassegg: Production
halo-cev,mobygames:tr883,Virtuos Glassegg: Production
halo-cev,mobygames:tr884,Virtuos Glassegg: Production
halo-cev,mobygames:tr885,Virtuos Glassegg: Level Art
halo-cev,mobygames:tr886,Virtuos Glassegg: Level Art
halo-cev,mobygames:tr887,Virtuos Glassegg: Level Art
halo-cev,mobygames:tr888,Virtuos Glassegg: Level Art
halo-cev,mobygames:tr889,Virtuos Glassegg: IT
halo-cev,mobygames:tr89,Halo Studios: Design - UX/UI
halo-cev,mobygames:tr890,Virtuos Glassegg: IT
halo-cev,mobygames:tr891,Virtuos Glassegg: IT
halo-cev,mobygames:tr892,Virtuos Glassegg: IT
halo-cev,mobygames:tr893,Virtuos Shanghai: Virtuos Shanghai Leadership
halo-cev,mobygames:tr894,Virtuos Shanghai: Virtuos Shanghai Leadership
halo-cev,mobygames:tr895,Virtuos Shanghai: Virtuos Shanghai Leadership
halo-cev,mobygames:tr896,Virtuos Shanghai: Virtuos Shanghai Leadership
halo-cev,mobygames:tr897,Virtuos Shanghai: Environment Art
halo-cev,mobygames:tr898,Virtuos Shanghai: Environment Art
halo-cev,mobygames:tr899,Virtuos Shanghai: Environment Art
halo-cev,mobygames:tr9,Halo Studios: Art - Animation
halo-cev,mobygames:tr90,Halo Studios: Engineering - Engineering Leadership
halo-cev,mobygames:tr900,Virtuos Shanghai: Environment Art
halo-cev,mobygames:tr901,Virtuos Shanghai: Environment Tech Art
halo-cev,mobygames:tr902,Virtuos Shanghai: Environment Tech Art
halo-cev,mobygames:tr903,Virtuos Shanghai: IT
halo-cev,mobygames:tr904,Virtuos Shanghai: IT
halo-cev,mobygames:tr905,Virtuos Shanghai: IT
halo-cev,mobygames:tr906,Virtuos Shanghai: IT
halo-cev,mobygames:tr907,Virtuos Shanghai: IT
halo-cev,mobygames:tr908,Virtuos Shanghai: Production
halo-cev,mobygames:tr909,Virtuos Shanghai: Production
halo-cev,mobygames:tr91,Halo Studios: Engineering - Engineering Leadership
halo-cev,mobygames:tr910,Virtuos Shanghai: Production
halo-cev,mobygames:tr911,Virtuos Shanghai: QA
halo-cev,mobygames:tr912,Virtuos Shanghai: QA
halo-cev,mobygames:tr913,Virtuos Shanghai: QA
halo-cev,mobygames:tr914,Virtuos Sparx: Animation
halo-cev,mobygames:tr915,Virtuos Sparx: Animation
halo-cev,mobygames:tr916,Virtuos Sparx: Animation
halo-cev,mobygames:tr917,Virtuos Sparx: Animation
halo-cev,mobygames:tr918,Virtuos Sparx: Animation
halo-cev,mobygames:tr919,Virtuos Sparx: Animation
halo-cev,mobygames:tr92,Halo Studios: Engineering - Engineering Leadership
halo-cev,mobygames:tr920,Virtuos Sparx: Character
halo-cev,mobygames:tr921,Virtuos Sparx: Character
halo-cev,mobygames:tr922,Virtuos Sparx: Character
halo-cev,mobygames:tr923,Virtuos Sparx: Character
halo-cev,mobygames:tr924,Virtuos Sparx: Character
halo-cev,mobygames:tr925,Virtuos Sparx: Character
halo-cev,mobygames:tr926,Virtuos Sparx: Character
halo-cev,mobygames:tr927,Virtuos Sparx: Concept Art
halo-cev,mobygames:tr928,Virtuos Sparx: Concept Art
halo-cev,mobygames:tr929,Virtuos Sparx: Concept Art
halo-cev,mobygames:tr93,Halo Studios: Engineering - Engineering Leadership
halo-cev,mobygames:tr930,Virtuos Sparx: Concept Art
halo-cev,mobygames:tr931,Virtuos Sparx: Environment Art
halo-cev,mobygames:tr932,Virtuos Sparx: Environment Art
halo-cev,mobygames:tr933,Virtuos Sparx: Environment Art
halo-cev,mobygames:tr934,Virtuos Sparx: Environment Art
halo-cev,mobygames:tr935,Virtuos Sparx: Environment Art
halo-cev,mobygames:tr936,Virtuos Sparx: Environment Art
halo-cev,mobygames:tr937,Virtuos Sparx: Environment Art
halo-cev,mobygames:tr938,Virtuos Sparx: Environment Art
halo-cev,mobygames:tr939,Virtuos Sparx: Environment Art
halo-cev,mobygames:tr94,Halo Studios: Engineering - Audio Engineering
halo-cev,mobygames:tr940,Virtuos Sparx: Environment Art
halo-cev,mobygames:tr941,Virtuos Sparx: Environment Art
halo-cev,mobygames:tr942,Virtuos Sparx: Environment Art
halo-cev,mobygames:tr943,Virtuos Sparx: IT
halo-cev,mobygames:tr944,Virtuos Sparx: IT
halo-cev,mobygames:tr945,Virtuos Sparx: IT
halo-cev,mobygames:tr946,Virtuos Sparx: IT
halo-cev,mobygames:tr947,Virtuos Sparx: IT
halo-cev,mobygames:tr948,Virtuos Sparx: Production
halo-cev,mobygames:tr949,Virtuos Sparx: Production
halo-cev,mobygames:tr95,Halo Studios: Engineering - Audio Engineering
halo-cev,mobygames:tr950,Virtuos Sparx: Production
halo-cev,mobygames:tr951,Virtuos Sparx: Production
halo-cev,mobygames:tr952,Virtuos Sparx: Tech Art
halo-cev,mobygames:tr953,Virtuos Sparx: Tech Art
halo-cev,mobygames:tr954,Virtuos Sparx: Tech Art
halo-cev,mobygames:tr955,Virtuos Sparx: Tech Art
halo-cev,mobygames:tr956,Virtuos Sparx: Tech Art
halo-cev,mobygames:tr957,Virtuos Sparx: VFX
halo-cev,mobygames:tr958,Virtuos Sparx: VFX
halo-cev,mobygames:tr959,Virtuos Sparx: VFX
halo-cev,mobygames:tr96,Halo Studios: Engineering - Audio Engineering
halo-cev,mobygames:tr960,Virtuos Sparx: VFX
halo-cev,mobygames:tr961,Virtuos Sparx: VFX
halo-cev,mobygames:tr962,Community Members
halo-cev,mobygames:tr963,Community Members
halo-cev,mobygames:tr964,Special Thanks
halo-cev,mobygames:tr965,Special Thanks
halo-cev,mobygames:tr966,Halo: Combat Evolved
halo-cev,mobygames:tr967,Halo: Combat Evolved
halo-cev,mobygames:tr968,Halo: Combat Evolved
halo-cev,mobygames:tr969,Halo: Combat Evolved
halo-cev,mobygames:tr97,Halo Studios: Engineering - Core Tech Engineering
halo-cev,mobygames:tr970,Halo: Combat Evolved
halo-cev,mobygames:tr971,Halo: Combat Evolved
halo-cev,mobygames:tr972,Halo: Combat Evolved
halo-cev,mobygames:tr973,Halo: Combat Evolved
halo-cev,mobygames:tr974,Halo: Combat Evolved
halo-cev,mobygames:tr975,Halo: Combat Evolved
halo-cev,mobygames:tr976,Halo: Combat Evolved
halo-cev,mobygames:tr977,Halo: Combat Evolved
halo-cev,mobygames:tr978,Halo: Combat Evolved
halo-cev,mobygames:tr979,Halo: Combat Evolved
halo-cev,mobygames:tr98,Halo Studios: Engineering - Core Tech Engineering
halo-cev,mobygames:tr980,Halo: Combat Evolved
halo-cev,mobygames:tr981,Halo: Combat Evolved
halo-cev,mobygames:tr982,Halo: Combat Evolved
halo-cev,mobygames:tr983,Halo: Combat Evolved
halo-cev,mobygames:tr984,Halo: Combat Evolved
halo-cev,mobygames:tr985,Halo: Combat Evolved
halo-cev,mobygames:tr986,Halo: Combat Evolved
halo-cev,mobygames:tr987,Halo: Combat Evolved
halo-cev,mobygames:tr988,Halo: Combat Evolved
halo-cev,mobygames:tr989,Halo: Combat Evolved
halo-cev,mobygames:tr99,Halo Studios: Engineering - Core Tech Engineering
halo-cev,mobygames:tr990,Halo: Combat Evolved
halo-cev,mobygames:tr991,Halo: Combat Evolved
halo-cev,mobygames:tr992,Halo: Combat Evolved
halo-cev,mobygames:tr993,Halo: Combat Evolved
halo-cev,mobygames:tr994,Halo: Combat Evolved
halo-cev,mobygames:tr995,Halo: Combat Evolved
halo-cev,mobygames:tr996,Halo: Combat Evolved
halo-cev,mobygames:tr997,Halo: Combat Evolved
halo-cev,mobygames:tr998,Halo: Combat Evolved
halo-cev,mobygames:tr999,Halo: Combat Evolved
halo-infinite-campaign,mobygames:tr0,Xbox Series credits (2021)
halo-infinite-campaign,mobygames:tr1,343 Industries: Art Team
halo-infinite-campaign,mobygames:tr10,343 Industries: Art Team - Animation: Character Animation
halo-infinite-campaign,mobygames:tr100,343 Industries: Audio Team - Music
halo-infinite-campaign,mobygames:tr1000,Performance Cast and Crew: Dialog & Motion Capture Recording
halo-infinite-campaign,mobygames:tr1001,Performance Cast and Crew: Dialog & Motion Capture Recording
halo-infinite-campaign,mobygames:tr1002,Performance Cast and Crew: Dialog & Motion Capture Recording
halo-infinite-campaign,mobygames:tr1003,Performance Cast and Crew: Dialog & Motion Capture Recording
halo-infinite-campaign,mobygames:tr1004,Performance Cast and Crew: Dialog & Motion Capture Recording
halo-infinite-campaign,mobygames:tr1005,Performance Cast and Crew: Dialog & Motion Capture Recording
halo-infinite-campaign,mobygames:tr1006,Performance Cast and Crew: Dialog & Motion Capture Recording
halo-infinite-campaign,mobygames:tr1007,Audio: Sweet Justice
halo-infinite-campaign,mobygames:tr1008,Audio: Sweet Justice
halo-infinite-campaign,mobygames:tr1009,Audio: Sweet Justice
halo-infinite-campaign,mobygames:tr101,343 Industries: Audio Team - Technical Design
halo-infinite-campaign,mobygames:tr1010,Audio: Sweet Justice
halo-infinite-campaign,mobygames:tr1011,Audio: Sweet Justice
halo-infinite-campaign,mobygames:tr1012,Audio: Sweet Justice
halo-infinite-campaign,mobygames:tr1013,Audio: Sweet Justice
halo-infinite-campaign,mobygames:tr1014,Audio: Sweet Justice
halo-infinite-campaign,mobygames:tr1015,Audio: Kpow Audio
halo-infinite-campaign,mobygames:tr1016,Audio: Kpow Audio
halo-infinite-campaign,mobygames:tr1017,Audio: Warner Brothers
halo-infinite-campaign,mobygames:tr1018,Audio: Warner Brothers
halo-infinite-campaign,mobygames:tr1019,Audio: Warner Brothers
halo-infinite-campaign,mobygames:tr102,343 Industries: Audio Team - Technical Design
halo-infinite-campaign,mobygames:tr1020,Audio: Warner Brothers
halo-infinite-campaign,mobygames:tr1021,Audio: Warner Brothers
halo-infinite-campaign,mobygames:tr1022,Audio: Warner Brothers
halo-infinite-campaign,mobygames:tr1023,Audio: Warner Brothers
halo-infinite-campaign,mobygames:tr1024,Audio: Wabi Sabi
halo-infinite-campaign,mobygames:tr1025,Audio: Wabi Sabi
halo-infinite-campaign,mobygames:tr1026,Audio: Skywalker Sound
halo-infinite-campaign,mobygames:tr1027,Audio: Skywalker Sound
halo-infinite-campaign,mobygames:tr1028,Audio: Skywalker Sound
halo-infinite-campaign,mobygames:tr1029,Audio: Skywalker Sound
halo-infinite-campaign,mobygames:tr103,343 Industries: Audio Team - Technical Design
halo-infinite-campaign,mobygames:tr1030,Music
halo-infinite-campaign,mobygames:tr1031,Music
halo-infinite-campaign,mobygames:tr1032,Music
halo-infinite-campaign,mobygames:tr1033,Music
halo-infinite-campaign,mobygames:tr1034,Music
halo-infinite-campaign,mobygames:tr1035,Music
halo-infinite-campaign,mobygames:tr1036,Music
halo-infinite-campaign,mobygames:tr1037,Music
halo-infinite-campaign,mobygames:tr1038,Music
halo-infinite-campaign,mobygames:tr1039,Music
halo-infinite-campaign,mobygames:tr104,343 Industries: Design Team
halo-infinite-campaign,mobygames:tr1040,Music
halo-infinite-campaign,mobygames:tr1041,Music
halo-infinite-campaign,mobygames:tr1042,Music
halo-infinite-campaign,mobygames:tr1043,Music
halo-infinite-campaign,mobygames:tr1044,Music
halo-infinite-campaign,mobygames:tr1045,Music
halo-infinite-campaign,mobygames:tr1046,Music
halo-infinite-campaign,mobygames:tr1047,Music
halo-infinite-campaign,mobygames:tr1048,Music
halo-infinite-campaign,mobygames:tr1049,Music
halo-infinite-campaign,mobygames:tr105,343 Industries: Design Team
halo-infinite-campaign,mobygames:tr1050,Music
halo-infinite-campaign,mobygames:tr1051,Music
halo-infinite-campaign,mobygames:tr1052,Music
halo-infinite-campaign,mobygames:tr1053,Music
halo-infinite-campaign,mobygames:tr1054,Music
halo-infinite-campaign,mobygames:tr1055,Music
halo-infinite-campaign,mobygames:tr1056,Music
halo-infinite-campaign,mobygames:tr1057,Special Thanks: Halo Infinite Team
halo-infinite-campaign,mobygames:tr1058,Special Thanks: Halo Infinite Team
halo-infinite-campaign,mobygames:tr1059,Special Thanks: Halo Infinite Team
halo-infinite-campaign,mobygames:tr106,343 Industries: Design Team
halo-infinite-campaign,mobygames:tr1060,Special Thanks: Halo Infinite Team
halo-infinite-campaign,mobygames:tr1061,Special Thanks: Halo Infinite Team
halo-infinite-campaign,mobygames:tr1062,Special Thanks: Halo Infinite Team
halo-infinite-campaign,mobygames:tr1063,Special Thanks: Halo Infinite Team
halo-infinite-campaign,mobygames:tr1064,Special Thanks: Halo Infinite Team
halo-infinite-campaign,mobygames:tr1065,Special Thanks: Halo Infinite Team
halo-infinite-campaign,mobygames:tr1066,Special Thanks: Halo Infinite Team
halo-infinite-campaign,mobygames:tr1067,Special Thanks: Halo Infinite Team
halo-infinite-campaign,mobygames:tr1068,Special Thanks: Halo Infinite Team
halo-infinite-campaign,mobygames:tr1069,Special Thanks: Halo Infinite Team
halo-infinite-campaign,mobygames:tr107,343 Industries: Design Team - Campaign
halo-infinite-campaign,mobygames:tr1070,Special Thanks: Halo Infinite Team
halo-infinite-campaign,mobygames:tr1071,Special Thanks: 343 Industries - Business Teams
halo-infinite-campaign,mobygames:tr1072,Special Thanks: 343 Industries - Business Teams
halo-infinite-campaign,mobygames:tr1073,Special Thanks: 343 Industries - Business Teams
halo-infinite-campaign,mobygames:tr1074,Special Thanks: 343 Industries - Business Teams
halo-infinite-campaign,mobygames:tr1075,Special Thanks: 343 Industries - Business Teams
halo-infinite-campaign,mobygames:tr1076,"Special Thanks: 343 Industries - Analytics, Insights & Customer Services"
halo-infinite-campaign,mobygames:tr1077,"Special Thanks: 343 Industries - Analytics, Insights & Customer Services"
halo-infinite-campaign,mobygames:tr1078,"Special Thanks: 343 Industries - Analytics, Insights & Customer Services"
halo-infinite-campaign,mobygames:tr1079,"Special Thanks: 343 Industries - Analytics, Insights & Customer Services"
halo-infinite-campaign,mobygames:tr108,343 Industries: Design Team - Campaign
halo-infinite-campaign,mobygames:tr1080,Special Thanks: 343 Industries - Customer Relationship Management
halo-infinite-campaign,mobygames:tr1081,Special Thanks: 343 Industries - Customer Relationship Management
halo-infinite-campaign,mobygames:tr1082,Special Thanks: 343 Industries - Customer Relationship Management
halo-infinite-campaign,mobygames:tr1083,Special Thanks: 343 Industries - Community
halo-infinite-campaign,mobygames:tr1084,Special Thanks: 343 Industries - Community
halo-infinite-campaign,mobygames:tr1085,Special Thanks: 343 Industries - Community
halo-infinite-campaign,mobygames:tr1086,Special Thanks: 343 Industries - Franchise
halo-infinite-campaign,mobygames:tr1087,Special Thanks: 343 Industries - Franchise
halo-infinite-campaign,mobygames:tr1088,Special Thanks: 343 Industries - Gaming Leadership Team
halo-infinite-campaign,mobygames:tr1089,Special Thanks: 343 Industries - Gaming Leadership Team
halo-infinite-campaign,mobygames:tr109,343 Industries: Design Team - Campaign
halo-infinite-campaign,mobygames:tr1090,Special Thanks: 343 Industries - Marketing
halo-infinite-campaign,mobygames:tr1091,Special Thanks: 343 Industries - Marketing
halo-infinite-campaign,mobygames:tr1092,Special Thanks: 343 Industries - Marketing
halo-infinite-campaign,mobygames:tr1093,Special Thanks: 343 Industries - Marketing
halo-infinite-campaign,mobygames:tr1094,Special Thanks: 343 Industries - MSIT
halo-infinite-campaign,mobygames:tr1095,Special Thanks: 343 Industries - MSIT
halo-infinite-campaign,mobygames:tr1096,Special Thanks: 343 Industries - Public Relations
halo-infinite-campaign,mobygames:tr1097,Special Thanks: 343 Industries - Public Relations
halo-infinite-campaign,mobygames:tr1098,Special Thanks: 343 Industries - Public Relations
halo-infinite-campaign,mobygames:tr1099,Special Thanks: 343 Industries - Publishing
halo-infinite-campaign,mobygames:tr11,343 Industries: Art Team - Animation: Character Animation
halo-infinite-campaign,mobygames:tr110,343 Industries: Design Team - Campaign
halo-infinite-campaign,mobygames:tr1100,Special Thanks: 343 Industries - Publishing
halo-infinite-campaign,mobygames:tr1101,Special Thanks: 343 Industries - Publishing
halo-infinite-campaign,mobygames:tr1102,Special Thanks: 343 Industries - Publishing
halo-infinite-campaign,mobygames:tr1103,Special Thanks: 343 Industries - Strategy
halo-infinite-campaign,mobygames:tr1104,Special Thanks: 343 Industries - Strategy
halo-infinite-campaign,mobygames:tr1105,Special Thanks: 343 Industries - Transmedia
halo-infinite-campaign,mobygames:tr1106,Special Thanks: 343 Industries - Transmedia
halo-infinite-campaign,mobygames:tr1107,Special Thanks: 343 Industries - Transmedia
halo-infinite-campaign,mobygames:tr1108,Special Thanks: 343 Industries - Transmedia
halo-infinite-campaign,mobygames:tr1109,Special Thanks: 343 Industries - Transmedia
halo-infinite-campaign,mobygames:tr111,343 Industries: Design Team - Campaign: Gameplay Design
halo-infinite-campaign,mobygames:tr1110,Special Thanks: 343 Industries - Xbox Game Studios
halo-infinite-campaign,mobygames:tr1111,Special Thanks: 343 Industries - Xbox Game Studios
halo-infinite-campaign,mobygames:tr1112,Special Thanks: 343 Industries - Xbox Marketing
halo-infinite-campaign,mobygames:tr1113,Special Thanks: 343 Industries - Xbox Marketing
halo-infinite-campaign,mobygames:tr1114,Special Thanks: 343 Industries - Xbox Studios Services
halo-infinite-campaign,mobygames:tr1115,Special Thanks: 343 Industries - Xbox Studios Services
halo-infinite-campaign,mobygames:tr1116,Special Thanks: 343 Industries - Xbox Studios Services
halo-infinite-campaign,mobygames:tr1117,Special Thanks: 343 Industries - Xbox Studios Services
halo-infinite-campaign,mobygames:tr1118,Special Thanks: 343 Industries - Xbox Studios Services
halo-infinite-campaign,mobygames:tr1119,Special Thanks: 343 Industries - Xbox Studios Services
halo-infinite-campaign,mobygames:tr112,343 Industries: Design Team - Campaign: Gameplay Design
halo-infinite-campaign,mobygames:tr1120,Special Thanks: 343 Industries - Xbox Studios Services
halo-infinite-campaign,mobygames:tr1121,Special Thanks: 343 Industries - Xbox Studios Services
halo-infinite-campaign,mobygames:tr1122,Special Thanks: 343 Industries - Xbox Studios Services
halo-infinite-campaign,mobygames:tr1123,Middleware Partners
halo-infinite-campaign,mobygames:tr1124,Middleware Partners
halo-infinite-campaign,mobygames:tr1125,Middleware Partners
halo-infinite-campaign,mobygames:tr1126,Middleware Partners
halo-infinite-campaign,mobygames:tr1127,Middleware Partners
halo-infinite-campaign,mobygames:tr1128,Middleware Partners
halo-infinite-campaign,mobygames:tr1129,Middleware Partners
halo-infinite-campaign,mobygames:tr113,343 Industries: Design Team - Campaign: Gameplay Design
halo-infinite-campaign,mobygames:tr1130,Middleware Partners
halo-infinite-campaign,mobygames:tr1131,Middleware Partners
halo-infinite-campaign,mobygames:tr1132,In Loving Memories
halo-infinite-campaign,mobygames:tr1133,In Loving Memories
halo-infinite-campaign,mobygames:tr114,343 Industries: Design Team - Campaign: Gameplay Design
halo-infinite-campaign,mobygames:tr115,343 Industries: Design Team - Campaign: World Design
halo-infinite-campaign,mobygames:tr116,343 Industries: Design Team - Campaign: World Design
halo-infinite-campaign,mobygames:tr117,343 Industries: Design Team - Campaign: World Design
halo-infinite-campaign,mobygames:tr118,343 Industries: Design Team - Campaign: World Design
halo-infinite-campaign,mobygames:tr119,343 Industries: Design Team - Campaign: Technical Design
halo-infinite-campaign,mobygames:tr12,343 Industries: Art Team - Animation: Character Animation
halo-infinite-campaign,mobygames:tr120,343 Industries: Design Team - Campaign: Technical Design
halo-infinite-campaign,mobygames:tr121,343 Industries: Design Team - Campaign: Technical Design
halo-infinite-campaign,mobygames:tr122,343 Industries: Design Team - Characters & Combat
halo-infinite-campaign,mobygames:tr123,343 Industries: Design Team - Characters & Combat
halo-infinite-campaign,mobygames:tr124,343 Industries: Design Team - Characters & Combat: System Design
halo-infinite-campaign,mobygames:tr125,343 Industries: Design Team - Characters & Combat: System Design
halo-infinite-campaign,mobygames:tr126,343 Industries: Design Team - Characters & Combat: System Design
halo-infinite-campaign,mobygames:tr127,343 Industries: Design Team - Live
halo-infinite-campaign,mobygames:tr128,343 Industries: Design Team - Live
halo-infinite-campaign,mobygames:tr129,343 Industries: Design Team - Live
halo-infinite-campaign,mobygames:tr13,343 Industries: Art Team - Animation: Sandbox Animation
halo-infinite-campaign,mobygames:tr130,343 Industries: Design Team - Live
halo-infinite-campaign,mobygames:tr131,343 Industries: Design Team - Live: Progression Design
halo-infinite-campaign,mobygames:tr132,343 Industries: Design Team - Live: Progression Design
halo-infinite-campaign,mobygames:tr133,343 Industries: Design Team - Live: Economy Design
halo-infinite-campaign,mobygames:tr134,343 Industries: Design Team - Live: Economy Design
halo-infinite-campaign,mobygames:tr135,343 Industries: Design Team - Live: Gameplay Design
halo-infinite-campaign,mobygames:tr136,343 Industries: Design Team - Live: Gameplay Design
halo-infinite-campaign,mobygames:tr137,343 Industries: Design Team - Multiplayer
halo-infinite-campaign,mobygames:tr138,343 Industries: Design Team - Multiplayer
halo-infinite-campaign,mobygames:tr139,343 Industries: Design Team - Multiplayer: Modes & System Design
halo-infinite-campaign,mobygames:tr14,343 Industries: Art Team - Animation: Sandbox Animation
halo-infinite-campaign,mobygames:tr140,343 Industries: Design Team - Multiplayer: Modes & System Design
halo-infinite-campaign,mobygames:tr141,343 Industries: Design Team - Multiplayer: Modes & System Design
halo-infinite-campaign,mobygames:tr142,343 Industries: Design Team - Multiplayer: Modes & System Design
halo-infinite-campaign,mobygames:tr143,343 Industries: Design Team - Multiplayer: Level Design
halo-infinite-campaign,mobygames:tr144,343 Industries: Design Team - Multiplayer: Level Design
halo-infinite-campaign,mobygames:tr145,343 Industries: Design Team - Multiplayer: Level Design
halo-infinite-campaign,mobygames:tr146,343 Industries: Design Team - Multiplayer: Forge Design
halo-infinite-campaign,mobygames:tr147,343 Industries: Design Team - Multiplayer: Forge Design
halo-infinite-campaign,mobygames:tr148,343 Industries: Design Team - Multiplayer: Forge Design
halo-infinite-campaign,mobygames:tr149,343 Industries: Design Team - Multiplayer: Academy Design
halo-infinite-campaign,mobygames:tr15,343 Industries: Art Team - Animation: Sandbox Animation
halo-infinite-campaign,mobygames:tr150,343 Industries: Design Team - Multiplayer: Academy Design
halo-infinite-campaign,mobygames:tr151,343 Industries: Design Team - Multiplayer: Bot AI Design
halo-infinite-campaign,mobygames:tr152,343 Industries: Design Team - Multiplayer: Bot AI Design
halo-infinite-campaign,mobygames:tr153,343 Industries: Design Team - Multiplayer: Narrative Design
halo-infinite-campaign,mobygames:tr154,343 Industries: Design Team - Multiplayer: Narrative Design
halo-infinite-campaign,mobygames:tr155,343 Industries: Design Team - Narrative
halo-infinite-campaign,mobygames:tr156,343 Industries: Design Team - Narrative
halo-infinite-campaign,mobygames:tr157,343 Industries: Design Team - Narrative
halo-infinite-campaign,mobygames:tr158,343 Industries: Design Team - Narrative
halo-infinite-campaign,mobygames:tr159,343 Industries: Design Team - Narrative: Technical Design
halo-infinite-campaign,mobygames:tr16,343 Industries: Art Team - Animation: Sandbox Animation
halo-infinite-campaign,mobygames:tr160,343 Industries: Design Team - Narrative: Technical Design
halo-infinite-campaign,mobygames:tr161,343 Industries: Design Team - Narrative: Written by
halo-infinite-campaign,mobygames:tr162,343 Industries: Design Team - Narrative: Written by
halo-infinite-campaign,mobygames:tr163,343 Industries: Design Team - Sandbox
halo-infinite-campaign,mobygames:tr164,343 Industries: Design Team - Sandbox
halo-infinite-campaign,mobygames:tr165,343 Industries: Design Team - Sandbox
halo-infinite-campaign,mobygames:tr166,343 Industries: Design Team - Sandbox
halo-infinite-campaign,mobygames:tr167,343 Industries: Design Team - UX/UI
halo-infinite-campaign,mobygames:tr168,343 Industries: Design Team - UX/UI
halo-infinite-campaign,mobygames:tr169,343 Industries: Design Team - UX/UI
halo-infinite-campaign,mobygames:tr17,343 Industries: Art Team - Animation: Narrative Animation
halo-infinite-campaign,mobygames:tr170,343 Industries: Design Team - UX/UI: Technical Design
halo-infinite-campaign,mobygames:tr171,343 Industries: Design Team - UX/UI: Technical Design
halo-infinite-campaign,mobygames:tr172,343 Industries: Design Team - Management
halo-infinite-campaign,mobygames:tr173,343 Industries: Design Team - Management
halo-infinite-campaign,mobygames:tr174,343 Industries: Engineering Team
halo-infinite-campaign,mobygames:tr175,343 Industries: Engineering Team
halo-infinite-campaign,mobygames:tr176,343 Industries: Engineering Team - Campaign
halo-infinite-campaign,mobygames:tr177,343 Industries: Engineering Team - Campaign
halo-infinite-campaign,mobygames:tr178,343 Industries: Engineering Team - Campaign
halo-infinite-campaign,mobygames:tr179,343 Industries: Engineering Team - Campaign: Animation
halo-infinite-campaign,mobygames:tr18,343 Industries: Art Team - Animation: Narrative Animation
halo-infinite-campaign,mobygames:tr180,343 Industries: Engineering Team - Campaign: Animation
halo-infinite-campaign,mobygames:tr181,343 Industries: Engineering Team - Campaign: Animation
halo-infinite-campaign,mobygames:tr182,343 Industries: Engineering Team - Campaign: Animation
halo-infinite-campaign,mobygames:tr183,343 Industries: Engineering Team - Campaign: Character
halo-infinite-campaign,mobygames:tr184,343 Industries: Engineering Team - Campaign: Character
halo-infinite-campaign,mobygames:tr185,343 Industries: Engineering Team - Campaign: Character
halo-infinite-campaign,mobygames:tr186,343 Industries: Engineering Team - Campaign: Character
halo-infinite-campaign,mobygames:tr187,343 Industries: Engineering Team - Campaign: Game Systems
halo-infinite-campaign,mobygames:tr188,343 Industries: Engineering Team - Campaign: Game Systems
halo-infinite-campaign,mobygames:tr189,343 Industries: Engineering Team - Campaign: Game Systems
halo-infinite-campaign,mobygames:tr19,343 Industries: Art Team - Animation: Narrative Animation
halo-infinite-campaign,mobygames:tr190,343 Industries: Engineering Team - Campaign: Game Systems
halo-infinite-campaign,mobygames:tr191,343 Industries: Engineering Team - Campaign: Game Systems
halo-infinite-campaign,mobygames:tr192,343 Industries: Engineering Team - Campaign: Narrative
halo-infinite-campaign,mobygames:tr193,343 Industries: Engineering Team - Campaign: Narrative
halo-infinite-campaign,mobygames:tr194,343 Industries: Engineering Team - Campaign: Narrative
halo-infinite-campaign,mobygames:tr195,343 Industries: Engineering Team - Campaign: Narrative
halo-infinite-campaign,mobygames:tr196,343 Industries: Engineering Team - Campaign: Sandbox
halo-infinite-campaign,mobygames:tr197,343 Industries: Engineering Team - Campaign: Sandbox
halo-infinite-campaign,mobygames:tr198,343 Industries: Engineering Team - Campaign: Sandbox
halo-infinite-campaign,mobygames:tr199,343 Industries: Engineering Team - Campaign: Sandbox
halo-infinite-campaign,mobygames:tr2,343 Industries: Art Team
halo-infinite-campaign,mobygames:tr20,343 Industries: Art Team - Animation: Narrative Animation
halo-infinite-campaign,mobygames:tr200,343 Industries: Engineering Team - Campaign: Sandbox
halo-infinite-campaign,mobygames:tr201,343 Industries: Engineering Team - Campaign: World
halo-infinite-campaign,mobygames:tr202,343 Industries: Engineering Team - Campaign: World
halo-infinite-campaign,mobygames:tr203,343 Industries: Engineering Team - Campaign: World
halo-infinite-campaign,mobygames:tr204,343 Industries: Engineering Team - Campaign: World
halo-infinite-campaign,mobygames:tr205,343 Industries: Engineering Team - Online Services
halo-infinite-campaign,mobygames:tr206,343 Industries: Engineering Team - Online Services
halo-infinite-campaign,mobygames:tr207,343 Industries: Engineering Team - Online Services
halo-infinite-campaign,mobygames:tr208,343 Industries: Engineering Team - Online Services
halo-infinite-campaign,mobygames:tr209,343 Industries: Engineering Team - Online Services
halo-infinite-campaign,mobygames:tr21,343 Industries: Art Team - Animation: Narrative Animation
halo-infinite-campaign,mobygames:tr210,343 Industries: Engineering Team - Online Services: Content
halo-infinite-campaign,mobygames:tr211,343 Industries: Engineering Team - Online Services: Content
halo-infinite-campaign,mobygames:tr212,343 Industries: Engineering Team - Online Services: Content
halo-infinite-campaign,mobygames:tr213,343 Industries: Engineering Team - Online Services: Content
halo-infinite-campaign,mobygames:tr214,343 Industries: Engineering Team - Online Services: Engagement
halo-infinite-campaign,mobygames:tr215,343 Industries: Engineering Team - Online Services: Engagement
halo-infinite-campaign,mobygames:tr216,343 Industries: Engineering Team - Online Services: Engagement
halo-infinite-campaign,mobygames:tr217,343 Industries: Engineering Team - Online Services: Engagement
halo-infinite-campaign,mobygames:tr218,343 Industries: Engineering Team - Online Services: Engagement
halo-infinite-campaign,mobygames:tr219,343 Industries: Engineering Team - Online Services: Lifecycle
halo-infinite-campaign,mobygames:tr22,343 Industries: Art Team - Animation: Technical Animation
halo-infinite-campaign,mobygames:tr220,343 Industries: Engineering Team - Online Services: Lifecycle
halo-infinite-campaign,mobygames:tr221,343 Industries: Engineering Team - Online Services: Lifecycle
halo-infinite-campaign,mobygames:tr222,343 Industries: Engineering Team - Online Services: Lifecycle
halo-infinite-campaign,mobygames:tr223,343 Industries: Engineering Team - Online Services: Stats
halo-infinite-campaign,mobygames:tr224,343 Industries: Engineering Team - Online Services: Stats
halo-infinite-campaign,mobygames:tr225,343 Industries: Engineering Team - Online Services: Stats
halo-infinite-campaign,mobygames:tr226,343 Industries: Engineering Team - Live
halo-infinite-campaign,mobygames:tr227,343 Industries: Engineering Team - Live
halo-infinite-campaign,mobygames:tr228,343 Industries: Engineering Team - Live
halo-infinite-campaign,mobygames:tr229,343 Industries: Engineering Team - Live
halo-infinite-campaign,mobygames:tr23,343 Industries: Art Team - Animation: Technical Animation
halo-infinite-campaign,mobygames:tr230,343 Industries: Engineering Team - Multiplayer
halo-infinite-campaign,mobygames:tr231,343 Industries: Engineering Team - Multiplayer
halo-infinite-campaign,mobygames:tr232,343 Industries: Engineering Team - Multiplayer
halo-infinite-campaign,mobygames:tr233,343 Industries: Engineering Team - Multiplayer
halo-infinite-campaign,mobygames:tr234,343 Industries: Engineering Team - Multiplayer
halo-infinite-campaign,mobygames:tr235,343 Industries: Engineering Team - Forge
halo-infinite-campaign,mobygames:tr236,343 Industries: Engineering Team - Forge
halo-infinite-campaign,mobygames:tr237,343 Industries: Engineering Team - Forge
halo-infinite-campaign,mobygames:tr238,343 Industries: Engineering Team - Core UI
halo-infinite-campaign,mobygames:tr239,343 Industries: Engineering Team - Core UI
halo-infinite-campaign,mobygames:tr24,343 Industries: Art Team - Animation: Technical Animation
halo-infinite-campaign,mobygames:tr240,343 Industries: Engineering Team - Core UI
halo-infinite-campaign,mobygames:tr241,343 Industries: Engineering Team - Core UI
halo-infinite-campaign,mobygames:tr242,343 Industries: Engineering Team - Slipspace Engine & Tools
halo-infinite-campaign,mobygames:tr243,343 Industries: Engineering Team - Slipspace Engine & Tools
halo-infinite-campaign,mobygames:tr244,343 Industries: Engineering Team - Slipspace Engine & Tools
halo-infinite-campaign,mobygames:tr245,343 Industries: Engineering Team - Slipspace Engine & Tools
halo-infinite-campaign,mobygames:tr246,343 Industries: Engineering Team - Slipspace Engine & Tools
halo-infinite-campaign,mobygames:tr247,343 Industries: Engineering Team - Slipspace Engine & Tools
halo-infinite-campaign,mobygames:tr248,343 Industries: Engineering Team - Slipspace Engine & Tools: Audio
halo-infinite-campaign,mobygames:tr249,343 Industries: Engineering Team - Slipspace Engine & Tools: Audio
halo-infinite-campaign,mobygames:tr25,343 Industries: Art Team - Animation: Technical Motion Capture Animation
halo-infinite-campaign,mobygames:tr250,343 Industries: Engineering Team - Slipspace Engine & Tools: Audio
halo-infinite-campaign,mobygames:tr251,343 Industries: Engineering Team - Slipspace Engine & Tools: Audio
halo-infinite-campaign,mobygames:tr252,343 Industries: Engineering Team - Slipspace Engine & Tools: Graphics
halo-infinite-campaign,mobygames:tr253,343 Industries: Engineering Team - Slipspace Engine & Tools: Graphics
halo-infinite-campaign,mobygames:tr254,343 Industries: Engineering Team - Slipspace Engine & Tools: Graphics
halo-infinite-campaign,mobygames:tr255,343 Industries: Engineering Team - Slipspace Engine & Tools: Graphics
halo-infinite-campaign,mobygames:tr256,343 Industries: Engineering Team - Slipspace Engine & Tools: Graphics
halo-infinite-campaign,mobygames:tr257,343 Industries: Engineering Team - Slipspace Engine & Tools: Graphics
halo-infinite-campaign,mobygames:tr258,343 Industries: Engineering Team - Slipspace Engine & Tools: Helpdesk
halo-infinite-campaign,mobygames:tr259,343 Industries: Engineering Team - Slipspace Engine & Tools: Helpdesk
halo-infinite-campaign,mobygames:tr26,343 Industries: Art Team - Animation: Technical Motion Capture Animation
halo-infinite-campaign,mobygames:tr260,343 Industries: Engineering Team - Slipspace Engine & Tools: Infrastructure
halo-infinite-campaign,mobygames:tr261,343 Industries: Engineering Team - Slipspace Engine & Tools: Infrastructure
halo-infinite-campaign,mobygames:tr262,343 Industries: Engineering Team - Slipspace Engine & Tools: Infrastructure
halo-infinite-campaign,mobygames:tr263,343 Industries: Engineering Team - Slipspace Engine & Tools: Infrastructure
halo-infinite-campaign,mobygames:tr264,343 Industries: Engineering Team - Slipspace Engine & Tools: PC
halo-infinite-campaign,mobygames:tr265,343 Industries: Engineering Team - Slipspace Engine & Tools: PC
halo-infinite-campaign,mobygames:tr266,343 Industries: Engineering Team - Slipspace Engine & Tools: PC
halo-infinite-campaign,mobygames:tr267,343 Industries: Engineering Team - Slipspace Engine & Tools: PC
halo-infinite-campaign,mobygames:tr268,343 Industries: Engineering Team - Slipspace Engine & Tools: Systems
halo-infinite-campaign,mobygames:tr269,343 Industries: Engineering Team - Slipspace Engine & Tools: Systems
halo-infinite-campaign,mobygames:tr27,343 Industries: Art Team - Animation: Technical Motion Capture Animation
halo-infinite-campaign,mobygames:tr270,343 Industries: Engineering Team - Slipspace Engine & Tools: Systems
halo-infinite-campaign,mobygames:tr271,343 Industries: Engineering Team - Slipspace Engine & Tools: Systems
halo-infinite-campaign,mobygames:tr272,343 Industries: Engineering Team - Slipspace Engine & Tools: Systems
halo-infinite-campaign,mobygames:tr273,343 Industries: Engineering Team - Slipspace Engine & Tools: Tools & Pipeline
halo-infinite-campaign,mobygames:tr274,343 Industries: Engineering Team - Slipspace Engine & Tools: Tools & Pipeline
halo-infinite-campaign,mobygames:tr275,343 Industries: Engineering Team - Slipspace Engine & Tools: Tools & Pipeline
halo-infinite-campaign,mobygames:tr276,343 Industries: Engineering Team - Slipspace Engine & Tools: Tools & Pipeline
halo-infinite-campaign,mobygames:tr277,343 Industries: Engineering Team - Slipspace Engine & Tools: Tools & Pipeline
halo-infinite-campaign,mobygames:tr278,343 Industries: Engineering Team - Slipspace Engine & Tools: Tools & Pipeline
halo-infinite-campaign,mobygames:tr279,343 Industries: Production Team
halo-infinite-campaign,mobygames:tr28,343 Industries: Art Team - Character & Sandbox Art
halo-infinite-campaign,mobygames:tr280,343 Industries: Production Team
halo-infinite-campaign,mobygames:tr281,343 Industries: Production Team
halo-infinite-campaign,mobygames:tr282,343 Industries: Production Team
halo-infinite-campaign,mobygames:tr283,343 Industries: Production Team
halo-infinite-campaign,mobygames:tr284,343 Industries: Production Team
halo-infinite-campaign,mobygames:tr285,343 Industries: Production Team
halo-infinite-campaign,mobygames:tr286,343 Industries: Production Team
halo-infinite-campaign,mobygames:tr287,343 Industries: Production Team - Campaign
halo-infinite-campaign,mobygames:tr288,343 Industries: Production Team - Campaign
halo-infinite-campaign,mobygames:tr289,343 Industries: Production Team - Campaign: Character
halo-infinite-campaign,mobygames:tr29,343 Industries: Art Team - Character & Sandbox Art
halo-infinite-campaign,mobygames:tr290,343 Industries: Production Team - Campaign: Character
halo-infinite-campaign,mobygames:tr291,343 Industries: Production Team - Campaign: Character
halo-infinite-campaign,mobygames:tr292,343 Industries: Production Team - Campaign: Narrative
halo-infinite-campaign,mobygames:tr293,343 Industries: Production Team - Campaign: Narrative
halo-infinite-campaign,mobygames:tr294,343 Industries: Production Team - Campaign: Narrative
halo-infinite-campaign,mobygames:tr295,343 Industries: Production Team - Campaign: World
halo-infinite-campaign,mobygames:tr296,343 Industries: Production Team - Campaign: World
halo-infinite-campaign,mobygames:tr297,343 Industries: Production Team - Multiplayer
halo-infinite-campaign,mobygames:tr298,343 Industries: Production Team - Multiplayer
halo-infinite-campaign,mobygames:tr299,343 Industries: Production Team - Multiplayer: Academy
halo-infinite-campaign,mobygames:tr3,343 Industries: Art Team
halo-infinite-campaign,mobygames:tr30,343 Industries: Art Team - Character & Sandbox Art
halo-infinite-campaign,mobygames:tr300,343 Industries: Production Team - Multiplayer: Academy
halo-infinite-campaign,mobygames:tr301,343 Industries: Production Team - Multiplayer: Maps
halo-infinite-campaign,mobygames:tr302,343 Industries: Production Team - Multiplayer: Maps
halo-infinite-campaign,mobygames:tr303,343 Industries: Production Team - Core Content
halo-infinite-campaign,mobygames:tr304,343 Industries: Production Team - Core Content
halo-infinite-campaign,mobygames:tr305,343 Industries: Production Team - Core Content: Audio
halo-infinite-campaign,mobygames:tr306,343 Industries: Production Team - Core Content: Audio
halo-infinite-campaign,mobygames:tr307,343 Industries: Production Team - Core Content: Audio
halo-infinite-campaign,mobygames:tr308,343 Industries: Production Team - Core Content: Environment Content Team
halo-infinite-campaign,mobygames:tr309,343 Industries: Production Team - Core Content: Environment Content Team
halo-infinite-campaign,mobygames:tr31,343 Industries: Art Team - Character & Sandbox Art
halo-infinite-campaign,mobygames:tr310,343 Industries: Production Team - Core Content: UX/UI
halo-infinite-campaign,mobygames:tr311,343 Industries: Production Team - Core Content: UX/UI
halo-infinite-campaign,mobygames:tr312,343 Industries: Production Team - Core Gameplay: Sandbox
halo-infinite-campaign,mobygames:tr313,343 Industries: Production Team - Core Gameplay: Sandbox
halo-infinite-campaign,mobygames:tr314,343 Industries: Production Team - Core Tech: Foundations
halo-infinite-campaign,mobygames:tr315,343 Industries: Production Team - Core Tech: Foundations
halo-infinite-campaign,mobygames:tr316,343 Industries: Production Team - Core Tech: Graphics
halo-infinite-campaign,mobygames:tr317,343 Industries: Production Team - Core Tech: Graphics
halo-infinite-campaign,mobygames:tr318,343 Industries: Production Team - Core Tech: Workflow
halo-infinite-campaign,mobygames:tr319,343 Industries: Production Team - Core Tech: Workflow
halo-infinite-campaign,mobygames:tr32,343 Industries: Art Team - Character & Sandbox Art: Character Art
halo-infinite-campaign,mobygames:tr320,343 Industries: Production Team - Live: Commerce
halo-infinite-campaign,mobygames:tr321,343 Industries: Production Team - Live: Commerce
halo-infinite-campaign,mobygames:tr322,343 Industries: Production Team - Live: Customization
halo-infinite-campaign,mobygames:tr323,343 Industries: Production Team - Live: Customization
halo-infinite-campaign,mobygames:tr324,343 Industries: Production Team - Live: Flighting
halo-infinite-campaign,mobygames:tr325,343 Industries: Production Team - Live: Flighting
halo-infinite-campaign,mobygames:tr326,343 Industries: Production Team - Live: Localization
halo-infinite-campaign,mobygames:tr327,343 Industries: Production Team - Live: Localization
halo-infinite-campaign,mobygames:tr328,343 Industries: Production Team - Live: Release Management
halo-infinite-campaign,mobygames:tr329,343 Industries: Production Team - Live: Release Management
halo-infinite-campaign,mobygames:tr33,343 Industries: Art Team - Character & Sandbox Art: Character Art
halo-infinite-campaign,mobygames:tr330,343 Industries: Production Team - PC
halo-infinite-campaign,mobygames:tr331,343 Industries: Production Team - PC
halo-infinite-campaign,mobygames:tr332,343 Industries: Production Team - PC
halo-infinite-campaign,mobygames:tr333,Studios Quality Team: Microsoft - Director of Quality
halo-infinite-campaign,mobygames:tr334,Studios Quality Team: Microsoft - Director of Quality
halo-infinite-campaign,mobygames:tr335,Studios Quality Team: Microsoft - Quality Manager
halo-infinite-campaign,mobygames:tr336,Studios Quality Team: Microsoft - Quality Manager
halo-infinite-campaign,mobygames:tr337,Studios Quality Team: Microsoft - Quality Lead
halo-infinite-campaign,mobygames:tr338,Studios Quality Team: Microsoft - Quality Lead
halo-infinite-campaign,mobygames:tr339,Studios Quality Team: Microsoft - Quality Lead
halo-infinite-campaign,mobygames:tr34,343 Industries: Art Team - Character & Sandbox Art: Character Art
halo-infinite-campaign,mobygames:tr340,Studios Quality Team: Microsoft - Quality Engineers
halo-infinite-campaign,mobygames:tr341,Studios Quality Team: Microsoft - Quality Engineers
halo-infinite-campaign,mobygames:tr342,Studios Quality Team: Microsoft - Quality Engineers
halo-infinite-campaign,mobygames:tr343,Studios Quality Team: Microsoft - Data Engineers
halo-infinite-campaign,mobygames:tr344,Studios Quality Team: Microsoft - Data Engineers
halo-infinite-campaign,mobygames:tr345,Studios Quality Team: Microsoft - Software Engineers
halo-infinite-campaign,mobygames:tr346,Studios Quality Team: Microsoft - Software Engineers
halo-infinite-campaign,mobygames:tr347,Studios Quality Team: Microsoft - Software Engineers
halo-infinite-campaign,mobygames:tr348,Studios Quality Team: Microsoft - Software Engineers
halo-infinite-campaign,mobygames:tr349,Studios Quality Team: Microsoft - Quality Analysts
halo-infinite-campaign,mobygames:tr35,343 Industries: Art Team - Character & Sandbox Art: Character Art
halo-infinite-campaign,mobygames:tr350,Studios Quality Team: Microsoft - Quality Analysts
halo-infinite-campaign,mobygames:tr351,Studios Quality Team: External Teams
halo-infinite-campaign,mobygames:tr352,Studios Quality Team: External Teams
halo-infinite-campaign,mobygames:tr353,Studios Quality Team: External Teams
halo-infinite-campaign,mobygames:tr354,Studios Quality Team: External Teams
halo-infinite-campaign,mobygames:tr355,Studios Quality Team: External Teams
halo-infinite-campaign,mobygames:tr356,Studios Quality Team: External Teams
halo-infinite-campaign,mobygames:tr357,Studios Quality Team: External Teams
halo-infinite-campaign,mobygames:tr358,Studios Quality Team: External Teams
halo-infinite-campaign,mobygames:tr359,Studios Quality Team: External Teams
halo-infinite-campaign,mobygames:tr36,343 Industries: Art Team - Character & Sandbox Art: Character Technical Art
halo-infinite-campaign,mobygames:tr360,Studios Quality Team: External Teams
halo-infinite-campaign,mobygames:tr361,Studios Quality Team: External Teams
halo-infinite-campaign,mobygames:tr362,Outsource Partners: Airship Images - Character Art
halo-infinite-campaign,mobygames:tr363,Outsource Partners: Airship Images - Character Art
halo-infinite-campaign,mobygames:tr364,Outsource Partners: Airship Images - Character Art
halo-infinite-campaign,mobygames:tr365,Outsource Partners: Airship Images - Character Art
halo-infinite-campaign,mobygames:tr366,Outsource Partners: Atomhawk - Concept Art
halo-infinite-campaign,mobygames:tr367,Outsource Partners: Atomhawk - Concept Art
halo-infinite-campaign,mobygames:tr368,Outsource Partners: Atomhawk - Concept Art
halo-infinite-campaign,mobygames:tr369,Outsource Partners: Atomhawk - Production
halo-infinite-campaign,mobygames:tr37,343 Industries: Art Team - Character & Sandbox Art: Character Technical Art
halo-infinite-campaign,mobygames:tr370,Outsource Partners: Atomhawk - Production
halo-infinite-campaign,mobygames:tr371,Outsource Partners: Atomhawk - Management
halo-infinite-campaign,mobygames:tr372,Outsource Partners: Atomhawk - Management
halo-infinite-campaign,mobygames:tr373,Outsource Partners: Atomhawk - UI
halo-infinite-campaign,mobygames:tr374,Outsource Partners: Atomhawk - UI
halo-infinite-campaign,mobygames:tr375,Outsource Partners: Atomhawk - UI
halo-infinite-campaign,mobygames:tr376,Outsource Partners: Axis Studios - Animation
halo-infinite-campaign,mobygames:tr377,Outsource Partners: Axis Studios - Animation
halo-infinite-campaign,mobygames:tr378,Outsource Partners: Axis Studios - Animation
halo-infinite-campaign,mobygames:tr379,Outsource Partners: Axis Studios - Animation
halo-infinite-campaign,mobygames:tr38,343 Industries: Art Team - Character & Sandbox Art: Character Technical Art
halo-infinite-campaign,mobygames:tr380,Outsource Partners: Axis Studios - Design: Character
halo-infinite-campaign,mobygames:tr381,Outsource Partners: Axis Studios - Design: Character
halo-infinite-campaign,mobygames:tr382,Outsource Partners: Axis Studios - Design: Colour Scripts
halo-infinite-campaign,mobygames:tr383,Outsource Partners: Axis Studios - Design: Colour Scripts
halo-infinite-campaign,mobygames:tr384,Outsource Partners: Axis Studios - Design: Environments
halo-infinite-campaign,mobygames:tr385,Outsource Partners: Axis Studios - Design: Environments
halo-infinite-campaign,mobygames:tr386,Outsource Partners: Axis Studios - Design: Vehicles
halo-infinite-campaign,mobygames:tr387,Outsource Partners: Axis Studios - Design: Vehicles
halo-infinite-campaign,mobygames:tr388,Outsource Partners: Axis Studios - FX
halo-infinite-campaign,mobygames:tr389,Outsource Partners: Axis Studios - FX
halo-infinite-campaign,mobygames:tr39,343 Industries: Art Team - Character & Sandbox Art: Sandbox Art
halo-infinite-campaign,mobygames:tr390,Outsource Partners: Axis Studios - FX
halo-infinite-campaign,mobygames:tr391,Outsource Partners: Axis Studios - Production
halo-infinite-campaign,mobygames:tr392,Outsource Partners: Axis Studios - Production
halo-infinite-campaign,mobygames:tr393,Outsource Partners: Axis Studios - Production
halo-infinite-campaign,mobygames:tr394,Outsource Partners: Axis Studios - Production
halo-infinite-campaign,mobygames:tr395,Outsource Partners: Axis Studios - Assets: Characters
halo-infinite-campaign,mobygames:tr396,Outsource Partners: Axis Studios - Assets: Characters
halo-infinite-campaign,mobygames:tr397,Outsource Partners: Axis Studios - Assets: Characters
halo-infinite-campaign,mobygames:tr398,Outsource Partners: Axis Studios - Assets: Characters
halo-infinite-campaign,mobygames:tr399,Outsource Partners: Axis Studios - Assets: Characters
halo-infinite-campaign,mobygames:tr4,343 Industries: Art Team
halo-infinite-campaign,mobygames:tr40,343 Industries: Art Team - Character & Sandbox Art: Sandbox Art
halo-infinite-campaign,mobygames:tr400,Outsource Partners: Axis Studios - Assets: Characters
halo-infinite-campaign,mobygames:tr401,Outsource Partners: Axis Studios - Assets: Environments
halo-infinite-campaign,mobygames:tr402,Outsource Partners: Axis Studios - Assets: Environments
halo-infinite-campaign,mobygames:tr403,Outsource Partners: Axis Studios - Assets: Environments
halo-infinite-campaign,mobygames:tr404,Outsource Partners: Axis Studios - Assets: Environments & Vehicles
halo-infinite-campaign,mobygames:tr405,Outsource Partners: Axis Studios - Assets: Environments & Vehicles
halo-infinite-campaign,mobygames:tr406,Outsource Partners: Axis Studios - Assets: Environments & Vehicles
halo-infinite-campaign,mobygames:tr407,Outsource Partners: Axis Studios - Assets: Vehicles
halo-infinite-campaign,mobygames:tr408,Outsource Partners: Axis Studios - Assets: Vehicles
halo-infinite-campaign,mobygames:tr409,Outsource Partners: Axis Studios - CFX
halo-infinite-campaign,mobygames:tr41,343 Industries: Art Team - Character & Sandbox Art: Sandbox Art
halo-infinite-campaign,mobygames:tr410,Outsource Partners: Axis Studios - CFX
halo-infinite-campaign,mobygames:tr411,Outsource Partners: Axis Studios - Digital Matte Painting
halo-infinite-campaign,mobygames:tr412,Outsource Partners: Axis Studios - Digital Matte Painting
halo-infinite-campaign,mobygames:tr413,Outsource Partners: Axis Studios - Editorial
halo-infinite-campaign,mobygames:tr414,Outsource Partners: Axis Studios - Editorial
halo-infinite-campaign,mobygames:tr415,Outsource Partners: Axis Studios - Editorial
halo-infinite-campaign,mobygames:tr416,Outsource Partners: Axis Studios - Lighting & Compositing
halo-infinite-campaign,mobygames:tr417,Outsource Partners: Axis Studios - Lighting & Compositing
halo-infinite-campaign,mobygames:tr418,Outsource Partners: Axis Studios - Lighting & Compositing
halo-infinite-campaign,mobygames:tr419,Outsource Partners: Axis Studios - Lighting & Compositing
halo-infinite-campaign,mobygames:tr42,343 Industries: Art Team - Character & Sandbox Art: Sandbox Technical Art
halo-infinite-campaign,mobygames:tr420,Outsource Partners: Axis Studios - Lighting & Compositing: Look Development
halo-infinite-campaign,mobygames:tr421,Outsource Partners: Axis Studios - Lighting & Compositing: Look Development
halo-infinite-campaign,mobygames:tr422,Outsource Partners: Axis Studios - Previs
halo-infinite-campaign,mobygames:tr423,Outsource Partners: Axis Studios - Previs
halo-infinite-campaign,mobygames:tr424,Outsource Partners: Axis Studios - Previs
halo-infinite-campaign,mobygames:tr425,Outsource Partners: Axis Studios - Previs - Motion Capture
halo-infinite-campaign,mobygames:tr426,Outsource Partners: Axis Studios - Previs - Motion Capture
halo-infinite-campaign,mobygames:tr427,Outsource Partners: Axis Studios - Rendering
halo-infinite-campaign,mobygames:tr428,Outsource Partners: Axis Studios - Rendering
halo-infinite-campaign,mobygames:tr429,Outsource Partners: Axis Studios - Rigging
halo-infinite-campaign,mobygames:tr43,343 Industries: Art Team - Character & Sandbox Art: Sandbox Technical Art
halo-infinite-campaign,mobygames:tr430,Outsource Partners: Axis Studios - Rigging
halo-infinite-campaign,mobygames:tr431,Outsource Partners: Axis Studios - Rigging
halo-infinite-campaign,mobygames:tr432,Outsource Partners: Axis Studios - RND
halo-infinite-campaign,mobygames:tr433,Outsource Partners: Axis Studios - RND
halo-infinite-campaign,mobygames:tr434,Outsource Partners: Axis Studios - Supervision: Art
halo-infinite-campaign,mobygames:tr435,Outsource Partners: Axis Studios - Supervision: Art
halo-infinite-campaign,mobygames:tr436,Outsource Partners: Axis Studios - Supervision: Art
halo-infinite-campaign,mobygames:tr437,Outsource Partners: Axis Studios - Supervision: Creative
halo-infinite-campaign,mobygames:tr438,Outsource Partners: Axis Studios - Supervision: Creative
halo-infinite-campaign,mobygames:tr439,Outsource Partners: Axis Studios - Supervision: LRC
halo-infinite-campaign,mobygames:tr44,343 Industries: Art Team - Character & Sandbox Art: Sandbox Technical Art
halo-infinite-campaign,mobygames:tr440,Outsource Partners: Axis Studios - Supervision: LRC
halo-infinite-campaign,mobygames:tr441,"Outsource Partners: Certain Affinity, Inc. - Project Directors"
halo-infinite-campaign,mobygames:tr442,"Outsource Partners: Certain Affinity, Inc. - Project Directors"
halo-infinite-campaign,mobygames:tr443,"Outsource Partners: Certain Affinity, Inc. - Project Directors"
halo-infinite-campaign,mobygames:tr444,"Outsource Partners: Certain Affinity, Inc. - Project Directors"
halo-infinite-campaign,mobygames:tr445,"Outsource Partners: Certain Affinity, Inc. - Project Directors"
halo-infinite-campaign,mobygames:tr446,"Outsource Partners: Certain Affinity, Inc. - Project Directors"
halo-infinite-campaign,mobygames:tr447,"Outsource Partners: Certain Affinity, Inc. - Project Directors"
halo-infinite-campaign,mobygames:tr448,"Outsource Partners: Certain Affinity, Inc. - Project Leads"
halo-infinite-campaign,mobygames:tr449,"Outsource Partners: Certain Affinity, Inc. - Project Leads"
halo-infinite-campaign,mobygames:tr45,343 Industries: Art Team - Concept Art
halo-infinite-campaign,mobygames:tr450,"Outsource Partners: Certain Affinity, Inc. - Project Leads"
halo-infinite-campaign,mobygames:tr451,"Outsource Partners: Certain Affinity, Inc. - Project Leads"
halo-infinite-campaign,mobygames:tr452,"Outsource Partners: Certain Affinity, Inc. - Project Leads"
halo-infinite-campaign,mobygames:tr453,"Outsource Partners: Certain Affinity, Inc. - Project Leads"
halo-infinite-campaign,mobygames:tr454,"Outsource Partners: Certain Affinity, Inc. - Project Leads"
halo-infinite-campaign,mobygames:tr455,"Outsource Partners: Certain Affinity, Inc. - Project Leads"
halo-infinite-campaign,mobygames:tr456,"Outsource Partners: Certain Affinity, Inc. - Project Leads"
halo-infinite-campaign,mobygames:tr457,"Outsource Partners: Certain Affinity, Inc. - Project Leads"
halo-infinite-campaign,mobygames:tr458,"Outsource Partners: Certain Affinity, Inc. - Project Leads"
halo-infinite-campaign,mobygames:tr459,"Outsource Partners: Certain Affinity, Inc. - Animation"
halo-infinite-campaign,mobygames:tr46,343 Industries: Art Team - Concept Art
halo-infinite-campaign,mobygames:tr460,"Outsource Partners: Certain Affinity, Inc. - Animation"
halo-infinite-campaign,mobygames:tr461,"Outsource Partners: Certain Affinity, Inc. - Character Art"
halo-infinite-campaign,mobygames:tr462,"Outsource Partners: Certain Affinity, Inc. - Character Art"
halo-infinite-campaign,mobygames:tr463,"Outsource Partners: Certain Affinity, Inc. - Concept Art"
halo-infinite-campaign,mobygames:tr464,"Outsource Partners: Certain Affinity, Inc. - Concept Art"
halo-infinite-campaign,mobygames:tr465,"Outsource Partners: Certain Affinity, Inc. - Design"
halo-infinite-campaign,mobygames:tr466,"Outsource Partners: Certain Affinity, Inc. - Design"
halo-infinite-campaign,mobygames:tr467,"Outsource Partners: Certain Affinity, Inc. - Engineering"
halo-infinite-campaign,mobygames:tr468,"Outsource Partners: Certain Affinity, Inc. - Engineering"
halo-infinite-campaign,mobygames:tr469,"Outsource Partners: Certain Affinity, Inc. - Environment Art"
halo-infinite-campaign,mobygames:tr47,343 Industries: Art Team - Concept Art
halo-infinite-campaign,mobygames:tr470,"Outsource Partners: Certain Affinity, Inc. - Environment Art"
halo-infinite-campaign,mobygames:tr471,"Outsource Partners: Certain Affinity, Inc. - Lighting"
halo-infinite-campaign,mobygames:tr472,"Outsource Partners: Certain Affinity, Inc. - Lighting"
halo-infinite-campaign,mobygames:tr473,"Outsource Partners: Certain Affinity, Inc. - Production"
halo-infinite-campaign,mobygames:tr474,"Outsource Partners: Certain Affinity, Inc. - Production"
halo-infinite-campaign,mobygames:tr475,"Outsource Partners: Certain Affinity, Inc. - Materials / Terrain"
halo-infinite-campaign,mobygames:tr476,"Outsource Partners: Certain Affinity, Inc. - Materials / Terrain"
halo-infinite-campaign,mobygames:tr477,"Outsource Partners: Certain Affinity, Inc. - Technical Animation"
halo-infinite-campaign,mobygames:tr478,"Outsource Partners: Certain Affinity, Inc. - Technical Animation"
halo-infinite-campaign,mobygames:tr479,"Outsource Partners: Certain Affinity, Inc. - Technical Art"
halo-infinite-campaign,mobygames:tr48,343 Industries: Art Team - Environment Art
halo-infinite-campaign,mobygames:tr480,"Outsource Partners: Certain Affinity, Inc. - Technical Art"
halo-infinite-campaign,mobygames:tr481,"Outsource Partners: Certain Affinity, Inc. - User Interface Art"
halo-infinite-campaign,mobygames:tr482,"Outsource Partners: Certain Affinity, Inc. - User Interface Art"
halo-infinite-campaign,mobygames:tr483,"Outsource Partners: Certain Affinity, Inc. - Visual Effects"
halo-infinite-campaign,mobygames:tr484,"Outsource Partners: Certain Affinity, Inc. - Visual Effects"
halo-infinite-campaign,mobygames:tr485,"Outsource Partners: Certain Affinity, Inc. - Quality Assurance"
halo-infinite-campaign,mobygames:tr486,"Outsource Partners: Certain Affinity, Inc. - Quality Assurance"
halo-infinite-campaign,mobygames:tr487,"Outsource Partners: Certain Affinity, Inc. - Studio Leadership"
halo-infinite-campaign,mobygames:tr488,"Outsource Partners: Certain Affinity, Inc. - Studio Leadership"
halo-infinite-campaign,mobygames:tr489,"Outsource Partners: Certain Affinity, Inc. - Studio Leadership"
halo-infinite-campaign,mobygames:tr49,343 Industries: Art Team - Environment Art
halo-infinite-campaign,mobygames:tr490,"Outsource Partners: Certain Affinity, Inc. - Studio Leadership"
halo-infinite-campaign,mobygames:tr491,"Outsource Partners: Certain Affinity, Inc. - Studio Leadership"
halo-infinite-campaign,mobygames:tr492,"Outsource Partners: Certain Affinity, Inc. - Studio Leadership"
halo-infinite-campaign,mobygames:tr493,"Outsource Partners: Certain Affinity, Inc. - Studio Leadership"
halo-infinite-campaign,mobygames:tr494,"Outsource Partners: Certain Affinity, Inc. - Business Team"
halo-infinite-campaign,mobygames:tr495,"Outsource Partners: Certain Affinity, Inc. - Business Team"
halo-infinite-campaign,mobygames:tr496,"Outsource Partners: Certain Affinity, Inc. - Business Team"
halo-infinite-campaign,mobygames:tr497,"Outsource Partners: Certain Affinity, Inc. - Business Team"
halo-infinite-campaign,mobygames:tr498,"Outsource Partners: Certain Affinity, Inc. - Business Team"
halo-infinite-campaign,mobygames:tr499,"Outsource Partners: Certain Affinity, Inc. - Business Team"
halo-infinite-campaign,mobygames:tr5,343 Industries: Art Team
halo-infinite-campaign,mobygames:tr50,343 Industries: Art Team - Environment Art
halo-infinite-campaign,mobygames:tr500,"Outsource Partners: Certain Affinity, Inc. - Business Team"
halo-infinite-campaign,mobygames:tr501,"Outsource Partners: Certain Affinity, Inc. - Business Team"
halo-infinite-campaign,mobygames:tr502,"Outsource Partners: Certain Affinity, Inc. - Business Team"
halo-infinite-campaign,mobygames:tr503,"Outsource Partners: Certain Affinity, Inc. - Studio Support: AV Media"
halo-infinite-campaign,mobygames:tr504,"Outsource Partners: Certain Affinity, Inc. - Studio Support: AV Media"
halo-infinite-campaign,mobygames:tr505,"Outsource Partners: Certain Affinity, Inc. - Studio Support: AV Media"
halo-infinite-campaign,mobygames:tr506,"Outsource Partners: Certain Affinity, Inc. - Studio Support: IT"
halo-infinite-campaign,mobygames:tr507,"Outsource Partners: Certain Affinity, Inc. - Studio Support: IT"
halo-infinite-campaign,mobygames:tr508,"Outsource Partners: Certain Affinity, Inc. - Studio Support: IT"
halo-infinite-campaign,mobygames:tr509,"Outsource Partners: Certain Affinity, Inc. - Studio Support: IT"
halo-infinite-campaign,mobygames:tr51,343 Industries: Art Team - Environment Art: Campaign Environment Art
halo-infinite-campaign,mobygames:tr510,"Outsource Partners: Certain Affinity, Inc. - Studio Support: IT"
halo-infinite-campaign,mobygames:tr511,"Outsource Partners: Certain Affinity, Inc. - Studio Support: IT"
halo-infinite-campaign,mobygames:tr512,"Outsource Partners: Certain Affinity, Inc. - Studio Support: IT"
halo-infinite-campaign,mobygames:tr513,"Outsource Partners: Certain Affinity, Inc. - Additional Support"
halo-infinite-campaign,mobygames:tr514,"Outsource Partners: Certain Affinity, Inc. - Additional Support"
halo-infinite-campaign,mobygames:tr515,Outsource Partners: Counterpunch - Animation
halo-infinite-campaign,mobygames:tr516,Outsource Partners: Counterpunch - Animation
halo-infinite-campaign,mobygames:tr517,Outsource Partners: Counterpunch - Animation
halo-infinite-campaign,mobygames:tr518,Outsource Partners: Counterpunch - Animation
halo-infinite-campaign,mobygames:tr519,Outsource Partners: Counterpunch - Management
halo-infinite-campaign,mobygames:tr52,343 Industries: Art Team - Environment Art: Campaign Environment Art
halo-infinite-campaign,mobygames:tr520,Outsource Partners: Counterpunch - Management
halo-infinite-campaign,mobygames:tr521,Outsource Partners: Counterpunch - Accounting
halo-infinite-campaign,mobygames:tr522,Outsource Partners: Counterpunch - Accounting
halo-infinite-campaign,mobygames:tr523,Outsource Partners: Lakshya Digital Pvt Ltd
halo-infinite-campaign,mobygames:tr524,Outsource Partners: Lakshya Digital Pvt Ltd
halo-infinite-campaign,mobygames:tr525,Outsource Partners: Lakshya Digital Pvt Ltd
halo-infinite-campaign,mobygames:tr526,Outsource Partners: Lakshya Digital Pvt Ltd
halo-infinite-campaign,mobygames:tr527,Outsource Partners: Lakshya Digital Pvt Ltd
halo-infinite-campaign,mobygames:tr528,Outsource Partners: Lakshya Digital Pvt Ltd
halo-infinite-campaign,mobygames:tr529,Outsource Partners: Lakshya Digital Pvt Ltd - Art
halo-infinite-campaign,mobygames:tr53,343 Industries: Art Team - Environment Art: Campaign Environment Art
halo-infinite-campaign,mobygames:tr530,Outsource Partners: Lakshya Digital Pvt Ltd - Art
halo-infinite-campaign,mobygames:tr531,Outsource Partners: Lakshya Digital Pvt Ltd - Art
halo-infinite-campaign,mobygames:tr532,Outsource Partners: Lakshya Digital Pvt Ltd - Art
halo-infinite-campaign,mobygames:tr533,Outsource Partners: Lakshya Digital Pvt Ltd - Management
halo-infinite-campaign,mobygames:tr534,Outsource Partners: Lakshya Digital Pvt Ltd - Management
halo-infinite-campaign,mobygames:tr535,Outsource Partners: Lakshya Digital Pvt Ltd - Management
halo-infinite-campaign,mobygames:tr536,Outsource Partners: Lakshya Digital Pvt Ltd - VFX
halo-infinite-campaign,mobygames:tr537,Outsource Partners: Lakshya Digital Pvt Ltd - VFX
halo-infinite-campaign,mobygames:tr538,Outsource Partners: Lakshya Digital Pvt Ltd - Quality Control
halo-infinite-campaign,mobygames:tr539,Outsource Partners: Lakshya Digital Pvt Ltd - Quality Control
halo-infinite-campaign,mobygames:tr54,343 Industries: Art Team - Environment Art: Campaign Environment Art
halo-infinite-campaign,mobygames:tr540,Outsource Partners: Liquid Development LLC
halo-infinite-campaign,mobygames:tr541,Outsource Partners: Liquid Development LLC
halo-infinite-campaign,mobygames:tr542,Outsource Partners: Liquid Development LLC
halo-infinite-campaign,mobygames:tr543,Outsource Partners: Liquid Development LLC
halo-infinite-campaign,mobygames:tr544,Outsource Partners: Liquid Development LLC - Art: 3D Art
halo-infinite-campaign,mobygames:tr545,Outsource Partners: Liquid Development LLC - Art: 3D Art
halo-infinite-campaign,mobygames:tr546,Outsource Partners: Liquid Development LLC - Art: 3D Art
halo-infinite-campaign,mobygames:tr547,Outsource Partners: Liquid Development LLC - Art: 3D Art
halo-infinite-campaign,mobygames:tr548,Outsource Partners: Liquid Development LLC - Art: Animation
halo-infinite-campaign,mobygames:tr549,Outsource Partners: Liquid Development LLC - Art: Animation
halo-infinite-campaign,mobygames:tr55,343 Industries: Art Team - Environment Art: Environment Content
halo-infinite-campaign,mobygames:tr550,Outsource Partners: Liquid Development LLC - Art: Animation
halo-infinite-campaign,mobygames:tr551,Outsource Partners: Liquid Development LLC - Art: Asset Coordination
halo-infinite-campaign,mobygames:tr552,Outsource Partners: Liquid Development LLC - Art: Asset Coordination
halo-infinite-campaign,mobygames:tr553,Outsource Partners: Liquid Development LLC - Art: Lighting
halo-infinite-campaign,mobygames:tr554,Outsource Partners: Liquid Development LLC - Art: Lighting
halo-infinite-campaign,mobygames:tr555,Outsource Partners: Liquid Development LLC - Art: Technical Art
halo-infinite-campaign,mobygames:tr556,Outsource Partners: Liquid Development LLC - Art: Technical Art
halo-infinite-campaign,mobygames:tr557,Outsource Partners: Liquid Development LLC - Art: Technical Art
halo-infinite-campaign,mobygames:tr558,Outsource Partners: Liquid Development LLC - Art: VFX
halo-infinite-campaign,mobygames:tr559,Outsource Partners: Liquid Development LLC - Art: VFX
halo-infinite-campaign,mobygames:tr56,343 Industries: Art Team - Environment Art: Environment Content
halo-infinite-campaign,mobygames:tr560,Outsource Partners: Liquid Development LLC - Art: VFX
halo-infinite-campaign,mobygames:tr561,Outsource Partners: Liquid Development LLC - IT
halo-infinite-campaign,mobygames:tr562,Outsource Partners: Liquid Development LLC - IT
halo-infinite-campaign,mobygames:tr563,Outsource Partners: Liquid Development LLC - Production
halo-infinite-campaign,mobygames:tr564,Outsource Partners: Liquid Development LLC - Production
halo-infinite-campaign,mobygames:tr565,Outsource Partners: Liquid Development LLC - Production
halo-infinite-campaign,mobygames:tr566,Outsource Partners: Liquid Development LLC - Production
halo-infinite-campaign,mobygames:tr567,Outsource Partners: Mandali Games - Environment Art
halo-infinite-campaign,mobygames:tr568,Outsource Partners: Mandali Games - Environment Art
halo-infinite-campaign,mobygames:tr569,Outsource Partners: Mandali Games - Environment Art
halo-infinite-campaign,mobygames:tr57,343 Industries: Art Team - Environment Art: Environment Content
halo-infinite-campaign,mobygames:tr570,Outsource Partners: Mandali Games - Environment Art
halo-infinite-campaign,mobygames:tr571,Outsource Partners: Mandali Games - Environment Art
halo-infinite-campaign,mobygames:tr572,Outsource Partners: Mandali Games - Environment Art
halo-infinite-campaign,mobygames:tr573,Outsource Partners: Mandali Games - Environment Art
halo-infinite-campaign,mobygames:tr574,Outsource Partners: Mindwalk
halo-infinite-campaign,mobygames:tr575,Outsource Partners: Mindwalk
halo-infinite-campaign,mobygames:tr576,Outsource Partners: Mindwalk
halo-infinite-campaign,mobygames:tr577,Outsource Partners: Mindwalk - Animation
halo-infinite-campaign,mobygames:tr578,Outsource Partners: Mindwalk - Animation
halo-infinite-campaign,mobygames:tr579,Outsource Partners: Mindwalk - Animation
halo-infinite-campaign,mobygames:tr58,343 Industries: Art Team - Environment Art: Environment Content
halo-infinite-campaign,mobygames:tr580,Outsource Partners: Mindwalk - Art
halo-infinite-campaign,mobygames:tr581,Outsource Partners: Mindwalk - Art
halo-infinite-campaign,mobygames:tr582,Outsource Partners: Mindwalk - Art
halo-infinite-campaign,mobygames:tr583,Outsource Partners: Mindwalk - Management
halo-infinite-campaign,mobygames:tr584,Outsource Partners: Mindwalk - Management
halo-infinite-campaign,mobygames:tr585,Outsource Partners: Nuare Studios: Character Art
halo-infinite-campaign,mobygames:tr586,Outsource Partners: Nuare Studios: Character Art
halo-infinite-campaign,mobygames:tr587,Outsource Partners: OF3D - Environment Art
halo-infinite-campaign,mobygames:tr588,Outsource Partners: OF3D - Environment Art
halo-infinite-campaign,mobygames:tr589,Outsource Partners: OF3D - Environment Art
halo-infinite-campaign,mobygames:tr59,343 Industries: Art Team - Environment Art: Forge Environment Art
halo-infinite-campaign,mobygames:tr590,Outsource Partners: OF3D - Environment Art
halo-infinite-campaign,mobygames:tr591,Outsource Partners: OF3D - Environment Art
halo-infinite-campaign,mobygames:tr592,Outsource Partners: Pixel Mafia
halo-infinite-campaign,mobygames:tr593,Outsource Partners: Pixel Mafia
halo-infinite-campaign,mobygames:tr594,Outsource Partners: Pixel Mafia - Administration
halo-infinite-campaign,mobygames:tr595,Outsource Partners: Pixel Mafia - Administration
halo-infinite-campaign,mobygames:tr596,Outsource Partners: Pixel Mafia - Art: 3D Art
halo-infinite-campaign,mobygames:tr597,Outsource Partners: Pixel Mafia - Art: 3D Art
halo-infinite-campaign,mobygames:tr598,Outsource Partners: Pixel Mafia - Art: 3D Art
halo-infinite-campaign,mobygames:tr599,Outsource Partners: Pixel Mafia - Art: 3D Art
halo-infinite-campaign,mobygames:tr6,343 Industries: Art Team
halo-infinite-campaign,mobygames:tr60,343 Industries: Art Team - Environment Art: Forge Environment Art
halo-infinite-campaign,mobygames:tr600,Outsource Partners: Pixel Mafia - Art: Concept Art
halo-infinite-campaign,mobygames:tr601,Outsource Partners: Pixel Mafia - Art: Concept Art
halo-infinite-campaign,mobygames:tr602,Outsource Partners: Pixel Mafia - Art: Concept Art
halo-infinite-campaign,mobygames:tr603,Outsource Partners: Pixel Mafia - HR
halo-infinite-campaign,mobygames:tr604,Outsource Partners: Pixel Mafia - HR
halo-infinite-campaign,mobygames:tr605,Outsource Partners: Pixel Mafia - IT
halo-infinite-campaign,mobygames:tr606,Outsource Partners: Pixel Mafia - IT
halo-infinite-campaign,mobygames:tr607,Outsource Partners: Pixel Mafia - Production
halo-infinite-campaign,mobygames:tr608,Outsource Partners: Pixel Mafia - Production
halo-infinite-campaign,mobygames:tr609,Outsource Partners: Pixel Mafia - Production
halo-infinite-campaign,mobygames:tr61,343 Industries: Art Team - Environment Art: Forge Environment Art
halo-infinite-campaign,mobygames:tr610,Outsource Partners: Pixel Smash Ltd - UI
halo-infinite-campaign,mobygames:tr611,Outsource Partners: Pixel Smash Ltd - UI
halo-infinite-campaign,mobygames:tr612,Outsource Partners: Red Hot CG
halo-infinite-campaign,mobygames:tr613,Outsource Partners: Red Hot CG
halo-infinite-campaign,mobygames:tr614,Outsource Partners: Red Hot CG - Art
halo-infinite-campaign,mobygames:tr615,Outsource Partners: Red Hot CG - Art
halo-infinite-campaign,mobygames:tr616,Outsource Partners: Red Hot CG - Art
halo-infinite-campaign,mobygames:tr617,Outsource Partners: Red Hot CG - Management
halo-infinite-campaign,mobygames:tr618,Outsource Partners: Red Hot CG - Management
halo-infinite-campaign,mobygames:tr619,Outsource Partners: Room 8 Studios - Environment Art
halo-infinite-campaign,mobygames:tr62,343 Industries: Art Team - Environment Art: Multiplayer Environment Art
halo-infinite-campaign,mobygames:tr620,Outsource Partners: Room 8 Studios - Environment Art
halo-infinite-campaign,mobygames:tr621,Outsource Partners: Room 8 Studios - Environment Art
halo-infinite-campaign,mobygames:tr622,Outsource Partners: Room 8 Studios - Environment Art
halo-infinite-campaign,mobygames:tr623,"Outsource Partners: Skybox Labs, Inc. - Project Directors"
halo-infinite-campaign,mobygames:tr624,"Outsource Partners: Skybox Labs, Inc. - Project Directors"
halo-infinite-campaign,mobygames:tr625,"Outsource Partners: Skybox Labs, Inc. - Project Directors"
halo-infinite-campaign,mobygames:tr626,"Outsource Partners: Skybox Labs, Inc. - Project Directors"
halo-infinite-campaign,mobygames:tr627,"Outsource Partners: Skybox Labs, Inc. - Art - Animation"
halo-infinite-campaign,mobygames:tr628,"Outsource Partners: Skybox Labs, Inc. - Art - Animation"
halo-infinite-campaign,mobygames:tr629,"Outsource Partners: Skybox Labs, Inc. - Art - Animation"
halo-infinite-campaign,mobygames:tr63,343 Industries: Art Team - Environment Art: Multiplayer Environment Art
halo-infinite-campaign,mobygames:tr630,"Outsource Partners: Skybox Labs, Inc. - Art - Character Art"
halo-infinite-campaign,mobygames:tr631,"Outsource Partners: Skybox Labs, Inc. - Art - Character Art"
halo-infinite-campaign,mobygames:tr632,"Outsource Partners: Skybox Labs, Inc. - Art - Environment Art"
halo-infinite-campaign,mobygames:tr633,"Outsource Partners: Skybox Labs, Inc. - Art - Environment Art"
halo-infinite-campaign,mobygames:tr634,"Outsource Partners: Skybox Labs, Inc. - Art - Lighting"
halo-infinite-campaign,mobygames:tr635,"Outsource Partners: Skybox Labs, Inc. - Art - Lighting"
halo-infinite-campaign,mobygames:tr636,"Outsource Partners: Skybox Labs, Inc. - Art - Tech Art"
halo-infinite-campaign,mobygames:tr637,"Outsource Partners: Skybox Labs, Inc. - Art - Tech Art"
halo-infinite-campaign,mobygames:tr638,"Outsource Partners: Skybox Labs, Inc. - Art - UX/UI"
halo-infinite-campaign,mobygames:tr639,"Outsource Partners: Skybox Labs, Inc. - Art - UX/UI"
halo-infinite-campaign,mobygames:tr64,343 Industries: Art Team - Environment Art: Multiplayer Environment Art
halo-infinite-campaign,mobygames:tr640,"Outsource Partners: Skybox Labs, Inc. - Art - UX/UI"
halo-infinite-campaign,mobygames:tr641,"Outsource Partners: Skybox Labs, Inc. - Design"
halo-infinite-campaign,mobygames:tr642,"Outsource Partners: Skybox Labs, Inc. - Design"
halo-infinite-campaign,mobygames:tr643,"Outsource Partners: Skybox Labs, Inc. - Design"
halo-infinite-campaign,mobygames:tr644,"Outsource Partners: Skybox Labs, Inc. - Engineering"
halo-infinite-campaign,mobygames:tr645,"Outsource Partners: Skybox Labs, Inc. - Engineering"
halo-infinite-campaign,mobygames:tr646,"Outsource Partners: Skybox Labs, Inc. - Engineering"
halo-infinite-campaign,mobygames:tr647,"Outsource Partners: Skybox Labs, Inc. - IT"
halo-infinite-campaign,mobygames:tr648,"Outsource Partners: Skybox Labs, Inc. - IT"
halo-infinite-campaign,mobygames:tr649,"Outsource Partners: Skybox Labs, Inc. - Production"
halo-infinite-campaign,mobygames:tr65,343 Industries: Art Team - Environment Art: Technical Environment Art
halo-infinite-campaign,mobygames:tr650,"Outsource Partners: Skybox Labs, Inc. - Production"
halo-infinite-campaign,mobygames:tr651,"Outsource Partners: Skybox Labs, Inc. - QA & Development Support"
halo-infinite-campaign,mobygames:tr652,"Outsource Partners: Skybox Labs, Inc. - QA & Development Support"
halo-infinite-campaign,mobygames:tr653,"Outsource Partners: Skybox Labs, Inc. - QA & Development Support"
halo-infinite-campaign,mobygames:tr654,"Outsource Partners: Skybox Labs, Inc. - Studio Management"
halo-infinite-campaign,mobygames:tr655,"Outsource Partners: Skybox Labs, Inc. - Studio Management"
halo-infinite-campaign,mobygames:tr656,"Outsource Partners: Skybox Labs, Inc. - Special Thanks"
halo-infinite-campaign,mobygames:tr657,"Outsource Partners: Skybox Labs, Inc. - Special Thanks"
halo-infinite-campaign,mobygames:tr658,"Outsource Partners: Skybox Labs, Inc. - Special Thanks"
halo-infinite-campaign,mobygames:tr659,"Outsource Partners: Skybox Labs, Inc. - Special Thanks"
halo-infinite-campaign,mobygames:tr66,343 Industries: Art Team - Environment Art: Technical Environment Art
halo-infinite-campaign,mobygames:tr660,"Outsource Partners: Skybox Labs, Inc. - Special Thanks"
halo-infinite-campaign,mobygames:tr661,Outsource Partners: Speech Graphics
halo-infinite-campaign,mobygames:tr662,Outsource Partners: Speech Graphics
halo-infinite-campaign,mobygames:tr663,Outsource Partners: Speech Graphics
halo-infinite-campaign,mobygames:tr664,Outsource Partners: Speech Graphics
halo-infinite-campaign,mobygames:tr665,Outsource Partners: Speech Graphics
halo-infinite-campaign,mobygames:tr666,Outsource Partners: Speech Graphics - Linguist
halo-infinite-campaign,mobygames:tr667,Outsource Partners: Speech Graphics - Linguist
halo-infinite-campaign,mobygames:tr668,Outsource Partners: Speech Graphics - Technical Art
halo-infinite-campaign,mobygames:tr669,Outsource Partners: Speech Graphics - Technical Art
halo-infinite-campaign,mobygames:tr67,343 Industries: Art Team - Environment Art: Technical Environment Art
halo-infinite-campaign,mobygames:tr670,Outsource Partners: Speech Graphics - Production
halo-infinite-campaign,mobygames:tr671,Outsource Partners: Speech Graphics - Production
halo-infinite-campaign,mobygames:tr672,"Outsource Partners: Sperasoft, Inc."
halo-infinite-campaign,mobygames:tr673,"Outsource Partners: Sperasoft, Inc."
halo-infinite-campaign,mobygames:tr674,"Outsource Partners: Sperasoft, Inc."
halo-infinite-campaign,mobygames:tr675,"Outsource Partners: Sperasoft, Inc."
halo-infinite-campaign,mobygames:tr676,"Outsource Partners: Sperasoft, Inc."
halo-infinite-campaign,mobygames:tr677,"Outsource Partners: Sperasoft, Inc."
halo-infinite-campaign,mobygames:tr678,"Outsource Partners: Sperasoft, Inc. - Art: Animation"
halo-infinite-campaign,mobygames:tr679,"Outsource Partners: Sperasoft, Inc. - Art: Animation"
halo-infinite-campaign,mobygames:tr68,343 Industries: Art Team - Environment Art: Technical Environment Art
halo-infinite-campaign,mobygames:tr680,"Outsource Partners: Sperasoft, Inc. - Art: Animation"
halo-infinite-campaign,mobygames:tr681,"Outsource Partners: Sperasoft, Inc. - Art: Animation"
halo-infinite-campaign,mobygames:tr682,"Outsource Partners: Sperasoft, Inc. - Art: Concept Art"
halo-infinite-campaign,mobygames:tr683,"Outsource Partners: Sperasoft, Inc. - Art: Concept Art"
halo-infinite-campaign,mobygames:tr684,"Outsource Partners: Sperasoft, Inc. - Art: Concept Art"
halo-infinite-campaign,mobygames:tr685,"Outsource Partners: Sperasoft, Inc. - Art: Levels"
halo-infinite-campaign,mobygames:tr686,"Outsource Partners: Sperasoft, Inc. - Art: Levels"
halo-infinite-campaign,mobygames:tr687,"Outsource Partners: Sperasoft, Inc. - Art: Levels"
halo-infinite-campaign,mobygames:tr688,"Outsource Partners: Sperasoft, Inc. - Art: Levels"
halo-infinite-campaign,mobygames:tr689,"Outsource Partners: Sperasoft, Inc. - Art: Lighting"
halo-infinite-campaign,mobygames:tr69,343 Industries: Art Team - Environment Art: Technical Environment Art
halo-infinite-campaign,mobygames:tr690,"Outsource Partners: Sperasoft, Inc. - Art: Lighting"
halo-infinite-campaign,mobygames:tr691,"Outsource Partners: Sperasoft, Inc. - Art: Lighting"
halo-infinite-campaign,mobygames:tr692,"Outsource Partners: Sperasoft, Inc. - Art: Lighting"
halo-infinite-campaign,mobygames:tr693,"Outsource Partners: Sperasoft, Inc. - Art: Props"
halo-infinite-campaign,mobygames:tr694,"Outsource Partners: Sperasoft, Inc. - Art: Props"
halo-infinite-campaign,mobygames:tr695,"Outsource Partners: Sperasoft, Inc. - Art: Props"
halo-infinite-campaign,mobygames:tr696,"Outsource Partners: Sperasoft, Inc. - Art: Props"
halo-infinite-campaign,mobygames:tr697,"Outsource Partners: Sperasoft, Inc. - Art: Technical Animation"
halo-infinite-campaign,mobygames:tr698,"Outsource Partners: Sperasoft, Inc. - Art: Technical Animation"
halo-infinite-campaign,mobygames:tr699,"Outsource Partners: Sperasoft, Inc. - Art: Technical Art"
halo-infinite-campaign,mobygames:tr7,343 Industries: Art Team - Animation
halo-infinite-campaign,mobygames:tr70,343 Industries: Art Team - Environment Art: Technical Environment Art
halo-infinite-campaign,mobygames:tr700,"Outsource Partners: Sperasoft, Inc. - Art: Technical Art"
halo-infinite-campaign,mobygames:tr701,"Outsource Partners: Sperasoft, Inc. - Art: Technical Art"
halo-infinite-campaign,mobygames:tr702,"Outsource Partners: Sperasoft, Inc. - Art: UI/UX"
halo-infinite-campaign,mobygames:tr703,"Outsource Partners: Sperasoft, Inc. - Art: UI/UX"
halo-infinite-campaign,mobygames:tr704,"Outsource Partners: Sperasoft, Inc. - Art: UI/UX"
halo-infinite-campaign,mobygames:tr705,"Outsource Partners: Sperasoft, Inc. - Art: VFX"
halo-infinite-campaign,mobygames:tr706,"Outsource Partners: Sperasoft, Inc. - Art: VFX"
halo-infinite-campaign,mobygames:tr707,"Outsource Partners: Sperasoft, Inc. - Art: VFX"
halo-infinite-campaign,mobygames:tr708,"Outsource Partners: Sperasoft, Inc. - Design: Game Design"
halo-infinite-campaign,mobygames:tr709,"Outsource Partners: Sperasoft, Inc. - Design: Game Design"
halo-infinite-campaign,mobygames:tr71,343 Industries: Art Team - FX
halo-infinite-campaign,mobygames:tr710,"Outsource Partners: Sperasoft, Inc. - Design: Levels"
halo-infinite-campaign,mobygames:tr711,"Outsource Partners: Sperasoft, Inc. - Design: Levels"
halo-infinite-campaign,mobygames:tr712,"Outsource Partners: Sperasoft, Inc. - Design: Levels"
halo-infinite-campaign,mobygames:tr713,"Outsource Partners: Sperasoft, Inc. - Design: Technical Design"
halo-infinite-campaign,mobygames:tr714,"Outsource Partners: Sperasoft, Inc. - Design: Technical Design"
halo-infinite-campaign,mobygames:tr715,"Outsource Partners: Sperasoft, Inc. - Design: Technical Design"
halo-infinite-campaign,mobygames:tr716,"Outsource Partners: Sperasoft, Inc. - Design: UI/UX"
halo-infinite-campaign,mobygames:tr717,"Outsource Partners: Sperasoft, Inc. - Design: UI/UX"
halo-infinite-campaign,mobygames:tr718,"Outsource Partners: Sperasoft, Inc. - Engineering"
halo-infinite-campaign,mobygames:tr719,"Outsource Partners: Sperasoft, Inc. - Engineering"
halo-infinite-campaign,mobygames:tr72,343 Industries: Art Team - FX
halo-infinite-campaign,mobygames:tr720,"Outsource Partners: Sperasoft, Inc. - Engineering"
halo-infinite-campaign,mobygames:tr721,"Outsource Partners: Sperasoft, Inc. - Engineering"
halo-infinite-campaign,mobygames:tr722,"Outsource Partners: Sperasoft, Inc. - Engineering: Tool Support"
halo-infinite-campaign,mobygames:tr723,"Outsource Partners: Sperasoft, Inc. - Engineering: Tool Support"
halo-infinite-campaign,mobygames:tr724,"Outsource Partners: Sperasoft, Inc. - Production"
halo-infinite-campaign,mobygames:tr725,"Outsource Partners: Sperasoft, Inc. - Production"
halo-infinite-campaign,mobygames:tr726,"Outsource Partners: Sperasoft, Inc. - Production"
halo-infinite-campaign,mobygames:tr727,"Outsource Partners: Sperasoft, Inc. - QA"
halo-infinite-campaign,mobygames:tr728,"Outsource Partners: Sperasoft, Inc. - QA"
halo-infinite-campaign,mobygames:tr729,"Outsource Partners: Sperasoft, Inc. - QA"
halo-infinite-campaign,mobygames:tr73,343 Industries: Art Team - FX
halo-infinite-campaign,mobygames:tr730,"Outsource Partners: Sperasoft, Inc. - Special Thanks"
halo-infinite-campaign,mobygames:tr731,"Outsource Partners: Sperasoft, Inc. - Special Thanks"
halo-infinite-campaign,mobygames:tr732,Outsource Partners: The Coalition - Animation: Gameplay
halo-infinite-campaign,mobygames:tr733,Outsource Partners: The Coalition - Animation: Gameplay
halo-infinite-campaign,mobygames:tr734,Outsource Partners: The Coalition - Animation: Narrative
halo-infinite-campaign,mobygames:tr735,Outsource Partners: The Coalition - Animation: Narrative
halo-infinite-campaign,mobygames:tr736,Outsource Partners: The Coalition - Animation: Rigging
halo-infinite-campaign,mobygames:tr737,Outsource Partners: The Coalition - Animation: Rigging
halo-infinite-campaign,mobygames:tr738,Outsource Partners: The Coalition - Animation: Technical Animation
halo-infinite-campaign,mobygames:tr739,Outsource Partners: The Coalition - Animation: Technical Animation
halo-infinite-campaign,mobygames:tr74,343 Industries: Art Team - FX
halo-infinite-campaign,mobygames:tr740,Outsource Partners: The Coalition - Art: Environment
halo-infinite-campaign,mobygames:tr741,Outsource Partners: The Coalition - Art: Environment
halo-infinite-campaign,mobygames:tr742,Outsource Partners: The Coalition - Art: VFX
halo-infinite-campaign,mobygames:tr743,Outsource Partners: The Coalition - Art: VFX
halo-infinite-campaign,mobygames:tr744,Outsource Partners: The Coalition - Art: Lighting
halo-infinite-campaign,mobygames:tr745,Outsource Partners: The Coalition - Art: Lighting
halo-infinite-campaign,mobygames:tr746,Outsource Partners: The Coalition - Art: Skybox
halo-infinite-campaign,mobygames:tr747,Outsource Partners: The Coalition - Art: Skybox
halo-infinite-campaign,mobygames:tr748,Outsource Partners: The Coalition - Art: Technical Art
halo-infinite-campaign,mobygames:tr749,Outsource Partners: The Coalition - Art: Technical Art
halo-infinite-campaign,mobygames:tr75,343 Industries: Art Team - FX
halo-infinite-campaign,mobygames:tr750,Outsource Partners: The Coalition - Art: Technical Art
halo-infinite-campaign,mobygames:tr751,Outsource Partners: The Coalition - Art: Technical Art
halo-infinite-campaign,mobygames:tr752,Outsource Partners: The Coalition - Audio: Design
halo-infinite-campaign,mobygames:tr753,Outsource Partners: The Coalition - Audio: Design
halo-infinite-campaign,mobygames:tr754,Outsource Partners: The Coalition - Production
halo-infinite-campaign,mobygames:tr755,Outsource Partners: The Coalition - Production
halo-infinite-campaign,mobygames:tr756,Outsource Partners: The Coalition - Special Thanks
halo-infinite-campaign,mobygames:tr757,Outsource Partners: The Coalition - Special Thanks
halo-infinite-campaign,mobygames:tr758,Outsource Partners: Undead Labs - Animation
halo-infinite-campaign,mobygames:tr759,Outsource Partners: Undead Labs - Animation
halo-infinite-campaign,mobygames:tr76,343 Industries: Art Team - FX
halo-infinite-campaign,mobygames:tr760,Outsource Partners: Undead Labs - Animation
halo-infinite-campaign,mobygames:tr761,Outsource Partners: Undead Labs - Technical Art
halo-infinite-campaign,mobygames:tr762,Outsource Partners: Undead Labs - Technical Art
halo-infinite-campaign,mobygames:tr763,Outsource Partners: Undead Labs - Special Thanks
halo-infinite-campaign,mobygames:tr764,Outsource Partners: Undead Labs - Special Thanks
halo-infinite-campaign,mobygames:tr765,343 Industries: Leadership
halo-infinite-campaign,mobygames:tr766,343 Industries: Leadership
halo-infinite-campaign,mobygames:tr767,343 Industries: Leadership
halo-infinite-campaign,mobygames:tr768,343 Industries: Leadership
halo-infinite-campaign,mobygames:tr769,343 Industries: Leadership
halo-infinite-campaign,mobygames:tr77,343 Industries: Art Team - Lighting
halo-infinite-campaign,mobygames:tr770,343 Industries: Leadership
halo-infinite-campaign,mobygames:tr771,343 Industries: Leadership
halo-infinite-campaign,mobygames:tr772,343 Industries: Leadership
halo-infinite-campaign,mobygames:tr773,343 Industries: Leadership
halo-infinite-campaign,mobygames:tr774,343 Industries: Leadership
halo-infinite-campaign,mobygames:tr775,343 Industries: Leadership
halo-infinite-campaign,mobygames:tr776,343 Industries: Leadership
halo-infinite-campaign,mobygames:tr777,343 Industries: Leadership
halo-infinite-campaign,mobygames:tr778,343 Industries: Advanced Technology Group
halo-infinite-campaign,mobygames:tr779,343 Industries: Advanced Technology Group
halo-infinite-campaign,mobygames:tr78,343 Industries: Art Team - Lighting
halo-infinite-campaign,mobygames:tr780,343 Industries: Advanced Technology Group
halo-infinite-campaign,mobygames:tr781,343 Industries: Advanced Technology Group
halo-infinite-campaign,mobygames:tr782,343 Industries: Advanced Technology Group
halo-infinite-campaign,mobygames:tr783,343 Industries: Advanced Technology Group
halo-infinite-campaign,mobygames:tr784,343 Industries: Advanced Technology Group
halo-infinite-campaign,mobygames:tr785,"343 Industries: Analytics, Insights & Customer Services"
halo-infinite-campaign,mobygames:tr786,"343 Industries: Analytics, Insights & Customer Services"
halo-infinite-campaign,mobygames:tr787,"343 Industries: Analytics, Insights & Customer Services - Analytics"
halo-infinite-campaign,mobygames:tr788,"343 Industries: Analytics, Insights & Customer Services - Analytics"
halo-infinite-campaign,mobygames:tr789,"343 Industries: Analytics, Insights & Customer Services - Analytics: Data Engineering"
halo-infinite-campaign,mobygames:tr79,343 Industries: Art Team - Lighting
halo-infinite-campaign,mobygames:tr790,"343 Industries: Analytics, Insights & Customer Services - Analytics: Data Engineering"
halo-infinite-campaign,mobygames:tr791,"343 Industries: Analytics, Insights & Customer Services - Analytics: Data Engineering"
halo-infinite-campaign,mobygames:tr792,"343 Industries: Analytics, Insights & Customer Services - Analytics: Data Science"
halo-infinite-campaign,mobygames:tr793,"343 Industries: Analytics, Insights & Customer Services - Analytics: Data Science"
halo-infinite-campaign,mobygames:tr794,"343 Industries: Analytics, Insights & Customer Services - Analytics: Data Science"
halo-infinite-campaign,mobygames:tr795,"343 Industries: Analytics, Insights & Customer Services - Insights: Insights Management"
halo-infinite-campaign,mobygames:tr796,"343 Industries: Analytics, Insights & Customer Services - Insights: Insights Management"
halo-infinite-campaign,mobygames:tr797,"343 Industries: Analytics, Insights & Customer Services - Insights: Insights Management"
halo-infinite-campaign,mobygames:tr798,"343 Industries: Analytics, Insights & Customer Services - Studio Insights"
halo-infinite-campaign,mobygames:tr799,"343 Industries: Analytics, Insights & Customer Services - Studio Insights"
halo-infinite-campaign,mobygames:tr8,343 Industries: Art Team - Animation
halo-infinite-campaign,mobygames:tr80,343 Industries: Art Team - Lighting
halo-infinite-campaign,mobygames:tr800,"343 Industries: Analytics, Insights & Customer Services - Studio Insights: Pro Team"
halo-infinite-campaign,mobygames:tr801,"343 Industries: Analytics, Insights & Customer Services - Studio Insights: Pro Team"
halo-infinite-campaign,mobygames:tr802,"343 Industries: Analytics, Insights & Customer Services - Studio Insights: Pro Team"
halo-infinite-campaign,mobygames:tr803,"343 Industries: Analytics, Insights & Customer Services - Studio Insights: Playtest"
halo-infinite-campaign,mobygames:tr804,"343 Industries: Analytics, Insights & Customer Services - Studio Insights: Playtest"
halo-infinite-campaign,mobygames:tr805,"343 Industries: Analytics, Insights & Customer Services - Studio Insights: Playtest"
halo-infinite-campaign,mobygames:tr806,"343 Industries: Analytics, Insights & Customer Services - Analytics & Insights Production"
halo-infinite-campaign,mobygames:tr807,"343 Industries: Analytics, Insights & Customer Services - Analytics & Insights Production"
halo-infinite-campaign,mobygames:tr808,"343 Industries: Analytics, Insights & Customer Services - Customer Services: Halo Support"
halo-infinite-campaign,mobygames:tr809,"343 Industries: Analytics, Insights & Customer Services - Customer Services: Halo Support"
halo-infinite-campaign,mobygames:tr81,343 Industries: Art Team - Lighting
halo-infinite-campaign,mobygames:tr810,"343 Industries: Analytics, Insights & Customer Services - Customer Services: Halo Support"
halo-infinite-campaign,mobygames:tr811,"343 Industries: Analytics, Insights & Customer Services - Customer Services: Customer Relationship Management"
halo-infinite-campaign,mobygames:tr812,"343 Industries: Analytics, Insights & Customer Services - Customer Services: Customer Relationship Management"
halo-infinite-campaign,mobygames:tr813,343 Industries: Business Teams - Administration
halo-infinite-campaign,mobygames:tr814,343 Industries: Business Teams - Administration
halo-infinite-campaign,mobygames:tr815,343 Industries: Business Teams - Administration
halo-infinite-campaign,mobygames:tr816,343 Industries: Business Teams - Business Development
halo-infinite-campaign,mobygames:tr817,343 Industries: Business Teams - Business Development
halo-infinite-campaign,mobygames:tr818,343 Industries: Business Teams - Business Development
halo-infinite-campaign,mobygames:tr819,343 Industries: Business Teams - Business Management
halo-infinite-campaign,mobygames:tr82,343 Industries: Art Team - Technical Writing & Learning
halo-infinite-campaign,mobygames:tr820,343 Industries: Business Teams - Business Management
halo-infinite-campaign,mobygames:tr821,343 Industries: Business Teams - Business Management
halo-infinite-campaign,mobygames:tr822,343 Industries: Business Teams - Business Management: Business Operations
halo-infinite-campaign,mobygames:tr823,343 Industries: Business Teams - Business Management: Business Operations
halo-infinite-campaign,mobygames:tr824,343 Industries: Business Teams - Community
halo-infinite-campaign,mobygames:tr825,343 Industries: Business Teams - Community
halo-infinite-campaign,mobygames:tr826,343 Industries: Business Teams - Community
halo-infinite-campaign,mobygames:tr827,343 Industries: Business Teams - Esports
halo-infinite-campaign,mobygames:tr828,343 Industries: Business Teams - Esports
halo-infinite-campaign,mobygames:tr829,343 Industries: Business Teams - Esports
halo-infinite-campaign,mobygames:tr83,343 Industries: Art Team - Technical Writing & Learning
halo-infinite-campaign,mobygames:tr830,343 Industries: Business Teams - Finance
halo-infinite-campaign,mobygames:tr831,343 Industries: Business Teams - Finance
halo-infinite-campaign,mobygames:tr832,343 Industries: Business Teams - Human Resources
halo-infinite-campaign,mobygames:tr833,343 Industries: Business Teams - Human Resources
halo-infinite-campaign,mobygames:tr834,343 Industries: Business Teams - Human Resources
halo-infinite-campaign,mobygames:tr835,343 Industries: Business Teams - Legal
halo-infinite-campaign,mobygames:tr836,343 Industries: Business Teams - Legal
halo-infinite-campaign,mobygames:tr837,343 Industries: Business Teams - Legal
halo-infinite-campaign,mobygames:tr838,343 Industries: Business Teams - Recruitment
halo-infinite-campaign,mobygames:tr839,343 Industries: Business Teams - Recruitment
halo-infinite-campaign,mobygames:tr84,343 Industries: Art Team - User Interface
halo-infinite-campaign,mobygames:tr840,343 Industries: Employee Experience Team
halo-infinite-campaign,mobygames:tr841,343 Industries: Employee Experience Team
halo-infinite-campaign,mobygames:tr842,343 Industries: Employee Experience Team
halo-infinite-campaign,mobygames:tr843,343 Industries: Franchise Team
halo-infinite-campaign,mobygames:tr844,343 Industries: Franchise Team
halo-infinite-campaign,mobygames:tr845,343 Industries: Franchise Team
halo-infinite-campaign,mobygames:tr846,343 Industries: Franchise Team
halo-infinite-campaign,mobygames:tr847,343 Industries: Franchise Team
halo-infinite-campaign,mobygames:tr848,343 Industries: Franchise Team
halo-infinite-campaign,mobygames:tr849,343 Industries: Franchise Team
halo-infinite-campaign,mobygames:tr85,343 Industries: Art Team - User Interface
halo-infinite-campaign,mobygames:tr850,343 Industries: Franchise Team
halo-infinite-campaign,mobygames:tr851,343 Industries: Localization - Production
halo-infinite-campaign,mobygames:tr852,343 Industries: Localization - Production
halo-infinite-campaign,mobygames:tr853,343 Industries: Localization - Production
halo-infinite-campaign,mobygames:tr854,343 Industries: Localization - Test
halo-infinite-campaign,mobygames:tr855,343 Industries: Localization - Test
halo-infinite-campaign,mobygames:tr856,343 Industries: Localization - Test
halo-infinite-campaign,mobygames:tr857,343 Industries: Localization - Test
halo-infinite-campaign,mobygames:tr858,343 Industries: Localization - Test
halo-infinite-campaign,mobygames:tr859,343 Industries: Localization - Test
halo-infinite-campaign,mobygames:tr86,343 Industries: Art Team - User Interface
halo-infinite-campaign,mobygames:tr860,343 Industries: Localization - Test
halo-infinite-campaign,mobygames:tr861,343 Industries: Localization - Test
halo-infinite-campaign,mobygames:tr862,343 Industries: Localization - Test
halo-infinite-campaign,mobygames:tr863,343 Industries: Localization - Test
halo-infinite-campaign,mobygames:tr864,343 Industries: Localization - Test
halo-infinite-campaign,mobygames:tr865,343 Industries: Localization - Test
halo-infinite-campaign,mobygames:tr866,343 Industries: Localization - Test
halo-infinite-campaign,mobygames:tr867,343 Industries: Localization - Test
halo-infinite-campaign,mobygames:tr868,343 Industries: Localization - Test
halo-infinite-campaign,mobygames:tr869,343 Industries: Localization - Audio
halo-infinite-campaign,mobygames:tr87,343 Industries: Art Team - User Interface
halo-infinite-campaign,mobygames:tr870,343 Industries: Localization - Audio
halo-infinite-campaign,mobygames:tr871,343 Industries: Marketing Teams - 343 Industries
halo-infinite-campaign,mobygames:tr872,343 Industries: Marketing Teams - 343 Industries
halo-infinite-campaign,mobygames:tr873,343 Industries: Marketing Teams - 343 Industries
halo-infinite-campaign,mobygames:tr874,343 Industries: Marketing Teams - 343 Industries
halo-infinite-campaign,mobygames:tr875,343 Industries: Marketing Teams - 343 Industries: Communications
halo-infinite-campaign,mobygames:tr876,343 Industries: Marketing Teams - 343 Industries: Communications
halo-infinite-campaign,mobygames:tr877,343 Industries: Marketing Teams - 343 Industries: Communications
halo-infinite-campaign,mobygames:tr878,343 Industries: Marketing Teams - 343 Industries: Design
halo-infinite-campaign,mobygames:tr879,343 Industries: Marketing Teams - 343 Industries: Design
halo-infinite-campaign,mobygames:tr88,343 Industries: Art Team - Workflow UX/UI
halo-infinite-campaign,mobygames:tr880,343 Industries: Public Relations
halo-infinite-campaign,mobygames:tr881,343 Industries: Public Relations
halo-infinite-campaign,mobygames:tr882,343 Industries: Public Relations
halo-infinite-campaign,mobygames:tr883,343 Industries: Publishing Teams - Production
halo-infinite-campaign,mobygames:tr884,343 Industries: Publishing Teams - Production
halo-infinite-campaign,mobygames:tr885,343 Industries: Publishing Teams - Production
halo-infinite-campaign,mobygames:tr886,343 Industries: Publishing Teams - Production
halo-infinite-campaign,mobygames:tr887,343 Industries: Publishing Teams - Engineering
halo-infinite-campaign,mobygames:tr888,343 Industries: Publishing Teams - Engineering
halo-infinite-campaign,mobygames:tr889,343 Industries: Publishing Teams - Engineering
halo-infinite-campaign,mobygames:tr89,343 Industries: Art Team - Workflow UX/UI
halo-infinite-campaign,mobygames:tr890,343 Industries: Publishing Teams - Engineering
halo-infinite-campaign,mobygames:tr891,343 Industries: Publishing Teams - Engineering
halo-infinite-campaign,mobygames:tr892,343 Industries: Publishing Teams - Design
halo-infinite-campaign,mobygames:tr893,343 Industries: Publishing Teams - Design
halo-infinite-campaign,mobygames:tr894,343 Industries: Publishing Teams - Design
halo-infinite-campaign,mobygames:tr895,343 Industries: Publishing Teams - Art
halo-infinite-campaign,mobygames:tr896,343 Industries: Publishing Teams - Art
halo-infinite-campaign,mobygames:tr897,343 Industries: Publishing Teams - Art
halo-infinite-campaign,mobygames:tr898,343 Industries: Publishing Teams - Release Management
halo-infinite-campaign,mobygames:tr899,343 Industries: Publishing Teams - Release Management
halo-infinite-campaign,mobygames:tr9,343 Industries: Art Team - Animation: Character Animation
halo-infinite-campaign,mobygames:tr90,343 Industries: Audio Team
halo-infinite-campaign,mobygames:tr900,343 Industries: Publishing Teams - Studios Quality
halo-infinite-campaign,mobygames:tr901,343 Industries: Publishing Teams - Studios Quality
halo-infinite-campaign,mobygames:tr902,343 Industries: Publishing Teams - Studios Quality
halo-infinite-campaign,mobygames:tr903,343 Industries: Sigma
halo-infinite-campaign,mobygames:tr904,343 Industries: Sigma
halo-infinite-campaign,mobygames:tr905,343 Industries: Sigma
halo-infinite-campaign,mobygames:tr906,343 Industries: Sigma
halo-infinite-campaign,mobygames:tr907,343 Industries: Sigma
halo-infinite-campaign,mobygames:tr908,343 Industries: Sigma
halo-infinite-campaign,mobygames:tr909,343 Industries: Sigma
halo-infinite-campaign,mobygames:tr91,343 Industries: Audio Team
halo-infinite-campaign,mobygames:tr910,343 Industries: Team Xbox
halo-infinite-campaign,mobygames:tr911,343 Industries: Team Xbox
halo-infinite-campaign,mobygames:tr912,343 Industries: Team Xbox
halo-infinite-campaign,mobygames:tr913,343 Industries: Team Xbox
halo-infinite-campaign,mobygames:tr914,343 Industries: Team Xbox
halo-infinite-campaign,mobygames:tr915,343 Industries: Transmedia
halo-infinite-campaign,mobygames:tr916,343 Industries: Transmedia
halo-infinite-campaign,mobygames:tr917,343 Industries: Transmedia
halo-infinite-campaign,mobygames:tr918,343 Industries: Transmedia - Consumer Products
halo-infinite-campaign,mobygames:tr919,343 Industries: Transmedia - Consumer Products
halo-infinite-campaign,mobygames:tr92,343 Industries: Audio Team - Design
halo-infinite-campaign,mobygames:tr920,343 Industries: Transmedia - Consumer Products
halo-infinite-campaign,mobygames:tr921,343 Industries: Transmedia - Consumer Products
halo-infinite-campaign,mobygames:tr922,343 Industries: Transmedia - Consumer Products
halo-infinite-campaign,mobygames:tr923,343 Industries: Transmedia - Consumer Products
halo-infinite-campaign,mobygames:tr924,343 Industries: Transmedia - Consumer Products
halo-infinite-campaign,mobygames:tr925,343 Industries: Transmedia - Consumer Products
halo-infinite-campaign,mobygames:tr926,343 Industries: Transmedia - Consumer Products
halo-infinite-campaign,mobygames:tr927,343 Industries: Transmedia - Content Production
halo-infinite-campaign,mobygames:tr928,343 Industries: Transmedia - Content Production
halo-infinite-campaign,mobygames:tr929,343 Industries: Transmedia - Content Production
halo-infinite-campaign,mobygames:tr93,343 Industries: Audio Team - Design
halo-infinite-campaign,mobygames:tr930,343 Industries: Transmedia - Content Production
halo-infinite-campaign,mobygames:tr931,343 Industries: Transmedia - Content Production
halo-infinite-campaign,mobygames:tr932,343 Industries: Transmedia - Content Production
halo-infinite-campaign,mobygames:tr933,343 Industries: Transmedia - Waypoint and Ecosystem
halo-infinite-campaign,mobygames:tr934,343 Industries: Transmedia - Waypoint and Ecosystem
halo-infinite-campaign,mobygames:tr935,343 Industries: Transmedia - Waypoint and Ecosystem
halo-infinite-campaign,mobygames:tr936,343 Industries: Transmedia - Waypoint and Ecosystem
halo-infinite-campaign,mobygames:tr937,343 Industries: Transmedia - Waypoint and Ecosystem
halo-infinite-campaign,mobygames:tr938,343 Industries: Transmedia - Oni
halo-infinite-campaign,mobygames:tr939,343 Industries: Transmedia - Oni
halo-infinite-campaign,mobygames:tr94,343 Industries: Audio Team - Design
halo-infinite-campaign,mobygames:tr940,343 Industries: Transmedia - Oni
halo-infinite-campaign,mobygames:tr941,343 Industries: Transmedia - Oni
halo-infinite-campaign,mobygames:tr942,343 Industries: Transmedia - Oni
halo-infinite-campaign,mobygames:tr943,343 Industries: Transmedia - Oni
halo-infinite-campaign,mobygames:tr944,343 Industries: Transmedia - Oni
halo-infinite-campaign,mobygames:tr945,343 Industries: Transmedia - Oni
halo-infinite-campaign,mobygames:tr946,343 Industries: Transmedia - Oni
halo-infinite-campaign,mobygames:tr947,343 Industries: Xbox Studio Services - Studios DAM
halo-infinite-campaign,mobygames:tr948,343 Industries: Xbox Studio Services - Studios DAM
halo-infinite-campaign,mobygames:tr949,343 Industries: Xbox Studio Services - XGS Development Services Security
halo-infinite-campaign,mobygames:tr95,343 Industries: Audio Team - Design
halo-infinite-campaign,mobygames:tr950,343 Industries: Xbox Studio Services - XGS Development Services Security
halo-infinite-campaign,mobygames:tr951,343 Industries: User Research - Director of Xbox Research
halo-infinite-campaign,mobygames:tr952,343 Industries: User Research - Director of Xbox Research
halo-infinite-campaign,mobygames:tr953,343 Industries: User Research - Xbox Research Manager
halo-infinite-campaign,mobygames:tr954,343 Industries: User Research - Xbox Research Manager
halo-infinite-campaign,mobygames:tr955,343 Industries: User Research - Xbox Research Lead
halo-infinite-campaign,mobygames:tr956,343 Industries: User Research - Xbox Research Lead
halo-infinite-campaign,mobygames:tr957,343 Industries: User Research - Xbox Researchers
halo-infinite-campaign,mobygames:tr958,343 Industries: User Research - Xbox Researchers
halo-infinite-campaign,mobygames:tr959,343 Industries: User Research - Xbox Researchers
halo-infinite-campaign,mobygames:tr96,343 Industries: Audio Team - Design
halo-infinite-campaign,mobygames:tr960,Performance Cast and Crew: Main Voice & Performance Cast
halo-infinite-campaign,mobygames:tr961,Performance Cast and Crew: Main Voice & Performance Cast
halo-infinite-campaign,mobygames:tr962,Performance Cast and Crew: Main Voice & Performance Cast
halo-infinite-campaign,mobygames:tr963,Performance Cast and Crew: Main Voice & Performance Cast
halo-infinite-campaign,mobygames:tr964,Performance Cast and Crew: Main Voice & Performance Cast
halo-infinite-campaign,mobygames:tr965,Performance Cast and Crew: Main Voice & Performance Cast
halo-infinite-campaign,mobygames:tr966,Performance Cast and Crew: Main Voice & Performance Cast
halo-infinite-campaign,mobygames:tr967,Performance Cast and Crew: Main Voice & Performance Cast
halo-infinite-campaign,mobygames:tr968,Performance Cast and Crew: Main Voice & Performance Cast
halo-infinite-campaign,mobygames:tr969,Performance Cast and Crew: Main Voice & Performance Cast
halo-infinite-campaign,mobygames:tr97,343 Industries: Audio Team - Music
halo-infinite-campaign,mobygames:tr970,Performance Cast and Crew: Main Voice & Performance Cast
halo-infinite-campaign,mobygames:tr971,Performance Cast and Crew: Main Voice & Performance Cast
halo-infinite-campaign,mobygames:tr972,Performance Cast and Crew: Main Voice & Performance Cast
halo-infinite-campaign,mobygames:tr973,Performance Cast and Crew: Main Voice & Performance Cast
halo-infinite-campaign,mobygames:tr974,Performance Cast and Crew: Main Voice & Performance Cast
halo-infinite-campaign,mobygames:tr975,Performance Cast and Crew: Main Voice & Performance Cast
halo-infinite-campaign,mobygames:tr976,Performance Cast and Crew: Main Voice & Performance Cast
halo-infinite-campaign,mobygames:tr977,Performance Cast and Crew: Main Voice & Performance Cast
halo-infinite-campaign,mobygames:tr978,Performance Cast and Crew: Main Voice & Performance Cast
halo-infinite-campaign,mobygames:tr979,Performance Cast and Crew: Main Voice & Performance Cast
halo-infinite-campaign,mobygames:tr98,343 Industries: Audio Team - Music
halo-infinite-campaign,mobygames:tr980,Performance Cast and Crew: Main Voice & Performance Cast
halo-infinite-campaign,mobygames:tr981,Performance Cast and Crew: Main Voice & Performance Cast
halo-infinite-campaign,mobygames:tr982,Performance Cast and Crew: Main Voice & Performance Cast
halo-infinite-campaign,mobygames:tr983,Performance Cast and Crew: Main Voice & Performance Cast
halo-infinite-campaign,mobygames:tr984,Performance Cast and Crew: Main Voice & Performance Cast
halo-infinite-campaign,mobygames:tr985,Performance Cast and Crew: Main Voice & Performance Cast
halo-infinite-campaign,mobygames:tr986,Performance Cast and Crew: Main Voice & Performance Cast
halo-infinite-campaign,mobygames:tr987,Performance Cast and Crew: Main Voice & Performance Cast
halo-infinite-campaign,mobygames:tr988,Performance Cast and Crew: Main Voice & Performance Cast
halo-infinite-campaign,mobygames:tr989,Performance Cast and Crew: Main Voice & Performance Cast
halo-infinite-campaign,mobygames:tr99,343 Industries: Audio Team - Music
halo-infinite-campaign,mobygames:tr990,Performance Cast and Crew: Main Voice & Performance Cast
halo-infinite-campaign,mobygames:tr991,Performance Cast and Crew: Main Voice & Performance Cast
halo-infinite-campaign,mobygames:tr992,Performance Cast and Crew: Main Voice & Performance Cast
halo-infinite-campaign,mobygames:tr993,Performance Cast and Crew: Additional Voices
halo-infinite-campaign,mobygames:tr994,Performance Cast and Crew: Additional Voices
halo-infinite-campaign,mobygames:tr995,Performance Cast and Crew: Motion Capture Actors
halo-infinite-campaign,mobygames:tr996,Performance Cast and Crew: Motion Capture Actors
halo-infinite-campaign,mobygames:tr997,Performance Cast and Crew: Casting
halo-infinite-campaign,mobygames:tr998,Performance Cast and Crew: Casting
halo-infinite-campaign,mobygames:tr999,Performance Cast and Crew: Dialog & Motion Capture Recording
halo-infinite-multiplayer,mobygames:tr0,Windows credits (2021)
halo-infinite-multiplayer,mobygames:tr1,343 Industries: Art Team
halo-infinite-multiplayer,mobygames:tr10,343 Industries: Art Team - Animation: Character Animation
halo-infinite-multiplayer,mobygames:tr100,343 Industries: Audio Team - Technical Design
halo-infinite-multiplayer,mobygames:tr1000,Performance Cast and Crew: Dialog & Motion Capture Recording
halo-infinite-multiplayer,mobygames:tr1001,Performance Cast and Crew: Dialog & Motion Capture Recording
halo-infinite-multiplayer,mobygames:tr1002,Performance Cast and Crew: Dialog & Motion Capture Recording
halo-infinite-multiplayer,mobygames:tr1003,Audio: Sweet Justice
halo-infinite-multiplayer,mobygames:tr1004,Audio: Sweet Justice
halo-infinite-multiplayer,mobygames:tr1005,Audio: Sweet Justice
halo-infinite-multiplayer,mobygames:tr1006,Audio: Sweet Justice
halo-infinite-multiplayer,mobygames:tr1007,Audio: Sweet Justice
halo-infinite-multiplayer,mobygames:tr1008,Audio: Sweet Justice
halo-infinite-multiplayer,mobygames:tr1009,Audio: Sweet Justice
halo-infinite-multiplayer,mobygames:tr101,343 Industries: Audio Team - Technical Design
halo-infinite-multiplayer,mobygames:tr1010,Audio: Sweet Justice
halo-infinite-multiplayer,mobygames:tr1011,Audio: Kpow Audio
halo-infinite-multiplayer,mobygames:tr1012,Audio: Kpow Audio
halo-infinite-multiplayer,mobygames:tr1013,Audio: Warner Brothers
halo-infinite-multiplayer,mobygames:tr1014,Audio: Warner Brothers
halo-infinite-multiplayer,mobygames:tr1015,Audio: Warner Brothers
halo-infinite-multiplayer,mobygames:tr1016,Audio: Warner Brothers
halo-infinite-multiplayer,mobygames:tr1017,Audio: Warner Brothers
halo-infinite-multiplayer,mobygames:tr1018,Audio: Warner Brothers
halo-infinite-multiplayer,mobygames:tr1019,Audio: Warner Brothers
halo-infinite-multiplayer,mobygames:tr102,343 Industries: Design Team
halo-infinite-multiplayer,mobygames:tr1020,Audio: Wabi Sabi
halo-infinite-multiplayer,mobygames:tr1021,Audio: Wabi Sabi
halo-infinite-multiplayer,mobygames:tr1022,Audio: Skywalker Sound
halo-infinite-multiplayer,mobygames:tr1023,Audio: Skywalker Sound
halo-infinite-multiplayer,mobygames:tr1024,Audio: Skywalker Sound
halo-infinite-multiplayer,mobygames:tr1025,Audio: Skywalker Sound
halo-infinite-multiplayer,mobygames:tr1026,Music
halo-infinite-multiplayer,mobygames:tr1027,Music
halo-infinite-multiplayer,mobygames:tr1028,Music
halo-infinite-multiplayer,mobygames:tr1029,Music
halo-infinite-multiplayer,mobygames:tr103,343 Industries: Design Team
halo-infinite-multiplayer,mobygames:tr1030,Music
halo-infinite-multiplayer,mobygames:tr1031,Music
halo-infinite-multiplayer,mobygames:tr1032,Music
halo-infinite-multiplayer,mobygames:tr1033,Music
halo-infinite-multiplayer,mobygames:tr1034,Music
halo-infinite-multiplayer,mobygames:tr1035,Music
halo-infinite-multiplayer,mobygames:tr1036,Music
halo-infinite-multiplayer,mobygames:tr1037,Music
halo-infinite-multiplayer,mobygames:tr1038,Music
halo-infinite-multiplayer,mobygames:tr1039,Music
halo-infinite-multiplayer,mobygames:tr104,343 Industries: Design Team
halo-infinite-multiplayer,mobygames:tr1040,Music
halo-infinite-multiplayer,mobygames:tr1041,Music
halo-infinite-multiplayer,mobygames:tr1042,Music
halo-infinite-multiplayer,mobygames:tr1043,Music
halo-infinite-multiplayer,mobygames:tr1044,Music
halo-infinite-multiplayer,mobygames:tr1045,Music
halo-infinite-multiplayer,mobygames:tr1046,Music
halo-infinite-multiplayer,mobygames:tr1047,Music
halo-infinite-multiplayer,mobygames:tr1048,Music
halo-infinite-multiplayer,mobygames:tr1049,Music
halo-infinite-multiplayer,mobygames:tr105,343 Industries: Design Team - Campaign
halo-infinite-multiplayer,mobygames:tr1050,Music
halo-infinite-multiplayer,mobygames:tr1051,Music
halo-infinite-multiplayer,mobygames:tr1052,Music
halo-infinite-multiplayer,mobygames:tr1053,Special Thanks: Halo Infinite Team
halo-infinite-multiplayer,mobygames:tr1054,Special Thanks: Halo Infinite Team
halo-infinite-multiplayer,mobygames:tr1055,Special Thanks: Halo Infinite Team
halo-infinite-multiplayer,mobygames:tr1056,Special Thanks: Halo Infinite Team
halo-infinite-multiplayer,mobygames:tr1057,Special Thanks: Halo Infinite Team
halo-infinite-multiplayer,mobygames:tr1058,Special Thanks: Halo Infinite Team
halo-infinite-multiplayer,mobygames:tr1059,Special Thanks: Halo Infinite Team
halo-infinite-multiplayer,mobygames:tr106,343 Industries: Design Team - Campaign
halo-infinite-multiplayer,mobygames:tr1060,Special Thanks: Halo Infinite Team
halo-infinite-multiplayer,mobygames:tr1061,Special Thanks: Halo Infinite Team
halo-infinite-multiplayer,mobygames:tr1062,Special Thanks: Halo Infinite Team
halo-infinite-multiplayer,mobygames:tr1063,Special Thanks: Halo Infinite Team
halo-infinite-multiplayer,mobygames:tr1064,Special Thanks: Halo Infinite Team
halo-infinite-multiplayer,mobygames:tr1065,Special Thanks: Halo Infinite Team
halo-infinite-multiplayer,mobygames:tr1066,Special Thanks: 343 Industries - Business Teams
halo-infinite-multiplayer,mobygames:tr1067,Special Thanks: 343 Industries - Business Teams
halo-infinite-multiplayer,mobygames:tr1068,Special Thanks: 343 Industries - Business Teams
halo-infinite-multiplayer,mobygames:tr1069,Special Thanks: 343 Industries - Business Teams
halo-infinite-multiplayer,mobygames:tr107,343 Industries: Design Team - Campaign
halo-infinite-multiplayer,mobygames:tr1070,Special Thanks: 343 Industries - Business Teams
halo-infinite-multiplayer,mobygames:tr1071,"Special Thanks: 343 Industries - Analytics, Insights & Customer Services"
halo-infinite-multiplayer,mobygames:tr1072,"Special Thanks: 343 Industries - Analytics, Insights & Customer Services"
halo-infinite-multiplayer,mobygames:tr1073,"Special Thanks: 343 Industries - Analytics, Insights & Customer Services"
halo-infinite-multiplayer,mobygames:tr1074,"Special Thanks: 343 Industries - Analytics, Insights & Customer Services"
halo-infinite-multiplayer,mobygames:tr1075,Special Thanks: 343 Industries - Customer Relationship Management
halo-infinite-multiplayer,mobygames:tr1076,Special Thanks: 343 Industries - Customer Relationship Management
halo-infinite-multiplayer,mobygames:tr1077,Special Thanks: 343 Industries - Customer Relationship Management
halo-infinite-multiplayer,mobygames:tr1078,Special Thanks: 343 Industries - Community
halo-infinite-multiplayer,mobygames:tr1079,Special Thanks: 343 Industries - Community
halo-infinite-multiplayer,mobygames:tr108,343 Industries: Design Team - Campaign
halo-infinite-multiplayer,mobygames:tr1080,Special Thanks: 343 Industries - Community
halo-infinite-multiplayer,mobygames:tr1081,Special Thanks: 343 Industries - Franchise
halo-infinite-multiplayer,mobygames:tr1082,Special Thanks: 343 Industries - Franchise
halo-infinite-multiplayer,mobygames:tr1083,Special Thanks: 343 Industries - Gaming Leadership Team
halo-infinite-multiplayer,mobygames:tr1084,Special Thanks: 343 Industries - Gaming Leadership Team
halo-infinite-multiplayer,mobygames:tr1085,Special Thanks: 343 Industries - Marketing
halo-infinite-multiplayer,mobygames:tr1086,Special Thanks: 343 Industries - Marketing
halo-infinite-multiplayer,mobygames:tr1087,Special Thanks: 343 Industries - Marketing
halo-infinite-multiplayer,mobygames:tr1088,Special Thanks: 343 Industries - Marketing
halo-infinite-multiplayer,mobygames:tr1089,Special Thanks: 343 Industries - MSIT
halo-infinite-multiplayer,mobygames:tr109,343 Industries: Design Team - Campaign: Gameplay Design
halo-infinite-multiplayer,mobygames:tr1090,Special Thanks: 343 Industries - MSIT
halo-infinite-multiplayer,mobygames:tr1091,Special Thanks: 343 Industries - Public Relations
halo-infinite-multiplayer,mobygames:tr1092,Special Thanks: 343 Industries - Public Relations
halo-infinite-multiplayer,mobygames:tr1093,Special Thanks: 343 Industries - Public Relations
halo-infinite-multiplayer,mobygames:tr1094,Special Thanks: 343 Industries - Publishing
halo-infinite-multiplayer,mobygames:tr1095,Special Thanks: 343 Industries - Publishing
halo-infinite-multiplayer,mobygames:tr1096,Special Thanks: 343 Industries - Publishing
halo-infinite-multiplayer,mobygames:tr1097,Special Thanks: 343 Industries - Publishing
halo-infinite-multiplayer,mobygames:tr1098,Special Thanks: 343 Industries - Strategy
halo-infinite-multiplayer,mobygames:tr1099,Special Thanks: 343 Industries - Strategy
halo-infinite-multiplayer,mobygames:tr11,343 Industries: Art Team - Animation: Sandbox Animation
halo-infinite-multiplayer,mobygames:tr110,343 Industries: Design Team - Campaign: Gameplay Design
halo-infinite-multiplayer,mobygames:tr1100,Special Thanks: 343 Industries - Transmedia
halo-infinite-multiplayer,mobygames:tr1101,Special Thanks: 343 Industries - Transmedia
halo-infinite-multiplayer,mobygames:tr1102,Special Thanks: 343 Industries - Transmedia
halo-infinite-multiplayer,mobygames:tr1103,Special Thanks: 343 Industries - Transmedia
halo-infinite-multiplayer,mobygames:tr1104,Special Thanks: 343 Industries - Transmedia
halo-infinite-multiplayer,mobygames:tr1105,Special Thanks: 343 Industries - Xbox Game Studio
halo-infinite-multiplayer,mobygames:tr1106,Special Thanks: 343 Industries - Xbox Game Studio
halo-infinite-multiplayer,mobygames:tr1107,Special Thanks: 343 Industries - Xbox Marketing
halo-infinite-multiplayer,mobygames:tr1108,Special Thanks: 343 Industries - Xbox Marketing
halo-infinite-multiplayer,mobygames:tr1109,Special Thanks: 343 Industries - Xbox Studios Services
halo-infinite-multiplayer,mobygames:tr111,343 Industries: Design Team - Campaign: Gameplay Design
halo-infinite-multiplayer,mobygames:tr1110,Special Thanks: 343 Industries - Xbox Studios Services
halo-infinite-multiplayer,mobygames:tr1111,Special Thanks: 343 Industries - Xbox Studios Services
halo-infinite-multiplayer,mobygames:tr1112,Special Thanks: 343 Industries - Xbox Studios Services
halo-infinite-multiplayer,mobygames:tr1113,Special Thanks: 343 Industries - Xbox Studios Services
halo-infinite-multiplayer,mobygames:tr1114,Special Thanks: 343 Industries - Xbox Studios Services
halo-infinite-multiplayer,mobygames:tr1115,Special Thanks: 343 Industries - Xbox Studios Services
halo-infinite-multiplayer,mobygames:tr1116,Special Thanks: 343 Industries - Xbox Studios Services
halo-infinite-multiplayer,mobygames:tr1117,Special Thanks: 343 Industries - Xbox Studios Services
halo-infinite-multiplayer,mobygames:tr1118,Middleware Partners
halo-infinite-multiplayer,mobygames:tr1119,Middleware Partners
halo-infinite-multiplayer,mobygames:tr112,343 Industries: Design Team - Campaign: Gameplay Design
halo-infinite-multiplayer,mobygames:tr1120,Middleware Partners
halo-infinite-multiplayer,mobygames:tr1121,Middleware Partners
halo-infinite-multiplayer,mobygames:tr1122,Middleware Partners
halo-infinite-multiplayer,mobygames:tr1123,Middleware Partners
halo-infinite-multiplayer,mobygames:tr1124,Middleware Partners
halo-infinite-multiplayer,mobygames:tr1125,Middleware Partners
halo-infinite-multiplayer,mobygames:tr1126,Middleware Partners
halo-infinite-multiplayer,mobygames:tr1127,In Loving Memories
halo-infinite-multiplayer,mobygames:tr1128,In Loving Memories
halo-infinite-multiplayer,mobygames:tr1129,In Loving Memories
halo-infinite-multiplayer,mobygames:tr113,343 Industries: Design Team - Campaign: World Design
halo-infinite-multiplayer,mobygames:tr1130,343 Industries: Art Team - Animation
halo-infinite-multiplayer,mobygames:tr1131,343 Industries: Art Team - Animation
halo-infinite-multiplayer,mobygames:tr1132,Outsource Partners: The Coalition - Animation: Narrative
halo-infinite-multiplayer,mobygames:tr114,343 Industries: Design Team - Campaign: World Design
halo-infinite-multiplayer,mobygames:tr115,343 Industries: Design Team - Campaign: World Design
halo-infinite-multiplayer,mobygames:tr116,343 Industries: Design Team - Campaign: World Design
halo-infinite-multiplayer,mobygames:tr117,343 Industries: Design Team - Campaign: Technical Design
halo-infinite-multiplayer,mobygames:tr118,343 Industries: Design Team - Campaign: Technical Design
halo-infinite-multiplayer,mobygames:tr119,343 Industries: Design Team - Campaign: Technical Design
halo-infinite-multiplayer,mobygames:tr12,343 Industries: Art Team - Animation: Sandbox Animation
halo-infinite-multiplayer,mobygames:tr120,343 Industries: Design Team - Characters & Combat
halo-infinite-multiplayer,mobygames:tr121,343 Industries: Design Team - Characters & Combat
halo-infinite-multiplayer,mobygames:tr122,343 Industries: Design Team - Characters & Combat: System Design
halo-infinite-multiplayer,mobygames:tr123,343 Industries: Design Team - Characters & Combat: System Design
halo-infinite-multiplayer,mobygames:tr124,343 Industries: Design Team - Characters & Combat: System Design
halo-infinite-multiplayer,mobygames:tr125,343 Industries: Design Team - Live
halo-infinite-multiplayer,mobygames:tr126,343 Industries: Design Team - Live
halo-infinite-multiplayer,mobygames:tr127,343 Industries: Design Team - Live
halo-infinite-multiplayer,mobygames:tr128,343 Industries: Design Team - Live
halo-infinite-multiplayer,mobygames:tr129,343 Industries: Design Team - Live: Progression Design
halo-infinite-multiplayer,mobygames:tr13,343 Industries: Art Team - Animation: Sandbox Animation
halo-infinite-multiplayer,mobygames:tr130,343 Industries: Design Team - Live: Progression Design
halo-infinite-multiplayer,mobygames:tr131,343 Industries: Design Team - Live: Economy Design
halo-infinite-multiplayer,mobygames:tr132,343 Industries: Design Team - Live: Economy Design
halo-infinite-multiplayer,mobygames:tr133,343 Industries: Design Team - Live: Gameplay Design
halo-infinite-multiplayer,mobygames:tr134,343 Industries: Design Team - Live: Gameplay Design
halo-infinite-multiplayer,mobygames:tr135,343 Industries: Design Team - Multiplayer
halo-infinite-multiplayer,mobygames:tr136,343 Industries: Design Team - Multiplayer
halo-infinite-multiplayer,mobygames:tr137,343 Industries: Design Team - Multiplayer: Modes & System Design
halo-infinite-multiplayer,mobygames:tr138,343 Industries: Design Team - Multiplayer: Modes & System Design
halo-infinite-multiplayer,mobygames:tr139,343 Industries: Design Team - Multiplayer: Modes & System Design
halo-infinite-multiplayer,mobygames:tr14,343 Industries: Art Team - Animation: Sandbox Animation
halo-infinite-multiplayer,mobygames:tr140,343 Industries: Design Team - Multiplayer: Modes & System Design
halo-infinite-multiplayer,mobygames:tr141,343 Industries: Design Team - Multiplayer: Level Design
halo-infinite-multiplayer,mobygames:tr142,343 Industries: Design Team - Multiplayer: Level Design
halo-infinite-multiplayer,mobygames:tr143,343 Industries: Design Team - Multiplayer: Level Design
halo-infinite-multiplayer,mobygames:tr144,343 Industries: Design Team - Multiplayer: Forge Design
halo-infinite-multiplayer,mobygames:tr145,343 Industries: Design Team - Multiplayer: Forge Design
halo-infinite-multiplayer,mobygames:tr146,343 Industries: Design Team - Multiplayer: Forge Design
halo-infinite-multiplayer,mobygames:tr147,343 Industries: Design Team - Multiplayer: Academy Design
halo-infinite-multiplayer,mobygames:tr148,343 Industries: Design Team - Multiplayer: Academy Design
halo-infinite-multiplayer,mobygames:tr149,343 Industries: Design Team - Multiplayer: Bot AI Design
halo-infinite-multiplayer,mobygames:tr15,343 Industries: Art Team - Animation: Narrative Animation
halo-infinite-multiplayer,mobygames:tr150,343 Industries: Design Team - Multiplayer: Bot AI Design
halo-infinite-multiplayer,mobygames:tr151,343 Industries: Design Team - Multiplayer: Narrative Design
halo-infinite-multiplayer,mobygames:tr152,343 Industries: Design Team - Multiplayer: Narrative Design
halo-infinite-multiplayer,mobygames:tr153,343 Industries: Design Team - Narrative
halo-infinite-multiplayer,mobygames:tr154,343 Industries: Design Team - Narrative
halo-infinite-multiplayer,mobygames:tr155,343 Industries: Design Team - Narrative
halo-infinite-multiplayer,mobygames:tr156,343 Industries: Design Team - Narrative
halo-infinite-multiplayer,mobygames:tr157,343 Industries: Design Team - Narrative: Technical Design
halo-infinite-multiplayer,mobygames:tr158,343 Industries: Design Team - Narrative: Technical Design
halo-infinite-multiplayer,mobygames:tr159,343 Industries: Design Team - Narrative: Writers
halo-infinite-multiplayer,mobygames:tr16,343 Industries: Art Team - Animation: Narrative Animation
halo-infinite-multiplayer,mobygames:tr160,343 Industries: Design Team - Narrative: Writers
halo-infinite-multiplayer,mobygames:tr161,343 Industries: Design Team - Sandbox
halo-infinite-multiplayer,mobygames:tr162,343 Industries: Design Team - Sandbox
halo-infinite-multiplayer,mobygames:tr163,343 Industries: Design Team - Sandbox
halo-infinite-multiplayer,mobygames:tr164,343 Industries: Design Team - Sandbox
halo-infinite-multiplayer,mobygames:tr165,343 Industries: Design Team - UX/UI
halo-infinite-multiplayer,mobygames:tr166,343 Industries: Design Team - UX/UI
halo-infinite-multiplayer,mobygames:tr167,343 Industries: Design Team - UX/UI
halo-infinite-multiplayer,mobygames:tr168,343 Industries: Design Team - UX/UI: Technical Design
halo-infinite-multiplayer,mobygames:tr169,343 Industries: Design Team - UX/UI: Technical Design
halo-infinite-multiplayer,mobygames:tr17,343 Industries: Art Team - Animation: Narrative Animation
halo-infinite-multiplayer,mobygames:tr170,343 Industries: Design Team - Management
halo-infinite-multiplayer,mobygames:tr171,343 Industries: Design Team - Management
halo-infinite-multiplayer,mobygames:tr172,343 Industries: Engineering Team
halo-infinite-multiplayer,mobygames:tr173,343 Industries: Engineering Team
halo-infinite-multiplayer,mobygames:tr174,343 Industries: Engineering Team - Campaign
halo-infinite-multiplayer,mobygames:tr175,343 Industries: Engineering Team - Campaign
halo-infinite-multiplayer,mobygames:tr176,343 Industries: Engineering Team - Campaign
halo-infinite-multiplayer,mobygames:tr177,343 Industries: Engineering Team - Campaign: Animation
halo-infinite-multiplayer,mobygames:tr178,343 Industries: Engineering Team - Campaign: Animation
halo-infinite-multiplayer,mobygames:tr179,343 Industries: Engineering Team - Campaign: Animation
halo-infinite-multiplayer,mobygames:tr18,343 Industries: Art Team - Animation: Narrative Animation
halo-infinite-multiplayer,mobygames:tr180,343 Industries: Engineering Team - Campaign: Animation
halo-infinite-multiplayer,mobygames:tr181,343 Industries: Engineering Team - Campaign: Character
halo-infinite-multiplayer,mobygames:tr182,343 Industries: Engineering Team - Campaign: Character
halo-infinite-multiplayer,mobygames:tr183,343 Industries: Engineering Team - Campaign: Character
halo-infinite-multiplayer,mobygames:tr184,343 Industries: Engineering Team - Campaign: Character
halo-infinite-multiplayer,mobygames:tr185,343 Industries: Engineering Team - Campaign: Game Systems
halo-infinite-multiplayer,mobygames:tr186,343 Industries: Engineering Team - Campaign: Game Systems
halo-infinite-multiplayer,mobygames:tr187,343 Industries: Engineering Team - Campaign: Game Systems
halo-infinite-multiplayer,mobygames:tr188,343 Industries: Engineering Team - Campaign: Game Systems
halo-infinite-multiplayer,mobygames:tr189,343 Industries: Engineering Team - Campaign: Game Systems
halo-infinite-multiplayer,mobygames:tr19,343 Industries: Art Team - Animation: Narrative Animation
halo-infinite-multiplayer,mobygames:tr190,343 Industries: Engineering Team - Campaign: Narrative
halo-infinite-multiplayer,mobygames:tr191,343 Industries: Engineering Team - Campaign: Narrative
halo-infinite-multiplayer,mobygames:tr192,343 Industries: Engineering Team - Campaign: Narrative
halo-infinite-multiplayer,mobygames:tr193,343 Industries: Engineering Team - Campaign: Narrative
halo-infinite-multiplayer,mobygames:tr194,343 Industries: Engineering Team - Campaign: Sandbox
halo-infinite-multiplayer,mobygames:tr195,343 Industries: Engineering Team - Campaign: Sandbox
halo-infinite-multiplayer,mobygames:tr196,343 Industries: Engineering Team - Campaign: Sandbox
halo-infinite-multiplayer,mobygames:tr197,343 Industries: Engineering Team - Campaign: Sandbox
halo-infinite-multiplayer,mobygames:tr198,343 Industries: Engineering Team - Campaign: Sandbox
halo-infinite-multiplayer,mobygames:tr199,343 Industries: Engineering Team - Campaign: World
halo-infinite-multiplayer,mobygames:tr2,343 Industries: Art Team
halo-infinite-multiplayer,mobygames:tr20,343 Industries: Art Team - Animation: Technical Animation
halo-infinite-multiplayer,mobygames:tr200,343 Industries: Engineering Team - Campaign: World
halo-infinite-multiplayer,mobygames:tr201,343 Industries: Engineering Team - Campaign: World
halo-infinite-multiplayer,mobygames:tr202,343 Industries: Engineering Team - Campaign: World
halo-infinite-multiplayer,mobygames:tr203,343 Industries: Engineering Team - Online Services
halo-infinite-multiplayer,mobygames:tr204,343 Industries: Engineering Team - Online Services
halo-infinite-multiplayer,mobygames:tr205,343 Industries: Engineering Team - Online Services
halo-infinite-multiplayer,mobygames:tr206,343 Industries: Engineering Team - Online Services
halo-infinite-multiplayer,mobygames:tr207,343 Industries: Engineering Team - Online Services
halo-infinite-multiplayer,mobygames:tr208,343 Industries: Engineering Team - Online Services: Content
halo-infinite-multiplayer,mobygames:tr209,343 Industries: Engineering Team - Online Services: Content
halo-infinite-multiplayer,mobygames:tr21,343 Industries: Art Team - Animation: Technical Animation
halo-infinite-multiplayer,mobygames:tr210,343 Industries: Engineering Team - Online Services: Content
halo-infinite-multiplayer,mobygames:tr211,343 Industries: Engineering Team - Online Services: Content
halo-infinite-multiplayer,mobygames:tr212,343 Industries: Engineering Team - Online Services: Engagement
halo-infinite-multiplayer,mobygames:tr213,343 Industries: Engineering Team - Online Services: Engagement
halo-infinite-multiplayer,mobygames:tr214,343 Industries: Engineering Team - Online Services: Engagement
halo-infinite-multiplayer,mobygames:tr215,343 Industries: Engineering Team - Online Services: Engagement
halo-infinite-multiplayer,mobygames:tr216,343 Industries: Engineering Team - Online Services: Engagement
halo-infinite-multiplayer,mobygames:tr217,343 Industries: Engineering Team - Online Services: Lifecycle
halo-infinite-multiplayer,mobygames:tr218,343 Industries: Engineering Team - Online Services: Lifecycle
halo-infinite-multiplayer,mobygames:tr219,343 Industries: Engineering Team - Online Services: Lifecycle
halo-infinite-multiplayer,mobygames:tr22,343 Industries: Art Team - Animation: Technical Animation
halo-infinite-multiplayer,mobygames:tr220,343 Industries: Engineering Team - Online Services: Lifecycle
halo-infinite-multiplayer,mobygames:tr221,343 Industries: Engineering Team - Online Services: Stats
halo-infinite-multiplayer,mobygames:tr222,343 Industries: Engineering Team - Online Services: Stats
halo-infinite-multiplayer,mobygames:tr223,343 Industries: Engineering Team - Online Services: Stats
halo-infinite-multiplayer,mobygames:tr224,343 Industries: Engineering Team - Live
halo-infinite-multiplayer,mobygames:tr225,343 Industries: Engineering Team - Live
halo-infinite-multiplayer,mobygames:tr226,343 Industries: Engineering Team - Live
halo-infinite-multiplayer,mobygames:tr227,343 Industries: Engineering Team - Live
halo-infinite-multiplayer,mobygames:tr228,343 Industries: Engineering Team - Multiplayer
halo-infinite-multiplayer,mobygames:tr229,343 Industries: Engineering Team - Multiplayer
halo-infinite-multiplayer,mobygames:tr23,343 Industries: Art Team - Animation: Technical Motion Capture Animation
halo-infinite-multiplayer,mobygames:tr230,343 Industries: Engineering Team - Multiplayer
halo-infinite-multiplayer,mobygames:tr231,343 Industries: Engineering Team - Multiplayer
halo-infinite-multiplayer,mobygames:tr232,343 Industries: Engineering Team - Multiplayer
halo-infinite-multiplayer,mobygames:tr233,343 Industries: Engineering Team - Forge
halo-infinite-multiplayer,mobygames:tr234,343 Industries: Engineering Team - Forge
halo-infinite-multiplayer,mobygames:tr235,343 Industries: Engineering Team - Forge
halo-infinite-multiplayer,mobygames:tr236,343 Industries: Engineering Team - Core UI
halo-infinite-multiplayer,mobygames:tr237,343 Industries: Engineering Team - Core UI
halo-infinite-multiplayer,mobygames:tr238,343 Industries: Engineering Team - Core UI
halo-infinite-multiplayer,mobygames:tr239,343 Industries: Engineering Team - Core UI
halo-infinite-multiplayer,mobygames:tr24,343 Industries: Art Team - Animation: Technical Motion Capture Animation
halo-infinite-multiplayer,mobygames:tr240,343 Industries: Engineering Team - Slipspace Engine & Tools
halo-infinite-multiplayer,mobygames:tr241,343 Industries: Engineering Team - Slipspace Engine & Tools
halo-infinite-multiplayer,mobygames:tr242,343 Industries: Engineering Team - Slipspace Engine & Tools
halo-infinite-multiplayer,mobygames:tr243,343 Industries: Engineering Team - Slipspace Engine & Tools
halo-infinite-multiplayer,mobygames:tr244,343 Industries: Engineering Team - Slipspace Engine & Tools
halo-infinite-multiplayer,mobygames:tr245,343 Industries: Engineering Team - Slipspace Engine & Tools
halo-infinite-multiplayer,mobygames:tr246,343 Industries: Engineering Team - Slipspace Engine & Tools: Audio
halo-infinite-multiplayer,mobygames:tr247,343 Industries: Engineering Team - Slipspace Engine & Tools: Audio
halo-infinite-multiplayer,mobygames:tr248,343 Industries: Engineering Team - Slipspace Engine & Tools: Audio
halo-infinite-multiplayer,mobygames:tr249,343 Industries: Engineering Team - Slipspace Engine & Tools: Audio
halo-infinite-multiplayer,mobygames:tr25,343 Industries: Art Team - Animation: Technical Motion Capture Animation
halo-infinite-multiplayer,mobygames:tr250,343 Industries: Engineering Team - Slipspace Engine & Tools: Graphics
halo-infinite-multiplayer,mobygames:tr251,343 Industries: Engineering Team - Slipspace Engine & Tools: Graphics
halo-infinite-multiplayer,mobygames:tr252,343 Industries: Engineering Team - Slipspace Engine & Tools: Graphics
halo-infinite-multiplayer,mobygames:tr253,343 Industries: Engineering Team - Slipspace Engine & Tools: Graphics
halo-infinite-multiplayer,mobygames:tr254,343 Industries: Engineering Team - Slipspace Engine & Tools: Graphics
halo-infinite-multiplayer,mobygames:tr255,343 Industries: Engineering Team - Slipspace Engine & Tools: Graphics
halo-infinite-multiplayer,mobygames:tr256,343 Industries: Engineering Team - Slipspace Engine & Tools: Helpdesk
halo-infinite-multiplayer,mobygames:tr257,343 Industries: Engineering Team - Slipspace Engine & Tools: Helpdesk
halo-infinite-multiplayer,mobygames:tr258,343 Industries: Engineering Team - Slipspace Engine & Tools: Infrastructure
halo-infinite-multiplayer,mobygames:tr259,343 Industries: Engineering Team - Slipspace Engine & Tools: Infrastructure
halo-infinite-multiplayer,mobygames:tr26,343 Industries: Art Team - Character & Sandbox Art
halo-infinite-multiplayer,mobygames:tr260,343 Industries: Engineering Team - Slipspace Engine & Tools: Infrastructure
halo-infinite-multiplayer,mobygames:tr261,343 Industries: Engineering Team - Slipspace Engine & Tools: Infrastructure
halo-infinite-multiplayer,mobygames:tr262,343 Industries: Engineering Team - Slipspace Engine & Tools: PC
halo-infinite-multiplayer,mobygames:tr263,343 Industries: Engineering Team - Slipspace Engine & Tools: PC
halo-infinite-multiplayer,mobygames:tr264,343 Industries: Engineering Team - Slipspace Engine & Tools: PC
halo-infinite-multiplayer,mobygames:tr265,343 Industries: Engineering Team - Slipspace Engine & Tools: PC
halo-infinite-multiplayer,mobygames:tr266,343 Industries: Engineering Team - Slipspace Engine & Tools: Systems
halo-infinite-multiplayer,mobygames:tr267,343 Industries: Engineering Team - Slipspace Engine & Tools: Systems
halo-infinite-multiplayer,mobygames:tr268,343 Industries: Engineering Team - Slipspace Engine & Tools: Systems
halo-infinite-multiplayer,mobygames:tr269,343 Industries: Engineering Team - Slipspace Engine & Tools: Systems
halo-infinite-multiplayer,mobygames:tr27,343 Industries: Art Team - Character & Sandbox Art
halo-infinite-multiplayer,mobygames:tr270,343 Industries: Engineering Team - Slipspace Engine & Tools: Systems
halo-infinite-multiplayer,mobygames:tr271,343 Industries: Engineering Team - Slipspace Engine & Tools: Tools & Pipeline
halo-infinite-multiplayer,mobygames:tr272,343 Industries: Engineering Team - Slipspace Engine & Tools: Tools & Pipeline
halo-infinite-multiplayer,mobygames:tr273,343 Industries: Engineering Team - Slipspace Engine & Tools: Tools & Pipeline
halo-infinite-multiplayer,mobygames:tr274,343 Industries: Engineering Team - Slipspace Engine & Tools: Tools & Pipeline
halo-infinite-multiplayer,mobygames:tr275,343 Industries: Engineering Team - Slipspace Engine & Tools: Tools & Pipeline
halo-infinite-multiplayer,mobygames:tr276,343 Industries: Engineering Team - Slipspace Engine & Tools: Tools & Pipeline
halo-infinite-multiplayer,mobygames:tr277,343 Industries: Production Team
halo-infinite-multiplayer,mobygames:tr278,343 Industries: Production Team
halo-infinite-multiplayer,mobygames:tr279,343 Industries: Production Team
halo-infinite-multiplayer,mobygames:tr28,343 Industries: Art Team - Character & Sandbox Art
halo-infinite-multiplayer,mobygames:tr280,343 Industries: Production Team
halo-infinite-multiplayer,mobygames:tr281,343 Industries: Production Team
halo-infinite-multiplayer,mobygames:tr282,343 Industries: Production Team
halo-infinite-multiplayer,mobygames:tr283,343 Industries: Production Team
halo-infinite-multiplayer,mobygames:tr284,343 Industries: Production Team
halo-infinite-multiplayer,mobygames:tr285,343 Industries: Production Team - Campaign
halo-infinite-multiplayer,mobygames:tr286,343 Industries: Production Team - Campaign
halo-infinite-multiplayer,mobygames:tr287,343 Industries: Production Team - Campaign: Character
halo-infinite-multiplayer,mobygames:tr288,343 Industries: Production Team - Campaign: Character
halo-infinite-multiplayer,mobygames:tr289,343 Industries: Production Team - Campaign: Character
halo-infinite-multiplayer,mobygames:tr29,343 Industries: Art Team - Character & Sandbox Art
halo-infinite-multiplayer,mobygames:tr290,343 Industries: Production Team - Campaign: Narrative
halo-infinite-multiplayer,mobygames:tr291,343 Industries: Production Team - Campaign: Narrative
halo-infinite-multiplayer,mobygames:tr292,343 Industries: Production Team - Campaign: Narrative
halo-infinite-multiplayer,mobygames:tr293,343 Industries: Production Team - Campaign: World
halo-infinite-multiplayer,mobygames:tr294,343 Industries: Production Team - Campaign: World
halo-infinite-multiplayer,mobygames:tr295,343 Industries: Production Team - Multiplayer
halo-infinite-multiplayer,mobygames:tr296,343 Industries: Production Team - Multiplayer
halo-infinite-multiplayer,mobygames:tr297,343 Industries: Production Team - Multiplayer: Academy
halo-infinite-multiplayer,mobygames:tr298,343 Industries: Production Team - Multiplayer: Academy
halo-infinite-multiplayer,mobygames:tr299,343 Industries: Production Team - Multiplayer: Maps
halo-infinite-multiplayer,mobygames:tr3,343 Industries: Art Team
halo-infinite-multiplayer,mobygames:tr30,343 Industries: Art Team - Character & Sandbox Art: Character Art
halo-infinite-multiplayer,mobygames:tr300,343 Industries: Production Team - Multiplayer: Maps
halo-infinite-multiplayer,mobygames:tr301,343 Industries: Production Team - Core Content
halo-infinite-multiplayer,mobygames:tr302,343 Industries: Production Team - Core Content
halo-infinite-multiplayer,mobygames:tr303,343 Industries: Production Team - Core Content: Audio
halo-infinite-multiplayer,mobygames:tr304,343 Industries: Production Team - Core Content: Audio
halo-infinite-multiplayer,mobygames:tr305,343 Industries: Production Team - Core Content: Audio
halo-infinite-multiplayer,mobygames:tr306,343 Industries: Production Team - Core Content: Environment Content Team
halo-infinite-multiplayer,mobygames:tr307,343 Industries: Production Team - Core Content: Environment Content Team
halo-infinite-multiplayer,mobygames:tr308,343 Industries: Production Team - Core Content: UX/UI
halo-infinite-multiplayer,mobygames:tr309,343 Industries: Production Team - Core Content: UX/UI
halo-infinite-multiplayer,mobygames:tr31,343 Industries: Art Team - Character & Sandbox Art: Character Art
halo-infinite-multiplayer,mobygames:tr310,343 Industries: Production Team - Core Gameplay: Sandbox
halo-infinite-multiplayer,mobygames:tr311,343 Industries: Production Team - Core Gameplay: Sandbox
halo-infinite-multiplayer,mobygames:tr312,343 Industries: Production Team - Core Tech: Foundations
halo-infinite-multiplayer,mobygames:tr313,343 Industries: Production Team - Core Tech: Foundations
halo-infinite-multiplayer,mobygames:tr314,343 Industries: Production Team - Core Tech: Graphics
halo-infinite-multiplayer,mobygames:tr315,343 Industries: Production Team - Core Tech: Graphics
halo-infinite-multiplayer,mobygames:tr316,343 Industries: Production Team - Core Tech: Workflow
halo-infinite-multiplayer,mobygames:tr317,343 Industries: Production Team - Core Tech: Workflow
halo-infinite-multiplayer,mobygames:tr318,343 Industries: Production Team - Live: Commerce
halo-infinite-multiplayer,mobygames:tr319,343 Industries: Production Team - Live: Commerce
halo-infinite-multiplayer,mobygames:tr32,343 Industries: Art Team - Character & Sandbox Art: Character Art
halo-infinite-multiplayer,mobygames:tr320,343 Industries: Production Team - Live: Customization
halo-infinite-multiplayer,mobygames:tr321,343 Industries: Production Team - Live: Customization
halo-infinite-multiplayer,mobygames:tr322,343 Industries: Production Team - Live: Flighting
halo-infinite-multiplayer,mobygames:tr323,343 Industries: Production Team - Live: Flighting
halo-infinite-multiplayer,mobygames:tr324,343 Industries: Production Team - Live: Localization
halo-infinite-multiplayer,mobygames:tr325,343 Industries: Production Team - Live: Localization
halo-infinite-multiplayer,mobygames:tr326,343 Industries: Production Team - Live: Release Management
halo-infinite-multiplayer,mobygames:tr327,343 Industries: Production Team - Live: Release Management
halo-infinite-multiplayer,mobygames:tr328,343 Industries: Production Team - PC
halo-infinite-multiplayer,mobygames:tr329,343 Industries: Production Team - PC
halo-infinite-multiplayer,mobygames:tr33,343 Industries: Art Team - Character & Sandbox Art: Character Art
halo-infinite-multiplayer,mobygames:tr330,343 Industries: Production Team - PC
halo-infinite-multiplayer,mobygames:tr331,Studios Quality Team: Microsoft - Director of Quality
halo-infinite-multiplayer,mobygames:tr332,Studios Quality Team: Microsoft - Director of Quality
halo-infinite-multiplayer,mobygames:tr333,Studios Quality Team: Microsoft - Quality Manager
halo-infinite-multiplayer,mobygames:tr334,Studios Quality Team: Microsoft - Quality Manager
halo-infinite-multiplayer,mobygames:tr335,Studios Quality Team: Microsoft - Quality Lead
halo-infinite-multiplayer,mobygames:tr336,Studios Quality Team: Microsoft - Quality Lead
halo-infinite-multiplayer,mobygames:tr337,Studios Quality Team: Microsoft - Quality Lead
halo-infinite-multiplayer,mobygames:tr338,Studios Quality Team: Microsoft - Quality Engineers
halo-infinite-multiplayer,mobygames:tr339,Studios Quality Team: Microsoft - Quality Engineers
halo-infinite-multiplayer,mobygames:tr34,343 Industries: Art Team - Character & Sandbox Art: Character Technical Art
halo-infinite-multiplayer,mobygames:tr340,Studios Quality Team: Microsoft - Quality Engineers
halo-infinite-multiplayer,mobygames:tr341,Studios Quality Team: Microsoft - Data Engineers
halo-infinite-multiplayer,mobygames:tr342,Studios Quality Team: Microsoft - Data Engineers
halo-infinite-multiplayer,mobygames:tr343,Studios Quality Team: Microsoft - Software Engineers
halo-infinite-multiplayer,mobygames:tr344,Studios Quality Team: Microsoft - Software Engineers
halo-infinite-multiplayer,mobygames:tr345,Studios Quality Team: Microsoft - Software Engineers
halo-infinite-multiplayer,mobygames:tr346,Studios Quality Team: Microsoft - Software Engineers
halo-infinite-multiplayer,mobygames:tr347,Studios Quality Team: Microsoft - Quality Analysts
halo-infinite-multiplayer,mobygames:tr348,Studios Quality Team: Microsoft - Quality Analysts
halo-infinite-multiplayer,mobygames:tr349,Studios Quality Team: External Teams
halo-infinite-multiplayer,mobygames:tr35,343 Industries: Art Team - Character & Sandbox Art: Character Technical Art
halo-infinite-multiplayer,mobygames:tr350,Studios Quality Team: External Teams
halo-infinite-multiplayer,mobygames:tr351,Studios Quality Team: External Teams
halo-infinite-multiplayer,mobygames:tr352,Studios Quality Team: External Teams
halo-infinite-multiplayer,mobygames:tr353,Studios Quality Team: External Teams
halo-infinite-multiplayer,mobygames:tr354,Studios Quality Team: External Teams
halo-infinite-multiplayer,mobygames:tr355,Studios Quality Team: External Teams
halo-infinite-multiplayer,mobygames:tr356,Studios Quality Team: External Teams
halo-infinite-multiplayer,mobygames:tr357,Studios Quality Team: External Teams
halo-infinite-multiplayer,mobygames:tr358,Studios Quality Team: External Teams
halo-infinite-multiplayer,mobygames:tr359,Studios Quality Team: External Teams
halo-infinite-multiplayer,mobygames:tr36,343 Industries: Art Team - Character & Sandbox Art: Character Technical Art
halo-infinite-multiplayer,mobygames:tr360,Outsource Partners: Airship Images - Character Art
halo-infinite-multiplayer,mobygames:tr361,Outsource Partners: Airship Images - Character Art
halo-infinite-multiplayer,mobygames:tr362,Outsource Partners: Airship Images - Character Art
halo-infinite-multiplayer,mobygames:tr363,Outsource Partners: Airship Images - Character Art
halo-infinite-multiplayer,mobygames:tr364,Outsource Partners: Atomhawk - Concept Art
halo-infinite-multiplayer,mobygames:tr365,Outsource Partners: Atomhawk - Concept Art
halo-infinite-multiplayer,mobygames:tr366,Outsource Partners: Atomhawk - Concept Art
halo-infinite-multiplayer,mobygames:tr367,Outsource Partners: Atomhawk - Production
halo-infinite-multiplayer,mobygames:tr368,Outsource Partners: Atomhawk - Production
halo-infinite-multiplayer,mobygames:tr369,Outsource Partners: Atomhawk - Management
halo-infinite-multiplayer,mobygames:tr37,343 Industries: Art Team - Character & Sandbox Art: Sandbox Art
halo-infinite-multiplayer,mobygames:tr370,Outsource Partners: Atomhawk - Management
halo-infinite-multiplayer,mobygames:tr371,Outsource Partners: Atomhawk - UI
halo-infinite-multiplayer,mobygames:tr372,Outsource Partners: Atomhawk - UI
halo-infinite-multiplayer,mobygames:tr373,Outsource Partners: Atomhawk - UI
halo-infinite-multiplayer,mobygames:tr374,Outsource Partners: Axis Studios - Animation
halo-infinite-multiplayer,mobygames:tr375,Outsource Partners: Axis Studios - Animation
halo-infinite-multiplayer,mobygames:tr376,Outsource Partners: Axis Studios - Animation
halo-infinite-multiplayer,mobygames:tr377,Outsource Partners: Axis Studios - Animation
halo-infinite-multiplayer,mobygames:tr378,Outsource Partners: Axis Studios - Design: Character
halo-infinite-multiplayer,mobygames:tr379,Outsource Partners: Axis Studios - Design: Character
halo-infinite-multiplayer,mobygames:tr38,343 Industries: Art Team - Character & Sandbox Art: Sandbox Art
halo-infinite-multiplayer,mobygames:tr380,Outsource Partners: Axis Studios - Design: Colour Scripts
halo-infinite-multiplayer,mobygames:tr381,Outsource Partners: Axis Studios - Design: Colour Scripts
halo-infinite-multiplayer,mobygames:tr382,Outsource Partners: Axis Studios - Design: Environments
halo-infinite-multiplayer,mobygames:tr383,Outsource Partners: Axis Studios - Design: Environments
halo-infinite-multiplayer,mobygames:tr384,Outsource Partners: Axis Studios - Design: Vehicles
halo-infinite-multiplayer,mobygames:tr385,Outsource Partners: Axis Studios - Design: Vehicles
halo-infinite-multiplayer,mobygames:tr386,Outsource Partners: Axis Studios - FX
halo-infinite-multiplayer,mobygames:tr387,Outsource Partners: Axis Studios - FX
halo-infinite-multiplayer,mobygames:tr388,Outsource Partners: Axis Studios - FX
halo-infinite-multiplayer,mobygames:tr389,Outsource Partners: Axis Studios - Production
halo-infinite-multiplayer,mobygames:tr39,343 Industries: Art Team - Character & Sandbox Art: Sandbox Art
halo-infinite-multiplayer,mobygames:tr390,Outsource Partners: Axis Studios - Production
halo-infinite-multiplayer,mobygames:tr391,Outsource Partners: Axis Studios - Production
halo-infinite-multiplayer,mobygames:tr392,Outsource Partners: Axis Studios - Production
halo-infinite-multiplayer,mobygames:tr393,Outsource Partners: Axis Studios - Assets: Characters
halo-infinite-multiplayer,mobygames:tr394,Outsource Partners: Axis Studios - Assets: Characters
halo-infinite-multiplayer,mobygames:tr395,Outsource Partners: Axis Studios - Assets: Characters
halo-infinite-multiplayer,mobygames:tr396,Outsource Partners: Axis Studios - Assets: Characters
halo-infinite-multiplayer,mobygames:tr397,Outsource Partners: Axis Studios - Assets: Characters
halo-infinite-multiplayer,mobygames:tr398,Outsource Partners: Axis Studios - Assets: Characters
halo-infinite-multiplayer,mobygames:tr399,Outsource Partners: Axis Studios - Assets: Environments
halo-infinite-multiplayer,mobygames:tr4,343 Industries: Art Team
halo-infinite-multiplayer,mobygames:tr40,343 Industries: Art Team - Character & Sandbox Art: Sandbox Technical Art
halo-infinite-multiplayer,mobygames:tr400,Outsource Partners: Axis Studios - Assets: Environments
halo-infinite-multiplayer,mobygames:tr401,Outsource Partners: Axis Studios - Assets: Environments
halo-infinite-multiplayer,mobygames:tr402,Outsource Partners: Axis Studios - Assets: Environments & Vehicles
halo-infinite-multiplayer,mobygames:tr403,Outsource Partners: Axis Studios - Assets: Environments & Vehicles
halo-infinite-multiplayer,mobygames:tr404,Outsource Partners: Axis Studios - Assets: Environments & Vehicles
halo-infinite-multiplayer,mobygames:tr405,Outsource Partners: Axis Studios - Assets: Vehicles
halo-infinite-multiplayer,mobygames:tr406,Outsource Partners: Axis Studios - Assets: Vehicles
halo-infinite-multiplayer,mobygames:tr407,Outsource Partners: Axis Studios - CFX
halo-infinite-multiplayer,mobygames:tr408,Outsource Partners: Axis Studios - CFX
halo-infinite-multiplayer,mobygames:tr409,Outsource Partners: Axis Studios - Digital Matte Painting
halo-infinite-multiplayer,mobygames:tr41,343 Industries: Art Team - Character & Sandbox Art: Sandbox Technical Art
halo-infinite-multiplayer,mobygames:tr410,Outsource Partners: Axis Studios - Digital Matte Painting
halo-infinite-multiplayer,mobygames:tr411,Outsource Partners: Axis Studios - Editorial
halo-infinite-multiplayer,mobygames:tr412,Outsource Partners: Axis Studios - Editorial
halo-infinite-multiplayer,mobygames:tr413,Outsource Partners: Axis Studios - Editorial
halo-infinite-multiplayer,mobygames:tr414,Outsource Partners: Axis Studios - Lighting & Compositing
halo-infinite-multiplayer,mobygames:tr415,Outsource Partners: Axis Studios - Lighting & Compositing
halo-infinite-multiplayer,mobygames:tr416,Outsource Partners: Axis Studios - Lighting & Compositing
halo-infinite-multiplayer,mobygames:tr417,Outsource Partners: Axis Studios - Lighting & Compositing
halo-infinite-multiplayer,mobygames:tr418,Outsource Partners: Axis Studios - Lighting & Compositing: Look Development
halo-infinite-multiplayer,mobygames:tr419,Outsource Partners: Axis Studios - Lighting & Compositing: Look Development
halo-infinite-multiplayer,mobygames:tr42,343 Industries: Art Team - Character & Sandbox Art: Sandbox Technical Art
halo-infinite-multiplayer,mobygames:tr420,Outsource Partners: Axis Studios - Previs
halo-infinite-multiplayer,mobygames:tr421,Outsource Partners: Axis Studios - Previs
halo-infinite-multiplayer,mobygames:tr422,Outsource Partners: Axis Studios - Previs
halo-infinite-multiplayer,mobygames:tr423,Outsource Partners: Axis Studios - Previs - Motion Capture
halo-infinite-multiplayer,mobygames:tr424,Outsource Partners: Axis Studios - Previs - Motion Capture
halo-infinite-multiplayer,mobygames:tr425,Outsource Partners: Axis Studios - Rendering
halo-infinite-multiplayer,mobygames:tr426,Outsource Partners: Axis Studios - Rendering
halo-infinite-multiplayer,mobygames:tr427,Outsource Partners: Axis Studios - Rigging
halo-infinite-multiplayer,mobygames:tr428,Outsource Partners: Axis Studios - Rigging
halo-infinite-multiplayer,mobygames:tr429,Outsource Partners: Axis Studios - Rigging
halo-infinite-multiplayer,mobygames:tr43,343 Industries: Art Team - Concept Art
halo-infinite-multiplayer,mobygames:tr430,Outsource Partners: Axis Studios - RND
halo-infinite-multiplayer,mobygames:tr431,Outsource Partners: Axis Studios - RND
halo-infinite-multiplayer,mobygames:tr432,Outsource Partners: Axis Studios - Supervision: Art
halo-infinite-multiplayer,mobygames:tr433,Outsource Partners: Axis Studios - Supervision: Art
halo-infinite-multiplayer,mobygames:tr434,Outsource Partners: Axis Studios - Supervision: Art
halo-infinite-multiplayer,mobygames:tr435,Outsource Partners: Axis Studios - Supervision: Creative
halo-infinite-multiplayer,mobygames:tr436,Outsource Partners: Axis Studios - Supervision: Creative
halo-infinite-multiplayer,mobygames:tr437,Outsource Partners: Axis Studios - Supervision: LRC
halo-infinite-multiplayer,mobygames:tr438,Outsource Partners: Axis Studios - Supervision: LRC
halo-infinite-multiplayer,mobygames:tr439,"Outsource Partners: Certain Affinity, Inc. - Project Directors"
halo-infinite-multiplayer,mobygames:tr44,343 Industries: Art Team - Concept Art
halo-infinite-multiplayer,mobygames:tr440,"Outsource Partners: Certain Affinity, Inc. - Project Directors"
halo-infinite-multiplayer,mobygames:tr441,"Outsource Partners: Certain Affinity, Inc. - Project Directors"
halo-infinite-multiplayer,mobygames:tr442,"Outsource Partners: Certain Affinity, Inc. - Project Directors"
halo-infinite-multiplayer,mobygames:tr443,"Outsource Partners: Certain Affinity, Inc. - Project Directors"
halo-infinite-multiplayer,mobygames:tr444,"Outsource Partners: Certain Affinity, Inc. - Project Directors"
halo-infinite-multiplayer,mobygames:tr445,"Outsource Partners: Certain Affinity, Inc. - Project Directors"
halo-infinite-multiplayer,mobygames:tr446,"Outsource Partners: Certain Affinity, Inc. - Project Leads"
halo-infinite-multiplayer,mobygames:tr447,"Outsource Partners: Certain Affinity, Inc. - Project Leads"
halo-infinite-multiplayer,mobygames:tr448,"Outsource Partners: Certain Affinity, Inc. - Project Leads"
halo-infinite-multiplayer,mobygames:tr449,"Outsource Partners: Certain Affinity, Inc. - Project Leads"
halo-infinite-multiplayer,mobygames:tr45,343 Industries: Art Team - Concept Art
halo-infinite-multiplayer,mobygames:tr450,"Outsource Partners: Certain Affinity, Inc. - Project Leads"
halo-infinite-multiplayer,mobygames:tr451,"Outsource Partners: Certain Affinity, Inc. - Project Leads"
halo-infinite-multiplayer,mobygames:tr452,"Outsource Partners: Certain Affinity, Inc. - Project Leads"
halo-infinite-multiplayer,mobygames:tr453,"Outsource Partners: Certain Affinity, Inc. - Project Leads"
halo-infinite-multiplayer,mobygames:tr454,"Outsource Partners: Certain Affinity, Inc. - Project Leads"
halo-infinite-multiplayer,mobygames:tr455,"Outsource Partners: Certain Affinity, Inc. - Project Leads"
halo-infinite-multiplayer,mobygames:tr456,"Outsource Partners: Certain Affinity, Inc. - Project Leads"
halo-infinite-multiplayer,mobygames:tr457,"Outsource Partners: Certain Affinity, Inc. - Animation"
halo-infinite-multiplayer,mobygames:tr458,"Outsource Partners: Certain Affinity, Inc. - Animation"
halo-infinite-multiplayer,mobygames:tr459,"Outsource Partners: Certain Affinity, Inc. - Character Art"
halo-infinite-multiplayer,mobygames:tr46,343 Industries: Art Team - Environment Art
halo-infinite-multiplayer,mobygames:tr460,"Outsource Partners: Certain Affinity, Inc. - Character Art"
halo-infinite-multiplayer,mobygames:tr461,"Outsource Partners: Certain Affinity, Inc. - Concept Art"
halo-infinite-multiplayer,mobygames:tr462,"Outsource Partners: Certain Affinity, Inc. - Concept Art"
halo-infinite-multiplayer,mobygames:tr463,"Outsource Partners: Certain Affinity, Inc. - Design"
halo-infinite-multiplayer,mobygames:tr464,"Outsource Partners: Certain Affinity, Inc. - Design"
halo-infinite-multiplayer,mobygames:tr465,"Outsource Partners: Certain Affinity, Inc. - Engineering"
halo-infinite-multiplayer,mobygames:tr466,"Outsource Partners: Certain Affinity, Inc. - Engineering"
halo-infinite-multiplayer,mobygames:tr467,"Outsource Partners: Certain Affinity, Inc. - Environment Art"
halo-infinite-multiplayer,mobygames:tr468,"Outsource Partners: Certain Affinity, Inc. - Environment Art"
halo-infinite-multiplayer,mobygames:tr469,"Outsource Partners: Certain Affinity, Inc. - Lighting"
halo-infinite-multiplayer,mobygames:tr47,343 Industries: Art Team - Environment Art
halo-infinite-multiplayer,mobygames:tr470,"Outsource Partners: Certain Affinity, Inc. - Lighting"
halo-infinite-multiplayer,mobygames:tr471,"Outsource Partners: Certain Affinity, Inc. - Production"
halo-infinite-multiplayer,mobygames:tr472,"Outsource Partners: Certain Affinity, Inc. - Production"
halo-infinite-multiplayer,mobygames:tr473,"Outsource Partners: Certain Affinity, Inc. - Materials / Terrain"
halo-infinite-multiplayer,mobygames:tr474,"Outsource Partners: Certain Affinity, Inc. - Materials / Terrain"
halo-infinite-multiplayer,mobygames:tr475,"Outsource Partners: Certain Affinity, Inc. - Technical Animation"
halo-infinite-multiplayer,mobygames:tr476,"Outsource Partners: Certain Affinity, Inc. - Technical Animation"
halo-infinite-multiplayer,mobygames:tr477,"Outsource Partners: Certain Affinity, Inc. - Technical Art"
halo-infinite-multiplayer,mobygames:tr478,"Outsource Partners: Certain Affinity, Inc. - Technical Art"
halo-infinite-multiplayer,mobygames:tr479,"Outsource Partners: Certain Affinity, Inc. - User Interface Art"
halo-infinite-multiplayer,mobygames:tr48,343 Industries: Art Team - Environment Art
halo-infinite-multiplayer,mobygames:tr480,"Outsource Partners: Certain Affinity, Inc. - User Interface Art"
halo-infinite-multiplayer,mobygames:tr481,"Outsource Partners: Certain Affinity, Inc. - Visual Effects"
halo-infinite-multiplayer,mobygames:tr482,"Outsource Partners: Certain Affinity, Inc. - Visual Effects"
halo-infinite-multiplayer,mobygames:tr483,"Outsource Partners: Certain Affinity, Inc. - Quality Assurance"
halo-infinite-multiplayer,mobygames:tr484,"Outsource Partners: Certain Affinity, Inc. - Quality Assurance"
halo-infinite-multiplayer,mobygames:tr485,"Outsource Partners: Certain Affinity, Inc. - Studio Leadership"
halo-infinite-multiplayer,mobygames:tr486,"Outsource Partners: Certain Affinity, Inc. - Studio Leadership"
halo-infinite-multiplayer,mobygames:tr487,"Outsource Partners: Certain Affinity, Inc. - Studio Leadership"
halo-infinite-multiplayer,mobygames:tr488,"Outsource Partners: Certain Affinity, Inc. - Studio Leadership"
halo-infinite-multiplayer,mobygames:tr489,"Outsource Partners: Certain Affinity, Inc. - Studio Leadership"
halo-infinite-multiplayer,mobygames:tr49,343 Industries: Art Team - Environment Art: Campaign Environment Art
halo-infinite-multiplayer,mobygames:tr490,"Outsource Partners: Certain Affinity, Inc. - Studio Leadership"
halo-infinite-multiplayer,mobygames:tr491,"Outsource Partners: Certain Affinity, Inc. - Studio Leadership"
halo-infinite-multiplayer,mobygames:tr492,"Outsource Partners: Certain Affinity, Inc. - Business Team"
halo-infinite-multiplayer,mobygames:tr493,"Outsource Partners: Certain Affinity, Inc. - Business Team"
halo-infinite-multiplayer,mobygames:tr494,"Outsource Partners: Certain Affinity, Inc. - Business Team"
halo-infinite-multiplayer,mobygames:tr495,"Outsource Partners: Certain Affinity, Inc. - Business Team"
halo-infinite-multiplayer,mobygames:tr496,"Outsource Partners: Certain Affinity, Inc. - Business Team"
halo-infinite-multiplayer,mobygames:tr497,"Outsource Partners: Certain Affinity, Inc. - Business Team"
halo-infinite-multiplayer,mobygames:tr498,"Outsource Partners: Certain Affinity, Inc. - Business Team"
halo-infinite-multiplayer,mobygames:tr499,"Outsource Partners: Certain Affinity, Inc. - Business Team"
halo-infinite-multiplayer,mobygames:tr5,343 Industries: Art Team
halo-infinite-multiplayer,mobygames:tr50,343 Industries: Art Team - Environment Art: Campaign Environment Art
halo-infinite-multiplayer,mobygames:tr500,"Outsource Partners: Certain Affinity, Inc. - Business Team"
halo-infinite-multiplayer,mobygames:tr501,"Outsource Partners: Certain Affinity, Inc. - Studio Support: AV Media"
halo-infinite-multiplayer,mobygames:tr502,"Outsource Partners: Certain Affinity, Inc. - Studio Support: AV Media"
halo-infinite-multiplayer,mobygames:tr503,"Outsource Partners: Certain Affinity, Inc. - Studio Support: AV Media"
halo-infinite-multiplayer,mobygames:tr504,"Outsource Partners: Certain Affinity, Inc. - Studio Support: IT"
halo-infinite-multiplayer,mobygames:tr505,"Outsource Partners: Certain Affinity, Inc. - Studio Support: IT"
halo-infinite-multiplayer,mobygames:tr506,"Outsource Partners: Certain Affinity, Inc. - Studio Support: IT"
halo-infinite-multiplayer,mobygames:tr507,"Outsource Partners: Certain Affinity, Inc. - Studio Support: IT"
halo-infinite-multiplayer,mobygames:tr508,"Outsource Partners: Certain Affinity, Inc. - Studio Support: IT"
halo-infinite-multiplayer,mobygames:tr509,"Outsource Partners: Certain Affinity, Inc. - Studio Support: IT"
halo-infinite-multiplayer,mobygames:tr51,343 Industries: Art Team - Environment Art: Campaign Environment Art
halo-infinite-multiplayer,mobygames:tr510,"Outsource Partners: Certain Affinity, Inc. - Studio Support: IT"
halo-infinite-multiplayer,mobygames:tr511,"Outsource Partners: Certain Affinity, Inc. - Additional Support"
halo-infinite-multiplayer,mobygames:tr512,"Outsource Partners: Certain Affinity, Inc. - Additional Support"
halo-infinite-multiplayer,mobygames:tr513,Outsource Partners: Counterpunch - Animation
halo-infinite-multiplayer,mobygames:tr514,Outsource Partners: Counterpunch - Animation
halo-infinite-multiplayer,mobygames:tr515,Outsource Partners: Counterpunch - Animation
halo-infinite-multiplayer,mobygames:tr516,Outsource Partners: Counterpunch - Animation
halo-infinite-multiplayer,mobygames:tr517,Outsource Partners: Counterpunch - Management
halo-infinite-multiplayer,mobygames:tr518,Outsource Partners: Counterpunch - Management
halo-infinite-multiplayer,mobygames:tr519,Outsource Partners: Counterpunch - Accounting
halo-infinite-multiplayer,mobygames:tr52,343 Industries: Art Team - Environment Art: Campaign Environment Art
halo-infinite-multiplayer,mobygames:tr520,Outsource Partners: Counterpunch - Accounting
halo-infinite-multiplayer,mobygames:tr521,Outsource Partners: Lakshya Digital Pvt Ltd
halo-infinite-multiplayer,mobygames:tr522,Outsource Partners: Lakshya Digital Pvt Ltd
halo-infinite-multiplayer,mobygames:tr523,Outsource Partners: Lakshya Digital Pvt Ltd
halo-infinite-multiplayer,mobygames:tr524,Outsource Partners: Lakshya Digital Pvt Ltd
halo-infinite-multiplayer,mobygames:tr525,Outsource Partners: Lakshya Digital Pvt Ltd
halo-infinite-multiplayer,mobygames:tr526,Outsource Partners: Lakshya Digital Pvt Ltd
halo-infinite-multiplayer,mobygames:tr527,Outsource Partners: Lakshya Digital Pvt Ltd - Art
halo-infinite-multiplayer,mobygames:tr528,Outsource Partners: Lakshya Digital Pvt Ltd - Art
halo-infinite-multiplayer,mobygames:tr529,Outsource Partners: Lakshya Digital Pvt Ltd - Art
halo-infinite-multiplayer,mobygames:tr53,343 Industries: Art Team - Environment Art: Environment Content
halo-infinite-multiplayer,mobygames:tr530,Outsource Partners: Lakshya Digital Pvt Ltd - Art
halo-infinite-multiplayer,mobygames:tr531,Outsource Partners: Lakshya Digital Pvt Ltd - Management
halo-infinite-multiplayer,mobygames:tr532,Outsource Partners: Lakshya Digital Pvt Ltd - Management
halo-infinite-multiplayer,mobygames:tr533,Outsource Partners: Lakshya Digital Pvt Ltd - Management
halo-infinite-multiplayer,mobygames:tr534,Outsource Partners: Lakshya Digital Pvt Ltd - VFX
halo-infinite-multiplayer,mobygames:tr535,Outsource Partners: Lakshya Digital Pvt Ltd - VFX
halo-infinite-multiplayer,mobygames:tr536,Outsource Partners: Lakshya Digital Pvt Ltd - Quality Control
halo-infinite-multiplayer,mobygames:tr537,Outsource Partners: Lakshya Digital Pvt Ltd - Quality Control
halo-infinite-multiplayer,mobygames:tr538,Outsource Partners: Liquid Development LLC
halo-infinite-multiplayer,mobygames:tr539,Outsource Partners: Liquid Development LLC
halo-infinite-multiplayer,mobygames:tr54,343 Industries: Art Team - Environment Art: Environment Content
halo-infinite-multiplayer,mobygames:tr540,Outsource Partners: Liquid Development LLC
halo-infinite-multiplayer,mobygames:tr541,Outsource Partners: Liquid Development LLC
halo-infinite-multiplayer,mobygames:tr542,Outsource Partners: Liquid Development LLC - Art: 3D Art
halo-infinite-multiplayer,mobygames:tr543,Outsource Partners: Liquid Development LLC - Art: 3D Art
halo-infinite-multiplayer,mobygames:tr544,Outsource Partners: Liquid Development LLC - Art: 3D Art
halo-infinite-multiplayer,mobygames:tr545,Outsource Partners: Liquid Development LLC - Art: 3D Art
halo-infinite-multiplayer,mobygames:tr546,Outsource Partners: Liquid Development LLC - Art: Animation
halo-infinite-multiplayer,mobygames:tr547,Outsource Partners: Liquid Development LLC - Art: Animation
halo-infinite-multiplayer,mobygames:tr548,Outsource Partners: Liquid Development LLC - Art: Animation
halo-infinite-multiplayer,mobygames:tr549,Outsource Partners: Liquid Development LLC - Art: Asset Coordination
halo-infinite-multiplayer,mobygames:tr55,343 Industries: Art Team - Environment Art: Environment Content
halo-infinite-multiplayer,mobygames:tr550,Outsource Partners: Liquid Development LLC - Art: Asset Coordination
halo-infinite-multiplayer,mobygames:tr551,Outsource Partners: Liquid Development LLC - Art: Lighting
halo-infinite-multiplayer,mobygames:tr552,Outsource Partners: Liquid Development LLC - Art: Lighting
halo-infinite-multiplayer,mobygames:tr553,Outsource Partners: Liquid Development LLC - Art: Technical Art
halo-infinite-multiplayer,mobygames:tr554,Outsource Partners: Liquid Development LLC - Art: Technical Art
halo-infinite-multiplayer,mobygames:tr555,Outsource Partners: Liquid Development LLC - Art: Technical Art
halo-infinite-multiplayer,mobygames:tr556,Outsource Partners: Liquid Development LLC - Art: VFX
halo-infinite-multiplayer,mobygames:tr557,Outsource Partners: Liquid Development LLC - Art: VFX
halo-infinite-multiplayer,mobygames:tr558,Outsource Partners: Liquid Development LLC - Art: VFX
halo-infinite-multiplayer,mobygames:tr559,Outsource Partners: Liquid Development LLC - IT
halo-infinite-multiplayer,mobygames:tr56,343 Industries: Art Team - Environment Art: Environment Content
halo-infinite-multiplayer,mobygames:tr560,Outsource Partners: Liquid Development LLC - IT
halo-infinite-multiplayer,mobygames:tr561,Outsource Partners: Liquid Development LLC - Production
halo-infinite-multiplayer,mobygames:tr562,Outsource Partners: Liquid Development LLC - Production
halo-infinite-multiplayer,mobygames:tr563,Outsource Partners: Liquid Development LLC - Production
halo-infinite-multiplayer,mobygames:tr564,Outsource Partners: Liquid Development LLC - Production
halo-infinite-multiplayer,mobygames:tr565,Outsource Partners: Mandali Games - Environment Art
halo-infinite-multiplayer,mobygames:tr566,Outsource Partners: Mandali Games - Environment Art
halo-infinite-multiplayer,mobygames:tr567,Outsource Partners: Mandali Games - Environment Art
halo-infinite-multiplayer,mobygames:tr568,Outsource Partners: Mandali Games - Environment Art
halo-infinite-multiplayer,mobygames:tr569,Outsource Partners: Mandali Games - Environment Art
halo-infinite-multiplayer,mobygames:tr57,343 Industries: Art Team - Environment Art: Forge Environment Art
halo-infinite-multiplayer,mobygames:tr570,Outsource Partners: Mandali Games - Environment Art
halo-infinite-multiplayer,mobygames:tr571,Outsource Partners: Mandali Games - Environment Art
halo-infinite-multiplayer,mobygames:tr572,Outsource Partners: Mindwalk
halo-infinite-multiplayer,mobygames:tr573,Outsource Partners: Mindwalk
halo-infinite-multiplayer,mobygames:tr574,Outsource Partners: Mindwalk
halo-infinite-multiplayer,mobygames:tr575,Outsource Partners: Mindwalk - Animation
halo-infinite-multiplayer,mobygames:tr576,Outsource Partners: Mindwalk - Animation
halo-infinite-multiplayer,mobygames:tr577,Outsource Partners: Mindwalk - Animation
halo-infinite-multiplayer,mobygames:tr578,Outsource Partners: Mindwalk - Art
halo-infinite-multiplayer,mobygames:tr579,Outsource Partners: Mindwalk - Art
halo-infinite-multiplayer,mobygames:tr58,343 Industries: Art Team - Environment Art: Forge Environment Art
halo-infinite-multiplayer,mobygames:tr580,Outsource Partners: Mindwalk - Art
halo-infinite-multiplayer,mobygames:tr581,Outsource Partners: Mindwalk - Management
halo-infinite-multiplayer,mobygames:tr582,Outsource Partners: Mindwalk - Management
halo-infinite-multiplayer,mobygames:tr583,Outsource Partners: Nuare Studios: Character Art
halo-infinite-multiplayer,mobygames:tr584,Outsource Partners: Nuare Studios: Character Art
halo-infinite-multiplayer,mobygames:tr585,Outsource Partners: OF3D - Environment Art
halo-infinite-multiplayer,mobygames:tr586,Outsource Partners: OF3D - Environment Art
halo-infinite-multiplayer,mobygames:tr587,Outsource Partners: OF3D - Environment Art
halo-infinite-multiplayer,mobygames:tr588,Outsource Partners: OF3D - Environment Art
halo-infinite-multiplayer,mobygames:tr589,Outsource Partners: OF3D - Environment Art
halo-infinite-multiplayer,mobygames:tr59,343 Industries: Art Team - Environment Art: Forge Environment Art
halo-infinite-multiplayer,mobygames:tr590,Outsource Partners: Pixel Mafia
halo-infinite-multiplayer,mobygames:tr591,Outsource Partners: Pixel Mafia
halo-infinite-multiplayer,mobygames:tr592,Outsource Partners: Pixel Mafia - Administration
halo-infinite-multiplayer,mobygames:tr593,Outsource Partners: Pixel Mafia - Administration
halo-infinite-multiplayer,mobygames:tr594,Outsource Partners: Pixel Mafia - Art: 3D Art
halo-infinite-multiplayer,mobygames:tr595,Outsource Partners: Pixel Mafia - Art: 3D Art
halo-infinite-multiplayer,mobygames:tr596,Outsource Partners: Pixel Mafia - Art: 3D Art
halo-infinite-multiplayer,mobygames:tr597,Outsource Partners: Pixel Mafia - Art: 3D Art
halo-infinite-multiplayer,mobygames:tr598,Outsource Partners: Pixel Mafia - Art: Concept Art
halo-infinite-multiplayer,mobygames:tr599,Outsource Partners: Pixel Mafia - Art: Concept Art
halo-infinite-multiplayer,mobygames:tr6,343 Industries: Art Team
halo-infinite-multiplayer,mobygames:tr60,343 Industries: Art Team - Environment Art: Multiplayer Environment Art
halo-infinite-multiplayer,mobygames:tr600,Outsource Partners: Pixel Mafia - Art: Concept Art
halo-infinite-multiplayer,mobygames:tr601,Outsource Partners: Pixel Mafia - HR
halo-infinite-multiplayer,mobygames:tr602,Outsource Partners: Pixel Mafia - HR
halo-infinite-multiplayer,mobygames:tr603,Outsource Partners: Pixel Mafia - IT
halo-infinite-multiplayer,mobygames:tr604,Outsource Partners: Pixel Mafia - IT
halo-infinite-multiplayer,mobygames:tr605,Outsource Partners: Pixel Mafia - Production
halo-infinite-multiplayer,mobygames:tr606,Outsource Partners: Pixel Mafia - Production
halo-infinite-multiplayer,mobygames:tr607,Outsource Partners: Pixel Mafia - Production
halo-infinite-multiplayer,mobygames:tr608,Outsource Partners: Pixel Smash Ltd - UI
halo-infinite-multiplayer,mobygames:tr609,Outsource Partners: Pixel Smash Ltd - UI
halo-infinite-multiplayer,mobygames:tr61,343 Industries: Art Team - Environment Art: Multiplayer Environment Art
halo-infinite-multiplayer,mobygames:tr610,Outsource Partners: Red Hot CG
halo-infinite-multiplayer,mobygames:tr611,Outsource Partners: Red Hot CG
halo-infinite-multiplayer,mobygames:tr612,Outsource Partners: Red Hot CG - Art
halo-infinite-multiplayer,mobygames:tr613,Outsource Partners: Red Hot CG - Art
halo-infinite-multiplayer,mobygames:tr614,Outsource Partners: Red Hot CG - Art
halo-infinite-multiplayer,mobygames:tr615,Outsource Partners: Red Hot CG - Management
halo-infinite-multiplayer,mobygames:tr616,Outsource Partners: Red Hot CG - Management
halo-infinite-multiplayer,mobygames:tr617,Outsource Partners: Room 8 Studios - Environment Art
halo-infinite-multiplayer,mobygames:tr618,Outsource Partners: Room 8 Studios - Environment Art
halo-infinite-multiplayer,mobygames:tr619,Outsource Partners: Room 8 Studios - Environment Art
halo-infinite-multiplayer,mobygames:tr62,343 Industries: Art Team - Environment Art: Multiplayer Environment Art
halo-infinite-multiplayer,mobygames:tr620,Outsource Partners: Room 8 Studios - Environment Art
halo-infinite-multiplayer,mobygames:tr621,"Outsource Partners: Skybox Labs, Inc. - Project Directors"
halo-infinite-multiplayer,mobygames:tr622,"Outsource Partners: Skybox Labs, Inc. - Project Directors"
halo-infinite-multiplayer,mobygames:tr623,"Outsource Partners: Skybox Labs, Inc. - Project Directors"
halo-infinite-multiplayer,mobygames:tr624,"Outsource Partners: Skybox Labs, Inc. - Project Directors"
halo-infinite-multiplayer,mobygames:tr625,"Outsource Partners: Skybox Labs, Inc. - Art - Animation"
halo-infinite-multiplayer,mobygames:tr626,"Outsource Partners: Skybox Labs, Inc. - Art - Animation"
halo-infinite-multiplayer,mobygames:tr627,"Outsource Partners: Skybox Labs, Inc. - Art - Animation"
halo-infinite-multiplayer,mobygames:tr628,"Outsource Partners: Skybox Labs, Inc. - Art - Character Art"
halo-infinite-multiplayer,mobygames:tr629,"Outsource Partners: Skybox Labs, Inc. - Art - Character Art"
halo-infinite-multiplayer,mobygames:tr63,343 Industries: Art Team - Environment Art: Technical Environment Art
halo-infinite-multiplayer,mobygames:tr630,"Outsource Partners: Skybox Labs, Inc. - Art - Environment Art"
halo-infinite-multiplayer,mobygames:tr631,"Outsource Partners: Skybox Labs, Inc. - Art - Environment Art"
halo-infinite-multiplayer,mobygames:tr632,"Outsource Partners: Skybox Labs, Inc. - Art - Lighting"
halo-infinite-multiplayer,mobygames:tr633,"Outsource Partners: Skybox Labs, Inc. - Art - Lighting"
halo-infinite-multiplayer,mobygames:tr634,"Outsource Partners: Skybox Labs, Inc. - Art - Tech Art"
halo-infinite-multiplayer,mobygames:tr635,"Outsource Partners: Skybox Labs, Inc. - Art - Tech Art"
halo-infinite-multiplayer,mobygames:tr636,"Outsource Partners: Skybox Labs, Inc. - Art - UX/UI"
halo-infinite-multiplayer,mobygames:tr637,"Outsource Partners: Skybox Labs, Inc. - Art - UX/UI"
halo-infinite-multiplayer,mobygames:tr638,"Outsource Partners: Skybox Labs, Inc. - Art - UX/UI"
halo-infinite-multiplayer,mobygames:tr639,"Outsource Partners: Skybox Labs, Inc. - Design"
halo-infinite-multiplayer,mobygames:tr64,343 Industries: Art Team - Environment Art: Technical Environment Art
halo-infinite-multiplayer,mobygames:tr640,"Outsource Partners: Skybox Labs, Inc. - Design"
halo-infinite-multiplayer,mobygames:tr641,"Outsource Partners: Skybox Labs, Inc. - Design"
halo-infinite-multiplayer,mobygames:tr642,"Outsource Partners: Skybox Labs, Inc. - Engineering"
halo-infinite-multiplayer,mobygames:tr643,"Outsource Partners: Skybox Labs, Inc. - Engineering"
halo-infinite-multiplayer,mobygames:tr644,"Outsource Partners: Skybox Labs, Inc. - Engineering"
halo-infinite-multiplayer,mobygames:tr645,"Outsource Partners: Skybox Labs, Inc. - IT"
halo-infinite-multiplayer,mobygames:tr646,"Outsource Partners: Skybox Labs, Inc. - IT"
halo-infinite-multiplayer,mobygames:tr647,"Outsource Partners: Skybox Labs, Inc. - Production"
halo-infinite-multiplayer,mobygames:tr648,"Outsource Partners: Skybox Labs, Inc. - Production"
halo-infinite-multiplayer,mobygames:tr649,"Outsource Partners: Skybox Labs, Inc. - QA & Development Support"
halo-infinite-multiplayer,mobygames:tr65,343 Industries: Art Team - Environment Art: Technical Environment Art
halo-infinite-multiplayer,mobygames:tr650,"Outsource Partners: Skybox Labs, Inc. - QA & Development Support"
halo-infinite-multiplayer,mobygames:tr651,"Outsource Partners: Skybox Labs, Inc. - QA & Development Support"
halo-infinite-multiplayer,mobygames:tr652,"Outsource Partners: Skybox Labs, Inc. - Studio Management"
halo-infinite-multiplayer,mobygames:tr653,"Outsource Partners: Skybox Labs, Inc. - Studio Management"
halo-infinite-multiplayer,mobygames:tr654,"Outsource Partners: Skybox Labs, Inc. - Special Thanks"
halo-infinite-multiplayer,mobygames:tr655,"Outsource Partners: Skybox Labs, Inc. - Special Thanks"
halo-infinite-multiplayer,mobygames:tr656,"Outsource Partners: Skybox Labs, Inc. - Special Thanks"
halo-infinite-multiplayer,mobygames:tr657,"Outsource Partners: Skybox Labs, Inc. - Special Thanks"
halo-infinite-multiplayer,mobygames:tr658,"Outsource Partners: Skybox Labs, Inc. - Special Thanks"
halo-infinite-multiplayer,mobygames:tr659,Outsource Partners: Speech Graphics
halo-infinite-multiplayer,mobygames:tr66,343 Industries: Art Team - Environment Art: Technical Environment Art
halo-infinite-multiplayer,mobygames:tr660,Outsource Partners: Speech Graphics
halo-infinite-multiplayer,mobygames:tr661,Outsource Partners: Speech Graphics
halo-infinite-multiplayer,mobygames:tr662,Outsource Partners: Speech Graphics
halo-infinite-multiplayer,mobygames:tr663,Outsource Partners: Speech Graphics
halo-infinite-multiplayer,mobygames:tr664,Outsource Partners: Speech Graphics - Linguist
halo-infinite-multiplayer,mobygames:tr665,Outsource Partners: Speech Graphics - Linguist
halo-infinite-multiplayer,mobygames:tr666,Outsource Partners: Speech Graphics - Technical Art
halo-infinite-multiplayer,mobygames:tr667,Outsource Partners: Speech Graphics - Technical Art
halo-infinite-multiplayer,mobygames:tr668,Outsource Partners: Speech Graphics - Production
halo-infinite-multiplayer,mobygames:tr669,Outsource Partners: Speech Graphics - Production
halo-infinite-multiplayer,mobygames:tr67,343 Industries: Art Team - Environment Art: Technical Environment Art
halo-infinite-multiplayer,mobygames:tr670,"Outsource Partners: Sperasoft, Inc."
halo-infinite-multiplayer,mobygames:tr671,"Outsource Partners: Sperasoft, Inc."
halo-infinite-multiplayer,mobygames:tr672,"Outsource Partners: Sperasoft, Inc."
halo-infinite-multiplayer,mobygames:tr673,"Outsource Partners: Sperasoft, Inc."
halo-infinite-multiplayer,mobygames:tr674,"Outsource Partners: Sperasoft, Inc."
halo-infinite-multiplayer,mobygames:tr675,"Outsource Partners: Sperasoft, Inc."
halo-infinite-multiplayer,mobygames:tr676,"Outsource Partners: Sperasoft, Inc. - Art: Animation"
halo-infinite-multiplayer,mobygames:tr677,"Outsource Partners: Sperasoft, Inc. - Art: Animation"
halo-infinite-multiplayer,mobygames:tr678,"Outsource Partners: Sperasoft, Inc. - Art: Animation"
halo-infinite-multiplayer,mobygames:tr679,"Outsource Partners: Sperasoft, Inc. - Art: Animation"
halo-infinite-multiplayer,mobygames:tr68,343 Industries: Art Team - Environment Art: Technical Environment Art
halo-infinite-multiplayer,mobygames:tr680,"Outsource Partners: Sperasoft, Inc. - Art: Concept Art"
halo-infinite-multiplayer,mobygames:tr681,"Outsource Partners: Sperasoft, Inc. - Art: Concept Art"
halo-infinite-multiplayer,mobygames:tr682,"Outsource Partners: Sperasoft, Inc. - Art: Concept Art"
halo-infinite-multiplayer,mobygames:tr683,"Outsource Partners: Sperasoft, Inc. - Art: Levels"
halo-infinite-multiplayer,mobygames:tr684,"Outsource Partners: Sperasoft, Inc. - Art: Levels"
halo-infinite-multiplayer,mobygames:tr685,"Outsource Partners: Sperasoft, Inc. - Art: Levels"
halo-infinite-multiplayer,mobygames:tr686,"Outsource Partners: Sperasoft, Inc. - Art: Levels"
halo-infinite-multiplayer,mobygames:tr687,"Outsource Partners: Sperasoft, Inc. - Art: Lighting"
halo-infinite-multiplayer,mobygames:tr688,"Outsource Partners: Sperasoft, Inc. - Art: Lighting"
halo-infinite-multiplayer,mobygames:tr689,"Outsource Partners: Sperasoft, Inc. - Art: Lighting"
halo-infinite-multiplayer,mobygames:tr69,343 Industries: Art Team - FX
halo-infinite-multiplayer,mobygames:tr690,"Outsource Partners: Sperasoft, Inc. - Art: Lighting"
halo-infinite-multiplayer,mobygames:tr691,"Outsource Partners: Sperasoft, Inc. - Art: Props"
halo-infinite-multiplayer,mobygames:tr692,"Outsource Partners: Sperasoft, Inc. - Art: Props"
halo-infinite-multiplayer,mobygames:tr693,"Outsource Partners: Sperasoft, Inc. - Art: Props"
halo-infinite-multiplayer,mobygames:tr694,"Outsource Partners: Sperasoft, Inc. - Art: Props"
halo-infinite-multiplayer,mobygames:tr695,"Outsource Partners: Sperasoft, Inc. - Art: Technical Animation"
halo-infinite-multiplayer,mobygames:tr696,"Outsource Partners: Sperasoft, Inc. - Art: Technical Animation"
halo-infinite-multiplayer,mobygames:tr697,"Outsource Partners: Sperasoft, Inc. - Art: Technical Art"
halo-infinite-multiplayer,mobygames:tr698,"Outsource Partners: Sperasoft, Inc. - Art: Technical Art"
halo-infinite-multiplayer,mobygames:tr699,"Outsource Partners: Sperasoft, Inc. - Art: Technical Art"
halo-infinite-multiplayer,mobygames:tr7,343 Industries: Art Team - Animation: Character Animation
halo-infinite-multiplayer,mobygames:tr70,343 Industries: Art Team - FX
halo-infinite-multiplayer,mobygames:tr700,"Outsource Partners: Sperasoft, Inc. - Art: UI/UX"
halo-infinite-multiplayer,mobygames:tr701,"Outsource Partners: Sperasoft, Inc. - Art: UI/UX"
halo-infinite-multiplayer,mobygames:tr702,"Outsource Partners: Sperasoft, Inc. - Art: UI/UX"
halo-infinite-multiplayer,mobygames:tr703,"Outsource Partners: Sperasoft, Inc. - Art: VFX"
halo-infinite-multiplayer,mobygames:tr704,"Outsource Partners: Sperasoft, Inc. - Art: VFX"
halo-infinite-multiplayer,mobygames:tr705,"Outsource Partners: Sperasoft, Inc. - Art: VFX"
halo-infinite-multiplayer,mobygames:tr706,"Outsource Partners: Sperasoft, Inc. - Design: Game Design"
halo-infinite-multiplayer,mobygames:tr707,"Outsource Partners: Sperasoft, Inc. - Design: Game Design"
halo-infinite-multiplayer,mobygames:tr708,"Outsource Partners: Sperasoft, Inc. - Design: Levels"
halo-infinite-multiplayer,mobygames:tr709,"Outsource Partners: Sperasoft, Inc. - Design: Levels"
halo-infinite-multiplayer,mobygames:tr71,343 Industries: Art Team - FX
halo-infinite-multiplayer,mobygames:tr710,"Outsource Partners: Sperasoft, Inc. - Design: Levels"
halo-infinite-multiplayer,mobygames:tr711,"Outsource Partners: Sperasoft, Inc. - Design: Technical Design"
halo-infinite-multiplayer,mobygames:tr712,"Outsource Partners: Sperasoft, Inc. - Design: Technical Design"
halo-infinite-multiplayer,mobygames:tr713,"Outsource Partners: Sperasoft, Inc. - Design: Technical Design"
halo-infinite-multiplayer,mobygames:tr714,"Outsource Partners: Sperasoft, Inc. - Design: UI/UX"
halo-infinite-multiplayer,mobygames:tr715,"Outsource Partners: Sperasoft, Inc. - Design: UI/UX"
halo-infinite-multiplayer,mobygames:tr716,"Outsource Partners: Sperasoft, Inc. - Engineering"
halo-infinite-multiplayer,mobygames:tr717,"Outsource Partners: Sperasoft, Inc. - Engineering"
halo-infinite-multiplayer,mobygames:tr718,"Outsource Partners: Sperasoft, Inc. - Engineering"
halo-infinite-multiplayer,mobygames:tr719,"Outsource Partners: Sperasoft, Inc. - Engineering"
halo-infinite-multiplayer,mobygames:tr72,343 Industries: Art Team - FX
halo-infinite-multiplayer,mobygames:tr720,"Outsource Partners: Sperasoft, Inc. - Engineering: Tool Support"
halo-infinite-multiplayer,mobygames:tr721,"Outsource Partners: Sperasoft, Inc. - Engineering: Tool Support"
halo-infinite-multiplayer,mobygames:tr722,"Outsource Partners: Sperasoft, Inc. - Production"
halo-infinite-multiplayer,mobygames:tr723,"Outsource Partners: Sperasoft, Inc. - Production"
halo-infinite-multiplayer,mobygames:tr724,"Outsource Partners: Sperasoft, Inc. - Production"
halo-infinite-multiplayer,mobygames:tr725,"Outsource Partners: Sperasoft, Inc. - QA"
halo-infinite-multiplayer,mobygames:tr726,"Outsource Partners: Sperasoft, Inc. - QA"
halo-infinite-multiplayer,mobygames:tr727,"Outsource Partners: Sperasoft, Inc. - QA"
halo-infinite-multiplayer,mobygames:tr728,"Outsource Partners: Sperasoft, Inc. - Special Thanks"
halo-infinite-multiplayer,mobygames:tr729,"Outsource Partners: Sperasoft, Inc. - Special Thanks"
halo-infinite-multiplayer,mobygames:tr73,343 Industries: Art Team - FX
halo-infinite-multiplayer,mobygames:tr730,Outsource Partners: The Coalition - Animation: Gameplay
halo-infinite-multiplayer,mobygames:tr731,Outsource Partners: The Coalition - Animation: Gameplay
halo-infinite-multiplayer,mobygames:tr732,Outsource Partners: The Coalition - Animation: Rigging
halo-infinite-multiplayer,mobygames:tr733,Outsource Partners: The Coalition - Animation: Rigging
halo-infinite-multiplayer,mobygames:tr734,Outsource Partners: The Coalition - Animation: Technical Animation
halo-infinite-multiplayer,mobygames:tr735,Outsource Partners: The Coalition - Animation: Technical Animation
halo-infinite-multiplayer,mobygames:tr736,Outsource Partners: The Coalition - Art: Environment
halo-infinite-multiplayer,mobygames:tr737,Outsource Partners: The Coalition - Art: Environment
halo-infinite-multiplayer,mobygames:tr738,Outsource Partners: The Coalition - Art: VFX
halo-infinite-multiplayer,mobygames:tr739,Outsource Partners: The Coalition - Art: VFX
halo-infinite-multiplayer,mobygames:tr74,343 Industries: Art Team - FX
halo-infinite-multiplayer,mobygames:tr740,Outsource Partners: The Coalition - Art: Lighting
halo-infinite-multiplayer,mobygames:tr741,Outsource Partners: The Coalition - Art: Lighting
halo-infinite-multiplayer,mobygames:tr742,Outsource Partners: The Coalition - Art: Skybox
halo-infinite-multiplayer,mobygames:tr743,Outsource Partners: The Coalition - Art: Skybox
halo-infinite-multiplayer,mobygames:tr744,Outsource Partners: The Coalition - Art: Technical Art
halo-infinite-multiplayer,mobygames:tr745,Outsource Partners: The Coalition - Art: Technical Art
halo-infinite-multiplayer,mobygames:tr746,Outsource Partners: The Coalition - Art: Technical Art
halo-infinite-multiplayer,mobygames:tr747,Outsource Partners: The Coalition - Art: Technical Art
halo-infinite-multiplayer,mobygames:tr748,Outsource Partners: The Coalition - Audio: Design
halo-infinite-multiplayer,mobygames:tr749,Outsource Partners: The Coalition - Audio: Design
halo-infinite-multiplayer,mobygames:tr75,343 Industries: Art Team - Lighting
halo-infinite-multiplayer,mobygames:tr750,Outsource Partners: The Coalition - Production
halo-infinite-multiplayer,mobygames:tr751,Outsource Partners: The Coalition - Production
halo-infinite-multiplayer,mobygames:tr752,Outsource Partners: The Coalition - Special Thanks
halo-infinite-multiplayer,mobygames:tr753,Outsource Partners: The Coalition - Special Thanks
halo-infinite-multiplayer,mobygames:tr754,Outsource Partners: Undead Labs - Animation
halo-infinite-multiplayer,mobygames:tr755,Outsource Partners: Undead Labs - Animation
halo-infinite-multiplayer,mobygames:tr756,Outsource Partners: Undead Labs - Animation
halo-infinite-multiplayer,mobygames:tr757,Outsource Partners: Undead Labs - Technical Art
halo-infinite-multiplayer,mobygames:tr758,Outsource Partners: Undead Labs - Technical Art
halo-infinite-multiplayer,mobygames:tr759,Outsource Partners: Undead Labs - Special Thanks
halo-infinite-multiplayer,mobygames:tr76,343 Industries: Art Team - Lighting
halo-infinite-multiplayer,mobygames:tr760,Outsource Partners: Undead Labs - Special Thanks
halo-infinite-multiplayer,mobygames:tr761,343 Industries: Leadership
halo-infinite-multiplayer,mobygames:tr762,343 Industries: Leadership
halo-infinite-multiplayer,mobygames:tr763,343 Industries: Leadership
halo-infinite-multiplayer,mobygames:tr764,343 Industries: Leadership
halo-infinite-multiplayer,mobygames:tr765,343 Industries: Leadership
halo-infinite-multiplayer,mobygames:tr766,343 Industries: Leadership
halo-infinite-multiplayer,mobygames:tr767,343 Industries: Leadership
halo-infinite-multiplayer,mobygames:tr768,343 Industries: Leadership
halo-infinite-multiplayer,mobygames:tr769,343 Industries: Leadership
halo-infinite-multiplayer,mobygames:tr77,343 Industries: Art Team - Lighting
halo-infinite-multiplayer,mobygames:tr770,343 Industries: Leadership
halo-infinite-multiplayer,mobygames:tr771,343 Industries: Leadership
halo-infinite-multiplayer,mobygames:tr772,343 Industries: Leadership
halo-infinite-multiplayer,mobygames:tr773,343 Industries: Leadership
halo-infinite-multiplayer,mobygames:tr774,343 Industries: Advanced Technology Group
halo-infinite-multiplayer,mobygames:tr775,343 Industries: Advanced Technology Group
halo-infinite-multiplayer,mobygames:tr776,343 Industries: Advanced Technology Group
halo-infinite-multiplayer,mobygames:tr777,343 Industries: Advanced Technology Group
halo-infinite-multiplayer,mobygames:tr778,343 Industries: Advanced Technology Group
halo-infinite-multiplayer,mobygames:tr779,343 Industries: Advanced Technology Group
halo-infinite-multiplayer,mobygames:tr78,343 Industries: Art Team - Lighting
halo-infinite-multiplayer,mobygames:tr780,343 Industries: Advanced Technology Group
halo-infinite-multiplayer,mobygames:tr781,"343 Industries: Analytics, Insights & Customer Services"
halo-infinite-multiplayer,mobygames:tr782,"343 Industries: Analytics, Insights & Customer Services"
halo-infinite-multiplayer,mobygames:tr783,"343 Industries: Analytics, Insights & Customer Services - Analytics"
halo-infinite-multiplayer,mobygames:tr784,"343 Industries: Analytics, Insights & Customer Services - Analytics"
halo-infinite-multiplayer,mobygames:tr785,"343 Industries: Analytics, Insights & Customer Services - Analytics: Data Engineering"
halo-infinite-multiplayer,mobygames:tr786,"343 Industries: Analytics, Insights & Customer Services - Analytics: Data Engineering"
halo-infinite-multiplayer,mobygames:tr787,"343 Industries: Analytics, Insights & Customer Services - Analytics: Data Engineering"
halo-infinite-multiplayer,mobygames:tr788,"343 Industries: Analytics, Insights & Customer Services - Analytics: Data Science"
halo-infinite-multiplayer,mobygames:tr789,"343 Industries: Analytics, Insights & Customer Services - Analytics: Data Science"
halo-infinite-multiplayer,mobygames:tr79,343 Industries: Art Team - Lighting
halo-infinite-multiplayer,mobygames:tr790,"343 Industries: Analytics, Insights & Customer Services - Analytics: Data Science"
halo-infinite-multiplayer,mobygames:tr791,"343 Industries: Analytics, Insights & Customer Services - Insights: Insights Management"
halo-infinite-multiplayer,mobygames:tr792,"343 Industries: Analytics, Insights & Customer Services - Insights: Insights Management"
halo-infinite-multiplayer,mobygames:tr793,"343 Industries: Analytics, Insights & Customer Services - Insights: Insights Management"
halo-infinite-multiplayer,mobygames:tr794,"343 Industries: Analytics, Insights & Customer Services - Studio Insights"
halo-infinite-multiplayer,mobygames:tr795,"343 Industries: Analytics, Insights & Customer Services - Studio Insights"
halo-infinite-multiplayer,mobygames:tr796,"343 Industries: Analytics, Insights & Customer Services - Studio Insights: Pro Team"
halo-infinite-multiplayer,mobygames:tr797,"343 Industries: Analytics, Insights & Customer Services - Studio Insights: Pro Team"
halo-infinite-multiplayer,mobygames:tr798,"343 Industries: Analytics, Insights & Customer Services - Studio Insights: Pro Team"
halo-infinite-multiplayer,mobygames:tr799,"343 Industries: Analytics, Insights & Customer Services - Studio Insights: Playtest"
halo-infinite-multiplayer,mobygames:tr8,343 Industries: Art Team - Animation: Character Animation
halo-infinite-multiplayer,mobygames:tr80,343 Industries: Art Team - Technical Writing & Learning
halo-infinite-multiplayer,mobygames:tr800,"343 Industries: Analytics, Insights & Customer Services - Studio Insights: Playtest"
halo-infinite-multiplayer,mobygames:tr801,"343 Industries: Analytics, Insights & Customer Services - Studio Insights: Playtest"
halo-infinite-multiplayer,mobygames:tr802,"343 Industries: Analytics, Insights & Customer Services - Analytics & Insights Production"
halo-infinite-multiplayer,mobygames:tr803,"343 Industries: Analytics, Insights & Customer Services - Analytics & Insights Production"
halo-infinite-multiplayer,mobygames:tr804,"343 Industries: Analytics, Insights & Customer Services - Customer Services: Halo Support"
halo-infinite-multiplayer,mobygames:tr805,"343 Industries: Analytics, Insights & Customer Services - Customer Services: Halo Support"
halo-infinite-multiplayer,mobygames:tr806,"343 Industries: Analytics, Insights & Customer Services - Customer Services: Halo Support"
halo-infinite-multiplayer,mobygames:tr807,"343 Industries: Analytics, Insights & Customer Services - Customer Services: Customer Relationship Management"
halo-infinite-multiplayer,mobygames:tr808,"343 Industries: Analytics, Insights & Customer Services - Customer Services: Customer Relationship Management"
halo-infinite-multiplayer,mobygames:tr809,343 Industries: Business Teams - Administration
halo-infinite-multiplayer,mobygames:tr81,343 Industries: Art Team - Technical Writing & Learning
halo-infinite-multiplayer,mobygames:tr810,343 Industries: Business Teams - Administration
halo-infinite-multiplayer,mobygames:tr811,343 Industries: Business Teams - Administration
halo-infinite-multiplayer,mobygames:tr812,343 Industries: Business Teams - Business Development
halo-infinite-multiplayer,mobygames:tr813,343 Industries: Business Teams - Business Development
halo-infinite-multiplayer,mobygames:tr814,343 Industries: Business Teams - Business Development
halo-infinite-multiplayer,mobygames:tr815,343 Industries: Business Teams - Business Management
halo-infinite-multiplayer,mobygames:tr816,343 Industries: Business Teams - Business Management
halo-infinite-multiplayer,mobygames:tr817,343 Industries: Business Teams - Business Management
halo-infinite-multiplayer,mobygames:tr818,343 Industries: Business Teams - Business Management: Business Operations
halo-infinite-multiplayer,mobygames:tr819,343 Industries: Business Teams - Business Management: Business Operations
halo-infinite-multiplayer,mobygames:tr82,343 Industries: Art Team - User Interface
halo-infinite-multiplayer,mobygames:tr820,343 Industries: Business Teams - Community
halo-infinite-multiplayer,mobygames:tr821,343 Industries: Business Teams - Community
halo-infinite-multiplayer,mobygames:tr822,343 Industries: Business Teams - Community
halo-infinite-multiplayer,mobygames:tr823,343 Industries: Business Teams - Esports
halo-infinite-multiplayer,mobygames:tr824,343 Industries: Business Teams - Esports
halo-infinite-multiplayer,mobygames:tr825,343 Industries: Business Teams - Esports
halo-infinite-multiplayer,mobygames:tr826,343 Industries: Business Teams - Finance
halo-infinite-multiplayer,mobygames:tr827,343 Industries: Business Teams - Finance
halo-infinite-multiplayer,mobygames:tr828,343 Industries: Business Teams - Human Resources
halo-infinite-multiplayer,mobygames:tr829,343 Industries: Business Teams - Human Resources
halo-infinite-multiplayer,mobygames:tr83,343 Industries: Art Team - User Interface
halo-infinite-multiplayer,mobygames:tr830,343 Industries: Business Teams - Human Resources
halo-infinite-multiplayer,mobygames:tr831,343 Industries: Business Teams - Legal
halo-infinite-multiplayer,mobygames:tr832,343 Industries: Business Teams - Legal
halo-infinite-multiplayer,mobygames:tr833,343 Industries: Business Teams - Legal
halo-infinite-multiplayer,mobygames:tr834,343 Industries: Business Teams - Recruitment
halo-infinite-multiplayer,mobygames:tr835,343 Industries: Business Teams - Recruitment
halo-infinite-multiplayer,mobygames:tr836,343 Industries: Employee Experience Team
halo-infinite-multiplayer,mobygames:tr837,343 Industries: Employee Experience Team
halo-infinite-multiplayer,mobygames:tr838,343 Industries: Employee Experience Team
halo-infinite-multiplayer,mobygames:tr839,343 Industries: Franchise Team
halo-infinite-multiplayer,mobygames:tr84,343 Industries: Art Team - User Interface
halo-infinite-multiplayer,mobygames:tr840,343 Industries: Franchise Team
halo-infinite-multiplayer,mobygames:tr841,343 Industries: Franchise Team
halo-infinite-multiplayer,mobygames:tr842,343 Industries: Franchise Team
halo-infinite-multiplayer,mobygames:tr843,343 Industries: Franchise Team
halo-infinite-multiplayer,mobygames:tr844,343 Industries: Franchise Team
halo-infinite-multiplayer,mobygames:tr845,343 Industries: Franchise Team
halo-infinite-multiplayer,mobygames:tr846,343 Industries: Franchise Team
halo-infinite-multiplayer,mobygames:tr847,343 Industries: Localization - Production
halo-infinite-multiplayer,mobygames:tr848,343 Industries: Localization - Production
halo-infinite-multiplayer,mobygames:tr849,343 Industries: Localization - Production
halo-infinite-multiplayer,mobygames:tr85,343 Industries: Art Team - User Interface
halo-infinite-multiplayer,mobygames:tr850,343 Industries: Localization - Test
halo-infinite-multiplayer,mobygames:tr851,343 Industries: Localization - Test
halo-infinite-multiplayer,mobygames:tr852,343 Industries: Localization - Test
halo-infinite-multiplayer,mobygames:tr853,343 Industries: Localization - Test
halo-infinite-multiplayer,mobygames:tr854,343 Industries: Localization - Test
halo-infinite-multiplayer,mobygames:tr855,343 Industries: Localization - Test
halo-infinite-multiplayer,mobygames:tr856,343 Industries: Localization - Test
halo-infinite-multiplayer,mobygames:tr857,343 Industries: Localization - Test
halo-infinite-multiplayer,mobygames:tr858,343 Industries: Localization - Test
halo-infinite-multiplayer,mobygames:tr859,343 Industries: Localization - Test
halo-infinite-multiplayer,mobygames:tr86,343 Industries: Art Team - Workflow UX/UI
halo-infinite-multiplayer,mobygames:tr860,343 Industries: Localization - Test
halo-infinite-multiplayer,mobygames:tr861,343 Industries: Localization - Test
halo-infinite-multiplayer,mobygames:tr862,343 Industries: Localization - Test
halo-infinite-multiplayer,mobygames:tr863,343 Industries: Localization - Test
halo-infinite-multiplayer,mobygames:tr864,343 Industries: Localization - Test
halo-infinite-multiplayer,mobygames:tr865,343 Industries: Localization - Audio
halo-infinite-multiplayer,mobygames:tr866,343 Industries: Localization - Audio
halo-infinite-multiplayer,mobygames:tr867,343 Industries: Marketing Teams - 343 Industries
halo-infinite-multiplayer,mobygames:tr868,343 Industries: Marketing Teams - 343 Industries
halo-infinite-multiplayer,mobygames:tr869,343 Industries: Marketing Teams - 343 Industries
halo-infinite-multiplayer,mobygames:tr87,343 Industries: Art Team - Workflow UX/UI
halo-infinite-multiplayer,mobygames:tr870,343 Industries: Marketing Teams - 343 Industries
halo-infinite-multiplayer,mobygames:tr871,343 Industries: Marketing Teams - 343 Industries: Communications
halo-infinite-multiplayer,mobygames:tr872,343 Industries: Marketing Teams - 343 Industries: Communications
halo-infinite-multiplayer,mobygames:tr873,343 Industries: Marketing Teams - 343 Industries: Communications
halo-infinite-multiplayer,mobygames:tr874,343 Industries: Marketing Teams - 343 Industries: Design
halo-infinite-multiplayer,mobygames:tr875,343 Industries: Marketing Teams - 343 Industries: Design
halo-infinite-multiplayer,mobygames:tr876,343 Industries: Public Relations
halo-infinite-multiplayer,mobygames:tr877,343 Industries: Public Relations
halo-infinite-multiplayer,mobygames:tr878,343 Industries: Public Relations
halo-infinite-multiplayer,mobygames:tr879,343 Industries: Publishing Teams - Production
halo-infinite-multiplayer,mobygames:tr88,343 Industries: Audio Team
halo-infinite-multiplayer,mobygames:tr880,343 Industries: Publishing Teams - Production
halo-infinite-multiplayer,mobygames:tr881,343 Industries: Publishing Teams - Production
halo-infinite-multiplayer,mobygames:tr882,343 Industries: Publishing Teams - Production
halo-infinite-multiplayer,mobygames:tr883,343 Industries: Publishing Teams - Engineering
halo-infinite-multiplayer,mobygames:tr884,343 Industries: Publishing Teams - Engineering
halo-infinite-multiplayer,mobygames:tr885,343 Industries: Publishing Teams - Engineering
halo-infinite-multiplayer,mobygames:tr886,343 Industries: Publishing Teams - Engineering
halo-infinite-multiplayer,mobygames:tr887,343 Industries: Publishing Teams - Engineering
halo-infinite-multiplayer,mobygames:tr888,343 Industries: Publishing Teams - Design
halo-infinite-multiplayer,mobygames:tr889,343 Industries: Publishing Teams - Design
halo-infinite-multiplayer,mobygames:tr89,343 Industries: Audio Team
halo-infinite-multiplayer,mobygames:tr890,343 Industries: Publishing Teams - Design
halo-infinite-multiplayer,mobygames:tr891,343 Industries: Publishing Teams - Art
halo-infinite-multiplayer,mobygames:tr892,343 Industries: Publishing Teams - Art
halo-infinite-multiplayer,mobygames:tr893,343 Industries: Publishing Teams - Art
halo-infinite-multiplayer,mobygames:tr894,343 Industries: Publishing Teams - Release Management
halo-infinite-multiplayer,mobygames:tr895,343 Industries: Publishing Teams - Release Management
halo-infinite-multiplayer,mobygames:tr896,343 Industries: Publishing Teams - Studios Quality
halo-infinite-multiplayer,mobygames:tr897,343 Industries: Publishing Teams - Studios Quality
halo-infinite-multiplayer,mobygames:tr898,343 Industries: Publishing Teams - Studios Quality
halo-infinite-multiplayer,mobygames:tr899,343 Industries: Sigma
halo-infinite-multiplayer,mobygames:tr9,343 Industries: Art Team - Animation: Character Animation
halo-infinite-multiplayer,mobygames:tr90,343 Industries: Audio Team - Design
halo-infinite-multiplayer,mobygames:tr900,343 Industries: Sigma
halo-infinite-multiplayer,mobygames:tr901,343 Industries: Sigma
halo-infinite-multiplayer,mobygames:tr902,343 Industries: Sigma
halo-infinite-multiplayer,mobygames:tr903,343 Industries: Sigma
halo-infinite-multiplayer,mobygames:tr904,343 Industries: Sigma
halo-infinite-multiplayer,mobygames:tr905,343 Industries: Sigma
halo-infinite-multiplayer,mobygames:tr906,343 Industries: Team Xbox
halo-infinite-multiplayer,mobygames:tr907,343 Industries: Team Xbox
halo-infinite-multiplayer,mobygames:tr908,343 Industries: Team Xbox
halo-infinite-multiplayer,mobygames:tr909,343 Industries: Team Xbox
halo-infinite-multiplayer,mobygames:tr91,343 Industries: Audio Team - Design
halo-infinite-multiplayer,mobygames:tr910,343 Industries: Team Xbox
halo-infinite-multiplayer,mobygames:tr911,343 Industries: Transmedia
halo-infinite-multiplayer,mobygames:tr912,343 Industries: Transmedia
halo-infinite-multiplayer,mobygames:tr913,343 Industries: Transmedia
halo-infinite-multiplayer,mobygames:tr914,343 Industries: Transmedia - Consumer Products
halo-infinite-multiplayer,mobygames:tr915,343 Industries: Transmedia - Consumer Products
halo-infinite-multiplayer,mobygames:tr916,343 Industries: Transmedia - Consumer Products
halo-infinite-multiplayer,mobygames:tr917,343 Industries: Transmedia - Consumer Products
halo-infinite-multiplayer,mobygames:tr918,343 Industries: Transmedia - Consumer Products
halo-infinite-multiplayer,mobygames:tr919,343 Industries: Transmedia - Consumer Products
halo-infinite-multiplayer,mobygames:tr92,343 Industries: Audio Team - Design
halo-infinite-multiplayer,mobygames:tr920,343 Industries: Transmedia - Consumer Products
halo-infinite-multiplayer,mobygames:tr921,343 Industries: Transmedia - Consumer Products
halo-infinite-multiplayer,mobygames:tr922,343 Industries: Transmedia - Consumer Products
halo-infinite-multiplayer,mobygames:tr923,343 Industries: Transmedia - Content Production
halo-infinite-multiplayer,mobygames:tr924,343 Industries: Transmedia - Content Production
halo-infinite-multiplayer,mobygames:tr925,343 Industries: Transmedia - Content Production
halo-infinite-multiplayer,mobygames:tr926,343 Industries: Transmedia - Content Production
halo-infinite-multiplayer,mobygames:tr927,343 Industries: Transmedia - Content Production
halo-infinite-multiplayer,mobygames:tr928,343 Industries: Transmedia - Content Production
halo-infinite-multiplayer,mobygames:tr929,343 Industries: Transmedia - Waypoint and Ecosystem
halo-infinite-multiplayer,mobygames:tr93,343 Industries: Audio Team - Design
halo-infinite-multiplayer,mobygames:tr930,343 Industries: Transmedia - Waypoint and Ecosystem
halo-infinite-multiplayer,mobygames:tr931,343 Industries: Transmedia - Waypoint and Ecosystem
halo-infinite-multiplayer,mobygames:tr932,343 Industries: Transmedia - Waypoint and Ecosystem
halo-infinite-multiplayer,mobygames:tr933,343 Industries: Transmedia - Waypoint and Ecosystem
halo-infinite-multiplayer,mobygames:tr934,343 Industries: Transmedia - Oni
halo-infinite-multiplayer,mobygames:tr935,343 Industries: Transmedia - Oni
halo-infinite-multiplayer,mobygames:tr936,343 Industries: Transmedia - Oni
halo-infinite-multiplayer,mobygames:tr937,343 Industries: Transmedia - Oni
halo-infinite-multiplayer,mobygames:tr938,343 Industries: Transmedia - Oni
halo-infinite-multiplayer,mobygames:tr939,343 Industries: Transmedia - Oni
halo-infinite-multiplayer,mobygames:tr94,343 Industries: Audio Team - Design
halo-infinite-multiplayer,mobygames:tr940,343 Industries: Transmedia - Oni
halo-infinite-multiplayer,mobygames:tr941,343 Industries: Transmedia - Oni
halo-infinite-multiplayer,mobygames:tr942,343 Industries: Transmedia - Oni
halo-infinite-multiplayer,mobygames:tr943,343 Industries: Xbox Studio Services - Studios DAM
halo-infinite-multiplayer,mobygames:tr944,343 Industries: Xbox Studio Services - Studios DAM
halo-infinite-multiplayer,mobygames:tr945,343 Industries: Xbox Studio Services - XGS Development Services Security
halo-infinite-multiplayer,mobygames:tr946,343 Industries: Xbox Studio Services - XGS Development Services Security
halo-infinite-multiplayer,mobygames:tr947,343 Industries: User Research - Director of Xbox Research
halo-infinite-multiplayer,mobygames:tr948,343 Industries: User Research - Director of Xbox Research
halo-infinite-multiplayer,mobygames:tr949,343 Industries: User Research - Xbox Research Manager
halo-infinite-multiplayer,mobygames:tr95,343 Industries: Audio Team - Music
halo-infinite-multiplayer,mobygames:tr950,343 Industries: User Research - Xbox Research Manager
halo-infinite-multiplayer,mobygames:tr951,343 Industries: User Research - Xbox Research Lead
halo-infinite-multiplayer,mobygames:tr952,343 Industries: User Research - Xbox Research Lead
halo-infinite-multiplayer,mobygames:tr953,343 Industries: User Research - Xbox Researchers
halo-infinite-multiplayer,mobygames:tr954,343 Industries: User Research - Xbox Researchers
halo-infinite-multiplayer,mobygames:tr955,343 Industries: User Research - Xbox Researchers
halo-infinite-multiplayer,mobygames:tr956,Performance Cast and Crew: Main Voice & Performance Cast
halo-infinite-multiplayer,mobygames:tr957,Performance Cast and Crew: Main Voice & Performance Cast
halo-infinite-multiplayer,mobygames:tr958,Performance Cast and Crew: Main Voice & Performance Cast
halo-infinite-multiplayer,mobygames:tr959,Performance Cast and Crew: Main Voice & Performance Cast
halo-infinite-multiplayer,mobygames:tr96,343 Industries: Audio Team - Music
halo-infinite-multiplayer,mobygames:tr960,Performance Cast and Crew: Main Voice & Performance Cast
halo-infinite-multiplayer,mobygames:tr961,Performance Cast and Crew: Main Voice & Performance Cast
halo-infinite-multiplayer,mobygames:tr962,Performance Cast and Crew: Main Voice & Performance Cast
halo-infinite-multiplayer,mobygames:tr963,Performance Cast and Crew: Main Voice & Performance Cast
halo-infinite-multiplayer,mobygames:tr964,Performance Cast and Crew: Main Voice & Performance Cast
halo-infinite-multiplayer,mobygames:tr965,Performance Cast and Crew: Main Voice & Performance Cast
halo-infinite-multiplayer,mobygames:tr966,Performance Cast and Crew: Main Voice & Performance Cast
halo-infinite-multiplayer,mobygames:tr967,Performance Cast and Crew: Main Voice & Performance Cast
halo-infinite-multiplayer,mobygames:tr968,Performance Cast and Crew: Main Voice & Performance Cast
halo-infinite-multiplayer,mobygames:tr969,Performance Cast and Crew: Main Voice & Performance Cast
halo-infinite-multiplayer,mobygames:tr97,343 Industries: Audio Team - Music
halo-infinite-multiplayer,mobygames:tr970,Performance Cast and Crew: Main Voice & Performance Cast
halo-infinite-multiplayer,mobygames:tr971,Performance Cast and Crew: Main Voice & Performance Cast
halo-infinite-multiplayer,mobygames:tr972,Performance Cast and Crew: Main Voice & Performance Cast
halo-infinite-multiplayer,mobygames:tr973,Performance Cast and Crew: Main Voice & Performance Cast
halo-infinite-multiplayer,mobygames:tr974,Performance Cast and Crew: Main Voice & Performance Cast
halo-infinite-multiplayer,mobygames:tr975,Performance Cast and Crew: Main Voice & Performance Cast
halo-infinite-multiplayer,mobygames:tr976,Performance Cast and Crew: Main Voice & Performance Cast
halo-infinite-multiplayer,mobygames:tr977,Performance Cast and Crew: Main Voice & Performance Cast
halo-infinite-multiplayer,mobygames:tr978,Performance Cast and Crew: Main Voice & Performance Cast
halo-infinite-multiplayer,mobygames:tr979,Performance Cast and Crew: Main Voice & Performance Cast
halo-infinite-multiplayer,mobygames:tr98,343 Industries: Audio Team - Music
halo-infinite-multiplayer,mobygames:tr980,Performance Cast and Crew: Main Voice & Performance Cast
halo-infinite-multiplayer,mobygames:tr981,Performance Cast and Crew: Main Voice & Performance Cast
halo-infinite-multiplayer,mobygames:tr982,Performance Cast and Crew: Main Voice & Performance Cast
halo-infinite-multiplayer,mobygames:tr983,Performance Cast and Crew: Main Voice & Performance Cast
halo-infinite-multiplayer,mobygames:tr984,Performance Cast and Crew: Main Voice & Performance Cast
halo-infinite-multiplayer,mobygames:tr985,Performance Cast and Crew: Main Voice & Performance Cast
halo-infinite-multiplayer,mobygames:tr986,Performance Cast and Crew: Main Voice & Performance Cast
halo-infinite-multiplayer,mobygames:tr987,Performance Cast and Crew: Main Voice & Performance Cast
halo-infinite-multiplayer,mobygames:tr988,Performance Cast and Crew: Main Voice & Performance Cast
halo-infinite-multiplayer,mobygames:tr989,Performance Cast and Crew: Additional Voices
halo-infinite-multiplayer,mobygames:tr99,343 Industries: Audio Team - Technical Design
halo-infinite-multiplayer,mobygames:tr990,Performance Cast and Crew: Additional Voices
halo-infinite-multiplayer,mobygames:tr991,Performance Cast and Crew: Motion Capture Actors
halo-infinite-multiplayer,mobygames:tr992,Performance Cast and Crew: Motion Capture Actors
halo-infinite-multiplayer,mobygames:tr993,Performance Cast and Crew: Casting
halo-infinite-multiplayer,mobygames:tr994,Performance Cast and Crew: Casting
halo-infinite-multiplayer,mobygames:tr995,Performance Cast and Crew: Dialog & Motion Capture Recording
halo-infinite-multiplayer,mobygames:tr996,Performance Cast and Crew: Dialog & Motion Capture Recording
halo-infinite-multiplayer,mobygames:tr997,Performance Cast and Crew: Dialog & Motion Capture Recording
halo-infinite-multiplayer,mobygames:tr998,Performance Cast and Crew: Dialog & Motion Capture Recording
halo-infinite-multiplayer,mobygames:tr999,Performance Cast and Crew: Dialog & Motion Capture Recording
halo-mcc,mobygames:tr0,Xbox One credits (2014)
halo-mcc,mobygames:tr1,Halo 2A: 343 Industries - Publishing
halo-mcc,mobygames:tr10,Halo 2A: 343 Industries - Publishing
halo-mcc,mobygames:tr100,Halo 2A: Audio - Finishing Move Inc.
halo-mcc,mobygames:tr101,Halo 2A: Audio - Finishing Move Inc.
halo-mcc,mobygames:tr102,Halo 2A: Audio - Finishing Move Inc.
halo-mcc,mobygames:tr103,Halo 2A: Audio - Finishing Move Inc.
halo-mcc,mobygames:tr104,Halo 2A: Audio - Finishing Move Inc.
halo-mcc,mobygames:tr105,Halo 2A: Audio - Finishing Move Inc.
halo-mcc,mobygames:tr106,Halo 2A: Audio - Finishing Move Inc.
halo-mcc,mobygames:tr107,Halo 2A: Audio - Finishing Move Inc.
halo-mcc,mobygames:tr108,Halo 2A: Audio - The Skywalker Symphony Orchestra
halo-mcc,mobygames:tr109,Halo 2A: Audio - The Skywalker Symphony Orchestra
halo-mcc,mobygames:tr11,Halo 2A: 343 Industries - Publishing
halo-mcc,mobygames:tr110,Halo 2A: Audio - The Skywalker Symphony Orchestra
halo-mcc,mobygames:tr111,Halo 2A: Audio - The Skywalker Symphony Orchestra
halo-mcc,mobygames:tr112,Halo 2A: Audio - The Skywalker Symphony Orchestra
halo-mcc,mobygames:tr113,Halo 2A: Audio - The Skywalker Symphony Orchestra
halo-mcc,mobygames:tr114,Halo 2A: Audio - The Skywalker Symphony Orchestra
halo-mcc,mobygames:tr115,Halo 2A: Audio - The Skywalker Symphony Orchestra
halo-mcc,mobygames:tr116,Halo 2A: Audio - The Skywalker Symphony Orchestra
halo-mcc,mobygames:tr117,Halo 2A: Audio - The Skywalker Symphony Orchestra
halo-mcc,mobygames:tr118,Halo 2A: Audio - The Skywalker Symphony Orchestra
halo-mcc,mobygames:tr119,Halo 2A: Audio - The Skywalker Symphony Orchestra
halo-mcc,mobygames:tr12,Halo 2A: 343 Industries - Publishing
halo-mcc,mobygames:tr120,Halo 2A: Audio - The Skywalker Symphony Orchestra
halo-mcc,mobygames:tr121,Halo 2A: Audio - The Skywalker Symphony Orchestra
halo-mcc,mobygames:tr122,Halo 2A: Audio - The Skywalker Symphony Orchestra
halo-mcc,mobygames:tr123,Halo 2A: Audio - The Skywalker Symphony Orchestra
halo-mcc,mobygames:tr124,Halo 2A: Audio - The Skywalker Symphony Orchestra
halo-mcc,mobygames:tr125,Halo 2A: Audio - The Skywalker Chorus
halo-mcc,mobygames:tr126,Halo 2A: Audio - The Skywalker Chorus
halo-mcc,mobygames:tr127,Halo 2A: Audio - The Skywalker Chorus
halo-mcc,mobygames:tr128,Halo 2A: Audio - The Skywalker Chorus
halo-mcc,mobygames:tr129,Halo 2A: Audio - The Skywalker Chorus
halo-mcc,mobygames:tr13,Halo 2A: 343 Industries - Franchise
halo-mcc,mobygames:tr130,Halo 2A: Audio - The San Francisco Boys Chorus
halo-mcc,mobygames:tr131,Halo 2A: Audio - The San Francisco Boys Chorus
halo-mcc,mobygames:tr132,Halo 2A: Audio - The San Francisco Boys Chorus
halo-mcc,mobygames:tr133,Halo 2A: Audio - The San Francisco Boys Chorus
halo-mcc,mobygames:tr134,Halo 2A: Audio - The San Francisco Boys Chorus
halo-mcc,mobygames:tr135,Halo 2A: Audio - The San Francisco Boys Chorus
halo-mcc,mobygames:tr136,Halo 2A: Audio - Source Sound Inc.
halo-mcc,mobygames:tr137,Halo 2A: Audio - Source Sound Inc.
halo-mcc,mobygames:tr138,Halo 2A: Audio - Source Sound Inc.
halo-mcc,mobygames:tr139,Halo 2A: Audio - Source Sound Inc.
halo-mcc,mobygames:tr14,Halo 2A: 343 Industries - Franchise
halo-mcc,mobygames:tr140,Halo 2A: Audio - Source Sound Inc.
halo-mcc,mobygames:tr141,Halo 2A: Audio - Source Sound Inc.
halo-mcc,mobygames:tr142,Halo 2A: Audio - Source Sound Inc.
halo-mcc,mobygames:tr143,Halo 2A: Audio - Source Sound Inc.
halo-mcc,mobygames:tr144,Halo 2A: Audio - Source Sound Inc.
halo-mcc,mobygames:tr145,Halo 2A: Audio - Formosa Interactive - Sound Design
halo-mcc,mobygames:tr146,Halo 2A: Audio - Formosa Interactive - Sound Design
halo-mcc,mobygames:tr147,Halo 2A: Audio - Formosa Interactive - Sound Design
halo-mcc,mobygames:tr148,Halo 2A: Audio - Formosa Interactive - Sound Design
halo-mcc,mobygames:tr149,Halo 2A: Audio - Formosa Interactive - Sound Design
halo-mcc,mobygames:tr15,Halo 2A: 343 Industries - Franchise
halo-mcc,mobygames:tr150,Halo 2A: Audio - Formosa Interactive - Sound Design
halo-mcc,mobygames:tr151,Halo 2A: Audio - Formosa Interactive - Sound Design
halo-mcc,mobygames:tr152,Halo 2A: Audio - Formosa Interactive - Voice Services
halo-mcc,mobygames:tr153,Halo 2A: Audio - Formosa Interactive - Voice Services
halo-mcc,mobygames:tr154,Halo 2A: Audio - Formosa Interactive - Voice Services
halo-mcc,mobygames:tr155,Halo 2A: Audio - Formosa Interactive - Voice Services
halo-mcc,mobygames:tr156,Halo 2A: Audio - Formosa Interactive - Voice Services
halo-mcc,mobygames:tr157,Halo 2A: Audio - Formosa Interactive - Voice Services
halo-mcc,mobygames:tr158,Halo 2A: Audio - Formosa Interactive - Voice Services
halo-mcc,mobygames:tr159,Halo 2A: Audio - Formosa Interactive - Voice Services
halo-mcc,mobygames:tr16,Halo 2A: 343 Industries - Franchise
halo-mcc,mobygames:tr160,Halo 2A: Audio - Formosa Interactive - Voice Services
halo-mcc,mobygames:tr161,Halo 2A: Audio - Formosa Interactive - Voice Services
halo-mcc,mobygames:tr162,Halo 2A: Audio - Formosa Interactive - Voice Services
halo-mcc,mobygames:tr163,Halo 2A: Audio - Voice Talent
halo-mcc,mobygames:tr164,Halo 2A: Audio - Voice Talent
halo-mcc,mobygames:tr165,Halo 2A: Audio - Voice Talent
halo-mcc,mobygames:tr166,Halo 2A: Audio - Voice Talent
halo-mcc,mobygames:tr167,Halo 2A: Audio - Voice Talent
halo-mcc,mobygames:tr168,Halo 2A: Audio - Voice Talent
halo-mcc,mobygames:tr169,Halo 2A: Audio - Voice Talent
halo-mcc,mobygames:tr17,Halo 2A: 343 Industries - Franchise
halo-mcc,mobygames:tr170,Halo 2A: Audio - Voice Talent
halo-mcc,mobygames:tr171,Halo 2A: Audio - Voice Talent
halo-mcc,mobygames:tr172,Halo 2A: Audio - Voice Talent
halo-mcc,mobygames:tr173,Halo 2A: Audio - Voice Talent
halo-mcc,mobygames:tr174,Halo 2A: Xbox - Advanced Technology Group
halo-mcc,mobygames:tr175,Halo 2A: Xbox - Advanced Technology Group
halo-mcc,mobygames:tr176,Halo 2A: Xbox - Advanced Technology Group
halo-mcc,mobygames:tr177,Halo 2A: Xbox - Advanced Technology Group
halo-mcc,mobygames:tr178,Halo 2A: Xbox - Advanced Technology Group
halo-mcc,mobygames:tr179,Halo 2A: Xbox - Advanced Technology Group
halo-mcc,mobygames:tr18,Halo 2A: 343 Industries - Franchise
halo-mcc,mobygames:tr180,Halo 2A: Xbox - Advanced Technology Group
halo-mcc,mobygames:tr181,Halo 2A: Xbox - Advanced Technology Group
halo-mcc,mobygames:tr182,Halo 2A: Xbox - Advanced Technology Group
halo-mcc,mobygames:tr183,Halo 2A: Xbox - Xbox Platform
halo-mcc,mobygames:tr184,Halo 2A: Xbox - Xbox Platform
halo-mcc,mobygames:tr185,Halo 2A: Xbox - Xbox Platform
halo-mcc,mobygames:tr186,Halo 2A: Xbox - Xbox Platform
halo-mcc,mobygames:tr187,Halo 2A: Xbox - Xbox Platform
halo-mcc,mobygames:tr188,Halo 2A: Xbox - Xbox Platform
halo-mcc,mobygames:tr189,Halo 2A: Xbox - Xbox Platform
halo-mcc,mobygames:tr19,Halo 2A: 343 Industries - Franchise
halo-mcc,mobygames:tr190,Halo 2A: Xbox - Xbox Platform
halo-mcc,mobygames:tr191,Halo 2A: Xbox - Xbox Platform
halo-mcc,mobygames:tr192,Halo 2A: Xbox - Xbox Platform
halo-mcc,mobygames:tr193,Halo 2A: Xbox - Xbox Platform
halo-mcc,mobygames:tr194,Halo 2A: Xbox - Xbox Platform
halo-mcc,mobygames:tr195,Halo 2A: Xbox - Xbox Platform
halo-mcc,mobygames:tr196,Halo 2A: Xbox - Xbox Platform
halo-mcc,mobygames:tr197,Halo 2A: Xbox - Xbox Platform
halo-mcc,mobygames:tr198,Halo 2A: Xbox - Xbox Platform
halo-mcc,mobygames:tr199,Halo 2A: Xbox - Xbox Platform
halo-mcc,mobygames:tr2,Halo 2A: 343 Industries - Publishing
halo-mcc,mobygames:tr20,Halo 2A: 343 Industries - Franchise
halo-mcc,mobygames:tr200,Halo 2A: Xbox - Xbox Platform
halo-mcc,mobygames:tr201,Halo 2A: Xbox - Xbox Platform
halo-mcc,mobygames:tr202,Halo 2A: Xbox - Xbox Platform
halo-mcc,mobygames:tr203,Halo 2A: Xbox - Xbox Platform
halo-mcc,mobygames:tr204,Halo 2A: Xbox - User Research
halo-mcc,mobygames:tr205,Halo 2A: Xbox - User Research
halo-mcc,mobygames:tr206,Halo 2A: Xbox - User Research
halo-mcc,mobygames:tr207,Halo 2A: Xbox - User Research
halo-mcc,mobygames:tr208,Halo 2A: Xbox - User Research
halo-mcc,mobygames:tr209,Halo 2A: Xbox - Halo Babies
halo-mcc,mobygames:tr21,Halo 2A: 343 Industries - Management & Administration
halo-mcc,mobygames:tr210,Halo 2A: Xbox - Halo Babies
halo-mcc,mobygames:tr211,Halo 2A: 343 Industries - Special Thanks
halo-mcc,mobygames:tr212,Halo 2A: 343 Industries - Special Thanks
halo-mcc,mobygames:tr213,Halo 2A: Blur
halo-mcc,mobygames:tr214,Halo 2A: Blur
halo-mcc,mobygames:tr215,Halo 2A: Blur
halo-mcc,mobygames:tr216,Halo 2A: Blur
halo-mcc,mobygames:tr217,Halo 2A: Blur
halo-mcc,mobygames:tr218,Halo 2A: Blur
halo-mcc,mobygames:tr219,Halo 2A: Blur
halo-mcc,mobygames:tr22,Halo 2A: 343 Industries - Management & Administration
halo-mcc,mobygames:tr220,Halo 2A: Blur
halo-mcc,mobygames:tr221,Halo 2A: Blur
halo-mcc,mobygames:tr222,Halo 2A: Blur
halo-mcc,mobygames:tr223,Halo 2A: Blur
halo-mcc,mobygames:tr224,Halo 2A: Blur
halo-mcc,mobygames:tr225,Halo 2A: Blur
halo-mcc,mobygames:tr226,Halo 2A: Blur
halo-mcc,mobygames:tr227,Halo 2A: Blur - Layout and Editorial
halo-mcc,mobygames:tr228,Halo 2A: Blur - Layout and Editorial
halo-mcc,mobygames:tr229,Halo 2A: Blur - Layout and Editorial
halo-mcc,mobygames:tr23,Halo 2A: 343 Industries - Management & Administration
halo-mcc,mobygames:tr230,Halo 2A: Blur - Layout and Editorial
halo-mcc,mobygames:tr231,Halo 2A: Blur - Character Modeling
halo-mcc,mobygames:tr232,Halo 2A: Blur - Character Modeling
halo-mcc,mobygames:tr233,Halo 2A: Blur - Character Modeling
halo-mcc,mobygames:tr234,Halo 2A: Blur - Rigging
halo-mcc,mobygames:tr235,Halo 2A: Blur - Rigging
halo-mcc,mobygames:tr236,Halo 2A: Blur - Rigging
halo-mcc,mobygames:tr237,Halo 2A: Blur - Animation
halo-mcc,mobygames:tr238,Halo 2A: Blur - Animation
halo-mcc,mobygames:tr239,Halo 2A: Blur - Animation
halo-mcc,mobygames:tr24,Halo 2A: 343 Industries - Management & Administration
halo-mcc,mobygames:tr240,Halo 2A: Blur - Cloth and Hair Simulation
halo-mcc,mobygames:tr241,Halo 2A: Blur - Cloth and Hair Simulation
halo-mcc,mobygames:tr242,Halo 2A: Blur - Cloth and Hair Simulation
halo-mcc,mobygames:tr243,Halo 2A: Blur - Cloth and Hair Simulation
halo-mcc,mobygames:tr244,Halo 2A: Blur - Prop and Vehicle Modeling
halo-mcc,mobygames:tr245,Halo 2A: Blur - Prop and Vehicle Modeling
halo-mcc,mobygames:tr246,Halo 2A: Blur - Prop and Vehicle Modeling
halo-mcc,mobygames:tr247,Halo 2A: Blur - Environment Modeling
halo-mcc,mobygames:tr248,Halo 2A: Blur - Environment Modeling
halo-mcc,mobygames:tr249,Halo 2A: Blur - Environment Modeling
halo-mcc,mobygames:tr25,Halo 2A: 343 Industries - Management & Administration
halo-mcc,mobygames:tr250,Halo 2A: Blur - Scene Assembly
halo-mcc,mobygames:tr251,Halo 2A: Blur - Scene Assembly
halo-mcc,mobygames:tr252,Halo 2A: Blur - Scene Assembly
halo-mcc,mobygames:tr253,Halo 2A: Blur - Scene Assembly
halo-mcc,mobygames:tr254,Halo 2A: Blur - User Interface Graphics
halo-mcc,mobygames:tr255,Halo 2A: Blur - User Interface Graphics
halo-mcc,mobygames:tr256,Halo 2A: Blur - User Interface Graphics
halo-mcc,mobygames:tr257,Halo 2A: Blur - Matte Painting
halo-mcc,mobygames:tr258,Halo 2A: Blur - Matte Painting
halo-mcc,mobygames:tr259,Halo 2A: Blur - Matte Painting
halo-mcc,mobygames:tr26,Halo 2A: 343 Industries - Business
halo-mcc,mobygames:tr260,Halo 2A: Blur - FX
halo-mcc,mobygames:tr261,Halo 2A: Blur - FX
halo-mcc,mobygames:tr262,Halo 2A: Blur - Production
halo-mcc,mobygames:tr263,Halo 2A: Blur - Production
halo-mcc,mobygames:tr264,Halo 2A: Blur - Production
halo-mcc,mobygames:tr265,Halo 2A: Blur - Production
halo-mcc,mobygames:tr266,Halo 2A: Blur - Production
halo-mcc,mobygames:tr267,Halo 2A: Blur - Production
halo-mcc,mobygames:tr268,Halo 2A: Blur - Concept Design
halo-mcc,mobygames:tr269,Halo 2A: Blur - Concept Design
halo-mcc,mobygames:tr27,Halo 2A: 343 Industries - Business
halo-mcc,mobygames:tr270,Halo 2A: Blur - Information Technology
halo-mcc,mobygames:tr271,Halo 2A: Blur - Information Technology
halo-mcc,mobygames:tr272,Halo 2A: Blur - Information Technology
halo-mcc,mobygames:tr273,Halo 2A: Blur - Information Technology
halo-mcc,mobygames:tr274,Halo 2A: Blur - Information Technology
halo-mcc,mobygames:tr275,Halo 2A: Blur - Programming and Pipeline Development
halo-mcc,mobygames:tr276,Halo 2A: Blur - Programming and Pipeline Development
halo-mcc,mobygames:tr277,Halo 2A: Blur - Programming and Pipeline Development
halo-mcc,mobygames:tr278,Halo 2A: Blur - Company Management & Administration
halo-mcc,mobygames:tr279,Halo 2A: Blur - Company Management & Administration
halo-mcc,mobygames:tr28,Halo 2A: 343 Industries - Business
halo-mcc,mobygames:tr280,Halo 2A: Blur - Company Management & Administration
halo-mcc,mobygames:tr281,Halo 2A: Blur - Company Management & Administration
halo-mcc,mobygames:tr282,Halo 2A: Blur - Casting
halo-mcc,mobygames:tr283,Halo 2A: Blur - Casting
halo-mcc,mobygames:tr284,Halo 2A: Blur - Casting
halo-mcc,mobygames:tr285,Halo 2A: Blur - Motion Capture Talent
halo-mcc,mobygames:tr286,Halo 2A: Blur - Motion Capture Talent
halo-mcc,mobygames:tr287,Halo 2A: Blur - Motion Capture Talent
halo-mcc,mobygames:tr288,Halo 2A: Blur - Motion Capture Talent
halo-mcc,mobygames:tr289,Halo 2A: Blur - Motion Capture Talent
halo-mcc,mobygames:tr29,Halo 2A: 343 Industries - Business
halo-mcc,mobygames:tr290,Halo 2A: Blur - Motion Capture Talent
halo-mcc,mobygames:tr291,Halo 2A: Blur - Motion Capture Talent
halo-mcc,mobygames:tr292,Halo 2A: Blur - Motion Capture Talent
halo-mcc,mobygames:tr293,Halo 2A: Blur - Motion Capture Talent
halo-mcc,mobygames:tr294,Halo 2A: Blur - Motion Capture Talent
halo-mcc,mobygames:tr295,Halo 2A: Blur - Motion Capture Talent
halo-mcc,mobygames:tr296,Halo 2A: Blur - Motion Capture Stunts
halo-mcc,mobygames:tr297,Halo 2A: Blur - Motion Capture Stunts
halo-mcc,mobygames:tr298,Halo 2A: Blur - Motion Capture Stunts
halo-mcc,mobygames:tr299,Halo 2A: Blur - Motion Capture Stunts
halo-mcc,mobygames:tr3,Halo 2A: 343 Industries - Publishing
halo-mcc,mobygames:tr30,Halo 2A: 343 Industries - Halo Waypoint & Halo Channel
halo-mcc,mobygames:tr300,Halo 2A: Blur - Motion Capture Stunts
halo-mcc,mobygames:tr301,Halo 2A: Blur - Motion Capture
halo-mcc,mobygames:tr302,Halo 2A: Blur - Motion Capture
halo-mcc,mobygames:tr303,Halo 2A: Blur - Motion Capture
halo-mcc,mobygames:tr304,Halo 2A: Blur - Motion Capture
halo-mcc,mobygames:tr305,Halo 2A: Blur - Motion Capture
halo-mcc,mobygames:tr306,Halo 2A: Blur - Motion Capture
halo-mcc,mobygames:tr307,Halo 2A: Blur - Motion Capture
halo-mcc,mobygames:tr308,Halo 2A: Blur - Facial Scanning and Capture
halo-mcc,mobygames:tr309,Halo 2A: Blur - Facial Scanning and Capture
halo-mcc,mobygames:tr31,Halo 2A: 343 Industries - Halo Waypoint & Halo Channel
halo-mcc,mobygames:tr310,Halo 2A: Blur - Facial Scanning and Capture
halo-mcc,mobygames:tr311,Halo 2A: Certain Affinity - Project Leads
halo-mcc,mobygames:tr312,Halo 2A: Certain Affinity - Project Leads
halo-mcc,mobygames:tr313,Halo 2A: Certain Affinity - Project Leads
halo-mcc,mobygames:tr314,Halo 2A: Certain Affinity - Project Leads
halo-mcc,mobygames:tr315,Halo 2A: Certain Affinity - Project Leads
halo-mcc,mobygames:tr316,Halo 2A: Certain Affinity - Project Leads
halo-mcc,mobygames:tr317,Halo 2A: Certain Affinity - Project Leads
halo-mcc,mobygames:tr318,Halo 2A: Certain Affinity - Art
halo-mcc,mobygames:tr319,Halo 2A: Certain Affinity - Art
halo-mcc,mobygames:tr32,Halo 2A: 343 Industries - Halo Waypoint & Halo Channel
halo-mcc,mobygames:tr320,Halo 2A: Certain Affinity - Art
halo-mcc,mobygames:tr321,Halo 2A: Certain Affinity - Art
halo-mcc,mobygames:tr322,Halo 2A: Certain Affinity - Art
halo-mcc,mobygames:tr323,Halo 2A: Certain Affinity - Art
halo-mcc,mobygames:tr324,Halo 2A: Certain Affinity - Art
halo-mcc,mobygames:tr325,Halo 2A: Certain Affinity - Art
halo-mcc,mobygames:tr326,Halo 2A: Certain Affinity - Art
halo-mcc,mobygames:tr327,Halo 2A: Certain Affinity - Art
halo-mcc,mobygames:tr328,Halo 2A: Certain Affinity - Art
halo-mcc,mobygames:tr329,Halo 2A: Certain Affinity - Art
halo-mcc,mobygames:tr33,Halo 2A: 343 Industries - Halo Waypoint & Halo Channel
halo-mcc,mobygames:tr330,Halo 2A: Certain Affinity - Design
halo-mcc,mobygames:tr331,Halo 2A: Certain Affinity - Design
halo-mcc,mobygames:tr332,Halo 2A: Certain Affinity - Design
halo-mcc,mobygames:tr333,Halo 2A: Certain Affinity - Design
halo-mcc,mobygames:tr334,Halo 2A: Certain Affinity - Design
halo-mcc,mobygames:tr335,Halo 2A: Certain Affinity - Design
halo-mcc,mobygames:tr336,Halo 2A: Certain Affinity - Design
halo-mcc,mobygames:tr337,Halo 2A: Certain Affinity - Design
halo-mcc,mobygames:tr338,Halo 2A: Certain Affinity - Engineering
halo-mcc,mobygames:tr339,Halo 2A: Certain Affinity - Engineering
halo-mcc,mobygames:tr34,Halo 2A: 343 Industries - Halo Waypoint & Halo Channel
halo-mcc,mobygames:tr340,Halo 2A: Certain Affinity - Production
halo-mcc,mobygames:tr341,Halo 2A: Certain Affinity - Production
halo-mcc,mobygames:tr342,Halo 2A: Certain Affinity - Audio
halo-mcc,mobygames:tr343,Halo 2A: Certain Affinity - Audio
halo-mcc,mobygames:tr344,Halo 2A: Certain Affinity - QA
halo-mcc,mobygames:tr345,Halo 2A: Certain Affinity - QA
halo-mcc,mobygames:tr346,Halo 2A: Certain Affinity - Studio Leadership
halo-mcc,mobygames:tr347,Halo 2A: Certain Affinity - Studio Leadership
halo-mcc,mobygames:tr348,Halo 2A: Certain Affinity - Studio Leadership
halo-mcc,mobygames:tr349,Halo 2A: Certain Affinity - Studio Leadership
halo-mcc,mobygames:tr35,Halo 2A: 343 Industries - Halo Waypoint & Halo Channel
halo-mcc,mobygames:tr350,Halo 2A: Certain Affinity - Studio Leadership
halo-mcc,mobygames:tr351,Halo 2A: Certain Affinity - Studio Leadership
halo-mcc,mobygames:tr352,Halo 2A: Certain Affinity - Studio Leadership
halo-mcc,mobygames:tr353,Halo 2A: Certain Affinity - Studio Leadership
halo-mcc,mobygames:tr354,Halo 2A: Certain Affinity - Studio Leadership
halo-mcc,mobygames:tr355,Halo 2A: Certain Affinity - Studio Support
halo-mcc,mobygames:tr356,Halo 2A: Certain Affinity - Studio Support
halo-mcc,mobygames:tr357,Halo 2A: Certain Affinity - Studio Support
halo-mcc,mobygames:tr358,Halo 2A: Certain Affinity - Studio Support
halo-mcc,mobygames:tr359,Halo 2A: Certain Affinity - Studio Support
halo-mcc,mobygames:tr36,Halo 2A: 343 Industries - Development
halo-mcc,mobygames:tr360,Halo 2A: Certain Affinity - Studio Support
halo-mcc,mobygames:tr361,Halo 2A: Certain Affinity - Studio Support
halo-mcc,mobygames:tr362,Halo 2A: Certain Affinity - Studio Support
halo-mcc,mobygames:tr363,Halo 2A: Certain Affinity - Studio Support
halo-mcc,mobygames:tr364,Halo 2A: Certain Affinity - Studio Support
halo-mcc,mobygames:tr365,Halo 2A: Certain Affinity - Studio Support
halo-mcc,mobygames:tr366,Halo 2A: Certain Affinity - Studio Support
halo-mcc,mobygames:tr367,Halo 2A: Certain Affinity - Additional Development
halo-mcc,mobygames:tr368,Halo 2A: Certain Affinity - Additional Development
halo-mcc,mobygames:tr369,Halo 2A: Certain Affinity - Special Thanks
halo-mcc,mobygames:tr37,Halo 2A: 343 Industries - Development
halo-mcc,mobygames:tr370,Halo 2A: Certain Affinity - Special Thanks
halo-mcc,mobygames:tr371,Halo 2A: Saber Interactive - Production
halo-mcc,mobygames:tr372,Halo 2A: Saber Interactive - Production
halo-mcc,mobygames:tr373,Halo 2A: Saber Interactive - Production
halo-mcc,mobygames:tr374,Halo 2A: Saber Interactive - Production
halo-mcc,mobygames:tr375,Halo 2A: Saber Interactive - Production
halo-mcc,mobygames:tr376,Halo 2A: Saber Interactive - Production
halo-mcc,mobygames:tr377,Halo 2A: Saber Interactive - Programming Department
halo-mcc,mobygames:tr378,Halo 2A: Saber Interactive - Programming Department
halo-mcc,mobygames:tr379,Halo 2A: Saber Interactive - Programming Department
halo-mcc,mobygames:tr38,Halo 2A: 343 Industries - Development
halo-mcc,mobygames:tr380,Halo 2A: Saber Interactive - Programming Department
halo-mcc,mobygames:tr381,Halo 2A: Saber Interactive - Programming Department
halo-mcc,mobygames:tr382,Halo 2A: Saber Interactive - Programming Department
halo-mcc,mobygames:tr383,Halo 2A: Saber Interactive - Programming Department
halo-mcc,mobygames:tr384,Halo 2A: Saber Interactive - Programming Department
halo-mcc,mobygames:tr385,Halo 2A: Saber Interactive - Programming Department
halo-mcc,mobygames:tr386,Halo 2A: Saber Interactive - Programming Department
halo-mcc,mobygames:tr387,Halo 2A: Saber Interactive - Programming Department
halo-mcc,mobygames:tr388,Halo 2A: Saber Interactive - Programming Department
halo-mcc,mobygames:tr389,Halo 2A: Saber Interactive - Programming Department
halo-mcc,mobygames:tr39,Halo 2A: 343 Industries - Development
halo-mcc,mobygames:tr390,Halo 2A: Saber Interactive - Programming Department
halo-mcc,mobygames:tr391,Halo 2A: Saber Interactive - Programming Department
halo-mcc,mobygames:tr392,Halo 2A: Saber Interactive - Programming Department
halo-mcc,mobygames:tr393,Halo 2A: Saber Interactive - Programming Department
halo-mcc,mobygames:tr394,Halo 2A: Saber Interactive - Programming Department
halo-mcc,mobygames:tr395,Halo 2A: Saber Interactive - Programming Department
halo-mcc,mobygames:tr396,Halo 2A: Saber Interactive - Programming Department
halo-mcc,mobygames:tr397,Halo 2A: Saber Interactive - Art Department
halo-mcc,mobygames:tr398,Halo 2A: Saber Interactive - Art Department
halo-mcc,mobygames:tr399,Halo 2A: Saber Interactive - Art Department
halo-mcc,mobygames:tr4,Halo 2A: 343 Industries - Publishing
halo-mcc,mobygames:tr40,Halo 2A: 343 Industries - Test
halo-mcc,mobygames:tr400,Halo 2A: Saber Interactive - Art Department
halo-mcc,mobygames:tr401,Halo 2A: Saber Interactive - Art Department
halo-mcc,mobygames:tr402,Halo 2A: Saber Interactive - Art Department
halo-mcc,mobygames:tr403,Halo 2A: Saber Interactive - Art Department
halo-mcc,mobygames:tr404,Halo 2A: Saber Interactive - Art Department
halo-mcc,mobygames:tr405,Halo 2A: Saber Interactive - Art Department
halo-mcc,mobygames:tr406,Halo 2A: Saber Interactive - Art Department
halo-mcc,mobygames:tr407,Halo 2A: Saber Interactive - Art Department
halo-mcc,mobygames:tr408,Halo 2A: Saber Interactive - Art Department
halo-mcc,mobygames:tr409,Halo 2A: Saber Interactive - Art Department
halo-mcc,mobygames:tr41,Halo 2A: 343 Industries - Test
halo-mcc,mobygames:tr410,Halo 2A: Saber Interactive - Art Department
halo-mcc,mobygames:tr411,Halo 2A: Saber Interactive - Art Department
halo-mcc,mobygames:tr412,Halo 2A: Saber Interactive - Art Department
halo-mcc,mobygames:tr413,Halo 2A: Saber Interactive - Art Department
halo-mcc,mobygames:tr414,Halo 2A: Saber Interactive - Art Department
halo-mcc,mobygames:tr415,Halo 2A: Saber Interactive - Art Department
halo-mcc,mobygames:tr416,Halo 2A: Saber Interactive - Art Department
halo-mcc,mobygames:tr417,Halo 2A: Saber Interactive - Art Department
halo-mcc,mobygames:tr418,Halo 2A: Saber Interactive - Art Department
halo-mcc,mobygames:tr419,Halo 2A: Saber Interactive - Art Department
halo-mcc,mobygames:tr42,Halo 2A: 343 Industries - Test
halo-mcc,mobygames:tr420,Halo 2A: Saber Interactive - Art Department
halo-mcc,mobygames:tr421,Halo 2A: Saber Interactive - Art Department
halo-mcc,mobygames:tr422,Halo 2A: Saber Interactive - Art Department
halo-mcc,mobygames:tr423,Halo 2A: Saber Interactive - Art Department
halo-mcc,mobygames:tr424,Halo 2A: Saber Interactive - Art Department
halo-mcc,mobygames:tr425,Halo 2A: Saber Interactive - Art Department
halo-mcc,mobygames:tr426,Halo 2A: Saber Interactive - Art Department
halo-mcc,mobygames:tr427,Halo 2A: Saber Interactive - Art Department
halo-mcc,mobygames:tr428,Halo 2A: Saber Interactive - Art Department
halo-mcc,mobygames:tr429,Halo 2A: Saber Interactive - Art Department
halo-mcc,mobygames:tr43,Halo 2A: 343 Industries - Test
halo-mcc,mobygames:tr430,Halo 2A: Saber Interactive - Art Department
halo-mcc,mobygames:tr431,Halo 2A: Saber Interactive - Art Department
halo-mcc,mobygames:tr432,Halo 2A: Saber Interactive - Art Department
halo-mcc,mobygames:tr433,Halo 2A: Saber Interactive - Art Department
halo-mcc,mobygames:tr434,Halo 2A: Saber Interactive - Art Department
halo-mcc,mobygames:tr435,Halo 2A: Saber Interactive - Art Department
halo-mcc,mobygames:tr436,Halo 2A: Saber Interactive - QA Department
halo-mcc,mobygames:tr437,Halo 2A: Saber Interactive - QA Department
halo-mcc,mobygames:tr438,Halo 2A: Saber Interactive - QA Department
halo-mcc,mobygames:tr439,Halo 2A: Saber Interactive - QA Department
halo-mcc,mobygames:tr44,Halo 2A: 343 Industries - Test
halo-mcc,mobygames:tr440,Halo 2A: Saber Interactive - QA Department
halo-mcc,mobygames:tr441,Halo 2A: Saber Interactive - Support
halo-mcc,mobygames:tr442,Halo 2A: Saber Interactive - Support
halo-mcc,mobygames:tr443,Halo 2A: Saber Interactive - Support
halo-mcc,mobygames:tr444,Halo 2A: Saber Interactive - Support
halo-mcc,mobygames:tr445,Halo 2A: Saber Interactive - Support
halo-mcc,mobygames:tr446,Halo 2A: Saber Interactive - Support
halo-mcc,mobygames:tr447,Halo 2A: Saber Interactive - Support
halo-mcc,mobygames:tr448,Halo 2A: Saber Interactive - Support
halo-mcc,mobygames:tr449,Halo 2A: Saber Interactive - Saber-Kiev
halo-mcc,mobygames:tr45,Halo 2A: 343 Industries - Programming
halo-mcc,mobygames:tr450,Halo 2A: Saber Interactive - Saber-Kiev
halo-mcc,mobygames:tr451,Halo 2A: Saber Interactive - Saber-Kiev
halo-mcc,mobygames:tr452,Halo 2A: Saber Interactive - Saber-Kiev
halo-mcc,mobygames:tr453,Halo 2A: Saber Interactive - Saber-Kiev
halo-mcc,mobygames:tr454,Halo 2A: Saber Interactive - Saber-Kiev
halo-mcc,mobygames:tr455,Halo 2A: The Sequence Group
halo-mcc,mobygames:tr456,Halo 2A: The Sequence Group
halo-mcc,mobygames:tr457,Halo 2A: The Sequence Group
halo-mcc,mobygames:tr458,Halo 2A: The Sequence Group
halo-mcc,mobygames:tr459,Halo 2A: The Sequence Group
halo-mcc,mobygames:tr46,Halo 2A: 343 Industries - Programming
halo-mcc,mobygames:tr460,Halo 2A: The Sequence Group
halo-mcc,mobygames:tr461,Halo 2A: The Sequence Group
halo-mcc,mobygames:tr462,Halo 2A: The Sequence Group
halo-mcc,mobygames:tr463,Halo 2A: The Sequence Group
halo-mcc,mobygames:tr464,Halo 2A: The Sequence Group
halo-mcc,mobygames:tr465,Halo 2A: The Sequence Group
halo-mcc,mobygames:tr466,Halo 2A: The Sequence Group
halo-mcc,mobygames:tr467,Halo 2A: The Sequence Group
halo-mcc,mobygames:tr468,Halo 2A: The Sequence Group
halo-mcc,mobygames:tr469,Halo 2A: The Sequence Group
halo-mcc,mobygames:tr47,Halo 2A: 343 Industries - Programming
halo-mcc,mobygames:tr470,Halo 2A: The Sequence Group
halo-mcc,mobygames:tr471,Halo 2A: The Sequence Group
halo-mcc,mobygames:tr472,Halo 2A: The Sequence Group
halo-mcc,mobygames:tr473,Halo 2A: The Sequence Group
halo-mcc,mobygames:tr474,Halo 2A: The Sequence Group
halo-mcc,mobygames:tr475,Halo 2A: United Front Games - UFG Team
halo-mcc,mobygames:tr476,Halo 2A: United Front Games - UFG Team
halo-mcc,mobygames:tr477,Halo 2A: United Front Games - UFG Team
halo-mcc,mobygames:tr478,Halo 2A: United Front Games - UFG Team
halo-mcc,mobygames:tr479,Halo 2A: United Front Games - UFG Team
halo-mcc,mobygames:tr48,Halo 2A: 343 Industries - Programming
halo-mcc,mobygames:tr480,Halo 2A: United Front Games - UFG Team
halo-mcc,mobygames:tr481,Halo 2A: United Front Games - UFG Team
halo-mcc,mobygames:tr482,Halo 2A: United Front Games - UFG Team
halo-mcc,mobygames:tr483,Halo 2A: United Front Games - UFG Team
halo-mcc,mobygames:tr484,Halo 2A: United Front Games - UFG Studio
halo-mcc,mobygames:tr485,Halo 2A: United Front Games - UFG Studio
halo-mcc,mobygames:tr486,Halo 2A: United Front Games - UFG Studio
halo-mcc,mobygames:tr487,Halo 2A: United Front Games - UFG Studio
halo-mcc,mobygames:tr488,Halo 2A: United Front Games - Special Thanks
halo-mcc,mobygames:tr489,Halo 2A: United Front Games - Special Thanks
halo-mcc,mobygames:tr49,Halo 2A: 343 Industries - Programming
halo-mcc,mobygames:tr490,Halo 2A: Fireteam LTD
halo-mcc,mobygames:tr491,Halo 2A: Fireteam LTD
halo-mcc,mobygames:tr492,Halo 2A: Fireteam LTD
halo-mcc,mobygames:tr493,Halo 2A: Fireteam LTD
halo-mcc,mobygames:tr494,Halo 2A: Fireteam LTD
halo-mcc,mobygames:tr495,Halo 2A: Test By Experis
halo-mcc,mobygames:tr496,Halo 2A: Test By Experis
halo-mcc,mobygames:tr497,Halo 2A: Test By Experis
halo-mcc,mobygames:tr498,Halo 2A: Test By Experis
halo-mcc,mobygames:tr499,Halo 2A: Test By Experis
halo-mcc,mobygames:tr5,Halo 2A: 343 Industries - Publishing
halo-mcc,mobygames:tr50,Halo 2A: 343 Industries - Section 3 - Management
halo-mcc,mobygames:tr500,Halo 2A: Test By Experis
halo-mcc,mobygames:tr501,Halo 2A: Test By Experis
halo-mcc,mobygames:tr502,Halo 2A: Test By Experis
halo-mcc,mobygames:tr503,Halo 2A: Test By Experis
halo-mcc,mobygames:tr504,Halo 2A: Test By Experis
halo-mcc,mobygames:tr505,Halo 2A: Test By Lionbridge Game Services
halo-mcc,mobygames:tr506,Halo 2A: Test By Lionbridge Game Services
halo-mcc,mobygames:tr507,Halo 2A: Test By Lionbridge Game Services
halo-mcc,mobygames:tr508,Halo 2A: Test By Lionbridge Game Services
halo-mcc,mobygames:tr509,Halo 2A: Test By Lionbridge Game Services
halo-mcc,mobygames:tr51,Halo 2A: 343 Industries - Section 3 - Management
halo-mcc,mobygames:tr510,Halo 2A: Test By Lionbridge Game Services
halo-mcc,mobygames:tr511,Halo 2A: Bungie
halo-mcc,mobygames:tr512,Halo 2A: Bungie
halo-mcc,mobygames:tr513,Halo 2A: Bungie
halo-mcc,mobygames:tr514,Halo 2A: Bungie
halo-mcc,mobygames:tr515,Halo 2A: Bungie
halo-mcc,mobygames:tr516,Halo 2A: Bungie
halo-mcc,mobygames:tr517,Halo 2A: Bungie
halo-mcc,mobygames:tr518,Halo 2A: Bungie
halo-mcc,mobygames:tr519,Halo 2A: Bungie
halo-mcc,mobygames:tr52,Halo 2A: 343 Industries - Section 3 - Management
halo-mcc,mobygames:tr520,Halo 2A: Bungie
halo-mcc,mobygames:tr521,Halo 2A: Bungie
halo-mcc,mobygames:tr522,Halo 2A: Bungie
halo-mcc,mobygames:tr523,Halo 2A: Bungie - Engineering
halo-mcc,mobygames:tr524,Halo 2A: Bungie - Engineering
halo-mcc,mobygames:tr525,Halo 2A: Bungie - Engineering
halo-mcc,mobygames:tr526,Halo 2A: Bungie - Design
halo-mcc,mobygames:tr527,Halo 2A: Bungie - Design
halo-mcc,mobygames:tr528,Halo 2A: Bungie - Design
halo-mcc,mobygames:tr529,Halo 2A: Bungie - Design
halo-mcc,mobygames:tr53,Halo 2A: 343 Industries - Section 3 - Management
halo-mcc,mobygames:tr530,Halo 2A: Bungie - Art
halo-mcc,mobygames:tr531,Halo 2A: Bungie - Art
halo-mcc,mobygames:tr532,Halo 2A: Bungie - Art
halo-mcc,mobygames:tr533,Halo 2A: Bungie - Art
halo-mcc,mobygames:tr534,Halo 2A: Bungie - Art
halo-mcc,mobygames:tr535,Halo 2A: Bungie - Art
halo-mcc,mobygames:tr536,Halo 2A: Bungie - Art
halo-mcc,mobygames:tr537,Halo 2A: Bungie - Art
halo-mcc,mobygames:tr538,Halo 2A: Bungie - Art
halo-mcc,mobygames:tr539,Halo 2A: Bungie - Art
halo-mcc,mobygames:tr54,Halo 2A: 343 Industries - Section 3 - Management
halo-mcc,mobygames:tr540,Halo 2A: Bungie - Art
halo-mcc,mobygames:tr541,Halo 2A: Bungie - Art
halo-mcc,mobygames:tr542,Halo 2A: Bungie - Art
halo-mcc,mobygames:tr543,Halo 2A: Bungie - Art
halo-mcc,mobygames:tr544,Halo 2A: Bungie - Art
halo-mcc,mobygames:tr545,Halo 2A: Bungie - Art
halo-mcc,mobygames:tr546,Halo 2A: Bungie - Audio
halo-mcc,mobygames:tr547,Halo 2A: Bungie - Audio
halo-mcc,mobygames:tr548,Halo 2A: Bungie - Audio
halo-mcc,mobygames:tr549,Halo 2A: Bungie - Test
halo-mcc,mobygames:tr55,Halo 2A: 343 Industries - Section 3 - Management
halo-mcc,mobygames:tr550,Halo 2A: Bungie - Test
halo-mcc,mobygames:tr551,Halo 2A: Bungie - Test
halo-mcc,mobygames:tr552,Halo 2A: Bungie - Test
halo-mcc,mobygames:tr553,Halo 2A: Bungie - Test
halo-mcc,mobygames:tr554,Halo 2A: Bungie - Bungie.net Team
halo-mcc,mobygames:tr555,Halo 2A: Bungie - Bungie.net Team
halo-mcc,mobygames:tr556,Halo 2A: Bungie - Bungie.net Team
halo-mcc,mobygames:tr557,Halo 2A: Bungie - Bungie.net Team
halo-mcc,mobygames:tr558,Halo 2A: Bungie - Bungie.net Team
halo-mcc,mobygames:tr559,Halo 2A: Bungie - Bungie.net Team
halo-mcc,mobygames:tr56,Halo 2A: 343 Industries - Section 3 - Management
halo-mcc,mobygames:tr560,Halo 2A: Bungie - Additional Support
halo-mcc,mobygames:tr561,Halo 2A: Bungie - Additional Support
halo-mcc,mobygames:tr562,Halo 2A: Bungie - Additional Support
halo-mcc,mobygames:tr563,Halo 2A: Bungie - Additional Support
halo-mcc,mobygames:tr564,Halo 2A: Bungie - Additional Support
halo-mcc,mobygames:tr565,Halo 2A: Bungie - Additional Support
halo-mcc,mobygames:tr566,Halo 2A: Bungie - Additional Support
halo-mcc,mobygames:tr567,Halo 2A: Bungie - Additional Support
halo-mcc,mobygames:tr568,Halo 2A: Bungie - Additional Support
halo-mcc,mobygames:tr569,Halo 2A: Bungie - Additional Support
halo-mcc,mobygames:tr57,Halo 2A: 343 Industries - Section 3 - Developers
halo-mcc,mobygames:tr570,Halo 2A: Bungie - Additional Support
halo-mcc,mobygames:tr571,Halo 2A: Bungie - Additional Support
halo-mcc,mobygames:tr572,Halo 2A: Bungie - Special Thanks
halo-mcc,mobygames:tr573,Halo 2A: Bungie - Special Thanks
halo-mcc,mobygames:tr574,Halo 2A: Bungie - Cinematic Cast
halo-mcc,mobygames:tr575,Halo 2A: Bungie - Cinematic Cast
halo-mcc,mobygames:tr576,Halo 2A: Bungie - Cinematic Cast
halo-mcc,mobygames:tr577,Halo 2A: Bungie - Cinematic Cast
halo-mcc,mobygames:tr578,Halo 2A: Bungie - Cinematic Cast
halo-mcc,mobygames:tr579,Halo 2A: Bungie - Cinematic Cast
halo-mcc,mobygames:tr58,Halo 2A: 343 Industries - Section 3 - Developers
halo-mcc,mobygames:tr580,Halo 2A: Bungie - Cinematic Cast
halo-mcc,mobygames:tr581,Halo 2A: Bungie - Cinematic Cast
halo-mcc,mobygames:tr582,Halo 2A: Bungie - Cinematic Cast
halo-mcc,mobygames:tr583,Halo 2A: Bungie - Cinematic Cast
halo-mcc,mobygames:tr584,Halo 2A: Bungie - Cinematic Cast
halo-mcc,mobygames:tr585,Halo 2A: Bungie - Cinematic Cast
halo-mcc,mobygames:tr586,Halo 2A: Bungie - Cinematic Cast
halo-mcc,mobygames:tr587,Halo 2A: Bungie - Cinematic Cast
halo-mcc,mobygames:tr588,Halo 2A: Bungie - Cinematic Cast
halo-mcc,mobygames:tr589,Halo 2A: Bungie - Cinematic Cast
halo-mcc,mobygames:tr59,Halo 2A: 343 Industries - Section 3 - Developers
halo-mcc,mobygames:tr590,Halo 2A: Bungie - Cinematic Cast
halo-mcc,mobygames:tr591,Halo 2A: Bungie - Cinematic Cast
halo-mcc,mobygames:tr592,Halo 2A: Bungie - Cinematic Cast
halo-mcc,mobygames:tr593,Halo 2A: Bungie - Cinematic Cast
halo-mcc,mobygames:tr594,Halo 2A: Bungie - Cinematic Cast
halo-mcc,mobygames:tr595,Halo 2A: Bungie - Cinematic Cast
halo-mcc,mobygames:tr596,Halo 2A: Bungie - Cinematic Cast
halo-mcc,mobygames:tr597,Halo 2A: Bungie - Cinematic Cast
halo-mcc,mobygames:tr598,Halo 2A: Microsoft
halo-mcc,mobygames:tr599,Halo 2A: Microsoft
halo-mcc,mobygames:tr6,Halo 2A: 343 Industries - Publishing
halo-mcc,mobygames:tr60,Halo 2A: 343 Industries - Section 3 - Test
halo-mcc,mobygames:tr600,Halo 2A: Microsoft
halo-mcc,mobygames:tr601,Halo 2A: Microsoft - Halo 2 for Windows Vista
halo-mcc,mobygames:tr602,Halo 2A: Microsoft - Halo 2 for Windows Vista
halo-mcc,mobygames:tr603,Halo 2A: Microsoft - Halo 2 for Windows Vista
halo-mcc,mobygames:tr604,Halo 2A: Microsoft - Halo 2 for Windows Vista
halo-mcc,mobygames:tr605,Halo 2A: Microsoft - Halo 2 for Windows Vista
halo-mcc,mobygames:tr606,Halo 2A: Microsoft - Halo 2 for Windows Vista
halo-mcc,mobygames:tr607,Halo 2A: Microsoft - Halo 2 for Windows Vista
halo-mcc,mobygames:tr608,Halo 2A: Microsoft - Halo 2 for Windows Vista
halo-mcc,mobygames:tr609,Halo 2A: Microsoft - Halo 2 for Windows Vista
halo-mcc,mobygames:tr61,Halo 2A: 343 Industries - Section 3 - Test
halo-mcc,mobygames:tr610,Halo 2A: Microsoft - Halo 2 for Windows Vista
halo-mcc,mobygames:tr611,Halo 2A: Microsoft - Halo 2 for Windows Vista
halo-mcc,mobygames:tr612,Halo 2A: Microsoft - Halo 2 for Windows Vista
halo-mcc,mobygames:tr613,Halo 2A: Microsoft - Halo 2 for Windows Vista
halo-mcc,mobygames:tr614,Halo 2A: Microsoft - Halo 2 for Windows Vista
halo-mcc,mobygames:tr615,Halo 2A: Microsoft - Halo 2 for Windows Vista
halo-mcc,mobygames:tr616,Halo 2A: Microsoft - Halo 2 for Windows Vista
halo-mcc,mobygames:tr617,Halo 2A: Microsoft - Halo 2 for Windows Vista
halo-mcc,mobygames:tr618,Halo 2A: Microsoft - Halo 2 for Windows Vista
halo-mcc,mobygames:tr619,Halo 2A: Microsoft - Halo 2 for Windows Vista
halo-mcc,mobygames:tr62,Halo 2A: 343 Industries - Section 3 - Test
halo-mcc,mobygames:tr620,Halo 2A: Microsoft - Halo 2 for Windows Vista
halo-mcc,mobygames:tr621,Halo 2A: Microsoft - Halo 2 for Windows Vista
halo-mcc,mobygames:tr622,Halo 2A: Microsoft - Halo 2 for Windows Vista
halo-mcc,mobygames:tr623,Halo 2A: Microsoft - Halo 2 for Windows Vista
halo-mcc,mobygames:tr624,Halo 2A: Microsoft - Halo 2 for Windows Vista
halo-mcc,mobygames:tr625,Halo 2A: Microsoft - Halo 2 for Windows Vista
halo-mcc,mobygames:tr626,Halo 2A: Microsoft - Halo 2 for Windows Vista
halo-mcc,mobygames:tr627,Halo 2A: Microsoft - Halo 2 for Windows Vista
halo-mcc,mobygames:tr628,Halo 2A: Microsoft - Community
halo-mcc,mobygames:tr629,Halo 2A: Microsoft - Community
halo-mcc,mobygames:tr63,Halo 2A: 343 Industries - Section 3 - Test
halo-mcc,mobygames:tr630,Halo 2A: 343 Industries - Community
halo-mcc,mobygames:tr631,Halo 2A: 343 Industries - Community
halo-mcc,mobygames:tr632,Halo 2A: 343 Industries - Community
halo-mcc,mobygames:tr633,Halo 2A: 343 Industries - Community
halo-mcc,mobygames:tr634,Halo 2A: 343 Industries - Community
halo-mcc,mobygames:tr635,Halo 2A: 343 Industries - Community
halo-mcc,mobygames:tr636,Halo 2A: 343 Industries - Community
halo-mcc,mobygames:tr637,Halo 2A: 343 Industries - Community
halo-mcc,mobygames:tr638,Halo 2A: 343 Industries - Design
halo-mcc,mobygames:tr639,Halo 2A: 343 Industries - Design
halo-mcc,mobygames:tr64,Halo 2A: 343 Industries - Section 3 - IT
halo-mcc,mobygames:tr640,Halo 2A: 343 Industries - Design
halo-mcc,mobygames:tr641,Halo 2A: 343 Industries - Design
halo-mcc,mobygames:tr642,Halo 2A: 343 Industries - Design
halo-mcc,mobygames:tr643,Halo 2A: 343 Industries - Design
halo-mcc,mobygames:tr644,Halo 2A: 343 Industries - Design
halo-mcc,mobygames:tr645,Halo 2A: 343 Industries - Design
halo-mcc,mobygames:tr646,Halo 2A: 343 Industries - Design
halo-mcc,mobygames:tr647,Behaviour Interactive (September 2018 update)
halo-mcc,mobygames:tr648,Behaviour Interactive (September 2018 update)
halo-mcc,mobygames:tr649,Behaviour Interactive (September 2018 update)
halo-mcc,mobygames:tr65,Halo 2A: 343 Industries - Section 3 - IT
halo-mcc,mobygames:tr650,Behaviour Interactive (September 2018 update)
halo-mcc,mobygames:tr651,Behaviour Interactive (September 2018 update)
halo-mcc,mobygames:tr652,Behaviour Interactive (September 2018 update)
halo-mcc,mobygames:tr653,Behaviour Interactive (September 2018 update)
halo-mcc,mobygames:tr654,Behaviour Interactive (September 2018 update)
halo-mcc,mobygames:tr655,Behaviour Interactive (September 2018 update)
halo-mcc,mobygames:tr656,Behaviour Interactive (September 2018 update)
halo-mcc,mobygames:tr657,Behaviour Interactive (September 2018 update)
halo-mcc,mobygames:tr658,Behaviour Interactive (September 2018 update)
halo-mcc,mobygames:tr659,Behaviour Interactive (September 2018 update)
halo-mcc,mobygames:tr66,Halo 2A: 343 Industries - Section 3 - IT
halo-mcc,mobygames:tr660,Behaviour Interactive (September 2018 update)
halo-mcc,mobygames:tr661,Behaviour Interactive (September 2018 update)
halo-mcc,mobygames:tr662,Behaviour Interactive (September 2018 update)
halo-mcc,mobygames:tr663,Behaviour Interactive (September 2018 update)
halo-mcc,mobygames:tr664,Behaviour Interactive (September 2018 update)
halo-mcc,mobygames:tr665,Behaviour Interactive (September 2018 update)
halo-mcc,mobygames:tr666,Behaviour Interactive (September 2018 update)
halo-mcc,mobygames:tr667,Behaviour Interactive (September 2018 update)
halo-mcc,mobygames:tr668,Behaviour Interactive (September 2018 update)
halo-mcc,mobygames:tr669,Behaviour Interactive (September 2018 update)
halo-mcc,mobygames:tr67,Halo 2A: 343 Industries - Section 3 - IT
halo-mcc,mobygames:tr670,Behaviour Interactive (September 2018 update)
halo-mcc,mobygames:tr671,Behaviour Interactive (September 2018 update)
halo-mcc,mobygames:tr68,Halo 2A: 343 Industries - Section 3 - IT
halo-mcc,mobygames:tr69,Halo 2A: 343 Industries - Section 3 - Games Test Organization
halo-mcc,mobygames:tr7,Halo 2A: 343 Industries - Publishing
halo-mcc,mobygames:tr70,Halo 2A: 343 Industries - Section 3 - Games Test Organization
halo-mcc,mobygames:tr71,Halo 2A: 343 Industries - Section 3 - Games Test Organization
halo-mcc,mobygames:tr72,Halo 2A: 343 Industries - Section 3 - Games Test Organization
halo-mcc,mobygames:tr73,Halo 2A: 343 Industries - Section 3 - Release Management Team
halo-mcc,mobygames:tr74,Halo 2A: 343 Industries - Section 3 - Release Management Team
halo-mcc,mobygames:tr75,Halo 2A: 343 Industries - Section 3 - Release Management Team
halo-mcc,mobygames:tr76,Halo 2A: 343 Industries - Section 3 - Release Management Team
halo-mcc,mobygames:tr77,Halo 2A: 343 Industries - Section 3 - 343 Pro Team
halo-mcc,mobygames:tr78,Halo 2A: 343 Industries - Section 3 - 343 Pro Team
halo-mcc,mobygames:tr79,Halo 2A: 343 Industries - Section 3 - 343 Pro Team
halo-mcc,mobygames:tr8,Halo 2A: 343 Industries - Publishing
halo-mcc,mobygames:tr80,Halo 2A: Audio - 343 Industries
halo-mcc,mobygames:tr81,Halo 2A: Audio - 343 Industries
halo-mcc,mobygames:tr82,Halo 2A: Audio - 343 Industries
halo-mcc,mobygames:tr83,Halo 2A: Audio - 343 Industries
halo-mcc,mobygames:tr84,Halo 2A: Audio - 343 Industries
halo-mcc,mobygames:tr85,Halo 2A: Audio - 343 Industries
halo-mcc,mobygames:tr86,Halo 2A: Audio - 343 Industries
halo-mcc,mobygames:tr87,Halo 2A: Audio - 343 Industries
halo-mcc,mobygames:tr88,Halo 2A: Audio - Finishing Move Inc.
halo-mcc,mobygames:tr89,Halo 2A: Audio - Finishing Move Inc.
halo-mcc,mobygames:tr9,Halo 2A: 343 Industries - Publishing
halo-mcc,mobygames:tr90,Halo 2A: Audio - Finishing Move Inc.
halo-mcc,mobygames:tr91,Halo 2A: Audio - Finishing Move Inc.
halo-mcc,mobygames:tr92,Halo 2A: Audio - Finishing Move Inc.
halo-mcc,mobygames:tr93,Halo 2A: Audio - Finishing Move Inc.
halo-mcc,mobygames:tr94,Halo 2A: Audio - Finishing Move Inc.
halo-mcc,mobygames:tr95,Halo 2A: Audio - Finishing Move Inc.
halo-mcc,mobygames:tr96,Halo 2A: Audio - Finishing Move Inc.
halo-mcc,mobygames:tr97,Halo 2A: Audio - Finishing Move Inc.
halo-mcc,mobygames:tr98,Halo 2A: Audio - Finishing Move Inc.
halo-mcc,mobygames:tr99,Halo 2A: Audio - Finishing Move Inc.
halo-reach,L100,Credits / Reach Team
halo-reach,L1000,Credits / MGS Contract Test
halo-reach,L1001,Credits / MGS Contract Test
halo-reach,L1002,Credits / MGS Contract Test
halo-reach,L1003,Credits / MGS Contract Test
halo-reach,L1004,Credits / MGS Contract Test
halo-reach,L1005,Credits / MGS Contract Test
halo-reach,L1006,Credits / MGS Contract Test
halo-reach,L1007,Credits / MGS Contract Test
halo-reach,L1008,Credits / MGS Contract Test
halo-reach,L1009,Credits / MGS Contract Test
halo-reach,L101,Credits / Reach Team
halo-reach,L1010,Credits / MGS Contract Test
halo-reach,L1011,Credits / MGS Contract Test
halo-reach,L1012,Credits / MGS Contract Test
halo-reach,L1013,Credits / MGS Contract Test
halo-reach,L1014,Credits / MGS Contract Test
halo-reach,L1015,Credits / MGS Contract Test
halo-reach,L1016,Credits / MGS Contract Test
halo-reach,L1017,Credits / MGS Contract Test
halo-reach,L1018,Credits / MGS Contract Test
halo-reach,L1019,Credits / MGS Contract Test
halo-reach,L102,Credits / Reach Team
halo-reach,L1020,Credits / MGS Contract Test
halo-reach,L1021,Credits / MGS Contract Test
halo-reach,L1022,Credits / MGS Contract Test
halo-reach,L1023,Credits / MGS Contract Test
halo-reach,L1024,Credits / MGS Contract Test
halo-reach,L1025,Credits / MGS Contract Test
halo-reach,L1026,Credits / MGS Contract Test
halo-reach,L1027,Credits / MGS Contract Test
halo-reach,L1028,Credits / MGS Contract Test
halo-reach,L1029,Credits / MGS Contract Test
halo-reach,L103,Credits / Reach Team
halo-reach,L1030,Credits / MGS Contract Test
halo-reach,L1031,Credits / MGS Contract Test
halo-reach,L1032,Credits / MGS Contract Test
halo-reach,L1033,Credits / MGS Contract Test
halo-reach,L1034,Credits / MGS Contract Test
halo-reach,L1035,Credits / MGS Contract Test
halo-reach,L1036,Credits / MGS Contract Test
halo-reach,L1037,Credits / MGS Contract Test
halo-reach,L1038,Credits / MGS Contract Test
halo-reach,L1039,Credits / MGS Contract Test
halo-reach,L104,Credits / Reach Team
halo-reach,L1040,Credits / MGS Contract Test
halo-reach,L1041,Credits / MGS Contract Test
halo-reach,L1042,Credits / MGS Contract Test
halo-reach,L1043,Credits / MGS Contract Test
halo-reach,L1044,Credits / MGS Contract Test
halo-reach,L1045,Credits / MGS Contract Test
halo-reach,L1046,Credits / MGS Contract Test
halo-reach,L1047,Credits / MGS Contract Test
halo-reach,L1048,Credits / MGS Contract Test
halo-reach,L1049,Credits / MGS Contract Test
halo-reach,L105,Credits / Reach Team
halo-reach,L1050,Credits / MGS Contract Test
halo-reach,L1051,Credits / MGS Contract Test
halo-reach,L1053,Credits / MGS Special Thanks
halo-reach,L1054,Credits / MGS Special Thanks
halo-reach,L1055,Credits / MGS Special Thanks
halo-reach,L1056,Credits / MGS Special Thanks
halo-reach,L1057,Credits / MGS Special Thanks
halo-reach,L1058,Credits / MGS Special Thanks
halo-reach,L1059,Credits / MGS Special Thanks
halo-reach,L106,Credits / Reach Team
halo-reach,L1060,Credits / MGS Special Thanks
halo-reach,L1061,Credits / MGS Special Thanks
halo-reach,L1062,Credits / MGS Special Thanks
halo-reach,L1063,Credits / MGS Special Thanks
halo-reach,L1064,Credits / MGS Special Thanks
halo-reach,L1065,Credits / MGS Special Thanks
halo-reach,L1066,Credits / MGS Special Thanks
halo-reach,L1067,Credits / MGS Special Thanks
halo-reach,L1068,Credits / MGS Special Thanks
halo-reach,L1069,Credits / MGS Special Thanks
halo-reach,L107,Credits / Reach Team
halo-reach,L1070,Credits / MGS Special Thanks
halo-reach,L1071,Credits / MGS Special Thanks
halo-reach,L1072,Credits / MGS Special Thanks
halo-reach,L1073,Credits / MGS Special Thanks
halo-reach,L1074,Credits / MGS Special Thanks
halo-reach,L1075,Credits / MGS Special Thanks
halo-reach,L1076,Credits / MGS Special Thanks
halo-reach,L1077,Credits / MGS Special Thanks
halo-reach,L1078,Credits / MGS Special Thanks
halo-reach,L1079,Credits / MGS Special Thanks
halo-reach,L108,Credits / Reach Team
halo-reach,L1080,Credits / MGS Special Thanks
halo-reach,L1081,Credits / MGS Special Thanks
halo-reach,L1082,Credits / MGS Special Thanks
halo-reach,L1083,Credits / MGS Special Thanks
halo-reach,L1084,Credits / MGS Special Thanks
halo-reach,L1085,Credits / MGS Special Thanks
halo-reach,L1086,Credits / MGS Special Thanks
halo-reach,L1087,Credits / MGS Special Thanks
halo-reach,L1088,Credits / MGS Special Thanks
halo-reach,L1089,Credits / MGS Special Thanks
halo-reach,L109,Credits / Reach Team
halo-reach,L1090,Credits / MGS Special Thanks
halo-reach,L1091,Credits / MGS Special Thanks
halo-reach,L1092,Credits / MGS Special Thanks
halo-reach,L1093,Credits / MGS Special Thanks
halo-reach,L1094,Credits / MGS Special Thanks
halo-reach,L1095,Credits / MGS Special Thanks
halo-reach,L1096,Credits / MGS Special Thanks
halo-reach,L1097,Credits / MGS Special Thanks
halo-reach,L1098,Credits / MGS Special Thanks
halo-reach,L1099,Credits / MGS Special Thanks
halo-reach,L110,Credits / Reach Team
halo-reach,L1100,Credits / MGS Special Thanks
halo-reach,L1101,Credits / MGS Special Thanks
halo-reach,L1102,Credits / MGS Special Thanks
halo-reach,L1103,Credits / MGS Special Thanks
halo-reach,L1104,Credits / MGS Special Thanks
halo-reach,L1105,Credits / MGS Special Thanks
halo-reach,L1106,Credits / MGS Special Thanks
halo-reach,L1107,Credits / MGS Special Thanks
halo-reach,L1108,Credits / MGS Special Thanks
halo-reach,L1109,Credits / MGS Special Thanks
halo-reach,L111,Credits / Reach Team
halo-reach,L1110,Credits / MGS Special Thanks
halo-reach,L1111,Credits / MGS Special Thanks
halo-reach,L1112,Credits / MGS Special Thanks
halo-reach,L1113,Credits / MGS Special Thanks
halo-reach,L1114,Credits / MGS Special Thanks
halo-reach,L1115,Credits / MGS Special Thanks
halo-reach,L1116,Credits / MGS Special Thanks
halo-reach,L1117,Credits / MGS Special Thanks
halo-reach,L1118,Credits / MGS Special Thanks
halo-reach,L1119,Credits / MGS Special Thanks
halo-reach,L112,Credits / Reach Team
halo-reach,L1120,Credits / MGS Special Thanks
halo-reach,L1121,Credits / MGS Special Thanks
halo-reach,L1122,Credits / MGS Special Thanks
halo-reach,L1123,Credits / MGS Special Thanks
halo-reach,L1124,Credits / MGS Special Thanks
halo-reach,L1125,Credits / MGS Special Thanks
halo-reach,L1126,Credits / MGS Special Thanks
halo-reach,L1127,Credits / MGS Special Thanks
halo-reach,L1128,Credits / MGS Special Thanks
halo-reach,L1129,Credits / MGS Special Thanks
halo-reach,L113,Credits / Reach Team
halo-reach,L1130,Credits / MGS Special Thanks
halo-reach,L1131,Credits / MGS Special Thanks
halo-reach,L1132,Credits / MGS Special Thanks
halo-reach,L1133,Credits / MGS Special Thanks
halo-reach,L1134,Credits / MGS Special Thanks
halo-reach,L1135,Credits / MGS Special Thanks
halo-reach,L1136,Credits / MGS Special Thanks
halo-reach,L1137,Credits / MGS Special Thanks
halo-reach,L1138,Credits / MGS Special Thanks
halo-reach,L1139,Credits / MGS Special Thanks
halo-reach,L114,Credits / Reach Team
halo-reach,L1140,Credits / MGS Special Thanks
halo-reach,L1141,Credits / MGS Special Thanks
halo-reach,L1142,Credits / MGS Special Thanks
halo-reach,L1143,Credits / MGS Special Thanks
halo-reach,L1144,Credits / MGS Special Thanks
halo-reach,L1145,Credits / MGS Special Thanks
halo-reach,L1146,Credits / MGS Special Thanks
halo-reach,L1147,Credits / MGS Special Thanks
halo-reach,L1148,Credits / MGS Special Thanks
halo-reach,L1149,Credits / MGS Special Thanks
halo-reach,L115,Credits / Reach Team
halo-reach,L1150,Credits / MGS Special Thanks
halo-reach,L1151,Credits / MGS Special Thanks
halo-reach,L1152,Credits / MGS Special Thanks
halo-reach,L1154,Credits / Middleware
halo-reach,L1156,Credits / Middleware / Bink Video
halo-reach,L1157,Credits / Middleware / Bink Video
halo-reach,L1159,Credits / Middleware / Havok
halo-reach,L116,Credits / Reach Team
halo-reach,L1160,Credits / Middleware / Havok
halo-reach,L1162,Credits / Middleware / FaceGen
halo-reach,L1163,Credits / Middleware / FaceGen
halo-reach,L1164,Credits / Middleware / FaceGen
halo-reach,L1165,Credits / Middleware / FaceGen
halo-reach,L1166,Credits / Middleware / FaceGen
halo-reach,L1167,Credits / Middleware / FaceGen
halo-reach,L1169,Credits / Middleware / FaceFX
halo-reach,L117,Credits / Reach Team
halo-reach,L1170,Credits / Middleware / FaceFX
halo-reach,L1172,Credits / Middleware / WAVES
halo-reach,L1173,Credits / Middleware / WAVES
halo-reach,L1174,Credits / Middleware / WAVES
halo-reach,L1175,Credits / Middleware / WAVES
halo-reach,L1177,Trivia
halo-reach,L1178,Trivia
halo-reach,L1179,Trivia
halo-reach,L118,Credits / Reach Team
halo-reach,L1180,Trivia
halo-reach,L1181,Trivia
halo-reach,L1182,Trivia
halo-reach,L1183,Trivia
halo-reach,L1185,Sources
halo-reach,L1186,Sources
halo-reach,L1187,Sources
halo-reach,L1188,Sources
halo-reach,L119,Credits / Reach Team
halo-reach,L120,Credits / Reach Team
halo-reach,L121,Credits / Reach Team
halo-reach,L122,Credits / Reach Team
halo-reach,L123,Credits / Reach Team
halo-reach,L124,Credits / Reach Team
halo-reach,L125,Credits / Reach Team
halo-reach,L126,Credits / Reach Team
halo-reach,L127,Credits / Reach Team
halo-reach,L128,Credits / Reach Team
halo-reach,L129,Credits / Reach Team
halo-reach,L130,Credits / Reach Team
halo-reach,L131,Credits / Reach Team
halo-reach,L132,Credits / Reach Team
halo-reach,L133,Credits / Reach Team
halo-reach,L134,Credits / Reach Team
halo-reach,L135,Credits / Reach Team
halo-reach,L136,Credits / Reach Team
halo-reach,L137,Credits / Reach Team
halo-reach,L138,Credits / Reach Team
halo-reach,L139,Credits / Reach Team
halo-reach,L140,Credits / Reach Team
halo-reach,L141,Credits / Reach Team
halo-reach,L142,Credits / Reach Team
halo-reach,L143,Credits / Reach Team
halo-reach,L144,Credits / Reach Team
halo-reach,L145,Credits / Reach Team
halo-reach,L146,Credits / Reach Team
halo-reach,L147,Credits / Reach Team
halo-reach,L148,Credits / Reach Team
halo-reach,L149,Credits / Reach Team
halo-reach,L150,Credits / Reach Team
halo-reach,L151,Credits / Reach Team
halo-reach,L152,Credits / Reach Team
halo-reach,L153,Credits / Reach Team
halo-reach,L154,Credits / Reach Team
halo-reach,L155,Credits / Reach Team
halo-reach,L156,Credits / Reach Team
halo-reach,L157,Credits / Reach Team
halo-reach,L158,Credits / Reach Team
halo-reach,L159,Credits / Reach Team
halo-reach,L160,Credits / Reach Team
halo-reach,L161,Credits / Reach Team
halo-reach,L162,Credits / Reach Team
halo-reach,L163,Credits / Reach Team
halo-reach,L164,Credits / Reach Team
halo-reach,L165,Credits / Reach Team
halo-reach,L166,Credits / Reach Team
halo-reach,L167,Credits / Reach Team
halo-reach,L168,Credits / Reach Team
halo-reach,L169,Credits / Reach Team
halo-reach,L17,Outro
halo-reach,L170,Credits / Reach Team
halo-reach,L171,Credits / Reach Team
halo-reach,L172,Credits / Reach Team
halo-reach,L173,Credits / Reach Team
halo-reach,L174,Credits / Reach Team
halo-reach,L175,Credits / Reach Team
halo-reach,L176,Credits / Reach Team
halo-reach,L177,Credits / Reach Team
halo-reach,L178,Credits / Reach Team
halo-reach,L179,Credits / Reach Team
halo-reach,L18,Outro
halo-reach,L180,Credits / Reach Team
halo-reach,L181,Credits / Reach Team
halo-reach,L182,Credits / Reach Team
halo-reach,L183,Credits / Reach Team
halo-reach,L184,Credits / Reach Team
halo-reach,L185,Credits / Reach Team
halo-reach,L186,Credits / Reach Team
halo-reach,L187,Credits / Reach Team
halo-reach,L188,Credits / Reach Team
halo-reach,L189,Credits / Reach Team
halo-reach,L19,Outro
halo-reach,L190,Credits / Reach Team
halo-reach,L191,Credits / Reach Team
halo-reach,L192,Credits / Reach Team
halo-reach,L193,Credits / Reach Team
halo-reach,L194,Credits / Reach Team
halo-reach,L195,Credits / Reach Team
halo-reach,L196,Credits / Reach Team
halo-reach,L197,Credits / Reach Team
halo-reach,L198,Credits / Reach Team
halo-reach,L199,Credits / Reach Team
halo-reach,L20,Outro
halo-reach,L200,Credits / Reach Team
halo-reach,L201,Credits / Reach Team
halo-reach,L202,Credits / Reach Team
halo-reach,L203,Credits / Reach Team
halo-reach,L204,Credits / Reach Team
halo-reach,L205,Credits / Reach Team
halo-reach,L206,Credits / Reach Team
halo-reach,L207,Credits / Reach Team
halo-reach,L208,Credits / Reach Team
halo-reach,L209,Credits / Reach Team
halo-reach,L21,Outro
halo-reach,L210,Credits / Reach Team
halo-reach,L211,Credits / Reach Team
halo-reach,L212,Credits / Reach Team
halo-reach,L213,Credits / Reach Team
halo-reach,L214,Credits / Reach Team
halo-reach,L215,Credits / Reach Team
halo-reach,L216,Credits / Reach Team
halo-reach,L217,Credits / Reach Team
halo-reach,L218,Credits / Reach Team
halo-reach,L219,Credits / Reach Team
halo-reach,L22,Outro
halo-reach,L220,Credits / Reach Team
halo-reach,L221,Credits / Reach Team
halo-reach,L222,Credits / Reach Team
halo-reach,L223,Credits / Reach Team
halo-reach,L224,Credits / Reach Team
halo-reach,L225,Credits / Reach Team
halo-reach,L226,Credits / Reach Team
halo-reach,L227,Credits / Reach Team
halo-reach,L228,Credits / Reach Team
halo-reach,L229,Credits / Reach Team
halo-reach,L23,Outro
halo-reach,L230,Credits / Reach Team
halo-reach,L231,Credits / Reach Team
halo-reach,L232,Credits / Reach Team
halo-reach,L233,Credits / Reach Team
halo-reach,L234,Credits / Reach Team
halo-reach,L235,Credits / Reach Team
halo-reach,L236,Credits / Reach Team
halo-reach,L237,Credits / Reach Team
halo-reach,L238,Credits / Reach Team
halo-reach,L239,Credits / Reach Team
halo-reach,L24,Outro
halo-reach,L240,Credits / Reach Team
halo-reach,L241,Credits / Reach Team
halo-reach,L242,Credits / Reach Team
halo-reach,L243,Credits / Reach Team
halo-reach,L244,Credits / Reach Team
halo-reach,L245,Credits / Reach Team
halo-reach,L246,Credits / Reach Team
halo-reach,L247,Credits / Reach Team
halo-reach,L248,Credits / Reach Team
halo-reach,L249,Credits / Reach Team
halo-reach,L25,Outro
halo-reach,L250,Credits / Reach Team
halo-reach,L251,Credits / Reach Team
halo-reach,L252,Credits / Reach Team
halo-reach,L253,Credits / Reach Team
halo-reach,L254,Credits / Reach Team
halo-reach,L255,Credits / Reach Team
halo-reach,L256,Credits / Reach Team
halo-reach,L257,Credits / Reach Team
halo-reach,L258,Credits / Reach Team
halo-reach,L259,Credits / Reach Team
halo-reach,L26,Outro
halo-reach,L260,Credits / Reach Team
halo-reach,L261,Credits / Reach Team
halo-reach,L262,Credits / Reach Team
halo-reach,L263,Credits / Reach Team
halo-reach,L264,Credits / Reach Team
halo-reach,L265,Credits / Reach Team
halo-reach,L266,Credits / Reach Team
halo-reach,L267,Credits / Reach Team
halo-reach,L268,Credits / Reach Team
halo-reach,L269,Credits / Reach Team
halo-reach,L27,Outro
halo-reach,L270,Credits / Reach Team
halo-reach,L271,Credits / Reach Team
halo-reach,L272,Credits / Reach Team
halo-reach,L273,Credits / Reach Team
halo-reach,L274,Credits / Reach Team
halo-reach,L275,Credits / Reach Team
halo-reach,L276,Credits / Reach Team
halo-reach,L277,Credits / Reach Team
halo-reach,L278,Credits / Reach Team
halo-reach,L279,Credits / Reach Team
halo-reach,L28,Outro
halo-reach,L280,Credits / Reach Team
halo-reach,L281,Credits / Reach Team
halo-reach,L282,Credits / Reach Team
halo-reach,L283,Credits / Reach Team
halo-reach,L284,Credits / Reach Team
halo-reach,L285,Credits / Reach Team
halo-reach,L286,Credits / Reach Team
halo-reach,L287,Credits / Reach Team
halo-reach,L288,Credits / Reach Team
halo-reach,L289,Credits / Reach Team
halo-reach,L29,Outro
halo-reach,L290,Credits / Reach Team
halo-reach,L291,Credits / Reach Team
halo-reach,L292,Credits / Reach Team
halo-reach,L293,Credits / Reach Team
halo-reach,L294,Credits / Reach Team
halo-reach,L295,Credits / Reach Team
halo-reach,L296,Credits / Reach Team
halo-reach,L297,Credits / Reach Team
halo-reach,L298,Credits / Reach Team
halo-reach,L299,Credits / Reach Team
halo-reach,L30,Outro
halo-reach,L300,Credits / Reach Team
halo-reach,L301,Credits / Reach Team
halo-reach,L302,Credits / Reach Team
halo-reach,L303,Credits / Reach Team
halo-reach,L304,Credits / Reach Team
halo-reach,L305,Credits / Reach Team
halo-reach,L306,Credits / Reach Team
halo-reach,L307,Credits / Reach Team
halo-reach,L308,Credits / Reach Team
halo-reach,L309,Credits / Reach Team
halo-reach,L31,Outro
halo-reach,L310,Credits / Reach Team
halo-reach,L311,Credits / Reach Team
halo-reach,L312,Credits / Reach Team
halo-reach,L313,Credits / Reach Team
halo-reach,L314,Credits / Reach Team
halo-reach,L315,Credits / Reach Team
halo-reach,L316,Credits / Reach Team
halo-reach,L317,Credits / Reach Team
halo-reach,L318,Credits / Reach Team
halo-reach,L319,Credits / Reach Team
halo-reach,L32,Outro
halo-reach,L320,Credits / Reach Team
halo-reach,L321,Credits / Reach Team
halo-reach,L322,Credits / Reach Team
halo-reach,L323,Credits / Reach Team
halo-reach,L324,Credits / Reach Team
halo-reach,L325,Credits / Reach Team
halo-reach,L326,Credits / Reach Team
halo-reach,L327,Credits / Reach Team
halo-reach,L328,Credits / Reach Team
halo-reach,L329,Credits / Reach Team
halo-reach,L33,Outro
halo-reach,L330,Credits / Reach Team
halo-reach,L331,Credits / Reach Team
halo-reach,L332,Credits / Reach Team
halo-reach,L334,Credits / Additional Music and Recording
halo-reach,L335,Credits / Additional Music and Recording
halo-reach,L336,Credits / Additional Music and Recording
halo-reach,L337,Credits / Additional Music and Recording
halo-reach,L338,Credits / Additional Music and Recording
halo-reach,L339,Credits / Additional Music and Recording
halo-reach,L34,Outro
halo-reach,L340,Credits / Additional Music and Recording
halo-reach,L341,Credits / Additional Music and Recording
halo-reach,L342,Credits / Additional Music and Recording
halo-reach,L343,Credits / Additional Music and Recording
halo-reach,L345,Credits / Additional Development
halo-reach,L346,Credits / Additional Development
halo-reach,L347,Credits / Additional Development
halo-reach,L348,Credits / Additional Development
halo-reach,L349,Credits / Additional Development
halo-reach,L35,Outro
halo-reach,L350,Credits / Additional Development
halo-reach,L351,Credits / Additional Development
halo-reach,L352,Credits / Additional Development
halo-reach,L353,Credits / Additional Development
halo-reach,L354,Credits / Additional Development
halo-reach,L355,Credits / Additional Development
halo-reach,L356,Credits / Additional Development
halo-reach,L357,Credits / Additional Development
halo-reach,L358,Credits / Additional Development
halo-reach,L359,Credits / Additional Development
halo-reach,L36,Outro
halo-reach,L360,Credits / Additional Development
halo-reach,L361,Credits / Additional Development
halo-reach,L362,Credits / Additional Development
halo-reach,L363,Credits / Additional Development
halo-reach,L364,Credits / Additional Development
halo-reach,L365,Credits / Additional Development
halo-reach,L366,Credits / Additional Development
halo-reach,L367,Credits / Additional Development
halo-reach,L368,Credits / Additional Development
halo-reach,L369,Credits / Additional Development
halo-reach,L37,Outro
halo-reach,L370,Credits / Additional Development
halo-reach,L371,Credits / Additional Development
halo-reach,L372,Credits / Additional Development
halo-reach,L373,Credits / Additional Development
halo-reach,L374,Credits / Additional Development
halo-reach,L376,Credits / Studio Management
halo-reach,L377,Credits / Studio Management
halo-reach,L378,Credits / Studio Management
halo-reach,L379,Credits / Studio Management
halo-reach,L38,Outro
halo-reach,L380,Credits / Studio Management
halo-reach,L381,Credits / Studio Management
halo-reach,L382,Credits / Studio Management
halo-reach,L383,Credits / Studio Management
halo-reach,L384,Credits / Studio Management
halo-reach,L385,Credits / Studio Management
halo-reach,L386,Credits / Studio Management
halo-reach,L387,Credits / Studio Management
halo-reach,L388,Credits / Studio Management
halo-reach,L389,Credits / Studio Management
halo-reach,L39,Outro
halo-reach,L390,Credits / Studio Management
halo-reach,L391,Credits / Studio Management
halo-reach,L393,Credits / Visual ID and Design
halo-reach,L394,Credits / Visual ID and Design
halo-reach,L395,Credits / Visual ID and Design
halo-reach,L396,Credits / Visual ID and Design
halo-reach,L397,Credits / Visual ID and Design
halo-reach,L398,Credits / Visual ID and Design
halo-reach,L40,Outro
halo-reach,L400,Credits / IT
halo-reach,L401,Credits / IT
halo-reach,L402,Credits / IT
halo-reach,L403,Credits / IT
halo-reach,L404,Credits / IT
halo-reach,L405,Credits / IT
halo-reach,L406,Credits / IT
halo-reach,L407,Credits / IT
halo-reach,L409,Credits / HR
halo-reach,L41,Outro
halo-reach,L410,Credits / HR
halo-reach,L411,Credits / HR
halo-reach,L412,Credits / HR
halo-reach,L413,Credits / HR
halo-reach,L414,Credits / HR
halo-reach,L415,Credits / HR
halo-reach,L416,Credits / HR
halo-reach,L418,Credits / Administration
halo-reach,L419,Credits / Administration
halo-reach,L42,Outro
halo-reach,L420,Credits / Administration
halo-reach,L421,Credits / Administration
halo-reach,L422,Credits / Administration
halo-reach,L423,Credits / Administration
halo-reach,L424,Credits / Administration
halo-reach,L425,Credits / Administration
halo-reach,L427,Credits / The Rest of Bungie
halo-reach,L428,Credits / The Rest of Bungie
halo-reach,L429,Credits / The Rest of Bungie
halo-reach,L43,Outro
halo-reach,L430,Credits / The Rest of Bungie
halo-reach,L431,Credits / The Rest of Bungie
halo-reach,L432,Credits / The Rest of Bungie
halo-reach,L433,Credits / The Rest of Bungie
halo-reach,L434,Credits / The Rest of Bungie
halo-reach,L436,Credits / Bungie Special Thanks
halo-reach,L437,Credits / Bungie Special Thanks
halo-reach,L438,Credits / Bungie Special Thanks
halo-reach,L439,Credits / Bungie Special Thanks
halo-reach,L44,Outro
halo-reach,L440,Credits / Bungie Special Thanks
halo-reach,L441,Credits / Bungie Special Thanks
halo-reach,L442,Credits / Bungie Special Thanks
halo-reach,L443,Credits / Bungie Special Thanks
halo-reach,L444,Credits / Bungie Special Thanks
halo-reach,L445,Credits / Bungie Special Thanks
halo-reach,L446,Credits / Bungie Special Thanks
halo-reach,L447,Credits / Bungie Special Thanks
halo-reach,L448,Credits / Bungie Special Thanks
halo-reach,L449,Credits / Bungie Special Thanks
halo-reach,L45,Outro
halo-reach,L450,Credits / Bungie Special Thanks
halo-reach,L451,Credits / Bungie Special Thanks
halo-reach,L452,Credits / Bungie Special Thanks
halo-reach,L453,Credits / Bungie Special Thanks
halo-reach,L454,Credits / Bungie Special Thanks
halo-reach,L455,Credits / Bungie Special Thanks
halo-reach,L456,Credits / Bungie Special Thanks
halo-reach,L457,Credits / Bungie Special Thanks
halo-reach,L458,Credits / Bungie Special Thanks
halo-reach,L459,Credits / Bungie Special Thanks
halo-reach,L46,Outro
halo-reach,L460,Credits / Bungie Special Thanks
halo-reach,L461,Credits / Bungie Special Thanks
halo-reach,L462,Credits / Bungie Special Thanks
halo-reach,L463,Credits / Bungie Special Thanks
halo-reach,L464,Credits / Bungie Special Thanks
halo-reach,L465,Credits / Bungie Special Thanks
halo-reach,L466,Credits / Bungie Special Thanks
halo-reach,L467,Credits / Bungie Special Thanks
halo-reach,L468,Credits / Bungie Special Thanks
halo-reach,L469,Credits / Bungie Special Thanks
halo-reach,L470,Credits / Bungie Special Thanks
halo-reach,L471,Credits / Bungie Special Thanks
halo-reach,L472,Credits / Bungie Special Thanks
halo-reach,L473,Credits / Bungie Special Thanks
halo-reach,L474,Credits / Bungie Special Thanks
halo-reach,L475,Credits / Bungie Special Thanks
halo-reach,L476,Credits / Bungie Special Thanks
halo-reach,L477,Credits / Bungie Special Thanks
halo-reach,L478,Credits / Bungie Special Thanks
halo-reach,L479,Credits / Bungie Special Thanks
halo-reach,L480,Credits / Bungie Special Thanks
halo-reach,L481,Credits / Bungie Special Thanks
halo-reach,L482,Credits / Bungie Special Thanks
halo-reach,L483,Credits / Bungie Special Thanks
halo-reach,L484,Credits / Bungie Special Thanks
halo-reach,L485,Credits / Bungie Special Thanks
halo-reach,L486,Credits / Bungie Special Thanks
halo-reach,L487,Credits / Bungie Special Thanks
halo-reach,L488,Credits / Bungie Special Thanks
halo-reach,L489,Credits / Bungie Special Thanks
halo-reach,L49,Credits / Reach Team
halo-reach,L490,Credits / Bungie Special Thanks
halo-reach,L491,Credits / Bungie Special Thanks
halo-reach,L493,"Credits / Contract Animation, Art and Audio"
halo-reach,L494,"Credits / Contract Animation, Art and Audio"
halo-reach,L495,"Credits / Contract Animation, Art and Audio"
halo-reach,L496,"Credits / Contract Animation, Art and Audio"
halo-reach,L497,"Credits / Contract Animation, Art and Audio"
halo-reach,L498,"Credits / Contract Animation, Art and Audio"
halo-reach,L499,"Credits / Contract Animation, Art and Audio"
halo-reach,L50,Credits / Reach Team
halo-reach,L500,"Credits / Contract Animation, Art and Audio"
halo-reach,L501,"Credits / Contract Animation, Art and Audio"
halo-reach,L502,"Credits / Contract Animation, Art and Audio"
halo-reach,L503,"Credits / Contract Animation, Art and Audio"
halo-reach,L504,"Credits / Contract Animation, Art and Audio"
halo-reach,L505,"Credits / Contract Animation, Art and Audio"
halo-reach,L506,"Credits / Contract Animation, Art and Audio"
halo-reach,L507,"Credits / Contract Animation, Art and Audio"
halo-reach,L508,"Credits / Contract Animation, Art and Audio"
halo-reach,L509,"Credits / Contract Animation, Art and Audio"
halo-reach,L51,Credits / Reach Team
halo-reach,L510,"Credits / Contract Animation, Art and Audio"
halo-reach,L511,"Credits / Contract Animation, Art and Audio"
halo-reach,L512,"Credits / Contract Animation, Art and Audio"
halo-reach,L513,"Credits / Contract Animation, Art and Audio"
halo-reach,L514,"Credits / Contract Animation, Art and Audio"
halo-reach,L515,"Credits / Contract Animation, Art and Audio"
halo-reach,L516,"Credits / Contract Animation, Art and Audio"
halo-reach,L517,"Credits / Contract Animation, Art and Audio"
halo-reach,L518,"Credits / Contract Animation, Art and Audio"
halo-reach,L519,"Credits / Contract Animation, Art and Audio"
halo-reach,L52,Credits / Reach Team
halo-reach,L520,"Credits / Contract Animation, Art and Audio"
halo-reach,L521,"Credits / Contract Animation, Art and Audio"
halo-reach,L522,"Credits / Contract Animation, Art and Audio"
halo-reach,L523,"Credits / Contract Animation, Art and Audio"
halo-reach,L524,"Credits / Contract Animation, Art and Audio"
halo-reach,L525,"Credits / Contract Animation, Art and Audio"
halo-reach,L526,"Credits / Contract Animation, Art and Audio"
halo-reach,L527,"Credits / Contract Animation, Art and Audio"
halo-reach,L528,"Credits / Contract Animation, Art and Audio"
halo-reach,L529,"Credits / Contract Animation, Art and Audio"
halo-reach,L53,Credits / Reach Team
halo-reach,L530,"Credits / Contract Animation, Art and Audio"
halo-reach,L531,"Credits / Contract Animation, Art and Audio"
halo-reach,L532,"Credits / Contract Animation, Art and Audio"
halo-reach,L533,"Credits / Contract Animation, Art and Audio"
halo-reach,L534,"Credits / Contract Animation, Art and Audio"
halo-reach,L535,"Credits / Contract Animation, Art and Audio"
halo-reach,L536,"Credits / Contract Animation, Art and Audio"
halo-reach,L537,"Credits / Contract Animation, Art and Audio"
halo-reach,L538,"Credits / Contract Animation, Art and Audio"
halo-reach,L539,"Credits / Contract Animation, Art and Audio"
halo-reach,L54,Credits / Reach Team
halo-reach,L540,"Credits / Contract Animation, Art and Audio"
halo-reach,L541,"Credits / Contract Animation, Art and Audio"
halo-reach,L542,"Credits / Contract Animation, Art and Audio"
halo-reach,L543,"Credits / Contract Animation, Art and Audio"
halo-reach,L544,"Credits / Contract Animation, Art and Audio"
halo-reach,L545,"Credits / Contract Animation, Art and Audio"
halo-reach,L546,"Credits / Contract Animation, Art and Audio"
halo-reach,L547,"Credits / Contract Animation, Art and Audio"
halo-reach,L548,"Credits / Contract Animation, Art and Audio"
halo-reach,L549,"Credits / Contract Animation, Art and Audio"
halo-reach,L55,Credits / Reach Team
halo-reach,L550,"Credits / Contract Animation, Art and Audio"
halo-reach,L551,"Credits / Contract Animation, Art and Audio"
halo-reach,L552,"Credits / Contract Animation, Art and Audio"
halo-reach,L553,"Credits / Contract Animation, Art and Audio"
halo-reach,L554,"Credits / Contract Animation, Art and Audio"
halo-reach,L555,"Credits / Contract Animation, Art and Audio"
halo-reach,L556,"Credits / Contract Animation, Art and Audio"
halo-reach,L557,"Credits / Contract Animation, Art and Audio"
halo-reach,L558,"Credits / Contract Animation, Art and Audio"
halo-reach,L559,"Credits / Contract Animation, Art and Audio"
halo-reach,L56,Credits / Reach Team
halo-reach,L560,"Credits / Contract Animation, Art and Audio"
halo-reach,L561,"Credits / Contract Animation, Art and Audio"
halo-reach,L562,"Credits / Contract Animation, Art and Audio"
halo-reach,L563,"Credits / Contract Animation, Art and Audio"
halo-reach,L564,"Credits / Contract Animation, Art and Audio"
halo-reach,L565,"Credits / Contract Animation, Art and Audio"
halo-reach,L566,"Credits / Contract Animation, Art and Audio"
halo-reach,L567,"Credits / Contract Animation, Art and Audio"
halo-reach,L568,"Credits / Contract Animation, Art and Audio"
halo-reach,L569,"Credits / Contract Animation, Art and Audio"
halo-reach,L57,Credits / Reach Team
halo-reach,L570,"Credits / Contract Animation, Art and Audio"
halo-reach,L571,"Credits / Contract Animation, Art and Audio"
halo-reach,L572,"Credits / Contract Animation, Art and Audio"
halo-reach,L573,"Credits / Contract Animation, Art and Audio"
halo-reach,L574,"Credits / Contract Animation, Art and Audio"
halo-reach,L575,"Credits / Contract Animation, Art and Audio"
halo-reach,L576,"Credits / Contract Animation, Art and Audio"
halo-reach,L577,"Credits / Contract Animation, Art and Audio"
halo-reach,L578,"Credits / Contract Animation, Art and Audio"
halo-reach,L58,Credits / Reach Team
halo-reach,L580,"Credits / Art, Animation and FX Vendors"
halo-reach,L581,"Credits / Art, Animation and FX Vendors"
halo-reach,L582,"Credits / Art, Animation and FX Vendors"
halo-reach,L583,"Credits / Art, Animation and FX Vendors"
halo-reach,L584,"Credits / Art, Animation and FX Vendors"
halo-reach,L585,"Credits / Art, Animation and FX Vendors"
halo-reach,L586,"Credits / Art, Animation and FX Vendors"
halo-reach,L587,"Credits / Art, Animation and FX Vendors"
halo-reach,L588,"Credits / Art, Animation and FX Vendors"
halo-reach,L589,"Credits / Art, Animation and FX Vendors"
halo-reach,L59,Credits / Reach Team
halo-reach,L590,"Credits / Art, Animation and FX Vendors"
halo-reach,L591,"Credits / Art, Animation and FX Vendors"
halo-reach,L592,"Credits / Art, Animation and FX Vendors"
halo-reach,L593,"Credits / Art, Animation and FX Vendors"
halo-reach,L595,Credits / Contract Dev and Test
halo-reach,L596,Credits / Contract Dev and Test
halo-reach,L597,Credits / Contract Dev and Test
halo-reach,L598,Credits / Contract Dev and Test
halo-reach,L599,Credits / Contract Dev and Test
halo-reach,L60,Credits / Reach Team
halo-reach,L600,Credits / Contract Dev and Test
halo-reach,L601,Credits / Contract Dev and Test
halo-reach,L602,Credits / Contract Dev and Test
halo-reach,L603,Credits / Contract Dev and Test
halo-reach,L604,Credits / Contract Dev and Test
halo-reach,L605,Credits / Contract Dev and Test
halo-reach,L606,Credits / Contract Dev and Test
halo-reach,L607,Credits / Contract Dev and Test
halo-reach,L608,Credits / Contract Dev and Test
halo-reach,L609,Credits / Contract Dev and Test
halo-reach,L61,Credits / Reach Team
halo-reach,L610,Credits / Contract Dev and Test
halo-reach,L611,Credits / Contract Dev and Test
halo-reach,L612,Credits / Contract Dev and Test
halo-reach,L613,Credits / Contract Dev and Test
halo-reach,L614,Credits / Contract Dev and Test
halo-reach,L615,Credits / Contract Dev and Test
halo-reach,L616,Credits / Contract Dev and Test
halo-reach,L617,Credits / Contract Dev and Test
halo-reach,L618,Credits / Contract Dev and Test
halo-reach,L619,Credits / Contract Dev and Test
halo-reach,L62,Credits / Reach Team
halo-reach,L620,Credits / Contract Dev and Test
halo-reach,L621,Credits / Contract Dev and Test
halo-reach,L622,Credits / Contract Dev and Test
halo-reach,L623,Credits / Contract Dev and Test
halo-reach,L624,Credits / Contract Dev and Test
halo-reach,L625,Credits / Contract Dev and Test
halo-reach,L626,Credits / Contract Dev and Test
halo-reach,L627,Credits / Contract Dev and Test
halo-reach,L628,Credits / Contract Dev and Test
halo-reach,L629,Credits / Contract Dev and Test
halo-reach,L63,Credits / Reach Team
halo-reach,L630,Credits / Contract Dev and Test
halo-reach,L631,Credits / Contract Dev and Test
halo-reach,L632,Credits / Contract Dev and Test
halo-reach,L633,Credits / Contract Dev and Test
halo-reach,L634,Credits / Contract Dev and Test
halo-reach,L635,Credits / Contract Dev and Test
halo-reach,L636,Credits / Contract Dev and Test
halo-reach,L637,Credits / Contract Dev and Test
halo-reach,L638,Credits / Contract Dev and Test
halo-reach,L639,Credits / Contract Dev and Test
halo-reach,L64,Credits / Reach Team
halo-reach,L640,Credits / Contract Dev and Test
halo-reach,L641,Credits / Contract Dev and Test
halo-reach,L642,Credits / Contract Dev and Test
halo-reach,L643,Credits / Contract Dev and Test
halo-reach,L644,Credits / Contract Dev and Test
halo-reach,L645,Credits / Contract Dev and Test
halo-reach,L646,Credits / Contract Dev and Test
halo-reach,L647,Credits / Contract Dev and Test
halo-reach,L648,Credits / Contract Dev and Test
halo-reach,L649,Credits / Contract Dev and Test
halo-reach,L65,Credits / Reach Team
halo-reach,L650,Credits / Contract Dev and Test
halo-reach,L651,Credits / Contract Dev and Test
halo-reach,L652,Credits / Contract Dev and Test
halo-reach,L653,Credits / Contract Dev and Test
halo-reach,L654,Credits / Contract Dev and Test
halo-reach,L655,Credits / Contract Dev and Test
halo-reach,L656,Credits / Contract Dev and Test
halo-reach,L657,Credits / Contract Dev and Test
halo-reach,L658,Credits / Contract Dev and Test
halo-reach,L659,Credits / Contract Dev and Test
halo-reach,L66,Credits / Reach Team
halo-reach,L660,Credits / Contract Dev and Test
halo-reach,L661,Credits / Contract Dev and Test
halo-reach,L662,Credits / Contract Dev and Test
halo-reach,L663,Credits / Contract Dev and Test
halo-reach,L664,Credits / Contract Dev and Test
halo-reach,L665,Credits / Contract Dev and Test
halo-reach,L666,Credits / Contract Dev and Test
halo-reach,L667,Credits / Contract Dev and Test
halo-reach,L668,Credits / Contract Dev and Test
halo-reach,L669,Credits / Contract Dev and Test
halo-reach,L67,Credits / Reach Team
halo-reach,L670,Credits / Contract Dev and Test
halo-reach,L671,Credits / Contract Dev and Test
halo-reach,L672,Credits / Contract Dev and Test
halo-reach,L673,Credits / Contract Dev and Test
halo-reach,L674,Credits / Contract Dev and Test
halo-reach,L675,Credits / Contract Dev and Test
halo-reach,L676,Credits / Contract Dev and Test
halo-reach,L677,Credits / Contract Dev and Test
halo-reach,L678,Credits / Contract Dev and Test
halo-reach,L679,Credits / Contract Dev and Test
halo-reach,L68,Credits / Reach Team
halo-reach,L680,Credits / Contract Dev and Test
halo-reach,L681,Credits / Contract Dev and Test
halo-reach,L682,Credits / Contract Dev and Test
halo-reach,L683,Credits / Contract Dev and Test
halo-reach,L684,Credits / Contract Dev and Test
halo-reach,L685,Credits / Contract Dev and Test
halo-reach,L686,Credits / Contract Dev and Test
halo-reach,L687,Credits / Contract Dev and Test
halo-reach,L688,Credits / Contract Dev and Test
halo-reach,L689,Credits / Contract Dev and Test
halo-reach,L69,Credits / Reach Team
halo-reach,L690,Credits / Contract Dev and Test
halo-reach,L691,Credits / Contract Dev and Test
halo-reach,L692,Credits / Contract Dev and Test
halo-reach,L693,Credits / Contract Dev and Test
halo-reach,L694,Credits / Contract Dev and Test
halo-reach,L695,Credits / Contract Dev and Test
halo-reach,L696,Credits / Contract Dev and Test
halo-reach,L697,Credits / Contract Dev and Test
halo-reach,L698,Credits / Contract Dev and Test
halo-reach,L699,Credits / Contract Dev and Test
halo-reach,L70,Credits / Reach Team
halo-reach,L700,Credits / Contract Dev and Test
halo-reach,L701,Credits / Contract Dev and Test
halo-reach,L702,Credits / Contract Dev and Test
halo-reach,L703,Credits / Contract Dev and Test
halo-reach,L704,Credits / Contract Dev and Test
halo-reach,L706,Credits / Contract IT and HR
halo-reach,L707,Credits / Contract IT and HR
halo-reach,L708,Credits / Contract IT and HR
halo-reach,L709,Credits / Contract IT and HR
halo-reach,L71,Credits / Reach Team
halo-reach,L710,Credits / Contract IT and HR
halo-reach,L711,Credits / Contract IT and HR
halo-reach,L712,Credits / Contract IT and HR
halo-reach,L713,Credits / Contract IT and HR
halo-reach,L714,Credits / Contract IT and HR
halo-reach,L715,Credits / Contract IT and HR
halo-reach,L717,Credits / Cast
halo-reach,L718,Credits / Cast
halo-reach,L719,Credits / Cast
halo-reach,L72,Credits / Reach Team
halo-reach,L720,Credits / Cast
halo-reach,L721,Credits / Cast
halo-reach,L722,Credits / Cast
halo-reach,L723,Credits / Cast
halo-reach,L724,Credits / Cast
halo-reach,L725,Credits / Cast
halo-reach,L726,Credits / Cast
halo-reach,L727,Credits / Cast
halo-reach,L728,Credits / Cast
halo-reach,L729,Credits / Cast
halo-reach,L73,Credits / Reach Team
halo-reach,L730,Credits / Cast
halo-reach,L731,Credits / Cast
halo-reach,L732,Credits / Cast
halo-reach,L733,Credits / Cast
halo-reach,L734,Credits / Cast
halo-reach,L735,Credits / Cast
halo-reach,L736,Credits / Cast
halo-reach,L737,Credits / Cast
halo-reach,L738,Credits / Cast
halo-reach,L739,Credits / Cast
halo-reach,L74,Credits / Reach Team
halo-reach,L740,Credits / Cast
halo-reach,L741,Credits / Cast
halo-reach,L742,Credits / Cast
halo-reach,L743,Credits / Cast
halo-reach,L744,Credits / Cast
halo-reach,L745,Credits / Cast
halo-reach,L746,Credits / Cast
halo-reach,L747,Credits / Cast
halo-reach,L748,Credits / Cast
halo-reach,L749,Credits / Cast
halo-reach,L75,Credits / Reach Team
halo-reach,L750,Credits / Cast
halo-reach,L751,Credits / Cast
halo-reach,L752,Credits / Cast
halo-reach,L753,Credits / Cast
halo-reach,L754,Credits / Cast
halo-reach,L755,Credits / Cast
halo-reach,L756,Credits / Cast
halo-reach,L757,Credits / Cast
halo-reach,L758,Credits / Cast
halo-reach,L759,Credits / Cast
halo-reach,L76,Credits / Reach Team
halo-reach,L760,Credits / Cast
halo-reach,L761,Credits / Cast
halo-reach,L762,Credits / Cast
halo-reach,L763,Credits / Cast
halo-reach,L764,Credits / Cast
halo-reach,L765,Credits / Cast
halo-reach,L766,Credits / Cast
halo-reach,L767,Credits / Cast
halo-reach,L768,Credits / Cast
halo-reach,L769,Credits / Cast
halo-reach,L77,Credits / Reach Team
halo-reach,L770,Credits / Cast
halo-reach,L771,Credits / Cast
halo-reach,L772,Credits / Cast
halo-reach,L773,Credits / Cast
halo-reach,L774,Credits / Cast
halo-reach,L775,Credits / Cast
halo-reach,L776,Credits / Cast
halo-reach,L777,Credits / Cast
halo-reach,L778,Credits / Cast
halo-reach,L779,Credits / Cast
halo-reach,L78,Credits / Reach Team
halo-reach,L780,Credits / Cast
halo-reach,L781,Credits / Cast
halo-reach,L782,Credits / Cast
halo-reach,L783,Credits / Cast
halo-reach,L784,Credits / Cast
halo-reach,L785,Credits / Cast
halo-reach,L786,Credits / Cast
halo-reach,L787,Credits / Cast
halo-reach,L788,Credits / Cast
halo-reach,L789,Credits / Cast
halo-reach,L79,Credits / Reach Team
halo-reach,L790,Credits / Cast
halo-reach,L791,Credits / Cast
halo-reach,L792,Credits / Cast
halo-reach,L794,Credits / Motion Capture and Facial Performers
halo-reach,L795,Credits / Motion Capture and Facial Performers
halo-reach,L796,Credits / Motion Capture and Facial Performers
halo-reach,L797,Credits / Motion Capture and Facial Performers
halo-reach,L798,Credits / Motion Capture and Facial Performers
halo-reach,L799,Credits / Motion Capture and Facial Performers
halo-reach,L80,Credits / Reach Team
halo-reach,L800,Credits / Motion Capture and Facial Performers
halo-reach,L801,Credits / Motion Capture and Facial Performers
halo-reach,L803,Credits / Casting and Voice Over Production Services
halo-reach,L804,Credits / Casting and Voice Over Production Services
halo-reach,L806,Credits / Community
halo-reach,L807,Credits / Community
halo-reach,L808,Credits / Community
halo-reach,L809,Credits / Community
halo-reach,L81,Credits / Reach Team
halo-reach,L810,Credits / Community
halo-reach,L811,Credits / Community
halo-reach,L812,Credits / Community
halo-reach,L813,Credits / Community
halo-reach,L814,Credits / Community
halo-reach,L815,Credits / Community
halo-reach,L816,Credits / Community
halo-reach,L817,Credits / Community
halo-reach,L818,Credits / Community
halo-reach,L819,Credits / Community
halo-reach,L82,Credits / Reach Team
halo-reach,L820,Credits / Community
halo-reach,L821,Credits / Community
halo-reach,L822,Credits / Community
halo-reach,L823,Credits / Community
halo-reach,L824,Credits / Community
halo-reach,L825,Credits / Community
halo-reach,L827,Credits / Microsoft Game Studios
halo-reach,L828,Credits / Microsoft Game Studios
halo-reach,L829,Credits / Microsoft Game Studios
halo-reach,L83,Credits / Reach Team
halo-reach,L830,Credits / Microsoft Game Studios
halo-reach,L831,Credits / Microsoft Game Studios
halo-reach,L832,Credits / Microsoft Game Studios
halo-reach,L833,Credits / Microsoft Game Studios
halo-reach,L834,Credits / Microsoft Game Studios
halo-reach,L835,Credits / Microsoft Game Studios
halo-reach,L836,Credits / Microsoft Game Studios
halo-reach,L837,Credits / Microsoft Game Studios
halo-reach,L838,Credits / Microsoft Game Studios
halo-reach,L839,Credits / Microsoft Game Studios
halo-reach,L84,Credits / Reach Team
halo-reach,L840,Credits / Microsoft Game Studios
halo-reach,L841,Credits / Microsoft Game Studios
halo-reach,L842,Credits / Microsoft Game Studios
halo-reach,L843,Credits / Microsoft Game Studios
halo-reach,L844,Credits / Microsoft Game Studios
halo-reach,L845,Credits / Microsoft Game Studios
halo-reach,L846,Credits / Microsoft Game Studios
halo-reach,L847,Credits / Microsoft Game Studios
halo-reach,L848,Credits / Microsoft Game Studios
halo-reach,L849,Credits / Microsoft Game Studios
halo-reach,L85,Credits / Reach Team
halo-reach,L850,Credits / Microsoft Game Studios
halo-reach,L851,Credits / Microsoft Game Studios
halo-reach,L852,Credits / Microsoft Game Studios
halo-reach,L853,Credits / Microsoft Game Studios
halo-reach,L854,Credits / Microsoft Game Studios
halo-reach,L855,Credits / Microsoft Game Studios
halo-reach,L856,Credits / Microsoft Game Studios
halo-reach,L857,Credits / Microsoft Game Studios
halo-reach,L858,Credits / Microsoft Game Studios
halo-reach,L86,Credits / Reach Team
halo-reach,L860,Credits / MGS Development Team
halo-reach,L861,Credits / MGS Development Team
halo-reach,L862,Credits / MGS Development Team
halo-reach,L863,Credits / MGS Development Team
halo-reach,L864,Credits / MGS Development Team
halo-reach,L865,Credits / MGS Development Team
halo-reach,L866,Credits / MGS Development Team
halo-reach,L867,Credits / MGS Development Team
halo-reach,L868,Credits / MGS Development Team
halo-reach,L869,Credits / MGS Development Team
halo-reach,L87,Credits / Reach Team
halo-reach,L870,Credits / MGS Development Team
halo-reach,L871,Credits / MGS Development Team
halo-reach,L872,Credits / MGS Development Team
halo-reach,L873,Credits / MGS Development Team
halo-reach,L874,Credits / MGS Development Team
halo-reach,L875,Credits / MGS Development Team
halo-reach,L876,Credits / MGS Development Team
halo-reach,L877,Credits / MGS Development Team
halo-reach,L878,Credits / MGS Development Team
halo-reach,L879,Credits / MGS Development Team
halo-reach,L88,Credits / Reach Team
halo-reach,L880,Credits / MGS Development Team
halo-reach,L881,Credits / MGS Development Team
halo-reach,L882,Credits / MGS Development Team
halo-reach,L883,Credits / MGS Development Team
halo-reach,L884,Credits / MGS Development Team
halo-reach,L885,Credits / MGS Development Team
halo-reach,L886,Credits / MGS Development Team
halo-reach,L887,Credits / MGS Development Team
halo-reach,L888,Credits / MGS Development Team
halo-reach,L889,Credits / MGS Development Team
halo-reach,L89,Credits / Reach Team
halo-reach,L890,Credits / MGS Development Team
halo-reach,L891,Credits / MGS Development Team
halo-reach,L892,Credits / MGS Development Team
halo-reach,L893,Credits / MGS Development Team
halo-reach,L894,Credits / MGS Development Team
halo-reach,L895,Credits / MGS Development Team
halo-reach,L896,Credits / MGS Development Team
halo-reach,L897,Credits / MGS Development Team
halo-reach,L898,Credits / MGS Development Team
halo-reach,L899,Credits / MGS Development Team
halo-reach,L90,Credits / Reach Team
halo-reach,L900,Credits / MGS Development Team
halo-reach,L901,Credits / MGS Development Team
halo-reach,L902,Credits / MGS Development Team
halo-reach,L903,Credits / MGS Development Team
halo-reach,L904,Credits / MGS Development Team
halo-reach,L905,Credits / MGS Development Team
halo-reach,L906,Credits / MGS Development Team
halo-reach,L907,Credits / MGS Development Team
halo-reach,L908,Credits / MGS Development Team
halo-reach,L909,Credits / MGS Development Team
halo-reach,L91,Credits / Reach Team
halo-reach,L910,Credits / MGS Development Team
halo-reach,L911,Credits / MGS Development Team
halo-reach,L912,Credits / MGS Development Team
halo-reach,L913,Credits / MGS Development Team
halo-reach,L914,Credits / MGS Development Team
halo-reach,L915,Credits / MGS Development Team
halo-reach,L916,Credits / MGS Development Team
halo-reach,L917,Credits / MGS Development Team
halo-reach,L918,Credits / MGS Development Team
halo-reach,L919,Credits / MGS Development Team
halo-reach,L92,Credits / Reach Team
halo-reach,L920,Credits / MGS Development Team
halo-reach,L921,Credits / MGS Development Team
halo-reach,L923,Credits / MGS Localization
halo-reach,L924,Credits / MGS Localization
halo-reach,L925,Credits / MGS Localization
halo-reach,L926,Credits / MGS Localization
halo-reach,L927,Credits / MGS Localization
halo-reach,L928,Credits / MGS Localization
halo-reach,L929,Credits / MGS Localization
halo-reach,L93,Credits / Reach Team
halo-reach,L930,Credits / MGS Localization
halo-reach,L931,Credits / MGS Localization
halo-reach,L932,Credits / MGS Localization
halo-reach,L933,Credits / MGS Localization
halo-reach,L934,Credits / MGS Localization
halo-reach,L935,Credits / MGS Localization
halo-reach,L936,Credits / MGS Localization
halo-reach,L937,Credits / MGS Localization
halo-reach,L938,Credits / MGS Localization
halo-reach,L939,Credits / MGS Localization
halo-reach,L94,Credits / Reach Team
halo-reach,L940,Credits / MGS Localization
halo-reach,L941,Credits / MGS Localization
halo-reach,L942,Credits / MGS Localization
halo-reach,L943,Credits / MGS Localization
halo-reach,L944,Credits / MGS Localization
halo-reach,L945,Credits / MGS Localization
halo-reach,L946,Credits / MGS Localization
halo-reach,L947,Credits / MGS Localization
halo-reach,L948,Credits / MGS Localization
halo-reach,L949,Credits / MGS Localization
halo-reach,L95,Credits / Reach Team
halo-reach,L950,Credits / MGS Localization
halo-reach,L951,Credits / MGS Localization
halo-reach,L952,Credits / MGS Localization
halo-reach,L953,Credits / MGS Localization
halo-reach,L954,Credits / MGS Localization
halo-reach,L955,Credits / MGS Localization
halo-reach,L956,Credits / MGS Localization
halo-reach,L957,Credits / MGS Localization
halo-reach,L958,Credits / MGS Localization
halo-reach,L959,Credits / MGS Localization
halo-reach,L96,Credits / Reach Team
halo-reach,L960,Credits / MGS Localization
halo-reach,L962,Credits / MGS Contract Test
halo-reach,L963,Credits / MGS Contract Test
halo-reach,L964,Credits / MGS Contract Test
halo-reach,L965,Credits / MGS Contract Test
halo-reach,L966,Credits / MGS Contract Test
halo-reach,L967,Credits / MGS Contract Test
halo-reach,L968,Credits / MGS Contract Test
halo-reach,L969,Credits / MGS Contract Test
halo-reach,L97,Credits / Reach Team
halo-reach,L970,Credits / MGS Contract Test
halo-reach,L971,Credits / MGS Contract Test
halo-reach,L972,Credits / MGS Contract Test
halo-reach,L973,Credits / MGS Contract Test
halo-reach,L974,Credits / MGS Contract Test
halo-reach,L975,Credits / MGS Contract Test
halo-reach,L976,Credits / MGS Contract Test
halo-reach,L977,Credits / MGS Contract Test
halo-reach,L978,Credits / MGS Contract Test
halo-reach,L979,Credits / MGS Contract Test
halo-reach,L98,Credits / Reach Team
halo-reach,L980,Credits / MGS Contract Test
halo-reach,L981,Credits / MGS Contract Test
halo-reach,L982,Credits / MGS Contract Test
halo-reach,L983,Credits / MGS Contract Test
halo-reach,L984,Credits / MGS Contract Test
halo-reach,L985,Credits / MGS Contract Test
halo-reach,L986,Credits / MGS Contract Test
halo-reach,L987,Credits / MGS Contract Test
halo-reach,L988,Credits / MGS Contract Test
halo-reach,L989,Credits / MGS Contract Test
halo-reach,L99,Credits / Reach Team
halo-reach,L990,Credits / MGS Contract Test
halo-reach,L991,Credits / MGS Contract Test
halo-reach,L992,Credits / MGS Contract Test
halo-reach,L993,Credits / MGS Contract Test
halo-reach,L994,Credits / MGS Contract Test
halo-reach,L995,Credits / MGS Contract Test
halo-reach,L996,Credits / MGS Contract Test
halo-reach,L997,Credits / MGS Contract Test
halo-reach,L998,Credits / MGS Contract Test
halo-reach,L999,Credits / MGS Contract Test
halo-reach,mobygames:tr0,Xbox 360 credits (2010)
halo-reach,mobygames:tr1,Bungie Reach Team
halo-reach,mobygames:tr10,Bungie Reach Team
halo-reach,mobygames:tr100,Bungie Additional Development
halo-reach,mobygames:tr101,Bungie Additional Development
halo-reach,mobygames:tr102,Bungie Additional Development
halo-reach,mobygames:tr103,Bungie Additional Development
halo-reach,mobygames:tr104,Bungie Additional Development
halo-reach,mobygames:tr105,Bungie Additional Development
halo-reach,mobygames:tr106,Bungie Additional Development
halo-reach,mobygames:tr107,Bungie Studio Management
halo-reach,mobygames:tr108,Bungie Studio Management
halo-reach,mobygames:tr109,Bungie Studio Management
halo-reach,mobygames:tr11,Bungie Reach Team
halo-reach,mobygames:tr110,Bungie Studio Management
halo-reach,mobygames:tr111,Bungie Studio Management
halo-reach,mobygames:tr112,Bungie Studio Management
halo-reach,mobygames:tr113,Bungie Studio Management
halo-reach,mobygames:tr114,Bungie Studio Management
halo-reach,mobygames:tr115,Bungie Studio Management
halo-reach,mobygames:tr116,Bungie Visual ID and Design
halo-reach,mobygames:tr117,Bungie Visual ID and Design
halo-reach,mobygames:tr118,Bungie Visual ID and Design
halo-reach,mobygames:tr119,Bungie IT
halo-reach,mobygames:tr12,Bungie Reach Team
halo-reach,mobygames:tr120,Bungie IT
halo-reach,mobygames:tr121,Bungie IT
halo-reach,mobygames:tr122,Bungie IT
halo-reach,mobygames:tr123,Bungie HR
halo-reach,mobygames:tr124,Bungie HR
halo-reach,mobygames:tr125,Bungie HR
halo-reach,mobygames:tr126,Bungie HR
halo-reach,mobygames:tr127,Bungie HR
halo-reach,mobygames:tr128,Bungie Administration
halo-reach,mobygames:tr129,Bungie Administration
halo-reach,mobygames:tr13,Bungie Reach Team
halo-reach,mobygames:tr130,Bungie Administration
halo-reach,mobygames:tr131,Bungie Administration
halo-reach,mobygames:tr132,Bungie Administration
halo-reach,mobygames:tr133,The Rest of Bungie
halo-reach,mobygames:tr134,The Rest of Bungie
halo-reach,mobygames:tr135,Bungie Special Thanks
halo-reach,mobygames:tr136,Bungie Special Thanks
halo-reach,mobygames:tr137,Bungie Special Thanks
halo-reach,mobygames:tr138,Bungie Special Thanks
halo-reach,mobygames:tr139,Bungie Special Thanks
halo-reach,mobygames:tr14,Bungie Reach Team
halo-reach,mobygames:tr140,Bungie Special Thanks
halo-reach,mobygames:tr141,Bungie Special Thanks
halo-reach,mobygames:tr142,Bungie Special Thanks
halo-reach,mobygames:tr143,Bungie Special Thanks
halo-reach,mobygames:tr144,Bungie Special Thanks
halo-reach,mobygames:tr145,Bungie Special Thanks
halo-reach,mobygames:tr146,Bungie Special Thanks
halo-reach,mobygames:tr147,Bungie Special Thanks
halo-reach,mobygames:tr148,Bungie Special Thanks
halo-reach,mobygames:tr149,Bungie Special Thanks
halo-reach,mobygames:tr15,Bungie Reach Team
halo-reach,mobygames:tr150,Bungie Special Thanks
halo-reach,mobygames:tr151,Bungie Special Thanks
halo-reach,mobygames:tr152,Bungie Special Thanks
halo-reach,mobygames:tr153,"Contract Animation, Art, and Audio"
halo-reach,mobygames:tr154,"Contract Animation, Art, and Audio"
halo-reach,mobygames:tr155,"Contract Animation, Art, and Audio"
halo-reach,mobygames:tr156,"Contract Animation, Art, and Audio"
halo-reach,mobygames:tr157,"Contract Animation, Art, and Audio"
halo-reach,mobygames:tr158,"Contract Animation, Art, and Audio"
halo-reach,mobygames:tr159,"Contract Animation, Art, and Audio"
halo-reach,mobygames:tr16,Bungie Reach Team
halo-reach,mobygames:tr160,"Contract Animation, Art, and Audio"
halo-reach,mobygames:tr161,"Contract Animation, Art, and Audio"
halo-reach,mobygames:tr162,"Contract Animation, Art, and Audio"
halo-reach,mobygames:tr163,"Contract Animation, Art, and Audio"
halo-reach,mobygames:tr164,"Contract Animation, Art, and Audio"
halo-reach,mobygames:tr165,"Contract Animation, Art, and Audio"
halo-reach,mobygames:tr166,"Contract Animation, Art, and Audio"
halo-reach,mobygames:tr167,"Contract Animation, Art, and Audio"
halo-reach,mobygames:tr168,"Contract Animation, Art, and Audio"
halo-reach,mobygames:tr169,"Art, Animation, and FX Vendors"
halo-reach,mobygames:tr17,Bungie Reach Team
halo-reach,mobygames:tr170,"Art, Animation, and FX Vendors"
halo-reach,mobygames:tr171,Contract Development and Test
halo-reach,mobygames:tr172,Contract Development and Test
halo-reach,mobygames:tr173,Contract Development and Test
halo-reach,mobygames:tr174,Contract Development and Test
halo-reach,mobygames:tr175,Contract Development and Test
halo-reach,mobygames:tr176,Contract Development and Test
halo-reach,mobygames:tr177,Contract IT and HR
halo-reach,mobygames:tr178,Contract IT and HR
halo-reach,mobygames:tr179,Contract IT and HR
halo-reach,mobygames:tr18,Bungie Reach Team
halo-reach,mobygames:tr180,Contract IT and HR
halo-reach,mobygames:tr181,Cast
halo-reach,mobygames:tr182,Cast
halo-reach,mobygames:tr183,Cast
halo-reach,mobygames:tr184,Cast
halo-reach,mobygames:tr185,Cast
halo-reach,mobygames:tr186,Cast
halo-reach,mobygames:tr187,Cast
halo-reach,mobygames:tr188,Cast
halo-reach,mobygames:tr189,Cast
halo-reach,mobygames:tr19,Bungie Reach Team
halo-reach,mobygames:tr190,Cast
halo-reach,mobygames:tr191,Cast
halo-reach,mobygames:tr192,Cast
halo-reach,mobygames:tr193,Cast
halo-reach,mobygames:tr194,Cast
halo-reach,mobygames:tr195,Cast
halo-reach,mobygames:tr196,Cast
halo-reach,mobygames:tr197,Cast
halo-reach,mobygames:tr198,Cast
halo-reach,mobygames:tr199,Cast
halo-reach,mobygames:tr2,Bungie Reach Team
halo-reach,mobygames:tr20,Bungie Reach Team
halo-reach,mobygames:tr200,Cast
halo-reach,mobygames:tr201,Cast
halo-reach,mobygames:tr202,Cast
halo-reach,mobygames:tr203,Cast
halo-reach,mobygames:tr204,Cast
halo-reach,mobygames:tr205,Cast
halo-reach,mobygames:tr206,Cast
halo-reach,mobygames:tr207,Cast
halo-reach,mobygames:tr208,Cast
halo-reach,mobygames:tr209,Cast
halo-reach,mobygames:tr21,Bungie Reach Team
halo-reach,mobygames:tr210,Cast
halo-reach,mobygames:tr211,Cast
halo-reach,mobygames:tr212,Cast
halo-reach,mobygames:tr213,Cast
halo-reach,mobygames:tr214,Cast
halo-reach,mobygames:tr215,Cast
halo-reach,mobygames:tr216,Cast
halo-reach,mobygames:tr217,Cast
halo-reach,mobygames:tr218,Cast
halo-reach,mobygames:tr219,Cast
halo-reach,mobygames:tr22,Bungie Reach Team
halo-reach,mobygames:tr220,Motion Capture and Facial Performers
halo-reach,mobygames:tr221,Motion Capture and Facial Performers
halo-reach,mobygames:tr222,Casting and Voiceover Production Services
halo-reach,mobygames:tr223,Casting and Voiceover Production Services
halo-reach,mobygames:tr224,Community
halo-reach,mobygames:tr225,Community
halo-reach,mobygames:tr226,Microsoft Games Studios
halo-reach,mobygames:tr227,Microsoft Games Studios
halo-reach,mobygames:tr228,Microsoft Games Studios
halo-reach,mobygames:tr229,Microsoft Games Studios
halo-reach,mobygames:tr23,Bungie Reach Team
halo-reach,mobygames:tr230,Microsoft Games Studios
halo-reach,mobygames:tr231,Microsoft Games Studios
halo-reach,mobygames:tr232,Microsoft Games Studios
halo-reach,mobygames:tr233,Microsoft Games Studios
halo-reach,mobygames:tr234,Microsoft Games Studios
halo-reach,mobygames:tr235,Microsoft Games Studios
halo-reach,mobygames:tr236,Microsoft Games Studios
halo-reach,mobygames:tr237,Microsoft Games Studios
halo-reach,mobygames:tr238,Microsoft Games Studios
halo-reach,mobygames:tr239,Microsoft Games Studios
halo-reach,mobygames:tr24,Bungie Reach Team
halo-reach,mobygames:tr240,Microsoft Games Studios
halo-reach,mobygames:tr241,MGS Development
halo-reach,mobygames:tr242,MGS Development
halo-reach,mobygames:tr243,MGS Development
halo-reach,mobygames:tr244,MGS Development
halo-reach,mobygames:tr245,MGS Development
halo-reach,mobygames:tr246,MGS Development
halo-reach,mobygames:tr247,MGS Development
halo-reach,mobygames:tr248,MGS Development
halo-reach,mobygames:tr249,MGS Development
halo-reach,mobygames:tr25,Bungie Reach Team
halo-reach,mobygames:tr250,MGS Development
halo-reach,mobygames:tr251,MGS Development
halo-reach,mobygames:tr252,MGS Development
halo-reach,mobygames:tr253,MGS Development
halo-reach,mobygames:tr254,MGS Development
halo-reach,mobygames:tr255,MGS Development
halo-reach,mobygames:tr256,MGS Development
halo-reach,mobygames:tr257,MGS Development
halo-reach,mobygames:tr258,MGS Development
halo-reach,mobygames:tr259,MGS Development
halo-reach,mobygames:tr26,Bungie Reach Team
halo-reach,mobygames:tr260,MGS Development
halo-reach,mobygames:tr261,MGS Development
halo-reach,mobygames:tr262,MGS Development
halo-reach,mobygames:tr263,MGS Development
halo-reach,mobygames:tr264,MGS Development
halo-reach,mobygames:tr265,MGS Localization
halo-reach,mobygames:tr266,MGS Localization
halo-reach,mobygames:tr267,MGS Localization
halo-reach,mobygames:tr268,MGS Localization
halo-reach,mobygames:tr269,MGS Localization
halo-reach,mobygames:tr27,Bungie Reach Team
halo-reach,mobygames:tr270,MGS Localization
halo-reach,mobygames:tr271,MGS Localization
halo-reach,mobygames:tr272,MGS Localization
halo-reach,mobygames:tr273,MGS Localization
halo-reach,mobygames:tr274,MGS Localization
halo-reach,mobygames:tr275,MGS Localization
halo-reach,mobygames:tr276,MGS Localization
halo-reach,mobygames:tr277,MGS Contract Test
halo-reach,mobygames:tr278,MGS Contract Test
halo-reach,mobygames:tr279,Special Thanks
halo-reach,mobygames:tr28,Bungie Reach Team
halo-reach,mobygames:tr280,Special Thanks
halo-reach,mobygames:tr281,House of Moves
halo-reach,mobygames:tr29,Bungie Reach Team
halo-reach,mobygames:tr3,Bungie Reach Team
halo-reach,mobygames:tr30,Bungie Reach Team
halo-reach,mobygames:tr31,Bungie Reach Team
halo-reach,mobygames:tr32,Bungie Reach Team
halo-reach,mobygames:tr33,Bungie Reach Team
halo-reach,mobygames:tr34,Bungie Reach Team
halo-reach,mobygames:tr35,Bungie Reach Team
halo-reach,mobygames:tr36,Bungie Reach Team
halo-reach,mobygames:tr37,Bungie Reach Team
halo-reach,mobygames:tr38,Bungie Reach Team
halo-reach,mobygames:tr39,Bungie Reach Team
halo-reach,mobygames:tr4,Bungie Reach Team
halo-reach,mobygames:tr40,Bungie Reach Team
halo-reach,mobygames:tr41,Bungie Reach Team
halo-reach,mobygames:tr42,Bungie Reach Team
halo-reach,mobygames:tr43,Bungie Reach Team
halo-reach,mobygames:tr44,Bungie Reach Team
halo-reach,mobygames:tr45,Bungie Reach Team
halo-reach,mobygames:tr46,Bungie Reach Team
halo-reach,mobygames:tr47,Bungie Reach Team
halo-reach,mobygames:tr48,Bungie Reach Team
halo-reach,mobygames:tr49,Bungie Reach Team
halo-reach,mobygames:tr5,Bungie Reach Team
halo-reach,mobygames:tr50,Bungie Reach Team
halo-reach,mobygames:tr51,Bungie Reach Team
halo-reach,mobygames:tr52,Bungie Reach Team
halo-reach,mobygames:tr53,Bungie Reach Team
halo-reach,mobygames:tr54,Bungie Reach Team
halo-reach,mobygames:tr55,Bungie Reach Team
halo-reach,mobygames:tr56,Bungie Reach Team
halo-reach,mobygames:tr57,Bungie Reach Team
halo-reach,mobygames:tr58,Bungie Reach Team
halo-reach,mobygames:tr59,Bungie Reach Team
halo-reach,mobygames:tr6,Bungie Reach Team
halo-reach,mobygames:tr60,Bungie Reach Team
halo-reach,mobygames:tr61,Bungie Reach Team
halo-reach,mobygames:tr62,Bungie Reach Team
halo-reach,mobygames:tr63,Bungie Reach Team
halo-reach,mobygames:tr64,Bungie Reach Team
halo-reach,mobygames:tr65,Bungie Reach Team
halo-reach,mobygames:tr66,Bungie Reach Team
halo-reach,mobygames:tr67,Bungie Reach Team
halo-reach,mobygames:tr68,Bungie Reach Team
halo-reach,mobygames:tr69,Bungie Reach Team
halo-reach,mobygames:tr7,Bungie Reach Team
halo-reach,mobygames:tr70,Bungie Reach Team
halo-reach,mobygames:tr71,Bungie Reach Team
halo-reach,mobygames:tr72,Bungie Reach Team
halo-reach,mobygames:tr73,Bungie Reach Team
halo-reach,mobygames:tr74,Bungie Reach Team
halo-reach,mobygames:tr75,Bungie Reach Team
halo-reach,mobygames:tr76,Bungie Reach Team
halo-reach,mobygames:tr77,Bungie Reach Team
halo-reach,mobygames:tr78,Bungie Reach Team
halo-reach,mobygames:tr79,Bungie Reach Team
halo-reach,mobygames:tr8,Bungie Reach Team
halo-reach,mobygames:tr80,Bungie Reach Team
halo-reach,mobygames:tr81,Bungie Reach Team
halo-reach,mobygames:tr82,Bungie Reach Team
halo-reach,mobygames:tr83,Bungie Reach Team
halo-reach,mobygames:tr84,Bungie Reach Team
halo-reach,mobygames:tr85,Bungie Reach Team
halo-reach,mobygames:tr86,Bungie Reach Team
halo-reach,mobygames:tr87,Bungie Reach Team
halo-reach,mobygames:tr88,Bungie Reach Team
halo-reach,mobygames:tr89,Bungie Reach Team
halo-reach,mobygames:tr9,Bungie Reach Team
halo-reach,mobygames:tr90,Bungie Reach Team
halo-reach,mobygames:tr91,Bungie Reach Team
halo-reach,mobygames:tr92,Bungie Reach Team
halo-reach,mobygames:tr93,Bungie Reach Team
halo-reach,mobygames:tr94,Bungie Reach Team
halo-reach,mobygames:tr95,Additional Music and Recording
halo-reach,mobygames:tr96,Additional Music and Recording
halo-reach,mobygames:tr97,Additional Music and Recording
halo-reach,mobygames:tr98,Additional Music and Recording
halo-reach,mobygames:tr99,Additional Music and Recording
